compound,reversal_score,DAM_up,IFN_up,Chemokine_up,Homeo_down
AS-601245,15.622064622440115,0.0012389650052184,4.159398858658571e-14,0.0709473774154047,0.0810779587216714
TPCA-1,12.433616160356568,0.0301048312075603,1.3014886320934398e-12,0.0175891225490271,
BI-2536,11.882811950741242,0.0406279568012118,2.0148187444787363e-10,0.0076750018140839,0.0905548033415685
AZD-8055,11.517643091525038,0.0233792564221558,3.668648048839e-10,0.0709473774154047,0.0381217033329632
BMS-387032,11.499344209870362,0.0008307585236079,3.356864340901735e-08,0.017964001181879,0.0905548033415685
radicicol,11.424478099469997,0.0005312648200319,2.950951418647561e-07,0.0044326366036425,0.0905548033415685
crizotinib,11.4060082733561,0.0269686263415016,6.469453497304343e-10,0.0157365369410499,0.0905548033415685
SB590885,11.36232977984745,0.0038485442258617,3.356864340901735e-08,0.0044325768573478,0.0820921606209938
geldanamycin,11.184104530537805,0.0005312648200319,1.9081474282408226e-06,0.0013692388814836,0.0905548033415685
buparlisib,10.975104003378798,0.0179232489464157,1.8726406405522926e-09,0.0350956853067158,0.0826632968846378
withaferin-a,10.929809019592131,0.0250707882950337,5.722171724832198e-09,0.0076750018140839,0.0905548033415685
tivantinib,10.785647646408268,0.0262755007486298,4.391019279342166e-11,0.0709473774154047,
CGP-60474,9.946326415645405,0.003873083979309,0.0001858314988916,4.137729956767442e-05,0.0905548033415685
QL-XII-47,9.853611679578325,0.0005312648200319,4.916788728598286e-06,0.028089015832972,0.0810779587216714
PI-103,9.78384888703885,0.0267524370582538,1.8081210331056134e-07,0.0178768844368708,0.0381217033329632
HG-5-88-01,9.715735197101314,0.0250707882950337,2.038427668818694e-08,0.0709473774154047,0.0905548033415685
KIN001-043,9.195975308916896,0.0041233440668725,1.8917933855052426e-05,0.0032580356131935,0.0905548033415685
torin-2,8.870329514477358,0.0211739086112267,1.616433990612439e-06,0.0125932978470053,0.0905548033415685
A443654,8.790825700860813,0.0262755007486298,5.663016327973445e-05,0.0005839695836438,0.0594391875894865
CHIR-99021,8.713999780794689,0.0046177387093999,8.132105195680018e-06,0.0263403309594449,0.0905548033415685
dasatinib,8.447358539970223,0.0030028160755195,0.0003978038289559,0.0022808327655737,0.0810779587216714
XMD-1150,8.399561570052548,0.0262755007486298,4.747980686522526e-06,0.0126899811592491,0.0905548033415685
GSK-2126458,8.291089073962107,0.0233199345962955,3.0193106776486817e-06,0.0316542720043838,0.0905548033415685
AZD-5438,8.241546404069858,0.0301048312075603,1.1290054496543612e-06,0.0709473774154047,0.0905548033415685
WH-4-025,8.1650738165273,0.0250707882950337,7.420831346006987e-06,0.0169085285917282,0.0905548033415685
CYT387,7.92779579821317,0.0050679132508407,0.0001113909669755,0.0164524071350269,0.0905548033415685
JWE-035,7.918860673784575,0.0593517107463419,3.1674597427883624e-06,0.0013611986258435,
THZ-2-98-01,7.882065615755889,9.56994518351451e-05,0.0041866433612614,0.0709473774154047,0.0909458912568049
WYE-125132,7.736360762118513,0.0022412661134664,0.0001806762481645,0.0487968556332482,0.0905548033415685
JNK-9L,7.596587135058503,0.0305855492020319,7.084268552244793e-06,0.0709473774154047,0.0905548033415685
belinostat,7.575549344335754,0.0001218188538825,0.0315627621222852,0.0169085285917282,0.0905548033415685
NVP-AUY922,7.493872557238019,0.0040598804512121,2.476919718485543e-05,0.0169085285917282,
sirolimus,7.490139675348859,0.0103019669103922,0.0001492641596604,0.0178270840713839,0.0905548033415685
OSI-027,7.467613871251509,0.0127109718653122,0.0027949685805446,0.0008969201407788,0.0810779587216714
TWS-119,7.3972971094256,0.0250707882950337,1.6119178895020406e-05,0.0709473774154047,0.0905548033415685
JW-7-24-1,7.334437380777121,0.0269686263415016,0.0001242401803372,0.0169085285917282,0.0598149138714917
PF-477736,7.2411342357820425,0.0211739086112267,0.0001309440386387,0.0169085285917282,0.0905548033415685
AKT-inhibitor-1-2,7.231982117770668,0.0250707882950337,0.0017375533011883,0.0709473774154047,0.0031343703246024
MLN-8054,7.161368447817522,0.0250707882950337,3.1787307433034575e-05,0.0709473774154047,0.0905548033415685
GSK-1059615,7.094859435798101,0.0039078353614286,0.0014117842247002,0.0197513912877777,0.0905548033415685
celastrol,7.086991452308498,0.0124290701906704,0.0045646765031258,0.001471170522567,0.0905548033415685
GDC-0941,7.079801570013306,0.0255412412876284,0.0001806762481645,0.0154225117334131,0.0905548033415685
TG-101348,7.03451720208584,0.0301048312075603,0.0002317467978042,0.0111430293882756,0.0906218632003973
torin-1,6.902086858585226,0.0369466637997162,0.0001492641596604,0.0196258052945585,0.0905548033415685
NVP-BEZ235,6.885997663088588,0.0101575914242209,0.0008579699093783,0.017964001181879,0.0905548033415685
AT-7519,6.850010552490983,0.0240623991925528,0.0001224222429059,0.047513109463092,0.0905548033415685
canertinib,6.822193662611979,0.0250707882950337,0.0007799739232903,0.0076750018140839,0.0905548033415685
AZD-7762,6.807743484624129,0.0124393789384984,0.0027949685805446,0.0053617427974205,0.0905548033415685
rocilinostat,6.803929287533996,0.050982354201072,0.0001651068162211,0.0157365369410499,0.0905548033415685
PF-3758309,6.801137284536264,0.0167211173477776,0.0005116880830762,0.0236789786384691,0.0810779587216714
QL-X-138,6.799008133782349,0.0049834347057134,0.0007572678951931,0.0636707488186836,0.0905548033415685
PHA-767491,6.794877586966634,0.0250707882950337,9.127825276892892e-05,0.0709473774154047,0.0905548033415685
GSK-1070916,6.76850129661365,0.0250707882950337,0.0001806762481645,0.0386698924248685,0.0905548033415685
afatinib,6.758369687301098,0.0058107744784413,0.0007127412777942,0.0709473774154047,0.0820921606209938
olaparib,6.715233713996415,0.1218142129798249,1.1290054496543612e-06,,0.0905548033415685
GW-843682X,6.519109136345268,0.0262755007486298,0.000525802244756,0.0256869787988156,0.0905548033415685
GSK-461364,6.482771029573575,0.0283990496082999,0.0097929558603551,0.001471170522567,0.0865094826580499
SAR-245408,6.447957325366417,0.005928053582384,0.0002698271875974,0.0196258052945585,
HG-6-64-01,6.444008741817247,0.0051563538509195,0.0942974209770508,0.0013611986258435,0.0905548033415685
XMD16-144,6.3811299245934014,0.0250707882950337,0.0156518883249895,0.0013611986258435,0.0905548033415685
selumetinib,6.349021196352463,0.0066337307778685,0.0111282305733622,0.011065237033589,0.0905548033415685
CP466722,6.299215570523326,0.0329803526620689,0.0002698271875974,0.0709473774154047,0.0905548033415685
Y-39983,6.295442213696543,0.0040598804512121,0.0001858314988916,0.0709473774154047,
NVP-TAE226,6.283436274415591,0.0250707882950337,0.0003978038289559,0.0709473774154047,0.0905548033415685
NVP-TAE684,6.246095433902529,0.0186432787076129,0.0040548220402153,0.0112231994088773,0.0905548033415685
XMD11-85H,6.210059178228426,0.0321901145852481,0.0003594985664776,0.0709473774154047,0.0905548033415685
MK-2206,6.193263971826164,0.0223443024953223,0.0010000307032315,0.0709473774154047,0.0598149138714917
saracatinib,6.1405540563693854,0.0054734906201496,0.0145249008841761,0.0197513912877777,0.0901597853860074
UNC0638,6.038308209177931,0.0194223296469141,0.0012725452478913,0.0709473774154047,0.0810779587216714
alvocidib,6.032795781073157,0.0593517107463419,0.0007127412777942,0.0277422988473473,0.0905548033415685
linifanib,5.9807830103135275,0.0112912549084517,0.0238163728456391,0.0076750018140839,0.0905548033415685
I-BET151,5.925564978870174,0.0250707882950337,0.0005116880830762,0.0076750018140839,
HG-5-113-01,5.8621107060190525,0.1218142129798249,0.0001854229353473,0.0709473774154047,0.0905548033415685
tozasertib,5.8436030487267425,0.1218142129798249,0.0001955681031729,0.0709473774154047,0.0905548033415685
sunitinib,5.842816714781464,0.0189007197308689,9.998729800589992e-05,0.0709473774154047,
DCC-2036,5.831636622265013,0.1218142129798249,0.0002024212286553,0.0709473774154047,0.0905548033415685
nilotinib,5.744371609522279,0.1218142129798249,0.0002602179927618,0.0709473774154047,0.0905548033415685
linsitinib,5.724657444329424,0.0029838625849412,0.0014117842247002,0.0709473774154047,
BYL719,5.719709266367057,0.0305855492020319,0.0015717821487511,0.0709473774154047,0.0905548033415685
GDC-0980,5.6989392061910396,0.0165162285761727,0.0162513280159264,0.0157365369410499,0.0905548033415685
PHA-665752,5.659086705876933,0.0299062823190676,0.0019246992216088,0.0709473774154047,0.0905548033415685
tanespimycin,5.644775827604535,0.0145173672586583,0.004949880050432,0.0709473774154047,0.0905548033415685
OSI-930,5.620901331126079,0.0127109718653122,0.0003109664551693,0.0709473774154047,
KU-55933,5.596906300355305,0.1218142129798249,0.0003978038289559,0.0709473774154047,0.0905548033415685
PD-0325901,5.596499331535377,0.0151333329099421,0.0054294416509998,0.0709473774154047,0.0901597853860074
nintedanib,5.56404923002163,0.0174052229134849,0.0049775228712902,0.0709473774154047,0.0905548033415685
I-BET,5.510349285480889,0.0250707882950337,0.0007572678951931,0.0171338066262674,
PHA-793887,5.504746044263444,0.0250707882950337,0.012888238831929,0.02059560327509,0.0905548033415685
pelitinib,5.500919740167071,0.0299062823190676,0.0107643393435415,0.0199995647287594,0.0905548033415685
tivozanib,5.421437198092882,0.0250707882950337,0.0047551892331141,0.0709473774154047,0.0905548033415685
XMD-885,5.417739680223269,0.0297511416465583,0.0100467212590809,0.0013611986258435,
XMD-892,5.389822365501652,0.0604072459902647,0.0072797349415492,0.0169085285917282,0.0905548033415685
lapatinib,5.389746361645992,0.0269686263415016,0.0047551892331141,0.0709473774154047,0.0905548033415685
NVP-BGT226,5.380289483125017,0.0127109718653122,0.0236159389105062,0.0375898089034493,0.0905548033415685
NPK76-II-72-1,5.254291653320831,0.0194223296469141,0.000525802244756,0.0709473774154047,
WZ-4-145,5.191083447590951,0.0262755007486298,0.0087022434303177,0.0709473774154047,0.0905548033415685
WZ-3105,5.188230721915212,0.0301048312075603,0.0074018561553872,0.0709473774154047,0.0905548033415685
masitinib,5.187646803935744,0.1218142129798249,6.417748504920754e-05,0.0709473774154047,
JNK-IN-5A,5.153298666868553,0.046484324130739,0.0047551892331141,0.0709473774154047,0.0905548033415685
enzastaurin,5.145856875620394,0.0480857039556522,0.0221489544384609,0.0149164795860727,0.0905548033415685
YM-201636,5.136997179260871,0.0343281025212862,0.0072797349415492,0.0709473774154047,0.0905548033415685
PF 573228,5.094031770716542,0.0052615931516278,0.0858989778764113,0.0709473774154047,0.0905548033415685
vemurafenib,5.062283456192448,0.1218142129798249,0.0044041110431032,0.0298555860084128,0.0905548033415685
LDN-193189,4.966805946417659,0.0250707882950337,0.07933851176809,0.0157365369410499,0.0905548033415685
dovitinib,4.947002837378292,0.0282012763188669,0.0674784840917345,0.0169085285917282,0.0905548033415685
ZSTK-474,4.916572674873715,0.0239065335161897,0.0930614005896247,0.0164524071350269,0.0905548033415685
AS-605240,4.903500553887333,0.0250707882950337,0.1014163051288156,0.0147712473963615,0.0905548033415685
GSK-429286A,4.895952472796218,0.1218142129798249,0.0029913087644264,0.0709473774154047,0.0905548033415685
PF-562271,4.885257487219119,0.0250707882950337,0.089760365948435,0.0175891225490271,0.0905548033415685
AZD-8330,4.858224836772073,0.0267524370582538,0.0930614005896247,0.0169085285917282,0.0905548033415685
roscovitine,4.835284147265702,0.1218142129798249,0.0041866433612614,0.0603624737465757,0.0905548033415685
fostamatinib,4.816273988324717,0.0276231143393633,0.0930614005896247,0.0183298015947087,0.0905548033415685
NVP-AEW541,4.805227323015627,0.0299062823190676,0.0930614005896247,0.0171338066262674,0.0905548033415685
gefitinib,4.800735860457079,0.0269686263415016,0.0930614005896247,0.0197513912877777,0.0905548033415685
TGX-221,4.790264028782791,0.1218142129798249,0.0040548220402153,0.0709473774154047,0.0905548033415685
mitoxantrone,4.772240298735698,0.0250707882950337,0.0308080300054432,0.0709473774154047,0.0905548033415685
tyrphostin-AG-1478,4.75524578591754,0.1218142129798249,0.0002227839843348,0.0709473774154047,
CC-401,4.7471995117526005,0.0301048312075603,0.0263408420198388,0.0709473774154047,0.0905548033415685
XMD-1499,4.743838375454011,0.1211717984940226,0.0002317467978042,0.0709473774154047,
(+)-JQ1,4.740345196584084,0.0163131344858848,0.0105082652992929,0.0193805324673845,
PFI-1,4.686546541091283,0.0233792564221558,0.0092434373687073,0.0164038184047346,
MK-1775,4.6846209082935,0.0426368878388163,0.0204134440274121,0.0709473774154047,0.0905548033415685
ALW-II-38-3,4.548415688888074,0.1218142129798249,0.0081335890023837,0.0709473774154047,0.0905548033415685
pracinostat,4.521694820783784,0.0499144639810368,0.0938814327691289,0.0202478719563194,0.0905548033415685
BMS-345541,4.51864658838102,0.1218142129798249,0.0305249827838191,0.02059560327509,0.0905548033415685
INK-128,4.514839134157494,0.0369466637997162,0.0942974209770508,0.029946279020736,0.0905548033415685
vorinostat,4.497320051748472,0.0543726293376519,0.0999602624610004,0.0183298015947087,0.0905548033415685
AZ-628,4.476275321908817,0.0194223296469141,0.0993581474570771,0.0709473774154047,0.0905548033415685
dacomitinib,4.475021985025324,0.1218142129798249,0.0100467212590809,0.0709473774154047,0.0905548033415685
GSK-690693,4.421576465479017,0.0326683908879881,0.0607147243859191,0.0709473774154047,0.0905548033415685
PD-173074,4.391972471481119,0.0248514247481417,0.0930614005896247,0.0709473774154047,0.0905548033415685
PD-184352,4.383571589613102,0.0250707882950337,0.0942974209770508,0.0709473774154047,0.0905548033415685
dabrafenib,4.379387586960213,0.0124393789384984,0.0113849413502076,0.0709473774154047,
HG-14-10-04,4.375298364977463,0.0255412412876284,0.0930614005896247,0.0719309166576898,0.0905548033415685
ponatinib,4.357598285558078,0.0250707882950337,0.0930614005896247,0.0703191947928694,0.0978495755237683
chelerythrine chloride,4.332361961640794,0.0042655738918009,,0.0709473774154047,0.0905548033415685
GSK-2334470,4.322887762788524,0.0297511416465583,0.0906640344864513,0.0709473774154047,0.0905548033415685
trametinib,4.315718750485802,0.0297511416465583,0.0930614005896247,0.0709473774154047,0.0901597853860074
AZ20,4.311561334856018,0.0299062823190676,0.0930614005896247,0.0709473774154047,0.0905548033415685
PLX-4720,4.271853566706753,0.0299062823190676,0.0074018561553872,,0.0905548033415685
PIK-93,4.230093382154887,0.1186311937540381,0.021016429512913,0.0709473774154047,0.0905548033415685
entinostat,4.206982104054047,0.1218142129798249,0.0930614005896247,0.0164524071350269,0.0910585449331282
foretinib,4.184380475803993,0.0392207994906091,0.0961449370849239,0.0709473774154047,0.0901597853860074
mocetinostat,4.168991233056072,0.115505709848125,0.0930614005896247,0.0197513912877777,0.0905548033415685
ZM-447439,4.168377951146975,0.0250707882950337,0.0087022434303177,0.0709473774154047,
NU-7441,4.155496100486292,0.0250707882950337,,0.012898242050291,0.0905548033415685
ouabain,4.153901872761599,0.0878655492871451,0.1218854763412035,0.0221696098348639,0.0905548033415685
(-)-JQ1,4.087577594974581,0.1218142129798249,0.07933851176809,0.0013611986258435,
PF-431396,4.063693384963578,0.058376786468503,0.0930614005896247,0.0709473774154047,0.0820921606209938
KIN001-055,4.060610340871198,0.0058107744784413,0.0737918166370303,0.0709473774154047,
SYK-inhibitor,4.033537148346059,0.1218142129798249,0.0070774335001072,0.0178270840713839,
ruxolitinib,4.009985095064654,0.0301048312075603,0.0109216194291441,0.0709473774154047,
GSK-1904529A,3.9929009045801953,0.0250707882950337,,0.02059560327509,0.0905548033415685
dorsomorphin dihydrochloride,3.9892037482103992,0.0613450513983856,0.1025695229206488,0.0636707488186836,0.0935513551014664
everolimus,3.8341413179870814,0.0299062823190676,0.0766504131935274,0.0169085285917282,
BMS509744,3.8189967779637404,0.1218142129798249,0.1316089752898438,0.0017776492144592,
KI20227,3.8133092134920847,0.1218142129798249,0.0674784840917345,0.0709473774154047,0.0905548033415685
ON-01910,3.8043796435863886,0.0250707882950337,0.0248101341318829,0.0709473774154047,
ro 31-8220 mesylate,3.7700305903413436,0.0630633398928267,0.1698237196897563,0.0727114555829903,0.0905548033415685
WZ-4002,3.746721532597527,0.0441923769742927,,0.02059560327509,0.0905548033415685
BIX-01294,3.724720310203423,0.115505709848125,0.0930614005896247,0.0709473774154047,0.0905548033415685
SB-525334,3.7228077743665837,0.1218142129798249,0.087557250746327,0.0709473774154047,0.0905548033415685
OTSSP167,3.709126519663158,0.1225011337078354,0.1038369352902079,0.0709473774154047,0.0810779587216714
pazopanib,3.7060249555599913,0.1218142129798249,0.0045646765031258,0.0709473774154047,
neratinib,3.701625799991033,0.1218142129798249,0.0930614005896247,0.0709473774154047,0.0905548033415685
WZ-7043,3.701625799991033,0.1218142129798249,0.0930614005896247,0.0709473774154047,0.0905548033415685
BX-912,3.701625799991033,0.1218142129798249,0.0930614005896247,0.0709473774154047,0.0905548033415685
SB-239063,3.69030033188904,0.1218142129798249,0.0961449370849239,0.0709473774154047,0.0905548033415685
quinacrine dihydrochloride dihydrate,3.6900956623640355,0.1224096540503466,0.1086830649517716,0.0624179630514954,0.0905548033415685
BRD-K28907958,3.689358725541742,0.1224096540503466,0.0958200281023653,0.0709473774154047,0.0905548033415685
sib 1893,3.683569302790336,0.1269855957691366,0.0930614005896247,0.0709473774154047,0.0905548033415685
mitomycin c,3.6792207905002563,0.1224096540503466,0.0986571834508724,0.0709473774154047,0.0905548033415685
4-demethoxydaunorubicin hydrochloride (65),3.6700877936001595,0.1237057046359566,0.0999602624610004,0.0709473774154047,0.0905548033415685
wortmannin,3.669399793792697,0.1218142129798249,0.1021061949395158,0.0709473774154047,0.0905548033415685
niclosamide,3.6642918548940493,0.1218142129798249,0.1143198822438539,0.0643060144386325,0.0905548033415685
bx-795,3.654556239255945,0.1224096540503466,0.1059154709788274,0.0709473774154047,0.0905548033415685
azacitidine,3.646589086941432,0.0157148048345511,0.089760365948435,0.0553723285454937,
VE821,3.631244563767563,0.0269686263415016,0.0532391849382539,,0.0905548033415685
hy-11001,3.6252852180310717,0.1236475280125219,0.1129989610666885,0.0709473774154047,0.0910585449331282
NU-7026,3.6001661750403153,0.0250707882950337,0.0031683437491121,,
salermide,3.5981654745504583,0.0548238510401628,,0.0199995647287594,0.105207948369808
BRD-K57080016,3.5682666597975254,0.1224096540503466,0.1328127439196764,0.0709473774154047,0.0921672847033904
teniposide,3.5574849714650143,0.1218142129798249,0.1409112346319952,0.0709473774154047,0.0905548033415685
narciclasine,3.535589572010081,0.0365567066208075,0.1071984750047745,0.0222134287186446,
doxorubicin hydrochloride,3.5042051381832726,0.0286954340075935,,0.0709473774154047,0.0906218632003973
palbociclib,3.489556233370207,0.0239065335161897,0.0930614005896247,,0.0905548033415685
imd 0354,3.4886502908465955,0.0267524370582538,,0.0709473774154047,0.1007481966427421
d3943,3.4837032346685435,0.0301048312075603,,0.0709473774154047,0.0905548033415685
SU-11274,3.473064699251962,0.0262755007486298,0.0607147243859191,0.0709473774154047,
GDC-0879,3.4684819104032494,0.0194223296469141,0.089760365948435,0.0709473774154047,
jak3 inhibitor vi,3.448211687783382,0.0326683908879881,,0.0709473774154047,0.0905548033415685
CX-5461,3.4407094897433828,0.0267524370582538,0.0930614005896247,,0.0905548033415685
hy-10518,3.3908112726831687,0.1465656995003007,0.1705207089469601,0.0742616002372649,0.0914372667957408
KIN001-266,3.3889801443450684,0.1218142129798249,,0.0162372695492674,0.0905548033415685
CGK-733,3.3701525686026543,0.0436474091411486,0.1025695229206488,0.029946279020736,
doramapimod,3.3450672658014606,0.0250707882950337,0.0930614005896247,0.0709473774154047,
sorafenib,3.3420191662010392,0.0250707882950337,0.0938814327691289,0.0709473774154047,
KIN001-220,3.3420191662010392,0.0250707882950337,0.0938814327691289,0.0709473774154047,
erlotinib,3.33699325552775,0.0255412412876284,0.0930614005896247,0.0709473774154047,
cabozantinib,3.3349178982476144,0.0250707882950337,0.0958200281023653,0.0709473774154047,
methylstat,3.3091364893189383,0.1224096540503466,0.1038369352902079,0.0097153385393118,
A66,3.3063709305199094,0.1218142129798249,,0.02059560327509,0.0905548033415685
SGI-1776,3.3034920119081552,0.1239612387208105,0.014226276801854,0.0709473774154047,
tg101348,3.3000414795410604,0.1224096540503466,,0.02059560327509,0.0914372667957408
pp-110,3.295032910387738,0.046484324130739,,0.0709473774154047,0.0905548033415685
lawsone,3.2892734533909356,0.0042655738918009,,0.0709473774154047,
cycloheximide,3.2769061556458845,0.0484655645041013,,0.0709473774154047,0.0905548033415685
irinotecan hydrochloride trihydrate,3.249067224625888,0.0516740149570675,,0.0709473774154047,0.0905548033415685
nsc 23766,3.223369892400908,0.0548238510401628,,0.0709473774154047,0.0905548033415685
BRD-K80348542,3.217447150983744,0.0552745157625213,,0.0714324446498854,0.0905548033415685
px12,3.203600192777544,0.1221112151334031,,0.017964001181879,0.1276796825750833
vandetanib,3.194039299052167,0.0424144055037737,0.087557250746327,0.0603624737465757,
idelalisib,3.1921157510894655,0.1218142129798249,0.0286149829769035,,0.0905548033415685
bms-536924,3.187515634706208,0.0588232504624675,,0.0709473774154047,0.0916613541827236
amuvatinib,3.1755058108635286,0.1218142129798249,0.021016429512913,0.0709473774154047,
s1120,3.1692647084126073,0.0620975867409299,,0.0709473774154047,0.0905548033415685
QL-XI-92,3.167330406488587,0.1218142129798249,0.0930614005896247,0.0164038184047346,
auranofin,3.1671823551605627,0.0358348655563627,0.0993581474570771,0.0709473774154047,
doxorubicin,3.1661848962058974,0.0625395187550779,,0.0709473774154047,0.0905548033415685
bi 2536,3.16515923418362,0.1218142129798249,,0.0288918917447937,0.0956141170779862
fk506,3.1352858632586065,0.0665805857264399,,0.0717081951865504,0.0905548033415685
amodiaquin dihydrochloride dihydrate,3.0943037093805756,0.0441923769742927,0.0942974209770508,0.0709473774154047,
ym-155,3.0941561383510985,0.0414813718628451,0.1021061949395158,0.0709473774154047,
amsacrine,3.0786576075669134,0.0765035914704347,,0.0709473774154047,0.0905548033415685
KIN001-265,3.0771953651965664,0.0424144055037737,0.1042744041884188,0.0709473774154047,
nutlin-3,3.0718843907619258,0.1250529675855737,,0.0386698924248685,0.0914372667957408
BRD-K19220233,3.037992760751692,0.0456415745877434,0.1604099511430123,0.0471060804133505,
BRD-U82589721,3.028930284449337,0.0461028945753837,0.1079544517802669,0.0709473774154047,
NVP-BGJ398,3.024063922923425,0.1218142129798249,0.089760365948435,0.0256869787988156,
digitoxigenin,3.0116032979972536,0.1221112151334031,0.1409112346319952,0.0169085285917282,
LY2603618,2.9838015212924525,0.0573172608155479,0.0936386120756403,0.0709473774154047,
mw-a1-12,2.9801254981094463,0.0864202102310235,,0.0709473774154047,0.1005796468417214
paclitaxel,2.9555628593247603,0.1239612387208105,0.1097520059180196,0.0250337882885844,
trichostatin a,2.9550679925382655,0.0922755275302526,,0.0709473774154047,0.0997921532670172
BIX-02189,2.9205286868676223,0.1218142129798249,0.0930614005896247,0.0333769849110493,
HG-14-8-02,2.9134102850010697,0.1221112151334031,,0.0719309166576898,0.0820921606209938
AGK-2,2.899735977764171,0.115505709848125,,0.0709473774154047,0.0905548033415685
BRD-K49865102,2.8766414675517815,0.1218142129798249,,0.0709473774154047,0.0905548033415685
"l-690,488",2.8766414675517815,0.1218142129798249,,0.0709473774154047,0.0905548033415685
hy-50878,2.8766414675517815,0.1218142129798249,,0.0709473774154047,0.0905548033415685
hy-11005,2.8766414675517815,0.1218142129798249,,0.0709473774154047,0.0905548033415685
zm 336372,2.8766414675517815,0.1218142129798249,,0.0709473774154047,0.0905548033415685
importazole,2.8766414675517815,0.1218142129798249,,0.0709473774154047,0.0905548033415685
gemcitabine,2.8766414675517815,0.1218142129798249,,0.0709473774154047,0.0905548033415685
BRD-K54256913,2.8766414675517815,0.1218142129798249,,0.0709473774154047,0.0905548033415685
simvastatin,2.8766414675517815,0.1218142129798249,,0.0709473774154047,0.0905548033415685
BRD-K50140147,2.876319972201056,0.1218142129798249,,0.0709473774154047,0.0906218632003973
BRD-U29336476,2.876204549886299,0.121936824629024,,0.0709473774154047,0.0905548033415685
BRD-K31342827,2.876204549886299,0.121936824629024,,0.0709473774154047,0.0905548033415685
puromycin dihydrochloride,2.8747698759662406,0.1218142129798249,,0.0709473774154047,0.0909458912568049
BRD-A36630025,2.8745237606563365,0.1224096540503466,,0.0709473774154047,0.0905548033415685
bibr1532,2.8745237606563365,0.1224096540503466,,0.0709473774154047,0.0905548033415685
sb 218078,2.8742022653056116,0.1224096540503466,,0.0709473774154047,0.0906218632003973
pkc-412,2.8726536978282717,0.122846910281489,,0.0709473774154047,0.0906218632003973
pp-30,2.871897717848145,0.123152069231149,,0.0709473774154047,0.0905548033415685
pp 1,2.871366690183904,0.1218142129798249,,0.0709473774154047,0.0916613541827236
emetine dihydrochloride hydrate (74),2.8696492329683894,0.1224096540503466,,0.0709473774154047,0.09157691717359
hy-50940,2.8652454289365235,0.1250529675855737,,0.0709473774154047,0.0905548033415685
BRD-K03829970,2.8652454289365235,0.1250529675855737,,0.0709473774154047,0.0905548033415685
le 135,2.864192767366921,0.1218142129798249,,0.0719309166576898,0.0921672847033904
BRD-K83972459,2.8635034773327934,0.1218142129798249,,0.0709473774154047,0.0933360638531586
s1142,2.86045571988446,0.0604072459902647,0.1250641133114461,0.0709473774154047,
periplocymarin,2.8591178474876724,0.1250529675855737,,0.0722097469580451,0.0905548033415685
etoposide,2.85502461334145,0.1280309057390878,,0.0709473774154047,0.0905548033415685
AZD4547,2.853429797987472,0.1285019248912812,,0.0709473774154047,0.0905548033415685
cot-10b,2.8499042535339125,0.12530829809901,,0.0712168960348166,0.0933360638531586
BRD-K06666320,2.8483802077115135,0.1225011337078354,,0.0764205643797131,0.0905548033415685
anisomycin,2.84828062979875,0.1285019248912812,,0.0715090960990052,0.0910585449331282
BRD-K37865504,2.8428280889634117,0.0713729915561979,0.1068098160403869,0.0709473774154047,
AT7867,2.840358348488415,0.1186311937540381,0.0569989810895004,0.0709473774154047,
p8624,2.833956761810697,0.1342954114243033,,0.0709473774154047,0.0906218632003973
bjm-ctd2-9,2.8313411755189404,0.1218142129798249,,0.0709473774154047,0.100510581082059
epirubicin hydrochloride,2.830921019920903,0.1224096540503466,,0.0798781971188994,0.0910585449331282
ku 0060648 trihydrochloride,2.8289251460267293,0.1224096540503466,,0.0709473774154047,0.1005796468417214
MGCD-265,2.828567242723577,0.1211717984940226,0.0930614005896247,0.0437793611355409,
s1040,2.8248122823411905,0.0124290701906704,,0.0709473774154047,
BRD-K01614657,2.8096851988657234,0.1218142129798249,,0.086026386742438,0.0905548033415685
chr 2797,2.800390047877012,0.1218142129798249,,0.0709473774154047,0.1079351529859398
cymarin,2.790777927730973,0.1299814417858817,0.1185556280840366,0.0350956853067158,
phorbol-12-myristate-13-acetate (pma),2.7873237636457913,,0.0930614005896247,0.0709473774154047,0.0905548033415685
D-4476,2.7873237636457913,,0.0930614005896247,0.0709473774154047,0.0905548033415685
parthenolide,2.7847205808861077,0.1224096540503466,,0.0709473774154047,0.1113562690201911
KU-60019,2.78427566404537,,0.0938814327691289,0.0709473774154047,0.0905548033415685
barasertib,2.7823748770343513,0.1218142129798249,0.0930614005896247,,0.0905548033415685
BRD-A11702965,2.779296629629468,0.0424144055037737,0.2337631408536903,0.0745952972611129,
ct-200783,2.7708233650129936,0.1218142129798249,,0.0709473774154047,0.1155392633579247
lde225 (nvp-lde225),2.7645153960522397,0.095437676888818,0.0930614005896247,0.0709473774154047,
BRD-K16533489,2.7645153960522397,0.095437676888818,0.0930614005896247,0.0709473774154047,
ro 28-1675 ?,2.7591146796357666,0.1224096540503466,,0.0709473774154047,0.1181192206339362
BRD-K77681376,2.75265678350436,0.1433444351823553,,0.0801426559097681,0.0928691336502539
pd 198306,2.7229419311636196,0.0157148048345511,,0.0709473774154047,
dinaciclib,2.7151654239945957,0.1342954114243033,0.0999602624610004,,0.0905548033415685
cyclosporine,2.69459080426257,0.1121100254436075,0.0930614005896247,0.0709473774154047,
losartan,2.6876261169289064,0.1218142129798249,0.0930614005896247,0.0652492185586419,
BRD-K68202742 (trichostatin a),2.6844565036742774,0.1121100254436075,0.1218854763412035,0.0557727228614829,
HG-9-91-01,2.676837808675103,0.0233199345962955,,0.0494644949445085,
sid 26681509,2.674898406823867,0.0419481749800835,,0.0238773240139173,
BRD-K03736784,2.674221107581273,0.0819547247011537,0.1459888792470103,0.0709473774154047,
digitoxin,2.6726576280984236,0.1153770161807785,0.1182129743924885,0.057393629639306,
BRD-K81473043,2.669744561613174,0.1121100254436075,0.0999602624610004,0.0709473774154047,
BRD-K92301463,2.6623154785822227,0.0179232489464157,,0.0716695587296754,
AZD-6482,2.6608337014368497,0.1211717984940226,0.0930614005896247,0.0709473774154047,
SB-203580,2.6585372917411747,0.1218142129798249,0.0930614005896247,0.0709473774154047,
KIN001-127,2.6585372917411747,0.1218142129798249,0.0930614005896247,0.0709473774154047,
garcinol,2.6585372917411747,0.1218142129798249,0.0930614005896247,0.0709473774154047,
veliparib,2.6585372917411747,0.1218142129798249,0.0930614005896247,0.0709473774154047,
aminopurvalanol a,2.65641958484573,0.1224096540503466,0.0930614005896247,0.0709473774154047,
akt inhibitor iv,2.6539531073029585,0.1218142129798249,0.0942974209770508,0.0709473774154047,
CP-724714,2.6539531073029585,0.1218142129798249,0.0942974209770508,0.0709473774154047,
BRD-K23478508 (digoxin),2.6515845833845018,0.1116088975214478,0.1059154709788274,0.0709473774154047,
BRD-K00313977,2.6508687015148107,0.1218142129798249,0.0951382858416288,0.0709473774154047,
GW-5074,2.6508687015148107,0.1218142129798249,0.0951382858416288,0.0709473774154047,
ic 261,2.6508687015148107,0.1218142129798249,0.0951382858416288,0.0709473774154047,
chloroxine,2.6508687015148107,0.1218142129798249,0.0951382858416288,0.0709473774154047,
triciribine,2.648535050273796,0.1224096540503466,0.0930614005896247,0.0725758305445804,
AST1306,2.648387924187329,0.1218142129798249,0.0958200281023653,0.0709473774154047,
manumycin a,2.6474766054712373,0.050982354201072,,0.0202478719563194,
mycophenolic acid,2.6467407682873403,0.12516833841852,0.0930614005896247,0.0709473774154047,
serdemetan,2.643920518655386,0.0250707882950337,,,0.0905548033415685
BRD-K10846167,2.6434003175425507,0.1224096540503466,0.1379877871771796,,0.0905548033415685
u-0126,2.6431829351197726,,0.1409112346319952,0.0709473774154047,0.0905548033415685
kuc104495 kuc104495n,2.6360669526930387,0.131031622262386,0.1173627504027322,,0.0979338226049086
pf 750,2.6357901709479106,0.1218142129798249,0.0993581474570771,0.0709473774154047,
k784-3188,2.630067369074252,0.1218142129798249,0.101008282770875,0.0709473774154047,
aristolochic acid,2.6297491427545574,0.1221112151334031,0.1007935598701709,0.0709473774154047,
cay10594,2.625679134073896,0.1218142129798249,0.1022921440477512,0.0709473774154047,
s1205,2.625078938507739,0.0610175574098164,0.2431624203337603,0.0709473774154047,
BRD-K07061353,2.6244727359110662,0.1218142129798249,0.1026479497200891,0.0709473774154047,
BRD-K05649647,2.621966877903758,0.1218142129798249,0.1033909680742094,0.0709473774154047,
BRD-K12184916,2.6172688736354806,0.1218142129798249,0.104798509779421,0.0709473774154047,
carbamazepine,2.6172688736354806,0.1218142129798249,0.104798509779421,0.0709473774154047,
dg-041,2.6069605142677896,0.1218142129798249,0.1079544517802669,0.0709473774154047,
finasteride,2.5983821577319164,0.12530829809901,0.1068098160403869,0.0709473774154047,
mst- 312,2.596479236390123,0.123152069231149,0.1097520059180196,0.0709473774154047,
sutent,2.5924975228401563,0.1218142129798249,0.0999602624610004,0.0798781971188994,
dactinomycin,2.5863076760023573,0.115505709848125,0.1224404006111138,0.0709473774154047,
abt-751,2.5708298031908146,0.115505709848125,0.1280183080046726,0.0709473774154047,
s1011,2.561453329227541,0.1218142129798249,0.1230621611310526,0.0709473774154047,
BRD-U51951544,2.5585243232353667,0.0782309542598466,0.1736210044754663,0.0882102487409429,
decitabine,2.551523594901772,0.0233199345962955,,0.0709473774154047,
BRD-K83670234,2.5495439759451157,0.125715070959418,0.1205774449976703,0.0720393477388743,
strophanthidin,2.5481527110841786,0.0235016422970334,,0.0709473774154047,
t542500,2.5457034270515524,0.133128626433715,0.1645856767446116,,0.0905548033415685
homoharringtonine,2.544474142866833,0.0321901145852481,,0.048389837996101,
daunorubicin,2.5437672612466744,0.1313999104162143,0.1177906289462688,0.0709473774154047,
BRD-K26304855,2.535688041980171,0.1218142129798249,0.1325351721883034,0.0709473774154047,
16-hydroxytriptolide,2.5328434529323824,0.1224096540503466,0.1328127439196764,0.0709473774154047,
GSK-J4,2.524335685494419,0.1218142129798249,,0.0097153385393118,
menadione,2.520082933362209,0.0250707882950337,,0.0709473774154047,
su 5416,2.520082933362209,0.0250707882950337,,0.0709473774154047,
RAF 265,2.520082933362209,0.0250707882950337,,0.0709473774154047,
BRD-K53903639,2.516118941293238,0.1472066185647099,0.1106638578590578,0.0709473774154047,
ag 9,2.513482026654134,0.1490867072957258,0.1097520059180196,0.0709473774154047,
tyrphostin ag 1478,2.508402588495377,0.0567294069083395,,0.0264384786213588,
fluprostenol,2.5040745887385274,0.0260121550611618,,0.0709473774154047,
cyproheptadine hydrochloride,2.4996999215563265,0.0262755007486298,,0.0709473774154047,
BRD-K89059493,2.491528708624763,0.0356090018021584,,,0.0905548033415685
ibrutinib,2.4855365903194735,0.0271465305484156,,0.0709473774154047,
tl hras26 brd-k01877528,2.47945789124737,0.0275291645502979,,0.0709473774154047,
v4877,2.4777410257994674,0.0250707882950337,,0.0801426559097681,
ncgc00183255-01,2.4755338399525373,0.131031622262386,0.1202793330413224,0.0848538479394975,
vinblastine sulfate,2.4659471165989886,0.0283990496082999,,0.0709473774154047,
KIN236,2.456153638140803,0.0233792564221558,0.0930614005896247,,
hdac6 inhibitor isox,2.4434884941669077,0.0299062823190676,,0.0709473774154047,
mk-0591,2.4434884941669077,0.0299062823190676,,0.0709473774154047,
BRD-K56343971,2.4406147264186853,0.0301048312075603,,0.0709473774154047,
vu0418946-2,2.4406147264186853,0.0301048312075603,,0.0709473774154047,
azd8055,2.4406147264186853,0.0301048312075603,,0.0709473774154047,
IOX2,2.429633040274579,0.0248514247481417,0.0930614005896247,,
SB-216763,2.4157457157185585,0.0318790379878039,,0.0709473774154047,
gr-103,2.411528400335921,0.0321901145852481,,0.0709473774154047,
c3393m50,2.4032247624462437,0.2033070015583599,0.1022921440477512,0.0709473774154047,
donepezil hydrochloride,2.4009956276708735,0.0329803526620689,,0.0709473774154047,
ei-293,2.3986561685284364,0.1224096540503466,0.1954221805270671,0.0709473774154047,
BRD-K53932786,2.388613500987087,0.0339341849063702,,0.0709473774154047,
BRD-K81814927,2.387555972386774,0.1233056010701849,0.1999356240242078,0.0709473774154047,
perhexiline maleate,2.3753689658651234,0.1218142129798249,,0.0149164795860727,
BRD-K84203638,2.375171397105117,0.1950489226456341,0.1668080264544173,,0.0905548033415685
BRD-A68930007 (ouabain),2.3745502294778706,0.0350510226498863,,0.0709473774154047,
securinine,2.3698035762022203,0.0378910091467303,,0.0652492185586419,
BRD-K94991378,2.3649451435145754,0.0358348655563627,,0.0709473774154047,
emetine hydrochloride,2.357639123099145,0.0358348655563627,,0.0724550852582116,
vincristine sulfate,2.3516756942661,0.0369466637997162,,0.0709473774154047,
ei-156,2.344231367185474,0.037585432818703,,0.0709473774154047,
digoxin,2.3390837378682896,0.1023049501421942,,0.02059560327509,
BRD-K06765193,2.333730534093372,0.1239612387208105,,0.0164524071350269,
BRD-K87909389,2.3272354260432473,0.0364549721298525,,0.0774033494652302,
skf 86002 dihydrochloride,2.3226478923715304,0.1218142129798249,,0.0173607178928083,
BX-795,2.3214791252011286,0.0318790379878039,0.0930614005896247,,
biperiden hydrochloride,2.319665057187397,0.0397727724738621,,0.0709473774154047,
km 00927,2.319665057187397,0.0397727724738621,,0.0709473774154047,
s1249,2.3157636281736966,0.1438075354324762,0.1878699272269216,0.0765968911757195,
BRD-K68548958,2.315462848259227,0.0401594794388719,,0.0709473774154047,
pd 407824,2.315462848259227,0.0401594794388719,,0.0709473774154047,
iniparib,2.3130534586417664,0.1218142129798249,,0.0178468150146266,
cct 018159,2.306719984441132,0.0406279568012118,,0.0717081951865504,
t 0070907,2.3037156710098494,0.0412605727214939,,0.0709473774154047,
s6005,2.30056356165919,0.0552745157625213,,,0.0905548033415685
BRD-A40431293,2.2972883504421917,0.1236475280125219,,0.0183298015947087,
GDC-0068,2.294460725366874,0.1218142129798249,0.0188278894104701,,
BRD-K08316444,2.293622306645597,0.0379533351288845,,0.0810792429692802,
BRD-A63583287,2.2894654259005396,0.0426368878388163,,0.0709473774154047,
t7765,2.2894654259005396,0.0426368878388163,,0.0709473774154047,
t5323840,2.27929245335947,0.0436474091411486,,0.0709473774154047,
ncgc00165199-01,2.2739035613795404,0.0441923769742927,,0.0709473774154047,
stock1s-53863,2.268774374104818,0.115505709848125,,0.0216659489526367,
BRD-U25771771,2.2656738579275593,0.0450377893208696,,0.0709473774154047,
ag 494,2.2598903042356513,0.0456415745877434,,0.0709473774154047,
k784-3187,2.2575229706035236,0.0456415745877434,,0.0714324446498854,
"chrysene-1,4-quinone",2.2485991103751544,0.141113129512527,,0.0178768844368708,
piplartine,2.2421103900123827,0.0475489064111829,,0.0709473774154047,
"ingenol 3, 20-dibenzoate",2.2404840635605825,0.1950489226456341,0.1173627504027322,0.1040363715709168,
arachidonyl trifluoro-methyl ketone,2.2370095574971103,0.1218142129798249,,0.0222134287186446,
s1122,2.2370095574971103,0.1218142129798249,,0.0222134287186446,
ALW-II-49-7,2.2214618724683928,,0.0930614005896247,0.017964001181879,
resveratrol,2.2197408968127808,0.0665805857264399,,,0.0905548033415685
BRD-A51777634,2.2185197784913018,0.1218142129798249,,0.0234276011862022,
BRD-A52193669,2.211831037038644,0.050982354201072,,0.0709473774154047,
prostaglandin a1,2.211831037038644,0.050982354201072,,0.0709473774154047,
mg-132,2.2059787163760296,0.0516740149570675,,0.0709473774154047,
puromycin hydrochloride,2.2003741762231313,0.1218142129798249,,0.0246836753156144,
telmisartan,2.1954807762883015,0.1218142129798249,,0.0250337882885844,
hy-10459,2.191296315651119,0.061572681011783,,0.0594489961065834,
BRD-K49371609,2.1803518805722195,0.0543726293376519,,0.0716695587296754,
BRD-K77547920,2.173203776009222,0.055724624022134,,0.0709473774154047,
l-6307,2.173203776009222,0.055724624022134,,0.0709473774154047,
BRD-K81795824,2.1650033421485535,0.0567868241137537,,0.0709473774154047,
pf3845,2.1533551111265483,0.1224096540503466,,0.028089015832972,
BRD-K19166598,2.1508871586090157,0.0070650109841068,,,
BRD-K56411643,2.133796104518705,0.0610175574098164,,0.0709473774154047,
oxindole i,2.131471388282511,0.0613450513983856,,0.0709473774154047,
Y-27632,2.131471388282511,0.0613450513983856,,0.0709473774154047,
nafcillin sodium salt monohydrate,2.1187245052248573,,0.0316707262320832,0.0709473774154047,
BRD-U00779237,2.106567830914045,0.0649655458853249,,0.0709473774154047,
BRD-K61717269,2.0955443544283714,0.1218142129798249,,0.0333769849110493,
clobetasol propionate,2.0723326848640617,0.1285019248912812,,0.0333769849110493,
zk 164015,2.0657170226251313,0.0713729915561979,,0.0709473774154047,
jas07 008,2.0366587628575683,0.0768567694884655,,0.0703191947928694,
forskolin,2.033568797093492,0.0768567694884655,,0.0709473774154047,
pioglitazone hydrochloride,2.033568797093492,0.0768567694884655,,0.0709473774154047,
bufalin,2.0287371274839097,0.0777166005274006,,0.0709473774154047,
BRD-K02646507,2.0282901389599077,0.0711242270636586,,0.0793625066706192,
hli 373,2.0221663386508038,0.0782309542598466,,0.0717081951865504,
thm-i-94,2.0211280678487773,0.0749295156560544,,0.0759055896889387,
BRD-K92317137,2.0074733241848444,0.1224096540503466,,0.0427453381039107,
mln2238,2.006025935669608,0.0818888905608815,,0.0709473774154047,
gr 103691,2.006025935669608,0.0818888905608815,,0.0709473774154047,
bumetanide,2.0012865005886504,0.1218142129798249,,0.0437793611355409,
CG-930,1.9993125735601163,0.0100158411125375,,,
gant 58,1.9951726838521597,0.0818888905608815,,0.073198622968714,
BRD-U86922168,1.9924695177539005,0.0828415490752248,,0.0727114555829903,
strophantine octahydrate,1.9826356044891957,0.0864202102310235,,0.0709473774154047,
"tyrphostin b44, (+) enantiomer",1.9826356044891957,0.0864202102310235,,0.0709473774154047,
phenolphthalein,1.9826356044891957,0.0864202102310235,,0.0709473774154047,
BRD-K10705233,1.9826356044891957,0.0864202102310235,,0.0709473774154047,
BRD-K17953061,1.9780748310243408,0.1285019248912812,,0.0437793611355409,
proscillaridin a,1.9653819861756259,0.1106890353666233,,0.0547194550926795,
1391-0741,1.9623394312065399,,,0.0709473774154047,0.0905548033415685
atorvastatin,1.9623394312065399,,,0.0709473774154047,0.0905548033415685
BRD-K89558221,1.9623394312065399,,,0.0709473774154047,0.0905548033415685
norgestimate,1.9623394312065399,,,0.0709473774154047,0.0905548033415685
itavastatin ca,1.9623394312065399,,,0.0709473774154047,0.0905548033415685
rho kinase inhibitor iii [rockout],1.9623394312065399,,,0.0709473774154047,0.0905548033415685
chlorambucil,1.9623394312065399,,,0.0709473774154047,0.0905548033415685
terfenadine,1.9623394312065399,,,0.0709473774154047,0.0905548033415685
sdm25n hydrochloride,1.9623394312065399,,,0.0709473774154047,0.0905548033415685
BRD-K05549170,1.9623394312065399,,,0.0709473774154047,0.0905548033415685
939792-14-0,1.9623394312065399,,,0.0709473774154047,0.0905548033415685
u0126,1.9623394312065399,,,0.0709473774154047,0.0905548033415685
AZD7762,1.9623394312065399,,,0.0709473774154047,0.0905548033415685
BRD-K00627859,1.9623394312065399,,,0.0709473774154047,0.0905548033415685
BRD-K19181733,1.9620179358558145,,,0.0709473774154047,0.0906218632003973
hy-10159,1.9613558346632156,0.0907601256154806,,0.0709473774154047,
isoxsuprine hydrochloride,1.9613558346632156,0.0907601256154806,,0.0709473774154047,
vu0418934-2,1.9599302167227286,,,0.0709473774154047,0.0910585449331282
BRD-K53423944,1.958633474695684,,,0.0717081951865504,0.0905548033415685
ncgc00242340-01,1.9586158809583052,0.0907601256154806,,0.0715090960990052,
qs 11,1.9573905445950999,0.1218142129798249,,,0.0905548033415685
VX-745,1.9573905445950999,0.1218142129798249,,,0.0905548033415685
BRD-K71935468,1.9573905445950999,0.1218142129798249,,,0.0905548033415685
BRD-K16541732,1.9573905445950999,0.1218142129798249,,,0.0905548033415685
BRD-K32896438,1.9573905445950999,0.1218142129798249,,,0.0905548033415685
hy-10161,1.9570646538386622,,,0.0709473774154047,0.0916613541827236
suloctidil,1.9570646538386622,,,0.0709473774154047,0.0916613541827236
BRD-K37798499,1.9570326906807796,,,0.0720393477388743,0.0905548033415685
api-2,1.9569536269296177,0.121936824629024,,,0.0905548033415685
nafronyl oxalate,1.9568159199974509,,,0.0720843082778734,0.0905548033415685
BRD-A31107743,1.9567494661798093,0.1224096540503466,,0.0494644949445085,
BRD-K51556300,1.9567494661798093,0.1224096540503466,,0.0494644949445085,
methotrexate,1.956332955305189,0.1221112151334031,,,0.0905548033415685
quercetin,1.956332955305189,0.1221112151334031,,,0.0905548033415685
camptothecin,1.955272837699655,0.1224096540503466,,,0.0905548033415685
BRD-K26664453,1.95495134234893,0.1224096540503466,,,0.0906218632003973
s1003,1.95495134234893,0.1224096540503466,,,0.0906218632003973
BRD-K96704748,1.952105703684738,0.1233056010701849,,,0.0905548033415685
ncgc00185087-01,1.9513795287995075,,,0.0709473774154047,0.0928691336502539
pik-90,1.94722461990203,0.124606986455418,,,0.0906218632003973
ncgc00165188-01,1.9469660139543472,0.1225011337078354,,,0.0922346019970215
BRD-K05104363,1.9395310636129879,0.095437676888818,,0.0709473774154047,
lanatoside c,1.9324430864598847,,,0.0745952972611129,0.0931939574688029
BRD-K00317371,1.9267529648653698,0.1218142129798249,,,0.0971737743244338
mitoxantrone dihydrochloride,1.9201126467255123,0.098996438084018,,0.0716695587296754,
BRD-K98731749,1.9183560193491545,0.1002062716184425,,0.0709473774154047,
ncgc00238427-01,1.9129112259698464,0.095437676888818,,0.0765968911757195,
ncgc00188012-01,1.9055589679940148,0.1372554317539788,,,0.0905548033415685
bisacodyl,1.8991723693883737,0.1392887813949889,,,0.0905548033415685
apigenin triacetate,1.8985102385546513,0.1048915937880922,,0.0709473774154047,
pifithrin- ?,1.8985102385546513,0.1048915937880922,,0.0709473774154047,
phenamil,1.8985102385546513,0.1048915937880922,,0.0709473774154047,
cinobufagin,1.8955492539607208,0.1056091796182522,,0.0709473774154047,
BRD-K49010888,1.8896884127284939,0.1218142129798249,,0.0603624737465757,
BRD-K15592317,1.8896884127284939,0.1218142129798249,,0.0603624737465757,
cvf-csc-7 brd-a32595718,1.8850609872910613,,0.1318944932104875,0.0333769849110493,
ag 592,1.8845118245403059,0.1083275942544626,,0.0709473774154047,
jte 907,1.8845118245403059,0.1083275942544626,,0.0709473774154047,
s1175,1.8831944686497124,0.1083275942544626,,0.0712168960348166,
BRD-K36055864 (cycloheximide),1.8751463202858623,0.1106890353666233,,0.0709473774154047,
btb06091sc,1.8696064718233187,0.1121100254436075,,0.0709473774154047,
BRD-K64517075,1.8696064718233187,0.1121100254436075,,0.0709473774154047,
BRD-A43155244,1.860612059672286,0.1144560788364986,,0.0709473774154047,
er 27319 maleate,1.8596533324221145,0.1438075354324762,,0.0534818325852333,
BRD-A16820783,1.856647469514313,0.115505709848125,,0.0709473774154047,
vx-680,1.856647469514313,0.115505709848125,,0.0709473774154047,
BRD-K99633092,1.856647469514313,0.115505709848125,,0.0709473774154047,
tamoxifen citrate,1.8559186688969849,,0.0674784840917345,0.0709473774154047,
brefeldin a,1.8528879656670219,0.0940765471282074,,0.0926911630224745,
ipsapirone,1.845052022343424,0.1186311937540381,,0.0709473774154047,
BRD-A24054354,1.845052022343424,0.1186311937540381,,0.0709473774154047,
levofloxacin,1.845052022343424,0.1186311937540381,,0.0709473774154047,
tws119,1.845052022343424,0.1186311937540381,,0.0709473774154047,
estradiol,1.8413460658325682,0.1186311937540381,,0.0717081951865504,
isotretinoin,1.8389393347616747,0.1211717984940226,,0.0703191947928694,
hemado,1.8358493689975983,0.1211717984940226,,0.0709473774154047,
BRD-K91701654,1.8358493689975983,0.1211717984940226,,0.0709473774154047,
BRD-K60219430,1.8355853357760887,0.1221112151334031,,0.0703191947928694,
diflorasone diacetate,1.8335529593019233,0.1218142129798249,,0.0709473774154047,
BRD-K47764688,1.8335529593019233,0.1218142129798249,,0.0709473774154047,
mdl 29951,1.8335529593019233,0.1218142129798249,,0.0709473774154047,
maprotiline hydrochloride,1.8335529593019233,0.1218142129798249,,0.0709473774154047,
dephostatin,1.8335529593019233,0.1218142129798249,,0.0709473774154047,
BRD-K55722623,1.8335529593019233,0.1218142129798249,,0.0709473774154047,
curcumin,1.8335529593019233,0.1218142129798249,,0.0709473774154047,
trequinsin hydrochloride,1.8335529593019233,0.1218142129798249,,0.0709473774154047,
s1216,1.8335529593019233,0.1218142129798249,,0.0709473774154047,
BRD-K53414658,1.8335529593019233,0.1218142129798249,,0.0709473774154047,
cimaterol,1.8335529593019233,0.1218142129798249,,0.0709473774154047,
clebopride maleate,1.8335529593019233,0.1218142129798249,,0.0709473774154047,
curcubitacin i,1.8335529593019233,0.1218142129798249,,0.0709473774154047,
ct-incb,1.8335529593019233,0.1218142129798249,,0.0709473774154047,
BRD-K05331696,1.8335529593019233,0.1218142129798249,,0.0709473774154047,
BRD-K06623064,1.8335529593019233,0.1218142129798249,,0.0709473774154047,
s1266,1.8335529593019233,0.1218142129798249,,0.0709473774154047,
dexamethasone,1.8335529593019233,0.1218142129798249,,0.0709473774154047,
hki-272,1.8335529593019233,0.1218142129798249,,0.0709473774154047,
BRD-K64857848,1.8335529593019233,0.1218142129798249,,0.0709473774154047,
tyrphostin 46,1.8335529593019233,0.1218142129798249,,0.0709473774154047,
gr-237,1.8335529593019233,0.1218142129798249,,0.0709473774154047,
gitoxigenin,1.8335529593019233,0.1218142129798249,,0.0709473774154047,
mw-ras12,1.8335529593019233,0.1218142129798249,,0.0709473774154047,
gbr 13069 dihydrochloride,1.8335529593019233,0.1218142129798249,,0.0709473774154047,
BRD-K25737009,1.8335529593019233,0.1218142129798249,,0.0709473774154047,
fu jmbii227b,1.8335529593019233,0.1218142129798249,,0.0709473774154047,
stock1n-27488,1.8335529593019233,0.1218142129798249,,0.0709473774154047,
BRD-K41925105,1.8335529593019233,0.1218142129798249,,0.0709473774154047,
ncgc00165193-01,1.8335529593019233,0.1218142129798249,,0.0709473774154047,
ski ii,1.8335529593019233,0.1218142129798249,,0.0709473774154047,
BRD-K86761848,1.8335529593019233,0.1218142129798249,,0.0709473774154047,
penitrem a,1.8335529593019233,0.1218142129798249,,0.0709473774154047,
hinokitiol,1.8335529593019233,0.1218142129798249,,0.0709473774154047,
at-mlpcn csc-006,1.8335529593019233,0.1218142129798249,,0.0709473774154047,
KIN001-269,1.8335529593019233,0.1218142129798249,,0.0709473774154047,
paroxetine hydrochloride,1.8335529593019233,0.1218142129798249,,0.0709473774154047,
15-delta prostaglandin j2,1.8335529593019233,0.1218142129798249,,0.0709473774154047,
kirromycin,1.8335529593019233,0.1218142129798249,,0.0709473774154047,
1483-0018,1.8335529593019233,0.1218142129798249,,0.0709473774154047,
BRD-A41250203,1.8335529593019233,0.1218142129798249,,0.0709473774154047,
lasalocid sodium,1.8335529593019233,0.1218142129798249,,0.0709473774154047,
5-azacytidine,1.8335529593019233,0.1218142129798249,,0.0709473774154047,
lfm-a13,1.8335529593019233,0.1218142129798249,,0.0709473774154047,
"15-deoxy-?12,14-prostaglandin j2",1.8335529593019233,0.1218142129798249,,0.0709473774154047,
BRD-K88551539,1.8335529593019233,0.1218142129798249,,0.0709473774154047,
BRD-K15107389,1.8335529593019233,0.1218142129798249,,0.0709473774154047,
r(+)-6-bromo-apb,1.8335529593019233,0.1218142129798249,,0.0709473774154047,
GSK-J2,1.8335529593019233,0.1218142129798249,,0.0709473774154047,
16beta-bromoandrosterone,1.8335529593019233,0.1218142129798249,,0.0709473774154047,
BRD-K66254772,1.8335529593019233,0.1218142129798249,,0.0709473774154047,
BRD-K12621773,1.8335529593019233,0.1218142129798249,,0.0709473774154047,
"methyl 2,5-dihydroxycinnamate",1.8335529593019233,0.1218142129798249,,0.0709473774154047,
hy-10181,1.8335529593019233,0.1218142129798249,,0.0709473774154047,
BRD-K19540840,1.8335529593019233,0.1218142129798249,,0.0709473774154047,
BRD-K01436366,1.8335529593019233,0.1218142129798249,,0.0709473774154047,
s1315,1.8335529593019233,0.1218142129798249,,0.0709473774154047,
s1172,1.8335529593019233,0.1218142129798249,,0.0709473774154047,
ncgc00181920-01,1.8335529593019233,0.1218142129798249,,0.0709473774154047,
ncgc00167094-01,1.8335529593019233,0.1218142129798249,,0.0709473774154047,
BRD-K00859168,1.8335529593019233,0.1218142129798249,,0.0709473774154047,
BRD-U37049823,1.8335529593019233,0.1218142129798249,,0.0709473774154047,
s1176,1.8335529593019233,0.1218142129798249,,0.0709473774154047,
ncgc00182388-01,1.8335529593019233,0.1218142129798249,,0.0709473774154047,
ncgc00181736-02,1.8335529593019233,0.1218142129798249,,0.0709473774154047,
e3380,1.8335529593019233,0.1218142129798249,,0.0709473774154047,
pnu 74654,1.8335529593019233,0.1218142129798249,,0.0709473774154047,
pp 2,1.8335529593019233,0.1218142129798249,,0.0709473774154047,
pimozide,1.8335529593019233,0.1218142129798249,,0.0709473774154047,
podofilox,1.8335529593019233,0.1218142129798249,,0.0709473774154047,
pi 103 hydrochloride,1.8335529593019233,0.1218142129798249,,0.0709473774154047,
BRD-U32365159,1.8335529593019233,0.1218142129798249,,0.0709473774154047,
a2478,1.8335529593019233,0.1218142129798249,,0.0709473774154047,
s1452,1.8335529593019233,0.1218142129798249,,0.0709473774154047,
trifluoperazine dihydrochloride,1.8335529593019233,0.1218142129798249,,0.0709473774154047,
piceatannol,1.8335529593019233,0.1218142129798249,,0.0709473774154047,
cccp,1.8335529593019233,0.1218142129798249,,0.0709473774154047,
gr 127935 hydrochloride,1.8335529593019233,0.1218142129798249,,0.0709473774154047,
BRD-K70161581,1.8335529593019233,0.1218142129798249,,0.0709473774154047,
BRD-K64606589,1.8335529593019233,0.1218142129798249,,0.0709473774154047,
brl 15572 hydrochloride,1.8335529593019233,0.1218142129798249,,0.0709473774154047,
brivanib,1.8335529593019233,0.1218142129798249,,0.0709473774154047,
BRD-K97926541,1.8335529593019233,0.1218142129798249,,0.0709473774154047,
d-64131,1.8335529593019233,0.1218142129798249,,0.0709473774154047,
BRD-K52075040,1.8335529593019233,0.1218142129798249,,0.0709473774154047,
BRD-K57037351,1.8335529593019233,0.1218142129798249,,0.0709473774154047,
cytarabine,1.8335529593019233,0.1218142129798249,,0.0709473774154047,
sb 225002,1.8335529593019233,0.1218142129798249,,0.0709473774154047,
aloisine,1.8335529593019233,0.1218142129798249,,0.0709473774154047,
alprostadil,1.8335529593019233,0.1218142129798249,,0.0709473774154047,
s-8599,1.8335529593019233,0.1218142129798249,,0.0709473774154047,
hy-70044,1.8335529593019233,0.1218142129798249,,0.0709473774154047,
BRD-K83691318,1.8335529593019233,0.1218142129798249,,0.0709473774154047,
ag-879,1.8335529593019233,0.1218142129798249,,0.0709473774154047,
akt inhibitor x,1.8335529593019233,0.1218142129798249,,0.0709473774154047,
BRD-K33720404,1.8335529593019233,0.1218142129798249,,0.0709473774154047,
pd 98059,1.8335529593019233,0.1218142129798249,,0.0709473774154047,
BRD-K94325918,1.8335529593019233,0.1218142129798249,,0.0709473774154047,
BRD-K45399554,1.8335529593019233,0.1218142129798249,,0.0709473774154047,
pac 1,1.8335529593019233,0.1218142129798249,,0.0709473774154047,
bisindolylmaleimide iv,1.8335529593019233,0.1218142129798249,,0.0709473774154047,
BRD-K05323277,1.8335529593019233,0.1218142129798249,,0.0709473774154047,
BRD-K74623475,1.8335529593019233,0.1218142129798249,,0.0709473774154047,
hy-70061,1.8335529593019233,0.1218142129798249,,0.0709473774154047,
bml-257,1.8335529593019233,0.1218142129798249,,0.0709473774154047,
ro 90-7501,1.8335529593019233,0.1218142129798249,,0.0709473774154047,
cay10618,1.8335529593019233,0.1218142129798249,,0.0709473774154047,
BRD-K19295594,1.8335529593019233,0.1218142129798249,,0.0709473774154047,
rottlerin ncgc00025228-11,1.8335529593019233,0.1218142129798249,,0.0709473774154047,
chemistry 1735,1.8335529593019233,0.1218142129798249,,0.0709473774154047,
mls-0390979,1.8335529593019233,0.1218142129798249,,0.0709473774154047,
mln4924,1.8335529593019233,0.1218142129798249,,0.0709473774154047,
BRD-K19724398,1.8335529593019233,0.1218142129798249,,0.0709473774154047,
niguldipine hydrochloride,1.8335529593019233,0.1218142129798249,,0.0709473774154047,
retinoic acid,1.8335529593019233,0.1218142129798249,,0.0709473774154047,
BRD-K40373196,1.8335529593019233,0.1218142129798249,,0.0709473774154047,
BRD-K42499654,1.8335529593019233,0.1218142129798249,,0.0709473774154047,
BRD-K42489623,1.8335529593019233,0.1218142129798249,,0.0709473774154047,
BRD-K51443908,1.8335529593019233,0.1218142129798249,,0.0709473774154047,
elesclomol,1.8335529593019233,0.1218142129798249,,0.0709473774154047,
dl-pdmp,1.8335529593019233,0.1218142129798249,,0.0709473774154047,
methylene blue,1.8335529593019233,0.1218142129798249,,0.0709473774154047,
ei-346,1.8335529593019233,0.1218142129798249,,0.0709473774154047,
BRD-K43620258,1.8335529593019233,0.1218142129798249,,0.0709473774154047,
ei-286,1.8335529593019233,0.1218142129798249,,0.0709473774154047,
ei-215,1.8335529593019233,0.1218142129798249,,0.0709473774154047,
reserpine,1.8335529593019233,0.1218142129798249,,0.0709473774154047,
remoxipride hydrochloride,1.8335529593019233,0.1218142129798249,,0.0709473774154047,
r406,1.8335529593019233,0.1218142129798249,,0.0709473774154047,
rhodomyrtoxin b,1.8335529593019233,0.1218142129798249,,0.0709473774154047,
obaa,1.8335529593019233,0.1218142129798249,,0.0709473774154047,
benzoxiquine,1.8335529593019233,0.1218142129798249,,0.0709473774154047,
BRD-K86574132,1.8335529593019233,0.1218142129798249,,0.0709473774154047,
BRD-K90999434,1.8335529593019233,0.1218142129798249,,0.0709473774154047,
b3063,1.8335529593019233,0.1218142129798249,,0.0709473774154047,
b675700.cdx,1.8335529593019233,0.1218142129798249,,0.0709473774154047,
amiodarone hydrochloride,1.8335529593019233,0.1218142129798249,,0.0709473774154047,
amlodipine besylate,1.8335529593019233,0.1218142129798249,,0.0709473774154047,
nrb 04155,1.8335529593019233,0.1218142129798249,,0.0709473774154047,
np-001236,1.8335529593019233,0.1218142129798249,,0.0709473774154047,
BRD-K72615639,1.8335529593019233,0.1218142129798249,,0.0709473774154047,
nizatidine,1.8335529593019233,0.1218142129798249,,0.0709473774154047,
BRD-K75081836,1.8335529593019233,0.1218142129798249,,0.0709473774154047,
bibu 1361 dihydrochloride,1.8335529593019233,0.1218142129798249,,0.0709473774154047,
BRD-K82837433,1.8335529593019233,0.1218142129798249,,0.0709473774154047,
BRD-K83336168,1.8335529593019233,0.1218142129798249,,0.0709473774154047,
BRD-K35483542,1.8335529593019233,0.1218142129798249,,0.0709473774154047,
"ly-163,502",1.8335529593019233,0.1218142129798249,,0.0709473774154047,
artesunate,1.8335529593019233,0.1218142129798249,,0.0709473774154047,
BRD-K33116223,1.8335529593019233,0.1218142129798249,,0.0709473774154047,
BRD-K38340366,1.8335529593019233,0.1218142129798249,,0.0709473774154047,
st4029573,1.8335529593019233,0.1218142129798249,,0.0709473774154047,
amyleine hydrochloride,1.8335529593019233,0.1218142129798249,,0.0709473774154047,
srt-1720,1.8335529593019233,0.1218142129798249,,0.0709473774154047,
mafenide hydrochloride,1.8335529593019233,0.1218142129798249,,0.0709473774154047,
mebendazole,1.8335529593019233,0.1218142129798249,,0.0709473774154047,
s1152,1.8335529593019233,0.1218142129798249,,0.0709473774154047,
BRD-K31706415,1.8335529593019233,0.1218142129798249,,0.0709473774154047,
su11652,1.8335529593019233,0.1218142129798249,,0.0709473774154047,
BRD-K86472598,1.8335529593019233,0.1218142129798249,,0.0709473774154047,
arp 101,1.8335529593019233,0.1218142129798249,,0.0709473774154047,
BRD-K23978082,1.8335529593019233,0.1218142129798249,,0.0709473774154047,
t5212475,1.8335529593019233,0.1218142129798249,,0.0709473774154047,
s1017,1.8335529593019233,0.1218142129798249,,0.0709473774154047,
s1014,1.8335529593019233,0.1218142129798249,,0.0709473774154047,
s1080,1.8335529593019233,0.1218142129798249,,0.0709473774154047,
cucurbitacin i,1.8335529593019233,0.1218142129798249,,0.0709473774154047,
BRD-A11087911,1.8335529593019233,0.1218142129798249,,0.0709473774154047,
inhibitor bec hydrochloride,1.8335529593019233,0.1218142129798249,,0.0709473774154047,
6-diazo-5-oxo-l-norleucine,1.8335529593019233,0.1218142129798249,,0.0709473774154047,
erk inhibitor 11e,1.8335529593019233,0.1218142129798249,,0.0709473774154047,
ethyl-beta-carboline-3-carboxylate,1.8335529593019233,0.1218142129798249,,0.0709473774154047,
flufenamic acid,1.8335529593019233,0.1218142129798249,,0.0709473774154047,
s1053,1.8335529593019233,0.1218142129798249,,0.0709473774154047,
s1018,1.8335529593019233,0.1218142129798249,,0.0709473774154047,
valdecoxib,1.8335529593019233,0.1218142129798249,,0.0709473774154047,
BRD-A68065211,1.8335529593019233,0.1218142129798249,,0.0709473774154047,
BRD-A18411371,1.8335529593019233,0.1218142129798249,,0.0709473774154047,
BRD-A37735495,1.833116041636441,0.121936824629024,,0.0709473774154047,
sulpiride,1.833116041636441,0.121936824629024,,0.0709473774154047,
hy-10992,1.833116041636441,0.121936824629024,,0.0709473774154047,
meclofenamic acid sodium salt monohydrate,1.833116041636441,0.121936824629024,,0.0709473774154047,
rhamnetin,1.833116041636441,0.121936824629024,,0.0709473774154047,
BRD-K64642496,1.833116041636441,0.121936824629024,,0.0709473774154047,
ncgc00184891-01,1.833116041636441,0.121936824629024,,0.0709473774154047,
s1030,1.833116041636441,0.121936824629024,,0.0709473774154047,
as605240,1.833116041636441,0.121936824629024,,0.0709473774154047,
BRD-K18724229,1.833116041636441,0.121936824629024,,0.0709473774154047,
BRD-K50387473,1.833116041636441,0.121936824629024,,0.0709473774154047,
BRD-K30849099,1.833116041636441,0.121936824629024,,0.0709473774154047,
fludrocortisone acetate,1.8326644866946111,0.1218142129798249,,0.0711290383332956,
s1485,1.8326644866946111,0.1218142129798249,,0.0711290383332956,
BRD-K27484191,1.8324953700120123,0.1221112151334031,,0.0709473774154047,
ncgc00182382-01,1.8324953700120123,0.1221112151334031,,0.0709473774154047,
cdc,1.8324953700120123,0.1221112151334031,,0.0709473774154047,
BRD-A47816767,1.8324953700120123,0.1221112151334031,,0.0709473774154047,
clofarabine,1.8324953700120123,0.1221112151334031,,0.0709473774154047,
BRD-A18725729,1.8324953700120123,0.1221112151334031,,0.0709473774154047,
s1130,1.8324953700120123,0.1221112151334031,,0.0709473774154047,
a8674,1.8324953700120123,0.1221112151334031,,0.0709473774154047,
mesoridazine besylate,1.8324953700120123,0.1221112151334031,,0.0709473774154047,
BRD-K69852452,1.8324953700120123,0.1221112151334031,,0.0709473774154047,
bl-009,1.8324953700120123,0.1221112151334031,,0.0709473774154047,
bithionate sodium,1.8324953700120123,0.1221112151334031,,0.0709473774154047,
hy-11004,1.8324953700120123,0.1221112151334031,,0.0709473774154047,
BRD-K41859756,1.8324953700120123,0.1221112151334031,,0.0709473774154047,
BRD-K73261812,1.8324953700120123,0.1221112151334031,,0.0709473774154047,
5-nonyloxytryptamine,1.8324953700120123,0.1221112151334031,,0.0709473774154047,
BRD-A98444709,1.8324953700120123,0.1221112151334031,,0.0709473774154047,
methoxsalen,1.8322356034113298,0.1218142129798249,,0.0712168960348166,
triclosan,1.8319852421469653,0.1222547328042155,,0.0709473774154047,
BRD-A83124583,1.8319852421469653,0.1222547328042155,,0.0709473774154047,
BRD-A20697603,1.8319852421469653,0.1222547328042155,,0.0709473774154047,
lonidamine,1.8319852421469653,0.1222547328042155,,0.0709473774154047,
BRD-K00954209,1.8319852421469653,0.1222547328042155,,0.0709473774154047,
ly 303511,1.8314352524064783,0.1224096540503466,,0.0709473774154047,
ketoprofen,1.8314352524064783,0.1224096540503466,,0.0709473774154047,
medrysone,1.8314352524064783,0.1224096540503466,,0.0709473774154047,
s1057,1.8314352524064783,0.1224096540503466,,0.0709473774154047,
7b-cis,1.8314352524064783,0.1224096540503466,,0.0709473774154047,
BRD-K82732294,1.8314352524064783,0.1224096540503466,,0.0709473774154047,
stock3s-04022,1.8314352524064783,0.1224096540503466,,0.0709473774154047,
BRD-K39345836,1.8314352524064783,0.1224096540503466,,0.0709473774154047,
ag 555,1.8314352524064783,0.1224096540503466,,0.0709473774154047,
ncgc00182390-01,1.8314352524064783,0.1224096540503466,,0.0709473774154047,
s(-)-timolol,1.8314352524064783,0.1224096540503466,,0.0709473774154047,
tpca-1,1.8314352524064783,0.1224096540503466,,0.0709473774154047,
sarmentogenin,1.8314352524064783,0.1224096540503466,,0.0709473774154047,
BRD-K52321331,1.8314352524064783,0.1224096540503466,,0.0709473774154047,
brazilin,1.8314352524064783,0.1224096540503466,,0.0709473774154047,
c3930,1.8314352524064783,0.1224096540503466,,0.0709473774154047,
prestw-550,1.8314352524064783,0.1224096540503466,,0.0709473774154047,
nsc 95397,1.8314352524064783,0.1224096540503466,,0.0709473774154047,
norethindrone acetate,1.8314352524064783,0.1224096540503466,,0.0709473774154047,
nicardipine hydrochloride,1.8314352524064783,0.1224096540503466,,0.0709473774154047,
k784-3131,1.8314352524064783,0.1224096540503466,,0.0709473774154047,
syrosingopine,1.8314352524064783,0.1224096540503466,,0.0709473774154047,
ag 957,1.8314352524064783,0.1224096540503466,,0.0709473774154047,
prednisolone acetate,1.8314352524064783,0.1224096540503466,,0.0709473774154047,
tw 37,1.8314352524064783,0.1224096540503466,,0.0709473774154047,
s1475,1.8314352524064783,0.1224096540503466,,0.0709473774154047,
ncgc00188535-01,1.8314352524064783,0.1224096540503466,,0.0709473774154047,
cyt997,1.8314352524064783,0.1224096540503466,,0.0709473774154047,
BRD-K71726959,1.8314352524064783,0.1224096540503466,,0.0709473774154047,
a112550.cdx,1.8314352524064783,0.1224096540503466,,0.0709473774154047,
daunorubicin hydrochloride,1.8314352524064783,0.1224096540503466,,0.0709473774154047,
gamma-linolenic acid (18:3 n-6),1.8314352524064783,0.1224096540503466,,0.0709473774154047,
BRD-K15563106,1.8314352524064783,0.1224096540503466,,0.0709473774154047,
fenbendazole,1.8314352524064783,0.1224096540503466,,0.0709473774154047,
n- (2-aminoethyl)-4-chlorobenzamide (ro-16-6491),1.8314352524064783,0.1224096540503466,,0.0709473774154047,
BRD-K95138506,1.8314352524064783,0.1224096540503466,,0.0709473774154047,
BRD-A58924247,1.8314352524064783,0.1224096540503466,,0.0709473774154047,
lomatin,1.8314352524064783,0.1224096540503466,,0.0709473774154047,
way 170523,1.8314352524064783,0.1224096540503466,,0.0709473774154047,
z-leu3-vs,1.8314352524064783,0.1224096540503466,,0.0709473774154047,
BRD-A49848186,1.8311856256697956,0.1218142129798249,,0.0714324446498854,
ncgc00165208-01,1.8311856256697956,0.1218142129798249,,0.0714324446498854,
BRD-K04853698,1.8311856256697956,0.1218142129798249,,0.0714324446498854,
BRD-K35716340,1.8311856256697956,0.1218142129798249,,0.0714324446498854,
jlk 6,1.8311108149844677,0.1225011337078354,,0.0709473774154047,
fenretinide,1.8311108149844677,0.1225011337078354,,0.0709473774154047,
ncgc00165289-01,1.8308130055970127,0.1218142129798249,,0.0715090960990052,
stk397047,1.8308130055970127,0.1218142129798249,,0.0715090960990052,
ncgc00242335-01,1.8298470027910674,0.1218142129798249,,0.0717081951865504,
nonoxynol-9,1.8298470027910674,0.1218142129798249,,0.0717081951865504,
vu0418947-2,1.8290679187743508,0.1224096540503466,,0.0714324446498854,
temsirolimus [ci779],1.8288092095982869,0.123152069231149,,0.0709473774154047,
BRD-K15716662,1.8286952987015679,0.1224096540503466,,0.0715090960990052,
BRD-K88278225,1.8284665347730942,0.1222547328042155,,0.0716695587296754,
BRD-U73238814,1.8282681183915614,0.1233056010701849,,0.0709473774154047,
glipizide,1.8282681183915614,0.1233056010701849,,0.0709473774154047,
mometasone furoate,1.8282681183915614,0.1233056010701849,,0.0709473774154047,
BRD-K55127335,1.8282681183915614,0.1233056010701849,,0.0709473774154047,
BRD-U88878891,1.8282681183915614,0.1233056010701849,,0.0709473774154047,
BRD-K17140735,1.828246218776163,0.1218142129798249,,0.0720393477388743,
BRD-K56653679,1.8280294480928343,0.1218142129798249,,0.0720843082778734,
BRD-K01896723,1.8279648344256643,0.1211717984940226,,0.0725758305445804,
BRD-K89224880,1.8274253778530718,0.1218142129798249,,0.0722097469580451,
cercosporin,1.8274253778530718,0.1218142129798249,,0.0722097469580451,
cefixime,1.8274253778530718,0.1218142129798249,,0.0722097469580451,
BRD-K72238567,1.827188629486252,0.1221112151334031,,0.0720393477388743,
rosuvastatin calcium,1.8270654846795233,0.1236475280125219,,0.0709473774154047,
BRD-K63068307,1.8270654846795233,0.1236475280125219,,0.0709473774154047,
idarubicin hcl,1.8270654846795233,0.1236475280125219,,0.0709473774154047,
ncgc00182361-01,1.8270654846795233,0.1236475280125219,,0.0709473774154047,
ei-263,1.8269884601875896,0.121936824629024,,0.0722097469580451,
p0030,1.8268611955604461,0.1237057046359566,,0.0709473774154047,
diphenylcyclopropenone,1.8268611955604461,0.1237057046359566,,0.0709473774154047,
ncgc00241077-01,1.8268044225834155,,0.104798509779421,,0.0905548033415685
enrofloxacin,1.8259650155465459,0.1239612387208105,,0.0709473774154047,
valproic acid,1.8259650155465459,0.1239612387208105,,0.0709473774154047,
fluocinolone acetonide,1.8259650155465459,0.1239612387208105,,0.0709473774154047,
hy-11009,1.8259650155465459,0.1239612387208105,,0.0709473774154047,
purvalanol a,1.8259650155465459,0.1239612387208105,,0.0709473774154047,
albendazole,1.8259117411973895,0.1224096540503466,,0.0720843082778734,
BRD-K02113016,1.8250197653796123,0.1218142129798249,,0.0727114555829903,
butein,1.8249764551990815,0.1242437261695534,,0.0709473774154047,
BRD-K78373679,1.8249764551990815,0.1242437261695534,,0.0709473774154047,
ku-0063794,1.8249764551990815,0.1242437261695534,,0.0709473774154047,
s1527,1.8249764551990815,0.1242437261695534,,0.0709473774154047,
BRD-K66792149,1.8249764551990815,0.1242437261695534,,0.0709473774154047,
BRD-K39944607,1.8249764551990815,0.1242437261695534,,0.0709473774154047,
np-009265,1.8239621760897013,0.1221112151334031,,0.0727114555829903,
palda,1.8237085299595786,0.124606986455418,,0.0709473774154047,
BRD-A27640568,1.8237085299595786,0.124606986455418,,0.0709473774154047,
BRD-K91145395,1.823651754825511,0.121936824629024,,0.0729065764032825,
ossk 645668,1.8221569206866655,0.1250529675855737,,0.0709473774154047,
malonoben,1.8221569206866655,0.1250529675855737,,0.0709473774154047,
ikk 16,1.8221569206866655,0.1250529675855737,,0.0709473774154047,
digoxigenin,1.8214236308417544,0.1218142129798249,,0.0734679644003563,
BRD-K55844427,1.8214236308417544,0.1218142129798249,,0.0734679644003563,
BRD-K56515112 (medrysone),1.8212710913936359,0.12530829809901,,0.0709473774154047,
jnj 16259685,1.8198635781094745,0.125715070959418,,0.0709473774154047,
ei-332,1.8198635781094745,0.125715070959418,,0.0709473774154047,
BRD-K58214070,1.8198635781094745,0.125715070959418,,0.0709473774154047,
BRD-K25536815,1.8198635781094745,0.125715070959418,,0.0709473774154047,
ncgc00182357-01,1.819416966981755,0.1250529675855737,,0.0715090960990052,
betamethasone acetate,1.8184218267057686,0.1224096540503466,,0.0736551517182566,
BRD-U86222656,1.8181877827506079,0.1262010999602898,,0.0709473774154047,
BRD-K72817452,1.8181877827506079,0.1262010999602898,,0.0709473774154047,
s1170,1.8176905935844796,0.1218142129798249,,0.0742616002372649,
BRD-K68191783,1.8169977782955689,0.1266795306389231,0.0708548723785958,,
cmpd-1,1.8166334094775767,0.1250529675855737,,0.0720843082778734,
hy-11068,1.8165444773608752,0.1266795306389231,,0.0709473774154047,
BRD-A60245366,1.8163234192487392,0.1224096540503466,,0.0741013530023837,
hy-10044,1.8163234192487392,0.1224096540503466,,0.0741013530023837,
riboflavine,1.814607989493914,0.1269855957691366,,0.0711290383332956,
quizartinib,1.8141917132541785,0.1273676716377087,,0.0709473774154047,
BRD-A80574334,1.8141917132541785,0.1273676716377087,,0.0709473774154047,
ncgc00188488-01,1.812874357363585,0.1273676716377087,,0.0712168960348166,
BRD-A00420644,1.812874357363585,0.1273676716377087,,0.0712168960348166,
ed csc 15,1.812466602813906,0.122846910281489,,0.0745952972611129,
BRD-K50234570,1.8121721561562998,0.1279613363082953,,0.0709473774154047,
imodium,1.8118626528187287,0.1218142129798249,,0.075517782592179,
BRD-K18163752,1.8109218380339054,0.1218142129798249,,0.0757225530054223,
BRD-K14027855,1.8109218380339054,0.1218142129798249,,0.0757225530054223,
C646,1.8098048225241723,0.1279613363082953,,0.0714324446498854,
s1118,1.809047672968048,0.1288852594091903,,0.0709473774154047,
BRD-U43867373,1.809047672968048,0.1288852594091903,,0.0709473774154047,
BRD-U44618005,1.8077951790803148,0.1285019248912812,,0.0714692105041924,
pdgf receptor tyrosine kinase inhibitor i,1.8075086165239844,0.1293428143420514,,0.0709473774154047,
s1104,1.8069331216587816,0.1218142129798249,,0.0765968911757195,
diphenyleneiodonium chloride,1.8063077192631374,0.1288852594091903,,0.0715090960990052,
s1154,1.805369572998504,0.1299814417858817,,0.0709473774154047,
BRD-K10906552,1.804841705638525,0.1218142129798249,,0.0770593627735303,
ncgc00184834-01,1.8044047879730427,0.121936824629024,,0.0770593627735303,
BRD-K23673040,1.8042436480372213,0.1048915937880922,0.0930614005896247,,
ncgc00185090-03,1.8035857446617753,0.1305164276621035,,0.0709473774154047,
BRD-K13810148,1.8015056091563442,0.1303182862334748,,0.0715090960990052,
BRD-K79390395,1.799507471403388,0.131031622262386,,0.0714324446498854,
m-3m3fbs,1.7990282025453623,0.1318932957096297,,0.0709473774154047,
ikk inhibitor x,1.7984041303610516,0.1218142129798249,,0.0785004926861305,
hemicholinium bromide,1.7981688485246599,0.131031622262386,,0.0717081951865504,
evodiamine,1.7975197230346749,0.1083275942544626,,0.091133169168439,
mead ethanolamide,1.796949897308495,0.1313999104162143,,0.0717081951865504,
BRD-K70251741,1.796949897308495,0.1313999104162143,,0.0717081951865504,
BRD-K58547240,1.794980602810658,0.1318932957096297,,0.0717787425600558,
ei-247,1.794609735076475,0.1218142129798249,,0.0793625066706192,
BRD-K61981833,1.7936189536668974,0.1335463335849573,,0.0709473774154047,
rg 108,1.7936189536668974,0.1335463335849573,,0.0709473774154047,
BRD-A62809825,1.7930720082029126,0.1322499498297577,,0.0719309166576898,
BRD-K28366633,1.791396843360945,0.1326011648119076,,0.0720393477388743,
lidoflazine,1.791396843360945,0.1326011648119076,,0.0720393477388743,
"androsta-1,4-dien-3,17-dione",1.7909796124280999,0.1224096540503466,,0.079708731231605,
nsc 632839 hydrochloride,1.7901300909012812,0.1346234859615491,,0.0709473774154047,
BRD-K02641134,1.7894559605895648,0.133128626433715,,0.0720843082778734,
rimexolone,1.7894559605895648,0.133128626433715,,0.0720843082778734,
etodolac,1.7871742882929356,0.1218142129798249,,0.0810792429692802,
s1362,1.7871570021780179,0.1355482518098433,,0.0709473774154047,
bucladesine,1.7822455563293471,0.1346234859615491,,0.0725758305445804,
BRD-K60870698,1.7817213827008382,0.1372554317539788,,0.0709473774154047,
jtc 801,1.7817213827008382,0.1372554317539788,,0.0709473774154047,
ncgc00167398-02,1.7815917507289658,0.1326011648119076,,0.0741013530023837,
cgk 733,1.7807258995100599,0.1224096540503466,,0.0820961966160114,
BRD-K71142328,1.780057264121799,0.1351015914567459,,0.0727114555829903,
chelidonine (+),1.7795020004213276,0.1224096540503466,,0.0823859039649833,
triptolide,1.778760174840194,0.177636659508987,,0.0518363047511809,
minoxidil,1.7785237660055468,0.138269743421266,,0.0709473774154047,
BRD-K11795542,1.778125691029166,0.1224096540503466,,0.0827129095452936,
CH5424802,1.7778568752319057,0.1218142129798249,,0.0832830173657856,
nsc 3852,1.7768381674753506,0.1388074434521387,,0.0709473774154047,
ncgc00182371-01,1.775460324889814,0.1221112151334031,,0.0836045960226138,
ag14361,1.7753347840951972,0.1392887813949889,,0.0709473774154047,
a-275,1.77448208082389,0.1365540405970413,,0.0729065764032825,
BRD-A75931230,1.7722321662187528,0.1402874291970555,,0.0709473774154047,
salmeterol,1.7722321662187528,0.1402874291970555,,0.0709473774154047,
BRD-K38615104,1.7705545723881744,0.1408303798161765,,0.0709473774154047,
BRD-K04923131,1.7705545723881744,0.1408303798161765,,0.0709473774154047,
BRD-K64314806,1.770532286798077,0.136958599914855,,0.0734679644003563,
BRD-K70917163,1.770532286798077,0.136958599914855,,0.0734679644003563,
s1085,1.7696834994959922,0.141113129512527,,0.0709473774154047,
BRD-K65955264,1.7692470963130653,0.1224096540503466,,0.0848538479394975,
BRD-A35020550,1.7687079570001285,0.1372554317539788,,0.0736551517182566,
fluspirilen,1.7645224703958007,0.1428000805979604,,0.0709473774154047,
piroxicam,1.7644789837204207,0.1224096540503466,,0.086026386742438,
(-)-gallocatechin gallate,1.7640420958599665,0.1218142129798249,,0.0866612453324102,
r2146,1.762870085224275,0.1433444351823553,,0.0709473774154047,
kuc104135 kuc104135n,1.7618375709575256,,0.1263466326158813,,0.0905548033415685
s1019,1.7587986521475174,0.1446945824253111,,0.0709473774154047,
nadolol,1.7587986521475174,0.1446945824253111,,0.0709473774154047,
helveticoside,1.7532185778951757,0.1465656995003007,,0.0709473774154047,
BRD-K95196255,1.748271105320753,0.1482449191743522,,0.0709473774154047,
dibutyrylcyclic amp,1.7479931930127977,0.141113129512527,,0.075517782592179,
BRD-K79382620,1.7471086672871556,0.1486422448825152,,0.0709473774154047,
BRD-K86086851,1.7456491300443382,0.1415698173166621,,0.0757225530054223,
BRD-K53780220,1.7450516574327009,0.1186311937540381,,0.0946099477077607,
ncgc00185094-01,1.744235255395933,,0.0930614005896247,0.0709473774154047,
s1364,1.744235255395933,,0.0930614005896247,0.0709473774154047,
parbendazole,1.7420312995452343,0.1218142129798249,,0.0923290614794182,
syk inhibitor,1.739286368784493,0.1218142129798249,0.0930614005896247,,
BRD-K79222491,1.739286368784493,0.1218142129798249,0.0930614005896247,,
ABT-737,1.739286368784493,0.1218142129798249,0.0930614005896247,,
ikk-3 inhibitor ix,1.739286368784493,0.1218142129798249,0.0930614005896247,,
imatinib,1.739286368784493,0.1218142129798249,0.0930614005896247,,
rondual-kinase-inhibitor,1.739286368784493,0.1218142129798249,0.0930614005896247,,
mefenamic acid,1.7371380620253403,0.1218142129798249,0.0936386120756403,,
HY-11007,1.7347021843462769,0.1218142129798249,0.0942974209770508,,
BRD-K18726304,1.734085887842087,,0.0958200281023653,0.0709473774154047,
gr 79236,1.734085887842087,,0.0958200281023653,0.0709473774154047,
darinaparsin,1.7319537073042268,0.1444192352440108,,0.0768292448821101,
thioguanosine,1.7301752806442585,0.1545523604365021,,0.0709473774154047,
halcinonide,1.7285794025196703,0.1303182862334748,,0.0882102487409429,
GSK1059615,1.7222933290611566,0.1218142129798249,0.0977261712369708,,
BRD-K60895275,1.7193890127465368,,0.0999602624610004,0.0709473774154047,
BRD-K85853281,1.7179094709029037,0.1589796190754622,,0.0709473774154047,
scriptaid,1.7132539431534863,0.160693007796423,,0.0709473774154047,
BRD-A94377914,1.7128402065348518,0.1619946538499234,,0.0703191947928694,
epigallocatechin,1.71169867905629,0.0194223296469141,,,
yk 4-279,1.7113120916946103,0.1233056010701849,,0.0993416524265471,
nimodipine,1.7110305473465492,0.1482449191743522,,0.0789745288721236,
hydrocortisone hemisuccinate,1.7104362545593648,,0.1025695229206488,0.0709473774154047,
BRD-K00366212,1.7091819514531665,0.1486422448825152,,0.0791306514476588,
betamethasone,1.7086987392221258,0.1224096540503466,0.101008282770875,,
BRD-K23644387,1.7038021000445185,,0.1038369352902079,0.0714324446498854,
nsc 663284,1.7023213745287857,0.1224096540503466,,0.1028794641731655,
"2,4-dideoxy-dc-45-a2",1.7014793571412685,0.1501682222898931,,0.0798781971188994,
uk 356618,1.7004780632507481,0.123152069231149,0.1026479497200891,,
BRD-K12401458,1.6992834015562899,,0.1059154709788274,0.0709473774154047,
BRD-K15885023,1.698639466486653,0.1507542446113513,,0.0801426559097681,
skf 96365 hydrochloride,1.6922168080494053,0.1224096540503466,0.1059154709788274,,
BRD-K07877311,1.6902118937206114,0.1694490074271364,,0.0709473774154047,
abt-888 (veliparib),1.6888988990363498,0.1527472333953917,,0.0810792429692802,
bo2 (inhibits rad51),1.6881694819831914,0.1438075354324762,,0.0876114954143014,
progesterone,1.6840462780712975,,0.1106638578590578,0.0709473774154047,
unc0321,1.6815929547491195,,0.1591730147307699,,0.0905548033415685
fulvestrant,1.67946592774784,0.1545523604365021,,0.0820961966160114,
thioridazine hydrochloride,1.6768179254544888,0.1550599878191037,,0.0823859039649833,
methyl benzethonium chloride,1.6768179254544888,0.1550599878191037,,0.0823859039649833,
ncgc00010428-03,1.6607885901998363,,0.1183253821998618,0.0709473774154047,
ncgc00187898-02,1.6594799271199108,0.1585239617587664,,0.0842425383387915,
flunisolide,1.6508331978244153,0.0223443024953223,,,
vindesine,1.6502256217204114,0.1280309057390878,0.1129989610666885,,
ei-155,1.6333516372738606,0.1636056583595292,,0.0873097115921068,
BRD-K55116708,1.6230695921646134,,0.1318944932104875,0.0709473774154047,
chemistry 2804,1.6047173936373005,0.20631629458232,,0.0709473774154047,
PF-04217903,1.6008320104055274,0.0250707882950337,,,
CTB,1.6008320104055274,0.0250707882950337,,,
BRD-K92158425,1.581283829221099,0.1218142129798249,0.1466468568242091,,
mek1/2 inhibitor,1.5743093308919434,,0.1517668744155438,0.0709473774154047,
BRD-K16618170,1.5723392318554632,,0.1355650398486003,0.0798781971188994,
mestranol,1.5691411739586383,0.0269686263415016,,,
remacemide hydrochloride,1.5421872023274583,0.0286954340075935,,,
mrs 1220,1.5335796889823468,0.0292698374790439,,,
BRD-K14711204,1.5317329335743808,,0.1444782221233466,0.0842425383387915,
KW-2449,1.524237571210226,0.0299062823190676,,,
BRD-A47832959,1.5213638034620036,0.0301048312075603,,,
bosutinib,1.5213638034620036,0.0301048312075603,,,
cgp 71683 hydrochloride,1.4820172849884465,0.2251266397287259,,0.0905617450540944,
ncgc00180994-01,1.4817447047141918,0.0329803526620689,,,
sb 202190,1.4643502014478156,0.0343281025212862,,,
BRD-K80346834,1.4207500546979028,0.0379533351288845,,,
regorafenib,1.4207500546979028,0.0379533351288845,,,
danazol,1.4144790507143614,0.0385053388248392,,,
BRD-K40175214,1.3962119253025456,0.0401594794388719,,,
chaetocin,1.3844647480531678,0.0412605727214939,,,
11k-629s,1.3655016291395705,0.0431020941142205,,,
pi 828,1.3489803859248097,,,0.02059560327509,
BRD-A68061604,1.3489803859248097,,,0.02059560327509,
mls-0091944.0001,1.3406393812789699,0.0456415745877434,,,
bmy 45778,1.2938059492397855,0.0508386548277134,,,
dc-45-a2,1.2809414100392542,0.0523671079432341,,,
BRD-K60070073,1.2622108316443932,,,0.0264384786213588,
BMS-777607,1.2461917568509837,0.0567294069083395,,,
mls-0390837.0001,1.2122204653258295,0.0613450513983856,,,
mls-0390843.0001,1.2122204653258295,0.0613450513983856,,,
BRD-U33728988,1.1966337854758822,0.0635866894313601,,,
tolazamide,1.1812423180831295,,,0.0333769849110493,
necrostatin-1,1.1812423180831295,,,0.0333769849110493,
pz0013,1.1766523885629225,0.0665805857264399,,,
estriol,1.1766523885629225,0.0665805857264399,,,
emetine,1.157115906795843,0.0696440619569589,,,
2-fluoropalmitic acid,1.14646609966845,0.0713729915561979,,,
BRD-K89156937,1.14646609966845,0.0713729915561979,,,
penicillic acid,1.14646609966845,0.0713729915561979,,,
BRD-K64835161,1.14646609966845,0.0713729915561979,,,
ncgc00012272-02,1.14646609966845,0.0713729915561979,,,
BRD-K66426634,1.14646609966845,0.0713729915561979,,,
BRD-K61175124,1.1301016288654884,,,0.0386698924248685,
ncgc00012508-02,1.1143178741368103,0.0768567694884655,,,
psh 003,1.1143178741368103,0.0768567694884655,,,
BRD-K82092559,1.1143178741368103,0.0768567694884655,,,
metaproterenol,1.0869844642434088,,,0.0437793611355409,
s1189,1.0869844642434088,,,0.0437793611355409,
BRD-K91937579,1.0869844642434088,,,0.0437793611355409,
paxilline,1.0867750127129268,0.0818888905608815,,,
rottlerin,1.0867750127129268,0.0818888905608815,,,
azathioprine,1.0867750127129268,0.0818888905608815,,,
BRD-K72264770,1.0867750127129268,0.0818888905608815,,,
gr 32191 hydrochloride,1.0867750127129268,0.0818888905608815,,,
prostaglandin e2,1.0867750127129268,0.0818888905608815,,,
BRD-K05562558,1.0867750127129268,0.0818888905608815,,,
irbesartan,1.063384681532514,0.0864202102310235,,,
BRD-K70229243,1.063384681532514,0.0864202102310235,,,
BRD-A31312900,1.063384681532514,0.0864202102310235,,,
BRD-K11757396,1.063384681532514,0.0864202102310235,,,
prednisolone,1.0445651367300124,,,0.0494644949445085,
BRD-K93215584,1.0430885082498582,,,,0.0905548033415685
vu0404997-2,1.0430885082498582,,,,0.0905548033415685
hts 10765,1.0430885082498582,,,,0.0905548033415685
triflupromazine hydrochloride,1.0430885082498582,,,,0.0905548033415685
BRD-K57678861,1.0430885082498582,,,,0.0905548033415685
BRD-K05977823,1.0430885082498582,,,,0.0905548033415685
tremulacin,1.0430885082498582,,,,0.0905548033415685
nnc 05-2090 hydrochloride,1.0430885082498582,,,,0.0905548033415685
topotecan hcl,1.0430885082498582,,,,0.0905548033415685
triamcinolone acetonide,1.0430885082498582,,,,0.0905548033415685
BRD-K41429297,1.0430885082498582,,,,0.0905548033415685
torasemide,1.0430885082498582,,,,0.0905548033415685
calcipotriol,1.0430885082498582,,,,0.0905548033415685
sq 22536,1.0430885082498582,,,,0.0905548033415685
ncgc00182833-01,1.0430885082498582,,,,0.0905548033415685
skatole,1.0430885082498582,,,,0.0905548033415685
rapamycin,1.0430885082498582,,,,0.0905548033415685
mls-0437446.0001,1.0430885082498582,,,,0.0905548033415685
wiskostatin,1.0430885082498582,,,,0.0905548033415685
BRD-K89692698,1.0430885082498582,,,,0.0905548033415685
t0518-4011,1.0430885082498582,,,,0.0905548033415685
BRD-K27630390,1.0430885082498582,,,,0.0905548033415685
ncgc00188536-01,1.0430885082498582,,,,0.0905548033415685
ncgc00242296-02,1.0430885082498582,,,,0.0905548033415685
ala-ala-phe-cmk,1.0430885082498582,,,,0.0905548033415685
BRD-A90643929,1.0430885082498582,,,,0.0905548033415685
hoechst  33342 (cell permeable) (bisbenzimide),1.0430885082498582,,,,0.0905548033415685
s2001,1.042767012899133,,,,0.0906218632003973
ncgc00182609-01,1.042767012899133,,,,0.0906218632003973
amg 9810,1.0421049117065342,0.0907601256154806,,,
tl hras27 brd-k15166186,1.0421049117065342,0.0907601256154806,,,
psb 36,1.0421049117065342,0.0907601256154806,,,
ncgc00183235-01,1.0421049117065342,0.0907601256154806,,,
yc-1,1.0376859417823845,,,,0.0916883290715854
hydrocortisone acetate,1.0352093964129443,,,,0.0922126713737623
deprenalin,1.0202801406563065,0.095437676888818,,,
BRD-K44878494,1.0202801406563065,0.095437676888818,,,
BRD-A15010982,1.0202801406563065,0.095437676888818,,,
BRD-K62970326,1.0202801406563065,0.095437676888818,,,
BRD-K55827386,1.0190148815590667,,0.0532391849382539,,
sb 205607,1.0053657703442167,,,0.0553723285454937,
BRD-K04156788,0.999105096392473,0.1002062716184425,,,
BRD-K22631935,0.999105096392473,0.1002062716184425,,,
BRD-K66909449,0.999105096392473,0.1002062716184425,,,
BRD-K96274284,0.999105096392473,0.1002062716184425,,,
h-5832,0.999105096392473,0.1002062716184425,,,
BRD-K87343924 (wortmannin),0.999105096392473,0.1002062716184425,,,
BRD-K63979920,0.999105096392473,0.1002062716184425,,,
ncgc00185684-02,0.9967627188356407,,,,0.1007481966427421
docosahexaenoic acid (22:6 n-3),0.9792593155979697,0.1048915937880922,,,
BRD-K45044657,0.9792593155979697,0.1048915937880922,,,
BRD-K04695623,0.9792593155979697,0.1048915937880922,,,
n6 -cyclopentyladenosine,0.9792593155979697,0.1048915937880922,,,
gw 5074,0.9753863763832522,,,0.0603624737465757,
venlafaxine hcl,0.9753863763832522,,,0.0603624737465757,
BRD-K63954456,0.9753863763832522,,,0.0603624737465757,
BRD-K28100108,0.9652609015836243,0.1083275942544626,,,
mls-0315926 mls-0315926,0.9652609015836243,0.1083275942544626,,,
spb02303,0.9652609015836243,0.1083275942544626,,,
capsaicin,0.9652609015836243,0.1083275942544626,,,
BRD-K14975149,0.9652609015836243,0.1083275942544626,,,
rg-13022,0.9503555488666372,0.1121100254436075,,,
inca-6,0.9503555488666372,0.1121100254436075,,,
BRD-A17718497,0.9503555488666372,0.1121100254436075,,,
BRD-K69159985,0.9503555488666372,0.1121100254436075,,,
BRD-K88556033,0.9503555488666372,0.1121100254436075,,,
BRD-K67090983,0.9503555488666372,0.1121100254436075,,,
formestane,0.9483397481444131,,,0.0652492185586419,
hydroflumethiazide,0.9373965465576315,0.115505709848125,,,
cgs 9343b,0.9373965465576315,0.115505709848125,,,
BRD-K75329208,0.9373965465576315,0.115505709848125,,,
s-250,0.9373965465576315,0.115505709848125,,,
BRD-K71199328,0.9373965465576315,0.115505709848125,,,
procaterol hydrochloride,0.9373965465576315,0.115505709848125,,,
"vegf receptor 3 kinase inhibitor, maz51",0.9258010993867425,0.1186311937540381,,,
mls-0315872.0001,0.9258010993867425,0.1186311937540381,,,
jak3 inhibitor ii,0.9258010993867425,0.1186311937540381,,,
sb 431542,0.9258010993867425,0.1186311937540381,,,
BRD-K53638321,0.9258010993867425,0.1186311937540381,,,
diethylstilbestrol,0.9223408887207581,,,0.0703191947928694,
diclofenac sodium,0.9223408887207581,,,0.0703191947928694,
BRD-A10523515,0.9223408887207581,,,0.0703191947928694,
sb 334867,0.9192509229566815,,,0.0709473774154047,
"homatropine hydrobromide (r,s)",0.9192509229566815,,,0.0709473774154047,
ncgc00182823-01,0.9192509229566815,,,0.0709473774154047,
hy-10344,0.9192509229566815,,,0.0709473774154047,
sertindole,0.9192509229566815,,,0.0709473774154047,
dup 697,0.9192509229566815,,,0.0709473774154047,
s1455,0.9192509229566815,,,0.0709473774154047,
hts 12526,0.9192509229566815,,,0.0709473774154047,
sb 269970 hydrochloride,0.9192509229566815,,,0.0709473774154047,
deguelin(-),0.9192509229566815,,,0.0709473774154047,
ncgc00183371-01,0.9192509229566815,,,0.0709473774154047,
ncgc00182380-01,0.9192509229566815,,,0.0709473774154047,
ncgc00181801-01,0.9192509229566815,,,0.0709473774154047,
ncgc00181921-02,0.9192509229566815,,,0.0709473774154047,
clopidogrel,0.9192509229566815,,,0.0709473774154047,
compound 58,0.9192509229566815,,,0.0709473774154047,
colforsin,0.9192509229566815,,,0.0709473774154047,
sb 216763,0.9192509229566815,,,0.0709473774154047,
desoximetasone,0.9192509229566815,,,0.0709473774154047,
siguazodan,0.9192509229566815,,,0.0709473774154047,
BRD-K18953385,0.9192509229566815,,,0.0709473774154047,
sertraline hydrochloride,0.9192509229566815,,,0.0709473774154047,
selamectin,0.9192509229566815,,,0.0709473774154047,
dipropyldopamine,0.9192509229566815,,,0.0709473774154047,
ncgc00183696-01,0.9192509229566815,,,0.0709473774154047,
mls-0106435.0004,0.9192509229566815,,,0.0709473774154047,
BRD-K22096725,0.9192509229566815,,,0.0709473774154047,
BRD-K59470558,0.9192509229566815,,,0.0709473774154047,
BRD-K59962020,0.9192509229566815,,,0.0709473774154047,
dibenzyline,0.9192509229566815,,,0.0709473774154047,
BRD-K22630935,0.9192509229566815,,,0.0709473774154047,
s1481,0.9192509229566815,,,0.0709473774154047,
taxol,0.9192509229566815,,,0.0709473774154047,
tgx-115,0.9192509229566815,,,0.0709473774154047,
BRD-K58479490,0.9192509229566815,,,0.0709473774154047,
deoxycorticosterone,0.9192509229566815,,,0.0709473774154047,
tetracycline hydrochloride,0.9192509229566815,,,0.0709473774154047,
testosterone,0.9192509229566815,,,0.0709473774154047,
BRD-K19624190,0.9192509229566815,,,0.0709473774154047,
deoxyandirobin lactone,0.9192509229566815,,,0.0709473774154047,
BRD-K22322324,0.9192509229566815,,,0.0709473774154047,
BRD-K45842176,0.9192509229566815,,,0.0709473774154047,
BRD-K45818044,0.9192509229566815,,,0.0709473774154047,
BRD-K48716658,0.9192509229566815,,,0.0709473774154047,
BRD-K48388979,0.9192509229566815,,,0.0709473774154047,
ml 9 hydrochloride,0.9192509229566815,,,0.0709473774154047,
ncgc00182393-01,0.9192509229566815,,,0.0709473774154047,
BRD-K55473186,0.9192509229566815,,,0.0709473774154047,
BRD-K53592093,0.9192509229566815,,,0.0709473774154047,
ncgc00183690-01,0.9192509229566815,,,0.0709473774154047,
ncgc00183409-01,0.9192509229566815,,,0.0709473774154047,
ncgc00183412-01,0.9192509229566815,,,0.0709473774154047,
dicyclomine hydrochloride,0.9192509229566815,,,0.0709473774154047,
dilazep dihydrochloride,0.9192509229566815,,,0.0709473774154047,
s4002,0.9192509229566815,,,0.0709473774154047,
s2004,0.9192509229566815,,,0.0709473774154047,
BRD-K21786893,0.9192509229566815,,,0.0709473774154047,
BRD-K21773564,0.9192509229566815,,,0.0709473774154047,
BRD-K20914082,0.9192509229566815,,,0.0709473774154047,
dexamethasone acetate,0.9192509229566815,,,0.0709473774154047,
y 134,0.9192509229566815,,,0.0709473774154047,
lasalocid sodium salt,0.9192509229566815,,,0.0709473774154047,
lamotrigine,0.9192509229566815,,,0.0709473774154047,
leoidin dimethyl ether,0.9192509229566815,,,0.0709473774154047,
JW55,0.9192509229566815,,,0.0709473774154047,
BRD-A12633378,0.9192509229566815,,,0.0709473774154047,
BRD-A12409803,0.9192509229566815,,,0.0709473774154047,
BRD-A11095214,0.9192509229566815,,,0.0709473774154047,
losartan potassium,0.9192509229566815,,,0.0709473774154047,
ursolic acid,0.9192509229566815,,,0.0709473774154047,
UNC669,0.9192509229566815,,,0.0709473774154047,
4-aminosalicylic acid,0.9192509229566815,,,0.0709473774154047,
sinensetin,0.9192509229566815,,,0.0709473774154047,
A 769662,0.9192509229566815,,,0.0709473774154047,
8-{[2-oxo-2-(1-pyrrolidinyl)ethyl]thio}quinoline,0.9192509229566815,,,0.0709473774154047,
BRD-K99380810,0.9192509229566815,,,0.0709473774154047,
BRD-A25170757,0.9192509229566815,,,0.0709473774154047,
vesamicol,0.9192509229566815,,,0.0709473774154047,
vu0365118-1,0.9192509229566815,,,0.0709473774154047,
"w-12, hydrochloride",0.9192509229566815,,,0.0709473774154047,
vu0424182-2,0.9192509229566815,,,0.0709473774154047,
BRD-K29622226,0.9192509229566815,,,0.0709473774154047,
BRD-K29143967,0.9192509229566815,,,0.0709473774154047,
BRD-K28610502,0.9192509229566815,,,0.0709473774154047,
BRD-K30993697,0.9192509229566815,,,0.0709473774154047,
fasudil hydrochloride,0.9192509229566815,,,0.0709473774154047,
3-methyladenine,0.9192509229566815,,,0.0709473774154047,
BRD-K00028814,0.9192509229566815,,,0.0709473774154047,
l-cis-diltiazem,0.9192509229566815,,,0.0709473774154047,
ly 288513,0.9192509229566815,,,0.0709473774154047,
m9948,0.9192509229566815,,,0.0709473774154047,
mdl 73005ef hydrochloride,0.9192509229566815,,,0.0709473774154047,
BRD-A30395175,0.9192509229566815,,,0.0709473774154047,
BRD-A25337146,0.9192509229566815,,,0.0709473774154047,
ag-014699 (pf-01367338),0.9192509229566815,,,0.0709473774154047,
ag 825,0.9192509229566815,,,0.0709473774154047,
medroxyprogesterone,0.9192509229566815,,,0.0709473774154047,
BRD-A89049230,0.9192509229566815,,,0.0709473774154047,
BRD-A86792397,0.9192509229566815,,,0.0709473774154047,
BRD-K00486725,0.9192509229566815,,,0.0709473774154047,
BRD-A06929388,0.9192509229566815,,,0.0709473774154047,
alfuzosin hydrochloride,0.9192509229566815,,,0.0709473774154047,
probucol,0.9192509229566815,,,0.0709473774154047,
primaquine diphosphate,0.9192509229566815,,,0.0709473774154047,
pregnenolone succinate,0.9192509229566815,,,0.0709473774154047,
ppt,0.9192509229566815,,,0.0709473774154047,
pp3,0.9192509229566815,,,0.0709473774154047,
BRD-K99582188,0.9192509229566815,,,0.0709473774154047,
BRD-U74615290,0.9192509229566815,,,0.0709473774154047,
BRD-U64289953,0.9192509229566815,,,0.0709473774154047,
piretanide,0.9192509229566815,,,0.0709473774154047,
ag 82,0.9192509229566815,,,0.0709473774154047,
km00799,0.9192509229566815,,,0.0709473774154047,
BRD-A42737819,0.9192509229566815,,,0.0709473774154047,
alaproclate,0.9192509229566815,,,0.0709473774154047,
BRD-K42419294,0.9192509229566815,,,0.0709473774154047,
embelin,0.9192509229566815,,,0.0709473774154047,
eicosatrienoic acid (20:3 n-3),0.9192509229566815,,,0.0709473774154047,
ei-328,0.9192509229566815,,,0.0709473774154047,
erastin,0.9192509229566815,,,0.0709473774154047,
BRD-K44781077,0.9192509229566815,,,0.0709473774154047,
BRD-K58191509,0.9192509229566815,,,0.0709473774154047,
sildenafil citrate,0.9192509229566815,,,0.0709473774154047,
dmbi,0.9192509229566815,,,0.0709473774154047,
dm-100,0.9192509229566815,,,0.0709473774154047,
doxepin hydrochloride,0.9192509229566815,,,0.0709473774154047,
BRD-K37340241,0.9192509229566815,,,0.0709473774154047,
BRD-K24861700,0.9192509229566815,,,0.0709473774154047,
f4679,0.9192509229566815,,,0.0709473774154047,
st001903,0.9192509229566815,,,0.0709473774154047,
BRD-K44540157,0.9192509229566815,,,0.0709473774154047,
BRD-K44276885,0.9192509229566815,,,0.0709473774154047,
gw 441756,0.9192509229566815,,,0.0709473774154047,
gp 2a,0.9192509229566815,,,0.0709473774154047,
glimepiride,0.9192509229566815,,,0.0709473774154047,
gr-108,0.9192509229566815,,,0.0709473774154047,
BRD-K50204028,0.9192509229566815,,,0.0709473774154047,
gw 1929,0.9192509229566815,,,0.0709473774154047,
gsk-3b inhibitor viii,0.9192509229566815,,,0.0709473774154047,
gsk-3 inhibitor ii,0.9192509229566815,,,0.0709473774154047,
h 89 dihydrochloride,0.9192509229566815,,,0.0709473774154047,
domperidone,0.9192509229566815,,,0.0709473774154047,
st056792,0.9192509229566815,,,0.0709473774154047,
BRD-K36038115,0.9192509229566815,,,0.0709473774154047,
BRD-K37724988,0.9192509229566815,,,0.0709473774154047,
ftt,0.9192509229566815,,,0.0709473774154047,
gabexate mesylate,0.9192509229566815,,,0.0709473774154047,
n-benzylnaltrindole hydrochloride,0.9192509229566815,,,0.0709473774154047,
n-(4-bromobenzyl)-5-methoxytryptamine,0.9192509229566815,,,0.0709473774154047,
nabumetone,0.9192509229566815,,,0.0709473774154047,
na-tosyl-phe chloromethyl ketone,0.9192509229566815,,,0.0709473774154047,
BRD-K38625260,0.9192509229566815,,,0.0709473774154047,
gibberellic acid,0.9192509229566815,,,0.0709473774154047,
mls-0391011,0.9192509229566815,,,0.0709473774154047,
formoterol hemifumarate,0.9192509229566815,,,0.0709473774154047,
formoterol,0.9192509229566815,,,0.0709473774154047,
ncgc00167107-01,0.9192509229566815,,,0.0709473774154047,
fluvastatin,0.9192509229566815,,,0.0709473774154047,
BRD-K27169919,0.9192509229566815,,,0.0709473774154047,
t0516-4420,0.9192509229566815,,,0.0709473774154047,
mls-0435541.0001,0.9192509229566815,,,0.0709473774154047,
mls-0435526.0001,0.9192509229566815,,,0.0709473774154047,
mycophenolate mofetil,0.9192509229566815,,,0.0709473774154047,
BRD-K24754728,0.9192509229566815,,,0.0709473774154047,
BRD-K24686773,0.9192509229566815,,,0.0709473774154047,
fumonisin b1,0.9192509229566815,,,0.0709473774154047,
dmp 543,0.9192509229566815,,,0.0709473774154047,
naltrexone hydrochloride,0.9192509229566815,,,0.0709473774154047,
ei-228,0.9192509229566815,,,0.0709473774154047,
ei-148,0.9192509229566815,,,0.0709473774154047,
foliosidine,0.9192509229566815,,,0.0709473774154047,
BRD-K07790824,0.9192509229566815,,,0.0709473774154047,
BRD-K07403598,0.9192509229566815,,,0.0709473774154047,
BRD-K09299610,0.9192509229566815,,,0.0709473774154047,
BRD-K02589376,0.9192509229566815,,,0.0709473774154047,
u 99194 maleate,0.9192509229566815,,,0.0709473774154047,
anagrelide hydrochloride,0.9192509229566815,,,0.0709473774154047,
anafranil,0.9192509229566815,,,0.0709473774154047,
axon1408,0.9192509229566815,,,0.0709473774154047,
bcl-2 inhibitor,0.9192509229566815,,,0.0709473774154047,
bay 11-7821,0.9192509229566815,,,0.0709473774154047,
amitriptyline hydrochloride,0.9192509229566815,,,0.0709473774154047,
isradipine,0.9192509229566815,,,0.0709473774154047,
BRD-K89209981,0.9192509229566815,,,0.0709473774154047,
BRD-K01868942,0.9192509229566815,,,0.0709473774154047,
BRD-K90700939,0.9192509229566815,,,0.0709473774154047,
BRD-K89843224,0.9192509229566815,,,0.0709473774154047,
BRD-K05114711,0.9192509229566815,,,0.0709473774154047,
tridihexethyl chloride,0.9192509229566815,,,0.0709473774154047,
ivermectin,0.9192509229566815,,,0.0709473774154047,
ketanserin tartrate hydrate,0.9192509229566815,,,0.0709473774154047,
BRD-A67605442,0.9192509229566815,,,0.0709473774154047,
BRD-A61825514,0.9192509229566815,,,0.0709473774154047,
trimeprazine tartrate,0.9192509229566815,,,0.0709473774154047,
BRD-K04733502,0.9192509229566815,,,0.0709473774154047,
BRD-K03814443,0.9192509229566815,,,0.0709473774154047,
BRD-K05197617,0.9192509229566815,,,0.0709473774154047,
phenothiazine,0.9192509229566815,,,0.0709473774154047,
BRD-K90826279,0.9192509229566815,,,0.0709473774154047,
BRD-K77480336,0.9192509229566815,,,0.0709473774154047,
np-009169,0.9192509229566815,,,0.0709473774154047,
nu 1025,0.9192509229566815,,,0.0709473774154047,
ntncb hydrochloride,0.9192509229566815,,,0.0709473774154047,
opipramol dihydrochloride,0.9192509229566815,,,0.0709473774154047,
olmesartan medoxomil,0.9192509229566815,,,0.0709473774154047,
ossk 645683,0.9192509229566815,,,0.0709473774154047,
BRD-K76938712,0.9192509229566815,,,0.0709473774154047,
BRD-K77987635,0.9192509229566815,,,0.0709473774154047,
BRD-K79404599,0.9192509229566815,,,0.0709473774154047,
BRD-K79131428,0.9192509229566815,,,0.0709473774154047,
triamterene,0.9192509229566815,,,0.0709473774154047,
tripelennamine citrate,0.9192509229566815,,,0.0709473774154047,
oxibendazole,0.9192509229566815,,,0.0709473774154047,
BRD-K88868628,0.9192509229566815,,,0.0709473774154047,
"betamethasone 17,21-dipropionate",0.9192509229566815,,,0.0709473774154047,
bjm-csc-19 brd-k92817986,0.9192509229566815,,,0.0709473774154047,
bl-077,0.9192509229566815,,,0.0709473774154047,
bl-076,0.9192509229566815,,,0.0709473774154047,
ossk 647368,0.9192509229566815,,,0.0709473774154047,
BRD-K05520923,0.9192509229566815,,,0.0709473774154047,
BRD-K05452595,0.9192509229566815,,,0.0709473774154047,
pt-630,0.9192509229566815,,,0.0709473774154047,
psh 008,0.9192509229566815,,,0.0709473774154047,
pz0005,0.9192509229566815,,,0.0709473774154047,
oxymetazoline hydrochloride,0.9192509229566815,,,0.0709473774154047,
oxprenolol hydrochloride,0.9192509229566815,,,0.0709473774154047,
BRD-K88008216,0.9192509229566815,,,0.0709473774154047,
BRD-K32536677,0.9192509229566815,,,0.0709473774154047,
flucytosine,0.9192509229566815,,,0.0709473774154047,
floxuridine,0.9192509229566815,,,0.0709473774154047,
flumethasone,0.9192509229566815,,,0.0709473774154047,
y-27152,0.9192509229566815,,,0.0709473774154047,
st4070169,0.9192509229566815,,,0.0709473774154047,
stock1s-03920,0.9192509229566815,,,0.0709473774154047,
stk249718,0.9192509229566815,,,0.0709473774154047,
"stat3 inhibitor vi, s31-201",0.9192509229566815,,,0.0709473774154047,
st638,0.9192509229566815,,,0.0709473774154047,
ethotoin,0.9192509229566815,,,0.0709473774154047,
leflunomide,0.9192509229566815,,,0.0709473774154047,
le 300,0.9192509229566815,,,0.0709473774154047,
BRD-K91818252,0.9192509229566815,,,0.0709473774154047,
"2,5-dideoxyadenosine",0.9192509229566815,,,0.0709473774154047,
zileuton,0.9192509229566815,,,0.0709473774154047,
4-fluoro-n-pyridin-3-yl-benzamide,0.9192509229566815,,,0.0709473774154047,
w-13 hydrochloride,0.9192509229566815,,,0.0709473774154047,
BRD-A50388635,0.9192509229566815,,,0.0709473774154047,
ketorolac tromethamine,0.9192509229566815,,,0.0709473774154047,
BRD-A81530502,0.9192509229566815,,,0.0709473774154047,
BRD-A81282034,0.9192509229566815,,,0.0709473774154047,
BRD-A77467113,0.9192509229566815,,,0.0709473774154047,
BRD-A25088322,0.9192509229566815,,,0.0709473774154047,
BRD-A19248578,0.9192509229566815,,,0.0709473774154047,
"ym 298198, desmethyl-",0.9192509229566815,,,0.0709473774154047,
urapidil hydrochloride,0.9192509229566815,,,0.0709473774154047,
liothyronine,0.9192509229566815,,,0.0709473774154047,
BRD-K92107474,0.9192509229566815,,,0.0709473774154047,
angiogenesis inhibitor,0.9192509229566815,,,0.0709473774154047,
arg-csc-91,0.9192509229566815,,,0.0709473774154047,
arctigenin,0.9192509229566815,,,0.0709473774154047,
BRD-K95760042,0.9192509229566815,,,0.0709473774154047,
BRD-K94841585,0.9192509229566815,,,0.0709473774154047,
BRD-K94390040,0.9192509229566815,,,0.0709473774154047,
penfluridol,0.9192509229566815,,,0.0709473774154047,
perphenazine,0.9192509229566815,,,0.0709473774154047,
phenoxazine,0.9192509229566815,,,0.0709473774154047,
BRD-K96076993,0.9192509229566815,,,0.0709473774154047,
BRD-K97274161,0.9192509229566815,,,0.0709473774154047,
prednisolone hemisuccinate,0.9192509229566815,,,0.0709473774154047,
fendiline hydrochloride,0.9192509229566815,,,0.0709473774154047,
phenazopyridine hydrochloride,0.9192509229566815,,,0.0709473774154047,
BRD-K93578426,0.9192509229566815,,,0.0709473774154047,
r(-)-n-allylnorapomorphine,0.9192509229566815,,,0.0709473774154047,
r(-) apomorphine hydrochloride hemihydrate,0.9192509229566815,,,0.0709473774154047,
BRD-K82024442,0.9192509229566815,,,0.0709473774154047,
auraptene,0.9192509229566815,,,0.0709473774154047,
flutamide,0.9192509229566815,,,0.0709473774154047,
flurofamide,0.9192509229566815,,,0.0709473774154047,
ethylestrenol,0.9192509229566815,,,0.0709473774154047,
fenoterol hydrobromide,0.9192509229566815,,,0.0709473774154047,
BRD-K25731886,0.9192509229566815,,,0.0709473774154047,
ethacrynic acid,0.9192509229566815,,,0.0709473774154047,
ezetimibe,0.9192509229566815,,,0.0709473774154047,
pravastatin sodium salt,0.9192509229566815,,,0.0709473774154047,
s1022,0.9192509229566815,,,0.0709473774154047,
chlortetracycline hydrochloride,0.9192509229566815,,,0.0709473774154047,
cilostazol,0.9192509229566815,,,0.0709473774154047,
BRD-K61053657,0.9192509229566815,,,0.0709473774154047,
mefloquine,0.9192509229566815,,,0.0709473774154047,
cladribine,0.9192509229566815,,,0.0709473774154047,
cgp 57380,0.9192509229566815,,,0.0709473774154047,
cgs 20625,0.9192509229566815,,,0.0709473774154047,
cgs 12066b,0.9192509229566815,,,0.0709473774154047,
s1140,0.9192509229566815,,,0.0709473774154047,
BRD-K56477805,0.9192509229566815,,,0.0709473774154047,
chloroguanide hydrochloride,0.9192509229566815,,,0.0709473774154047,
BRD-K68588778,0.9192509229566815,,,0.0709473774154047,
BRD-K85818861,0.9192509229566815,,,0.0709473774154047,
nocodazole,0.9192509229566815,,,0.0709473774154047,
nnc 55-0396 dihydrochloride,0.9192509229566815,,,0.0709473774154047,
nitrofurazone,0.9192509229566815,,,0.0709473774154047,
norpramin,0.9192509229566815,,,0.0709473774154047,
BRD-K65366129,0.9192509229566815,,,0.0709473774154047,
chlormadinone acetate,0.9192509229566815,,,0.0709473774154047,
tl hras24 brd-k93060291,0.9192509229566815,,,0.0709473774154047,
norethynodrel,0.9192509229566815,,,0.0709473774154047,
bw-b 70c,0.9192509229566815,,,0.0709473774154047,
BRD-K73951926,0.9192509229566815,,,0.0709473774154047,
BRD-K73567619,0.9192509229566815,,,0.0709473774154047,
BRD-K74980345,0.9192509229566815,,,0.0709473774154047,
nisoldipine,0.9192509229566815,,,0.0709473774154047,
BRD-K70693222,0.9192509229566815,,,0.0709473774154047,
cp 94253 hydrochloride,0.9192509229566815,,,0.0709473774154047,
cyclosporin a,0.9192509229566815,,,0.0709473774154047,
cyclopenthiazide,0.9192509229566815,,,0.0709473774154047,
s1042,0.9192509229566815,,,0.0709473774154047,
s1107,0.9192509229566815,,,0.0709473774154047,
s1148,0.9192509229566815,,,0.0709473774154047,
BRD-K67870070,0.9192509229566815,,,0.0709473774154047,
BRD-K60757524,0.9192509229566815,,,0.0709473774154047,
cyclopamine,0.9192509229566815,,,0.0709473774154047,
nelfinavir,0.9192509229566815,,,0.0709473774154047,
ticlopidine hydrochloride,0.9192509229566815,,,0.0709473774154047,
thyroxine (l),0.9192509229566815,,,0.0709473774154047,
BRD-K14939371,0.9192509229566815,,,0.0709473774154047,
tramadol,0.9192509229566815,,,0.0709473774154047,
BRD-K68174511,0.9192509229566815,,,0.0709473774154047,
BRD-K67941506,0.9192509229566815,,,0.0709473774154047,
mevastatin,0.9192509229566815,,,0.0709473774154047,
mk-2206,0.9192509229566815,,,0.0709473774154047,
BRD-K16118047,0.9192509229566815,,,0.0709473774154047,
BRD-K16472144,0.9192509229566815,,,0.0709473774154047,
BRD-K18364651,0.9192509229566815,,,0.0709473774154047,
harpagoside,0.9192509229566815,,,0.0709473774154047,
meprylcaine hydrochloride,0.9192509229566815,,,0.0709473774154047,
methoprene acid,0.9192509229566815,,,0.0709473774154047,
metergoline,0.9192509229566815,,,0.0709473774154047,
methylergometrine maleate,0.9192509229566815,,,0.0709473774154047,
"methyldopa (l,-)",0.9192509229566815,,,0.0709473774154047,
BRD-K14880289,0.9192509229566815,,,0.0709473774154047,
nifuroxazide,0.9192509229566815,,,0.0709473774154047,
BRD-K70960308,0.9192509229566815,,,0.0709473774154047,
BRD-K70831943,0.9192509229566815,,,0.0709473774154047,
BRD-K66359319,0.9192509229566815,,,0.0709473774154047,
BRD-K65983740,0.9192509229566815,,,0.0709473774154047,
BRD-K65904652,0.9192509229566815,,,0.0709473774154047,
hy-13001,0.9192509229566815,,,0.0709473774154047,
hy-11067,0.9192509229566815,,,0.0709473774154047,
BRD-K03015355,0.9192509229566815,,,0.0709473774154047,
indirubin-3?-monoxime,0.9192509229566815,,,0.0709473774154047,
BRD-K06405410,0.9192509229566815,,,0.0709473774154047,
BRD-K06009608,0.9192509229566815,,,0.0709473774154047,
rg-14620,0.9192509229566815,,,0.0709473774154047,
nomifensine maleate,0.9192509229566815,,,0.0709473774154047,
rifabutin,0.9192509229566815,,,0.0709473774154047,
ribavirin,0.9192509229566815,,,0.0709473774154047,
hy-11006,0.9192509229566815,,,0.0709473774154047,
hy-10966,0.9192509229566815,,,0.0709473774154047,
hy-50877,0.9192509229566815,,,0.0709473774154047,
BRD-K72703948,0.9192509229566815,,,0.0709473774154047,
BRD-K72451865,0.9192509229566815,,,0.0709473774154047,
bupropion hydrochloride,0.9192509229566815,,,0.0709473774154047,
budesonide,0.9192509229566815,,,0.0709473774154047,
np-001821,0.9192509229566815,,,0.0709473774154047,
rdr 01085,0.9192509229566815,,,0.0709473774154047,
rhizocarpic acid,0.9192509229566815,,,0.0709473774154047,
BRD-K83929831,0.9192509229566815,,,0.0709473774154047,
rilmenidine hemifumarate,0.9192509229566815,,,0.0709473774154047,
toltrazuril,0.9192509229566815,,,0.0709473774154047,
tms,0.9192509229566815,,,0.0709473774154047,
"ici 192,605",0.9192509229566815,,,0.0709473774154047,
icariin,0.9192509229566815,,,0.0709473774154047,
BRD-K14681867,0.9192509229566815,,,0.0709473774154047,
BRD-K14328427,0.9192509229566815,,,0.0709473774154047,
toremifene,0.9192509229566815,,,0.0709473774154047,
tretinoin,0.9192509229566815,,,0.0709473774154047,
hydrocortisone phosphate triethylamine,0.9192509229566815,,,0.0709473774154047,
megestrol acetate,0.9192509229566815,,,0.0709473774154047,
tizanidine hcl,0.9192509229566815,,,0.0709473774154047,
"tiratricol, 3,3',5-triiodothyroacetic acid",0.9192509229566815,,,0.0709473774154047,
carbacyclin,0.9192509229566815,,,0.0709473774154047,
catechin pentabenzoate,0.9192509229566815,,,0.0709473774154047,
rolipram,0.9192509229566815,,,0.0709473774154047,
roxatidine acetate hcl,0.9192509229566815,,,0.0709473774154047,
bepridil hydrochloride,0.9192509229566815,,,0.0709473774154047,
BRD-K83213280,0.9192509229566815,,,0.0709473774154047,
carbidopa,0.9192509229566815,,,0.0709473774154047,
blebbistatin,0.9192509229566815,,,0.0709473774154047,
bntx maleate,0.9192509229566815,,,0.0709473774154047,
s(+)-terguride,0.9192509229566815,,,0.0709473774154047,
BRD-K69569876,0.9192509229566815,,,0.0709473774154047,
butamben,0.9192509229566815,,,0.0709473774154047,
ranolazine,0.9192509229566815,,,0.0709473774154047,
ranitidine,0.9192509229566815,,,0.0709473774154047,
r3904,0.9192509229566815,,,0.0709473774154047,
calyculin a,0.9192509229566815,,,0.0709473774154047,
risperidone,0.9192509229566815,,,0.0709473774154047,
vu0410183-2,0.9183624503493695,,,0.0711290383332956,
way 213613,0.9183624503493695,,,0.0711290383332956,
fenbufen,0.9183624503493695,,,0.0711290383332956,
morantel tartrate,0.9183624503493695,,,0.0711290383332956,
mefexamide hydrochloride,0.9183624503493695,,,0.0711290383332956,
BRD-K61776140,0.9183624503493695,,,0.0711290383332956,
vu0418939-2,0.9179335670660882,,,0.0712168960348166,
BRD-K10554164,0.9179335670660882,,,0.0712168960348166,
"brl 37344, sodium salt",0.9179335670660882,,,0.0712168960348166,
vinorelbine,0.9168835893245539,,,0.0714324446498854,
s1297,0.9167048122993828,,,0.0714692105041924,
BRD-K78701355,0.9167048122993828,,,0.0714692105041924,
BRD-K39232234,0.9165984460409167,0.1211717984940226,,,
BRD-K25150581,0.9165984460409167,0.1211717984940226,,,
wr 216174,0.9165984460409167,0.1211717984940226,,,
mls-0391005,0.9165984460409167,0.1211717984940226,,,
s1064,0.9165984460409167,0.1211717984940226,,,
BRD-A67552655,0.9165984460409167,0.1211717984940226,,,
BRD-K89329876,0.9165984460409167,0.1211717984940226,,,
BRD-A75301702,0.916510969251771,,,0.0715090960990052,
sch 58261,0.916510969251771,,,0.0715090960990052,
naringenine,0.916510969251771,,,0.0715090960990052,
erythromycin,0.916510969251771,,,0.0715090960990052,
s1252,0.916510969251771,,,0.0715090960990052,
BRD-K11671649,0.916510969251771,,,0.0715090960990052,
terbutaline hemisulfate,0.916510969251771,,,0.0715090960990052,
BRD-K69496360,0.916510969251771,,,0.0715090960990052,
BRD-K14236372,0.916510969251771,,,0.0715090960990052,
"l-750,667",0.916510969251771,,,0.0715090960990052,
hydrocortisone valerate,0.916510969251771,,,0.0715090960990052,
BRD-K11362964,0.916510969251771,,,0.0715090960990052,
BRD-K08307026,0.916510969251771,,,0.0715090960990052,
BRD-K72381041,0.9155449664458257,,,0.0717081951865504,
BRD-K02458594,0.9155449664458257,,,0.0717081951865504,
dm163 brd-k06180729,0.9155449664458257,,,0.0717081951865504,
BRD-K98824517,0.9155449664458257,,,0.0717081951865504,
BRD-K67619794,0.9155449664458257,,,0.0717081951865504,
bapta-am,0.9155449664458257,,,0.0717081951865504,
bambuterol hydrochloride,0.9155449664458257,,,0.0717081951865504,
BRD-K88832793,0.9155449664458257,,,0.0717081951865504,
BRD-K39757396,0.9155449664458257,,,0.0717081951865504,
vu0365114-2,0.9155449664458257,,,0.0717081951865504,
fenobam,0.9155449664458257,,,0.0717081951865504,
np-007374,0.9152033232219772,,,0.0717787425600558,
vu0365121-1,0.9144675241565365,,,0.0719309166576898,
"amethopterin (r,s)",0.9144675241565365,,,0.0719309166576898,
BRD-K34092011,0.9143020363452417,0.1218142129798249,,,
BRD-A75409952 (wortmannin),0.9143020363452417,0.1218142129798249,,,
talniflumate,0.9143020363452417,0.1218142129798249,,,
BRD-K33680967,0.9143020363452417,0.1218142129798249,,,
zoxazolamine,0.9143020363452417,0.1218142129798249,,,
lomefloxacin hydrochloride,0.9143020363452417,0.1218142129798249,,,
BRD-A07614565,0.9143020363452417,0.1218142129798249,,,
AZD-1480,0.9143020363452417,0.1218142129798249,,,
BRD-A11929187,0.9143020363452417,0.1218142129798249,,,
BS-181,0.9143020363452417,0.1218142129798249,,,
st023431,0.9143020363452417,0.1218142129798249,,,
BRD-K35004659,0.9143020363452417,0.1218142129798249,,,
BRD-K34974324,0.9143020363452417,0.1218142129798249,,,
BRD-K34363599,0.9143020363452417,0.1218142129798249,,,
n-linoleoylglycine,0.9143020363452417,0.1218142129798249,,,
genistein,0.9143020363452417,0.1218142129798249,,,
fosfosal,0.9143020363452417,0.1218142129798249,,,
n-ethylmaleimide,0.9143020363452417,0.1218142129798249,,,
ei-232,0.9143020363452417,0.1218142129798249,,,
ncgc00012821-02,0.9143020363452417,0.1218142129798249,,,
ncgc00182378-01,0.9143020363452417,0.1218142129798249,,,
ncgc00012852-02,0.9143020363452417,0.1218142129798249,,,
BRD-K40956802,0.9143020363452417,0.1218142129798249,,,
eplerenone,0.9143020363452417,0.1218142129798249,,,
ei-195,0.9143020363452417,0.1218142129798249,,,
BRD-K45205755,0.9143020363452417,0.1218142129798249,,,
sb 222200,0.9143020363452417,0.1218142129798249,,,
sb 203186 hydrochloride,0.9143020363452417,0.1218142129798249,,,
BRD-K51302260,0.9143020363452417,0.1218142129798249,,,
BRD-K50384076,0.9143020363452417,0.1218142129798249,,,
BRD-K51454562,0.9143020363452417,0.1218142129798249,,,
sr 202,0.9143020363452417,0.1218142129798249,,,
gtp 14564,0.9143020363452417,0.1218142129798249,,,
BRD-K51377689,0.9143020363452417,0.1218142129798249,,,
mls-0351065,0.9143020363452417,0.1218142129798249,,,
tetrindole mesylate,0.9143020363452417,0.1218142129798249,,,
BRD-K23217072,0.9143020363452417,0.1218142129798249,,,
BRD-K21672423,0.9143020363452417,0.1218142129798249,,,
duloxetine hydrochloride,0.9143020363452417,0.1218142129798249,,,
sc 19220,0.9143020363452417,0.1218142129798249,,,
sb 206553 hydrochloride,0.9143020363452417,0.1218142129798249,,,
stock2s-79598,0.9143020363452417,0.1218142129798249,,,
diphenoxylate,0.9143020363452417,0.1218142129798249,,,
d0196,0.9143020363452417,0.1218142129798249,,,
BRD-K57353465,0.9143020363452417,0.1218142129798249,,,
BRD-K56593336,0.9143020363452417,0.1218142129798249,,,
BRD-K48204702,0.9143020363452417,0.1218142129798249,,,
dihydrosamidin,0.9143020363452417,0.1218142129798249,,,
disulfiram,0.9143020363452417,0.1218142129798249,,,
dihomo-gamma-linolenic acid,0.9143020363452417,0.1218142129798249,,,
cortisone,0.9143020363452417,0.1218142129798249,,,
"tamoxifen, 4-hydroxy-, (z)-",0.9143020363452417,0.1218142129798249,,,
t018500,0.9143020363452417,0.1218142129798249,,,
BRD-K32501161,0.9143020363452417,0.1218142129798249,,,
BRD-K32836707,0.9143020363452417,0.1218142129798249,,,
flecainide acetate,0.9143020363452417,0.1218142129798249,,,
fgin-1-27,0.9143020363452417,0.1218142129798249,,,
BRD-K32101742,0.9143020363452417,0.1218142129798249,,,
BRD-K26818574,0.9143020363452417,0.1218142129798249,,,
BRD-K26300881,0.9143020363452417,0.1218142129798249,,,
BRD-K28120860,0.9143020363452417,0.1218142129798249,,,
BRD-K27630941,0.9143020363452417,0.1218142129798249,,,
t3205,0.9143020363452417,0.1218142129798249,,,
mls-0425618,0.9143020363452417,0.1218142129798249,,,
mls-0390982,0.9143020363452417,0.1218142129798249,,,
mosapride,0.9143020363452417,0.1218142129798249,,,
TAK-715,0.9143020363452417,0.1218142129798249,,,
uzi/1930680,0.9143020363452417,0.1218142129798249,,,
KIN001-242,0.9143020363452417,0.1218142129798249,,,
a-1065,0.9143020363452417,0.1218142129798249,,,
KIN001-244,0.9143020363452417,0.1218142129798249,,,
KIN001-260;,0.9143020363452417,0.1218142129798249,,,
JNJ-38877605,0.9143020363452417,0.1218142129798249,,,
ver155008,0.9143020363452417,0.1218142129798249,,,
ncgc00238537-02,0.9143020363452417,0.1218142129798249,,,
ncgc00188740-01,0.9143020363452417,0.1218142129798249,,,
BRD-K68038686,0.9143020363452417,0.1218142129798249,,,
BRD-K68007270,0.9143020363452417,0.1218142129798249,,,
BRD-K67847053 (guanabenz acetate),0.9143020363452417,0.1218142129798249,,,
BRD-K16290432,0.9143020363452417,0.1218142129798249,,,
BRD-K11072542,0.9143020363452417,0.1218142129798249,,,
BRD-K11663430,0.9143020363452417,0.1218142129798249,,,
BRD-K19922318,0.9143020363452417,0.1218142129798249,,,
hexylcaine hydrochloride,0.9143020363452417,0.1218142129798249,,,
hy-10456,0.9143020363452417,0.1218142129798249,,,
mirtazepine,0.9143020363452417,0.1218142129798249,,,
BRD-K58347372,0.9143020363452417,0.1218142129798249,,,
mls-0216981,0.9143020363452417,0.1218142129798249,,,
BRD-K59556282,0.9143020363452417,0.1218142129798249,,,
BRD-K58306044,0.9143020363452417,0.1218142129798249,,,
closantel,0.9143020363452417,0.1218142129798249,,,
dichlorobenzamil,0.9143020363452417,0.1218142129798249,,,
BRD-K51683034,0.9143020363452417,0.1218142129798249,,,
BRD-K53610452,0.9143020363452417,0.1218142129798249,,,
ncgc00183237-01,0.9143020363452417,0.1218142129798249,,,
ncgc00183691-01,0.9143020363452417,0.1218142129798249,,,
ncgc00183401-01,0.9143020363452417,0.1218142129798249,,,
tipifarnib-p2,0.9143020363452417,0.1218142129798249,,,
BRD-K62169556,0.9143020363452417,0.1218142129798249,,,
BRD-K63245238,0.9143020363452417,0.1218142129798249,,,
BRD-K63239300,0.9143020363452417,0.1218142129798249,,,
ncgc00242553-01,0.9143020363452417,0.1218142129798249,,,
ch 55,0.9143020363452417,0.1218142129798249,,,
BRD-K68437527,0.9143020363452417,0.1218142129798249,,,
chlorprothixene hydrochloride,0.9143020363452417,0.1218142129798249,,,
cgs 15943,0.9143020363452417,0.1218142129798249,,,
BRD-K64366758,0.9143020363452417,0.1218142129798249,,,
chemistry 1571,0.9143020363452417,0.1218142129798249,,,
niguldipine,0.9143020363452417,0.1218142129798249,,,
nifedipine,0.9143020363452417,0.1218142129798249,,,
c247,0.9143020363452417,0.1218142129798249,,,
calpeptin,0.9143020363452417,0.1218142129798249,,,
bromocriptine mesylate,0.9143020363452417,0.1218142129798249,,,
bromhexine hydrochloride,0.9143020363452417,0.1218142129798249,,,
BRD-K76236182,0.9143020363452417,0.1218142129798249,,,
BRD-K74690444,0.9143020363452417,0.1218142129798249,,,
BRD-K77830450 (forskolin),0.9143020363452417,0.1218142129798249,,,
BRD-K74761218,0.9143020363452417,0.1218142129798249,,,
BRD-K83194053,0.9143020363452417,0.1218142129798249,,,
bvt 948,0.9143020363452417,0.1218142129798249,,,
rs 504393,0.9143020363452417,0.1218142129798249,,,
brimonidine,0.9143020363452417,0.1218142129798249,,,
np-010914,0.9143020363452417,0.1218142129798249,,,
nylidrin hydrochloride,0.9143020363452417,0.1218142129798249,,,
benzamil hydrochloride,0.9143020363452417,0.1218142129798249,,,
np-004527,0.9143020363452417,0.1218142129798249,,,
ipratropium bromide,0.9143020363452417,0.1218142129798249,,,
ischemin,0.9143020363452417,0.1218142129798249,,,
BRD-K11558771,0.9143020363452417,0.1218142129798249,,,
BRD-K60379529,0.9143020363452417,0.1218142129798249,,,
BRD-K74797618,0.9143020363452417,0.1218142129798249,,,
BRD-K74133369,0.9143020363452417,0.1218142129798249,,,
nortriptyline hydrochloride,0.9143020363452417,0.1218142129798249,,,
cyclopiazonic acid,0.9143020363452417,0.1218142129798249,,,
s1095,0.9143020363452417,0.1218142129798249,,,
cosmosiin,0.9143020363452417,0.1218142129798249,,,
s1071,0.9143020363452417,0.1218142129798249,,,
cy 208-243,0.9143020363452417,0.1218142129798249,,,
pyrazolanthrone,0.9143020363452417,0.1218142129798249,,,
quetiapine,0.9143020363452417,0.1218142129798249,,,
trapidil,0.9143020363452417,0.1218142129798249,,,
BRD-K06436323,0.9143020363452417,0.1218142129798249,,,
BRD-K08777248,0.9143020363452417,0.1218142129798249,,,
BRD-K02223034,0.9143020363452417,0.1218142129798249,,,
indirubin-3-oxime,0.9143020363452417,0.1218142129798249,,,
BRD-K03371390,0.9143020363452417,0.1218142129798249,,,
hy-11066,0.9143020363452417,0.1218142129798249,,,
BRD-K72307842,0.9143020363452417,0.1218142129798249,,,
BRD-K78633253,0.9143020363452417,0.1218142129798249,,,
tyrphostin 47,0.9143020363452417,0.1218142129798249,,,
BRD-K79235952,0.9143020363452417,0.1218142129798249,,,
BRD-K78385490,0.9143020363452417,0.1218142129798249,,,
psh 025,0.9143020363452417,0.1218142129798249,,,
pyrrolidinedithiocarbamate ammonium,0.9143020363452417,0.1218142129798249,,,
itraconazole,0.9143020363452417,0.1218142129798249,,,
icilin,0.9143020363452417,0.1218142129798249,,,
triamcinolone diacetate,0.9143020363452417,0.1218142129798249,,,
trioxsalen,0.9143020363452417,0.1218142129798249,,,
isoliquiritigenin,0.9143020363452417,0.1218142129798249,,,
jak3 inhibitor i,0.9143020363452417,0.1218142129798249,,,
jas07 005,0.9143020363452417,0.1218142129798249,,,
jas07 004,0.9143020363452417,0.1218142129798249,,,
BRD-K89696951,0.9143020363452417,0.1218142129798249,,,
BRD-K00816165,0.9143020363452417,0.1218142129798249,,,
isoreserpine,0.9143020363452417,0.1218142129798249,,,
BRD-K89626439,0.9143020363452417,0.1218142129798249,,,
purmorphamine,0.9143020363452417,0.1218142129798249,,,
BRD-K89009594,0.9143020363452417,0.1218142129798249,,,
bg fa 0953,0.9143020363452417,0.1218142129798249,,,
psh 024,0.9143020363452417,0.1218142129798249,,,
aminoglutethimide,0.9143020363452417,0.1218142129798249,,,
baeomycesic acid,0.9143020363452417,0.1218142129798249,,,
psb 06126,0.9143020363452417,0.1218142129798249,,,
psb 11,0.9143020363452417,0.1218142129798249,,,
pentetic acid,0.9143020363452417,0.1218142129798249,,,
r(+)-skf-81297,0.9143020363452417,0.1218142129798249,,,
BRD-K93296644,0.9143020363452417,0.1218142129798249,,,
BRD-K97936712,0.9143020363452417,0.1218142129798249,,,
BRD-K86901264,0.9143020363452417,0.1218142129798249,,,
FR-180204,0.9143020363452417,0.1218142129798249,,,
BRD-K94127894,0.9143020363452417,0.1218142129798249,,,
BRD-K94173926,0.9143020363452417,0.1218142129798249,,,
pkcbeta inhibitor,0.9143020363452417,0.1218142129798249,,,
pentobarbital,0.9143020363452417,0.1218142129798249,,,
pemoline,0.9143020363452417,0.1218142129798249,,,
phenformin hydrochloride,0.9143020363452417,0.1218142129798249,,,
am 281,0.9143020363452417,0.1218142129798249,,,
pirenzepine dihydrochloride,0.9143020363452417,0.1218142129798249,,,
podophyllotoxin,0.9143020363452417,0.1218142129798249,,,
aicar,0.9143020363452417,0.1218142129798249,,,
akti-1/2,0.9143020363452417,0.1218142129798249,,,
promazine hydrochloride,0.9143020363452417,0.1218142129798249,,,
BRD-K00007652,0.9143020363452417,0.1218142129798249,,,
aloisine a,0.9143020363452417,0.1218142129798249,,,
mdl 72222,0.9143020363452417,0.1218142129798249,,,
l-sulforophane,0.9143020363452417,0.1218142129798249,,,
"l-168,049",0.9143020363452417,0.1218142129798249,,,
l 161982,0.9143020363452417,0.1218142129798249,,,
kuc103885 kuc103885n,0.9143020363452417,0.1218142129798249,,,
BRD-A41451487,0.9143020363452417,0.1218142129798249,,,
BRD-A76641868,0.9143020363452417,0.1218142129798249,,,
"3,6-diphenyl-1,2,4-triazin-5-yl methyl ether",0.9143020363452417,0.1218142129798249,,,
lumicolchicine gamma,0.9139441824309215,,,0.0720393477388743,
BRD-K70871370,0.9139441824309215,,,0.0720393477388743,
BRD-K98896788,0.9139441824309215,,,0.0720393477388743,
ncgc00182942-03,0.9139441824309215,,,0.0720393477388743,
f9428,0.9138651186797595,0.121936824629024,,,
gr-235,0.9138651186797595,0.121936824629024,,,
peitc,0.9138651186797595,0.121936824629024,,,
BRD-K28916077,0.9138651186797595,0.121936824629024,,,
rlm-1-127,0.9138651186797595,0.121936824629024,,,
ncgc00186542-01,0.9138651186797595,0.121936824629024,,,
sulindac,0.9137274117475926,,,0.0720843082778734,
"ici-185,282",0.9137274117475926,,,0.0720843082778734,
propyl-beta-carboline-3-carboxylate,0.9137274117475926,,,0.0720843082778734,
vu0365117-1,0.9137274117475926,,,0.0720843082778734,
k3644,0.9132444470553307,0.1221112151334031,,,
devazepide,0.9132444470553307,0.1221112151334031,,,
gemfibrozil,0.9132444470553307,0.1221112151334031,,,
BRD-U44700465,0.9132444470553307,0.1221112151334031,,,
ca-074-me,0.9132444470553307,0.1221112151334031,,,
metaxalone,0.9132444470553307,0.1221112151334031,,,
mercaptopurine,0.9132444470553307,0.1221112151334031,,,
tpl2,0.9132444470553307,0.1221112151334031,,,
BRD-K48654774,0.9132444470553307,0.1221112151334031,,,
ei-273,0.9132444470553307,0.1221112151334031,,,
BRD-K04363266,0.9132444470553307,0.1221112151334031,,,
sch 442416,0.9132444470553307,0.1221112151334031,,,
mifepristone,0.9131233415078301,,,0.0722097469580451,
rosiglitazone hydrochloride,0.9127343191902838,0.1222547328042155,,,
ropinirole hcl,0.9127343191902838,0.1222547328042155,,,
BRD-K84762162,0.9127343191902838,0.1222547328042155,,,
hymecromone,0.9127343191902838,0.1222547328042155,,,
BRD-K07023879,0.9127343191902838,0.1222547328042155,,,
t5715534,0.9127343191902838,0.1222547328042155,,,
amiloride hydrochloride dihydrate,0.9127343191902838,0.1222547328042155,,,
BRD-K33720394,0.9127343191902838,0.1222547328042155,,,
mls-0437633.0003,0.9127343191902838,0.1222547328042155,,,
triacsin-c,0.9121843294497969,0.1224096540503466,,,
daminozide,0.9121843294497969,0.1224096540503466,,,
hy-50898,0.9121843294497969,0.1224096540503466,,,
prunetin,0.9121843294497969,0.1224096540503466,,,
penicillin g potassium,0.9121843294497969,0.1224096540503466,,,
BRD-K36354764,0.9121843294497969,0.1224096540503466,,,
BRD-K53461563,0.9121843294497969,0.1224096540503466,,,
BRD-K66555411,0.9121843294497969,0.1224096540503466,,,
arvanil,0.9121843294497969,0.1224096540503466,,,
prima-1 met,0.9121843294497969,0.1224096540503466,,,
nisoxetine hydrochloride,0.9121843294497969,0.1224096540503466,,,
haloprogin,0.9121843294497969,0.1224096540503466,,,
clocortolone pivalate,0.9121843294497969,0.1224096540503466,,,
tubocurarine chloride pentahydrate (+),0.9121843294497969,0.1224096540503466,,,
tomoxetine hydrochloride,0.9121843294497969,0.1224096540503466,,,
capsazepine,0.9121843294497969,0.1224096540503466,,,
BRD-K98676510,0.9121843294497969,0.1224096540503466,,,
az 10417808,0.9121843294497969,0.1224096540503466,,,
azacytidine-5,0.9121843294497969,0.1224096540503466,,,
azd-7545-a,0.9121843294497969,0.1224096540503466,,,
BRD-K51998148,0.9121843294497969,0.1224096540503466,,,
bml-259,0.9121843294497969,0.1224096540503466,,,
BRD-K52446745,0.9121843294497969,0.1224096540503466,,,
d 4476,0.9121843294497969,0.1224096540503466,,,
mls-0435534.0001,0.9121843294497969,0.1224096540503466,,,
BRD-K10114046,0.9121843294497969,0.1224096540503466,,,
BRD-K59705555,0.9121843294497969,0.1224096540503466,,,
sulfisoxazole,0.9121843294497969,0.1224096540503466,,,
erythrosine sodium,0.9121843294497969,0.1224096540503466,,,
gr 55562 dihydrochloride,0.9121843294497969,0.1224096540503466,,,
deacetoxy-7-oxisogedunin,0.9121843294497969,0.1224096540503466,,,
gw 3965 hydrochloride,0.9121843294497969,0.1224096540503466,,,
piperacetazine,0.9121843294497969,0.1224096540503466,,,
BRD-A68739437,0.9121843294497969,0.1224096540503466,,,
cgp 53353,0.9121843294497969,0.1224096540503466,,,
2-(trifluoromethyl)-10h-phenothiazine,0.9121843294497969,0.1224096540503466,,,
s1367,0.9121843294497969,0.1224096540503466,,,
noscapine hydrochloride,0.9121843294497969,0.1224096540503466,,,
verapamil hydrochloride,0.9121843294497969,0.1224096540503466,,,
BRD-K85051645,0.9121843294497969,0.1224096540503466,,,
np-002257,0.9121843294497969,0.1224096540503466,,,
bifemelane hydrochloride,0.9121843294497969,0.1224096540503466,,,
BRD-K74029109,0.9121843294497969,0.1224096540503466,,,
(s)-(-)-bay k 8644,0.9121843294497969,0.1224096540503466,,,
herniarin,0.9119449025412512,,,0.0724550852582116,
mk 212,0.9118598920277862,0.1225011337078354,,,
BRD-K90430314,0.9118598920277862,0.1225011337078354,,,
colchicine,0.9107177290343706,,,0.0727114555829903,
12k-613s,0.9106357619724571,0.122846910281489,,,
ncgc00182554-02,0.9106357619724571,0.122846910281489,,,
s1169,0.9106357619724571,0.122846910281489,,,
ru 24969,0.9106357619724571,0.122846910281489,,,
BRD-K82857306,0.9097866361457513,,,0.0729065764032825,
norketamine hydrochloride,0.9097866361457513,,,0.0729065764032825,
dm-55-3 brd-k81592585,0.9097866361457513,,,0.0729065764032825,
BRD-K42644990,0.9097866361457513,,,0.0729065764032825,
clobenpropit dihydrobromide,0.9097866361457513,,,0.0729065764032825,
fccp,0.9095582866416052,0.123152069231149,,,
sb 366791,0.9095582866416052,0.123152069231149,,,
fu jmbii127b,0.9090171954348798,0.1233056010701849,,,
BRD-K52911425,0.9090171954348798,0.1233056010701849,,,
dppe fumarate,0.9090171954348798,0.1233056010701849,,,
BRD-K46171503,0.9090171954348798,0.1233056010701849,,,
ncgc00187945-01,0.9090171954348798,0.1233056010701849,,,
tc 2559 difumarate,0.9090171954348798,0.1233056010701849,,,
"hydrastine (1r, 9s)",0.9090171954348798,0.1233056010701849,,,
thioproperazine dimesylate,0.9090171954348798,0.1233056010701849,,,
emd 386088 hydrochloride,0.9090171954348798,0.1233056010701849,,,
"l-690,330",0.9090171954348798,0.1233056010701849,,,
BRD-U68942961,0.908397671139233,,,0.073198622968714,
BRD-A95445494,0.908397671139233,,,0.073198622968714,
BRD-K52522949,0.908397671139233,,,0.073198622968714,
pz0004,0.9078145617228418,0.1236475280125219,,,
troglitazone,0.9078145617228418,0.1236475280125219,,,
BRD-K12105018,0.9078145617228418,0.1236475280125219,,,
thiazolopyrimidine,0.9078145617228418,0.1236475280125219,,,
mead acid (20:3 n-9),0.9078145617228418,0.1236475280125219,,,
BRD-K09854848,0.9076102726037646,0.1237057046359566,,,
BRD-K58900438,0.9076102726037646,0.1237057046359566,,,
isocarboxazid,0.9071215944965128,,,0.0734679644003563,
BRD-K75477256,0.9067140925898642,0.1239612387208105,,,
bms 191011,0.9067140925898642,0.1239612387208105,,,
BRD-K92980438,0.9062374972559717,,,0.0736551517182566,
isorotenone,0.9062374972559717,,,0.0736551517182566,
BRD-K11611839,0.9062374972559717,,,0.0736551517182566,
BRD-K60218670,0.9057255322423999,0.1242437261695534,,,
BRD-K02174945,0.9057255322423999,0.1242437261695534,,,
citalopram hydrobromide,0.9057255322423999,0.1242437261695534,,,
BRD-K92742972,0.905593438307843,,0.0737918166370303,,
gmx-1778,0.904457607002897,0.124606986455418,,,
y27632,0.904457607002897,0.124606986455418,,,
BRD-K39829853,0.9041390897989423,,,0.0741013530023837,
ncgc00188714-01,0.9033885572392379,,,0.0742616002372649,
iopanoic acid,0.9033885572392379,,,0.0742616002372649,
BRD-K03176945,0.9033885572392379,,,0.0742616002372649,
dequalinium dichloride,0.9029059977299839,0.1250529675855737,,,
ei-231,0.9029059977299839,0.1250529675855737,,,
x0379,0.9025055128914071,0.12516833841852,,,
zardaverine,0.9025055128914071,0.12516833841852,,,
BRD-K97764662,0.9025055128914071,0.12516833841852,,,
BRD-K06750613,0.9025055128914071,0.12516833841852,,,
BRD-K11758216,0.9020201684369543,0.12530829809901,,,
ncgc00184830-01,0.9020201684369543,0.12530829809901,,,
BRD-K14749055,0.9018308408414489,,,0.0745952972611129,
BRD-K73319509,0.9018308408414489,,,0.0745952972611129,
BRD-K06476055,0.900612655152793,0.125715070959418,,,
sr 142948,0.900612655152793,0.125715070959418,,,
am580,0.900612655152793,0.125715070959418,,,
s1005,0.900612655152793,0.125715070959418,,,
BRD-K08448573,0.9002992428230119,,,0.0749248610953071,
BRD-K88569143,0.9002992428230119,,,0.0749248610953071,
2-chloroadenosine,0.8989368597939262,0.1262010999602898,,,
BRD-K11540476,0.898333544077276,,,0.0753499675993997,
ncgc00186101-01,0.898333544077276,,,0.0753499675993997,
ncgc00242337-01,0.8966198016886638,,,0.0757225530054223,
kuc104487 kuc104487n,0.8966198016886638,,,0.0757225530054223,
ryuvidine,0.8966198016886638,,,0.0757225530054223,
"n,n-hexamethyleneamiloride",0.8962455391445445,0.1269855957691366,,,
ketotifen fumarate,0.8957809931789913,,,0.0759055896889387,
BRD-K02216544,0.8949407902974968,0.1273676716377087,,,
BRD-K05153001,0.8949407902974968,0.1273676716377087,,,
pyrvinium pamoate,0.8949407902974968,0.1273676716377087,,,
kn-62,0.8937991989997148,,,0.0763397970871451,
iodophenpropit dihydrobromide,0.8937991989997148,,,0.0763397970871451,
ifenprodil tartrate,0.893431807433869,,,0.0764205643797131,
oxaprozin,0.8926851821349102,0.1280309057390878,,,
v2264,0.891578748210889,,,0.0768292448821101,
BRD-K20401833,0.8905396692932833,,,0.0770593627735303,
gw 843682x,0.8897967500113664,0.1288852594091903,,,
BRD-K54687541,0.8897967500113664,0.1288852594091903,,,
BRD-K69406317,0.8897967500113664,0.1288852594091903,,,
h7270,0.8889921965927784,,,0.0774033494652302,
ncgc00241071-01,0.8889921965927784,,,0.0774033494652302,
cjd-pla-49-3,0.8882576935673029,0.1293428143420514,,,
pepstatin a,0.8882576935673029,0.1293428143420514,,,
thiophene-2-carboxylic acid benzothiazol-2-ylamide mls-0446110.0001,0.8855135408825483,,,0.0781822336358104,
BRD-K04534322,0.8849946399045732,0.1303182862334748,,,
ncgc00238536-01,0.8843348217050937,0.1305164276621035,,,
BRD-K67470788,0.8843348217050937,0.1305164276621035,,,
ritodrine hydrochloride,0.8843348217050937,0.1305164276621035,,,
benzethonium chloride,0.8843348217050937,0.1305164276621035,,,
src kinase inhibitor ii,0.8843348217050937,0.1305164276621035,,,
carbazol-9-yl-p-tolyl-methanone,0.8826238820788341,0.131031622262386,,,
hts 10859,0.8820103649824779,,,0.0789745288721236,
"dibutyryl-camp, sodium salt",0.8774526609300236,0.1326011648119076,,,
brinzolamide,0.8769090153939403,,,0.0801426559097681,
ncgc00183226-01,0.8743680307102157,0.1335463335849573,,,
ptb1,0.8743680307102157,0.1335463335849573,,,
gr-231,0.8738977367424545,,,0.0808402837219138,
ys-035 hydrochloride,0.8738977367424545,,,0.0808402837219138,
at-csc-18 brd-k01121114,0.8728722519476939,,,0.0810792429692802,
kuc104488 kuc104488n,0.8728722519476939,,,0.0810792429692802,
BRD-K71489689,0.8719388259548821,0.1342954114243033,,,
c8273,0.871193179539289,,,0.0814720277526782,
b4313,0.871193179539289,,,0.0814720277526782,
mibefradil dihydrochloride,0.8708791679445996,0.1346234859615491,,,
ncgc00182608-01,0.8697778649736586,,,0.0818045893330943,
brl 54443,0.8693395350874284,0.1351015914567459,,,
BRD-A85712510,0.8679060792213363,0.1355482518098433,,,
BRD-K74126469,0.8665770928505764,0.1359636788862288,,,
BRD-K28180706,0.8635548388866641,,,0.0832830173657856,
kf 38789,0.8634106923015642,0.136958599914855,,,
ncgc00241726-01,0.8634106923015642,0.136958599914855,,,
BRD-K77547509,0.8622158778344832,,,0.0836045960226138,
naltrexone hydrochloride dihydrate,0.8605776288915319,0.13785495191769,,,
BRD-K52914903,0.8581913208852084,,,0.084578669476468,
ncgc00241357-01,0.8560838611385155,0.1392887813949889,,,
kenpaullone,0.8560838611385155,0.1392887813949889,,,
BRD-K84855052,0.8528096030935665,,0.0858989778764113,,
t5247673,0.8504325765393106,0.141113129512527,,,
BRD-A57107094,0.849740059514725,,,0.0866612453324102,
mls-0391006,0.8490293283556745,0.1415698173166621,,,
BRD-K88198340,0.8474895553050696,0.1420726380632988,,,
ly 320135,0.8452715474391191,0.1428000805979604,,,
np-002491,0.842218356574829,0.1438075354324762,,,
ncgc00188530-01,0.8403749590933378,0.1444192352440108,,,
sibutramine hcl,0.839547729190836,0.1446945824253111,,,
vu0415108-1,0.8375907589125775,0.1453480605316655,,,
ncgc00181233-01,0.83444417404777,,,0.0905617450540944,
BRD-K80786583,0.8308684449440458,,,0.0914985988933276,
compound 12,0.8249843324392515,,0.0930614005896247,,
BRD-K88329126,0.8249843324392515,,0.0930614005896247,,
BRD-K42543304,0.8249843324392515,,0.0930614005896247,,
GSK-J1,0.8249843324392515,,0.0930614005896247,,
BRD-K48803730,0.8249843324392515,,0.0930614005896247,,
KIN001-270,0.8249843324392515,,0.0930614005896247,,
lomerizine dihcl,0.8249843324392515,,0.0930614005896247,,
w-7 hydrochloride,0.8249843324392515,,0.0930614005896247,,
GSK-3-inhibitor-II,0.8204001480010352,,0.0942974209770508,,
ncgc00242557-01,0.8177374434043675,0.1521467068208869,,,
BRD-K96405393,0.8144799558339288,0.1532921954287349,,,
hycanthone,0.8137874974057969,,,0.0961093473824025,
bms-754807,0.8109243576875771,0.1545523604365021,,,
bl-081,0.8083818410700226,0.1554598194310059,,,
BRD-A84102390,0.8061647823319981,,,0.0982412822088731,
BRD-K12238169,0.8001380897898551,,0.0999602624610004,,
amcinonide,0.8001380897898551,,0.0999602624610004,,
BRD-K88708949,0.7965144097723289,,0.101008282770875,,
hy-50767,0.7878324460448536,0.1629924748117921,,,
thiostrepton,0.7875898282947736,,,0.1036364945147017,
BRD-A89907244,0.7734075549658663,,0.1079544517802669,,
BRD-K89546934,0.77096097076393,0.1694490074271364,,,
thapsigargin,0.7603843870696265,0.173626340962393,,,
amlodipine base,0.7575404395855012,,0.1129989610666885,,
etomidate,0.7575404395855012,,0.1129989610666885,,
"mapp, d-erythro",0.7418678840914887,,0.1182129743924885,,
BRD-K56111351,0.7415376672431548,,0.1183253821998618,,
sulfaguanidine,0.6934089730313415,,0.1359060479580291,,
sappanone a trimethyl ether,0.0,,,,
BRD-K41775742,0.0,,,,
BRD-K45878950,0.0,,,,
BRD-K45542213,0.0,,,,
BRD-K45278408,0.0,,,,
skf 77434 hydrobromide,0.0,,,,
skf 81297 hydrobromide,0.0,,,,
BRD-K45114207,0.0,,,,
BRD-K43782924,0.0,,,,
solanine alpha,0.0,,,,
BRD-K52800308,0.0,,,,
BRD-K52080565,0.0,,,,
s1480,0.0,,,,
BRD-K40955748,0.0,,,,
BRD-K51791390,0.0,,,,
BRD-K60067222,0.0,,,,
BRD-K55612480,0.0,,,,
BRD-K55536701,0.0,,,,
BRD-K55216615,0.0,,,,
BRD-K54822214,0.0,,,,
BRD-K53308430,0.0,,,,
BRD-K41220170,0.0,,,,
BRD-K40300908,0.0,,,,
BRD-K77877933,0.0,,,,
BRD-K78167523,0.0,,,,
BRD-K78930611,0.0,,,,
BRD-K71382703,0.0,,,,
BRD-K71554540,0.0,,,,
BRD-K71670746,0.0,,,,
BRD-K72161580,0.0,,,,
BRD-K64525051,0.0,,,,
BRD-K58853583,0.0,,,,
BRD-K65342895,0.0,,,,
BRD-K69888333,0.0,,,,
BRD-K70714754,0.0,,,,
BRD-K70748405,0.0,,,,
BRD-K70751730,0.0,,,,
BRD-K71303366,0.0,,,,
ro 08-2750,0.0,,,,
ro 60-0175,0.0,,,,
rs 17053 hydrochloride,0.0,,,,
BRD-K65148867,0.0,,,,
BRD-K75302809,0.0,,,,
raltitrexed,0.0,,,,
rf 01079,0.0,,,,
rhodomyrtoxin,0.0,,,,
rifapentine,0.0,,,,
rimcazole,0.0,,,,
rimcazole dihydrochloride,0.0,,,,
BRD-K73945663,0.0,,,,
BRD-K76691125,0.0,,,,
BRD-K79779816,0.0,,,,
BRD-K80094086,0.0,,,,
BRD-K80334323 (norethynodrel),0.0,,,,
BRD-K81441552,0.0,,,,
BRD-K81514393,0.0,,,,
raf1 kinase inhibitor i,0.0,,,,
BRD-K85660637,0.0,,,,
BRD-K86027709,0.0,,,,
BRD-K76357752,0.0,,,,
BRD-K79619196,0.0,,,,
BRD-K63511615,0.0,,,,
BRD-K63712590,0.0,,,,
BRD-K63923597,0.0,,,,
BRD-K64058329,0.0,,,,
BRD-K65404805,0.0,,,,
BRD-K66634822,0.0,,,,
BRD-K60297835,0.0,,,,
BRD-K61105081,0.0,,,,
rs 39604 hydrochloride,0.0,,,,
BRD-K46373671,0.0,,,,
BRD-K46499837,0.0,,,,
BRD-K46692335,0.0,,,,
BRD-K47635719 (dexamethasone acetate),0.0,,,,
BRD-K48950795,0.0,,,,
BRD-K48970916 (danazol),0.0,,,,
s1174,0.0,,,,
s1222,0.0,,,,
s1352,0.0,,,,
BRD-K61359235,0.0,,,,
rs 67506 hydrochloride,0.0,,,,
BRD-K75418381,0.0,,,,
BRD-K75430629,0.0,,,,
BRD-K76042595,0.0,,,,
rk-682,0.0,,,,
rlm-2-12,0.0,,,,
BRD-K57457519,0.0,,,,
BRD-K58288048,0.0,,,,
BRD-K58618158,0.0,,,,
BRD-K63368502,0.0,,,,
BRD-K59761766,0.0,,,,
BRD-K64304398,0.0,,,,
s1039,0.0,,,,
s1084,0.0,,,,
s1093,0.0,,,,
BRD-K56196992,0.0,,,,
BRD-K62300190,0.0,,,,
BRD-K62310379 (fluticasone propionate),0.0,,,,
BRD-K62818989,0.0,,,,
BRD-K58674774,0.0,,,,
testosterone propionate,0.0,,,,
thimerosal,0.0,,,,
thiocolchicoside,0.0,,,,
BRD-K02562327,0.0,,,,
BRD-K03122949,0.0,,,,
BRD-K03651937,0.0,,,,
BRD-K03857568,0.0,,,,
BRD-K07005393,0.0,,,,
BRD-K08463963,0.0,,,,
BRD-K09460252,0.0,,,,
BRD-K75308990,0.0,,,,
BRD-K02123250,0.0,,,,
tranilast wfm1.4,0.0,,,,
tremorine dihydrochloride,0.0,,,,
triamcinolone,0.0,,,,
BRD-K05593511,0.0,,,,
BRD-K06817181,0.0,,,,
BRD-K12393722,0.0,,,,
BRD-K13665914,0.0,,,,
BRD-K14636731,0.0,,,,
tipifarnib-p1,0.0,,,,
tocainide hydrochloride,0.0,,,,
BRD-K09485525,0.0,,,,
sulfinpyrazone,0.0,,,,
t 0901317,0.0,,,,
t 98475,0.0,,,,
t0507-8790,0.0,,,,
t0513-6584,0.0,,,,
BRD-K10649245,0.0,,,,
BRD-K12002134,0.0,,,,
BRD-K12168891,0.0,,,,
BRD-K16309743,0.0,,,,
BRD-K16331660,0.0,,,,
BRD-K16057611,0.0,,,,
BRD-K17025677,0.0,,,,
BRD-K18249495,0.0,,,,
BRD-K18595892,0.0,,,,
BRD-K18861610,0.0,,,,
BRD-K10010115,0.0,,,,
thiotepa,0.0,,,,
thiothixene,0.0,,,,
thonzonium bromide,0.0,,,,
tiabendazole,0.0,,,,
BRD-K14704318,0.0,,,,
BRD-K14788918,0.0,,,,
BRD-K16940042,0.0,,,,
zm 39923 hydrochloride,0.0,,,,
(-)-cotinine,0.0,,,,
vu0413243-1,0.0,,,,
vincamine,0.0,,,,
vincristine,0.0,,,,
vinpocetine,0.0,,,,
vitexin,0.0,,,,
1495-0136,0.0,,,,
BRD-A31374339,0.0,,,,
BRD-A32214171,0.0,,,,
BRD-K01834163,0.0,,,,
BRD-A48631911,0.0,,,,
BRD-A05565054,0.0,,,,
BRD-A09495397,0.0,,,,
ucl 2077,0.0,,,,
BRD-A72837804,0.0,,,,
BRD-A76019558,0.0,,,,
BRD-A80960055,0.0,,,,
BRD-A81541225,0.0,,,,
BRD-A82238138 (budesonide),0.0,,,,
BRD-A18763547,0.0,,,,
BRD-A26199074,0.0,,,,
BRD-A43640821,0.0,,,,
BRD-A50774520,0.0,,,,
BRD-A54077041,0.0,,,,
BRD-A54632525,0.0,,,,
BRD-A59145032,0.0,,,,
BRD-A60784279,0.0,,,,
6-azauridine,0.0,,,,
BRD-A87848830,0.0,,,,
BRD-A89352139,0.0,,,,
BRD-A93015352,0.0,,,,
BRD-A93393712,0.0,,,,
(e)-capsaicin,0.0,,,,
tyloxapol,0.0,,,,
u 18666a,0.0,,,,
u-46619,0.0,,,,
u-74389g,0.0,,,,
BRD-A84524947,0.0,,,,
BRD-A84909344,0.0,,,,
BRD-K05326558,0.0,,,,
trifluridine,0.0,,,,
trimipramine maleate salt,0.0,,,,
tropisetron hcl,0.0,,,,
1-benzylimidazole,0.0,,,,
BRD-A96272097,0.0,,,,
BRD-K37150847,0.0,,,,
BRD-K37194137,0.0,,,,
BRD-K37372998,0.0,,,,
BRD-K38483076,0.0,,,,
BRD-K38634661,0.0,,,,
BRD-K39687892,0.0,,,,
BRD-K28377013,0.0,,,,
BRD-K34098590,0.0,,,,
BRD-K34332553,0.0,,,,
BRD-K34387287,0.0,,,,
BRD-K19593010,0.0,,,,
BRD-K34968258,0.0,,,,
BRD-K35424586,0.0,,,,
BRD-K35638681,0.0,,,,
spb02137,0.0,,,,
spiperone,0.0,,,,
spironolactone,0.0,,,,
ssr 69071,0.0,,,,
st012030,0.0,,,,
st012525,0.0,,,,
BRD-K23931216,0.0,,,,
BRD-K23935793,0.0,,,,
BRD-K34508425,0.0,,,,
BRD-K42629487,0.0,,,,
BRD-K43226598,0.0,,,,
sb 415286,0.0,,,,
scoulerine,0.0,,,,
sdz nkt 343,0.0,,,,
selinidin,0.0,,,,
BRD-K39866321,0.0,,,,
BRD-K49094915,0.0,,,,
BRD-K49861754,0.0,,,,
BRD-K51155404,0.0,,,,
BRD-K37043259,0.0,,,,
saquinavir mesylate,0.0,,,,
sb 200646 hydrochloride,0.0,,,,
sb 203580,0.0,,,,
sb 216641 hydrochloride,0.0,,,,
BRD-K28789065,0.0,,,,
BRD-K31491153,0.0,,,,
BRD-K31841256,0.0,,,,
BRD-K31851742,0.0,,,,
BRD-K31856043,0.0,,,,
BRD-K32238524,0.0,,,,
BRD-K32485462,0.0,,,,
BRD-K51189903,0.0,,,,
st209453,0.0,,,,
st4028268,0.0,,,,
st4039884,0.0,,,,
BRD-K22546959,0.0,,,,
BRD-K22988559,0.0,,,,
BRD-K23149109,0.0,,,,
BRD-K23282736,0.0,,,,
tas 301,0.0,,,,
taxifolin-(+/-),0.0,,,,
tegaserod,0.0,,,,
BRD-K24214483,0.0,,,,
BRD-K20112532,0.0,,,,
BRD-K20123385,0.0,,,,
BRD-K20492338,0.0,,,,
BRD-K20718732,0.0,,,,
BRD-K21165668,0.0,,,,
BRD-K22006123,0.0,,,,
t5223000,0.0,,,,
t5345967,0.0,,,,
t6094031,0.0,,,,
tacrolimus,0.0,,,,
BRD-K19410523,0.0,,,,
BRD-K20000640,0.0,,,,
BRD-K24859147,0.0,,,,
BRD-K25311561,0.0,,,,
BRD-K25690923,0.0,,,,
BRD-K26211296,0.0,,,,
BRD-K28115298,0.0,,,,
sulfacetamide sodic hydrate,0.0,,,,
sulfadiazine,0.0,,,,
sulfamethazine sodium salt,0.0,,,,
sulfaquinoxaline sodium salt,0.0,,,,
sulfasalazine,0.0,,,,
BRD-K23582869,0.0,,,,
BRD-K33164466,0.0,,,,
st4049616,0.0,,,,
st4062971,0.0,,,,
st4066738,0.0,,,,
stk674938,0.0,,,,
stock2s-84516,0.0,,,,
stock4s-72743,0.0,,,,
su 4312,0.0,,,,
sulconazole nitrate,0.0,,,,
BRD-K32568627,0.0,,,,
BRD-K32827536,0.0,,,,
BRD-K33045404,0.0,,,,
BRD-K23657553,0.0,,,,
mls-0435429,0.0,,,,
mls-0435555.0001,0.0,,,,
eo 1428,0.0,,,,
epicatechin monogallate,0.0,,,,
epitestosterone,0.0,,,,
docetaxel,0.0,,,,
dubinidine,0.0,,,,
dy131,0.0,,,,
naloxone benzoylhydrazone,0.0,,,,
naproxen,0.0,,,,
BRD-K98856658,0.0,,,,
endecaphyllin x,0.0,,,,
felodipine,0.0,,,,
n-[2-(piperidinylamino)ethyl]-4-iodobenzamide,0.0,,,,
n-formylmethionylalanine,0.0,,,,
n-oxalylphenylalanine,0.0,,,,
nafadotride,0.0,,,,
estradiol benzoate,0.0,,,,
estradiol cypionate,0.0,,,,
estradiol valerate,0.0,,,,
estrone,0.0,,,,
evista,0.0,,,,
naproxol,0.0,,,,
"fluphenazine-n-2-chloroethane, dihydrochloride",0.0,,,,
flurandrenolide,0.0,,,,
fluticasone propionate,0.0,,,,
eriodyctol,0.0,,,,
erythromycin estolate,0.0,,,,
fenofibrate,0.0,,,,
fexaramine,0.0,,,,
fipronil,0.0,,,,
fisetinidol,0.0,,,,
fit,0.0,,,,
flavokawain b,0.0,,,,
mls-0425600,0.0,,,,
fludarabine,0.0,,,,
mls-0454415.0001,0.0,,,,
moclobemide,0.0,,,,
motesanib,0.0,,,,
mpmq hydrochloride,0.0,,,,
mrs 1334,0.0,,,,
mw-a1-14 brd-k32010074,0.0,,,,
mwp00339,0.0,,,,
ginsenoside-rc,0.0,,,,
mls-0425579.0001,0.0,,,,
mls-0425590.0001,0.0,,,,
flubendazole,0.0,,,,
ncgc00167097-01,0.0,,,,
cp 93129 dihydrochloride,0.0,,,,
cuneatin methyl ether,0.0,,,,
cyclizine hydrochloride,0.0,,,,
cyclo [arg-gly-asp-d-phe-val],0.0,,,,
ncgc00188531-01,0.0,,,,
ncgc00188537-01,0.0,,,,
ncgc00184937-01,0.0,,,,
ncgc00185837-02,0.0,,,,
ncgc00185984-01,0.0,,,,
exemestane,0.0,,,,
ncgc00183244-01,0.0,,,,
ncgc00183260-01,0.0,,,,
ncgc00183388-01,0.0,,,,
ncgc00183913-01,0.0,,,,
ncgc00184716-01,0.0,,,,
ncgc00184724-01,0.0,,,,
dcb,0.0,,,,
dcebio,0.0,,,,
dcpib,0.0,,,,
dehydroisoandosterone 3-acetate,0.0,,,,
ncgc00183216-01,0.0,,,,
ncgc00186073-01,0.0,,,,
dioxybenzone,0.0,,,,
diphemanil methylsulfate,0.0,,,,
cytosporone b,0.0,,,,
d163-0113,0.0,,,,
d5816,0.0,,,,
danthron,0.0,,,,
ncgc00182837-01,0.0,,,,
dienestrol,0.0,,,,
dihydro-7-desacetyldeoxygedunin,0.0,,,,
dihydro-beta-tubaic acid,0.0,,,,
dihydroergocristine,0.0,,,,
ncgc00166395-02,0.0,,,,
ncgc00167098-01,0.0,,,,
ncgc00167100-01,0.0,,,,
ncgc00181799-01,0.0,,,,
ncgc00182362-01,0.0,,,,
ncgc00182364-01,0.0,,,,
e-4031 dihydrochloride,0.0,,,,
e0886,0.0,,,,
e6 berbamine,0.0,,,,
e933505,0.0,,,,
ebt or (erichrome black t),0.0,,,,
eburnamonine (-),0.0,,,,
diloxanide furoate,0.0,,,,
vu0415556-1,0.0,,,,
vu0418000-1,0.0,,,,
vu0420364-1,0.0,,,,
w-9 hydrochloride,0.0,,,,
vu0413238-1,0.0,,,,
"ici 204,448 hydrochloride",0.0,,,,
"ici-162,846",0.0,,,,
"ici-199,441 hydrochloride",0.0,,,,
indatraline,0.0,,,,
ite,0.0,,,,
fluphenazine dihydrochloride,0.0,,,,
jjt-705,0.0,,,,
jnj 10191584 maleate,0.0,,,,
karakoline,0.0,,,,
kb-r7943 mesylate,0.0,,,,
mbcq,0.0,,,,
"mdl 11,939",0.0,,,,
mdm2 inhibitor,0.0,,,,
mdv3100,0.0,,,,
meclocycline sulfosalicylate,0.0,,,,
isoquercitrin,0.0,,,,
"l-ornithine, n5-[imino(methylamino)methyl]-[cas]",0.0,,,,
jfd02227,0.0,,,,
"l-741,626",0.0,,,,
BRD-A30455275,0.0,,,,
17-beta-estradiol 17-valerate,0.0,,,,
zuclopenthixol hydrochloride,0.0,,,,
19-norethindrone,0.0,,,,
3-deoxydenosine,0.0,,,,
5-fluorouracil,0.0,,,,
l 755507,0.0,,,,
"l-165,041",0.0,,,,
"l-701,252",0.0,,,,
"l-733,060 hydrochloride",0.0,,,,
loratadine,0.0,,,,
loteprednol,0.0,,,,
lovastatin,0.0,,,,
ki 8751,0.0,,,,
km03472sc,0.0,,,,
kn-93,0.0,,,,
lamivudine,0.0,,,,
levocetirizine,0.0,,,,
levonorgestrel,0.0,,,,
lidocaine hydrochloride,0.0,,,,
linezolid,0.0,,,,
lobendazole,0.0,,,,
vu0415113-1,0.0,,,,
fr 122047 hydrochloride,0.0,,,,
fr 139317,0.0,,,,
fu jmbii105b,0.0,,,,
fu jmbii113b,0.0,,,,
g-221,0.0,,,,
gr-109,0.0,,,,
gr-239,0.0,,,,
guggulsterone,0.0,,,,
gw 7647,0.0,,,,
mls-0146291.0001,0.0,,,,
luteolin,0.0,,,,
mls-0390818.0001,0.0,,,,
gliquidone,0.0,,,,
gp 1a,0.0,,,,
gr-105,0.0,,,,
metoclopramide monohydrochloride,0.0,,,,
metoprolol tartrate,0.0,,,,
milrinone,0.0,,,,
mitotane,0.0,,,,
ml 3163,0.0,,,,
fluocinonide,0.0,,,,
fluorometholone,0.0,,,,
mls-0315771.0001,0.0,,,,
"ly-165,163",0.0,,,,
ly-294002,0.0,,,,
lylamine hydrochloride,0.0,,,,
mammea a/ba + a/bb,0.0,,,,
ho-013,0.0,,,,
homatropine bromide,0.0,,,,
homosalate,0.0,,,,
htmt dimaleate,0.0,,,,
hy-10180,0.0,,,,
methazolamide,0.0,,,,
methocarbamol,0.0,,,,
h-9 dihydrochloride,0.0,,,,
methylandrostenediol,0.0,,,,
methylprednisolone,0.0,,,,
methyltestosterone,0.0,,,,
ha-1004,0.0,,,,
memantine hydrochloride,0.0,,,,
mephentermine sulfate,0.0,,,,
meropenem,0.0,,,,
mestanolone,0.0,,,,
isoeugenitol,0.0,,,,
isoflupredone acetate,0.0,,,,
hy-11008,0.0,,,,
methyl 7-desoxypurpurogallin-7-carboxylate trimethyl ether,0.0,,,,
BRD-K93176058,0.0,,,,
BRD-K93229693,0.0,,,,
BRD-K93754473 (tamoxifen citrate),0.0,,,,
BRD-K94544211,0.0,,,,
BRD-K95976153,0.0,,,,
BRD-K96083840,0.0,,,,
BRD-K96147838,0.0,,,,
phosphodiesterase v inhibitor ii,0.0,,,,
pifithrin- a hydrobromide,0.0,,,,
piperacillin,0.0,,,,
cjd-fun-4-2,0.0,,,,
pizotyline malate,0.0,,,,
pj 34 hydrochloride,0.0,,,,
BRD-K98739056,0.0,,,,
BRD-K98834634,0.0,,,,
ttnpb,0.0,,,,
BRD-K99475920,0.0,,,,
BRD-K99502566,0.0,,,,
BRD-K99616396,0.0,,,,
BRD-K86231656,0.0,,,,
BRD-K86269644,0.0,,,,
BRD-K86456986,0.0,,,,
piribedil dihydrochloride,0.0,,,,
alprenolol hydrochloride,0.0,,,,
altrenogest,0.0,,,,
am 404,0.0,,,,
am-251,0.0,,,,
pergolide mesylate,0.0,,,,
peucedanin,0.0,,,,
pha 665752,0.0,,,,
phccc,0.0,,,,
phensuximide,0.0,,,,
phentolamine hydrochloride,0.0,,,,
alclometazone dipropionate,0.0,,,,
pq 401,0.0,,,,
arecaidine propargyl ester tosylate,0.0,,,,
arg-a1-2 brd-k39580048,0.0,,,,
arg-a1-22 brd-k91349888,0.0,,,,
penicillin v,0.0,,,,
pentylenetetrazole,0.0,,,,
BRD-K96167523,0.0,,,,
BRD-K96433222,0.0,,,,
BRD-K96704648,0.0,,,,
BRD-K97534490,0.0,,,,
BRD-K97629076,0.0,,,,
pravastatin sodium,0.0,,,,
arachidonamide,0.0,,,,
BRD-K84450674,0.0,,,,
BRD-K85592362,0.0,,,,
"r(-)-2,10,11-trihydroxyaporphine",0.0,,,,
r(-)-propylnorapomorphine,0.0,,,,
BRD-K81609421,0.0,,,,
BRD-K81813927,0.0,,,,
BRD-K81927853,0.0,,,,
BRD-K82580504,0.0,,,,
BRD-K82594686,0.0,,,,
BRD-K88742110,0.0,,,,
BRD-K86492010,0.0,,,,
quinidine gluconate,0.0,,,,
quinine hemisulfate salt monohydrate,0.0,,,,
"r(-)-2,10,11-trihydroxy-n-propyl-noraporphine",0.0,,,,
BRD-K87573634,0.0,,,,
BRD-K87964538,0.0,,,,
BRD-K88542532,0.0,,,,
BRD-K88710727,0.0,,,,
BRD-K74155249,0.0,,,,
BRD-K74486276,0.0,,,,
BRD-K74949371,0.0,,,,
BRD-K75128590,0.0,,,,
pterostilbene,0.0,,,,
BRD-K86682249,0.0,,,,
BRD-K86899078,0.0,,,,
BRD-K87387614,0.0,,,,
BRD-K87426499,0.0,,,,
BRD-K90970920,0.0,,,,
BRD-K91509126 (piceatannol),0.0,,,,
BRD-K91781484,0.0,,,,
BRD-K91913968,0.0,,,,
BRD-K92981876,0.0,,,,
BRD-K93127801,0.0,,,,
protein tyrosine phosphatase inhibitor iv,0.0,,,,
BRD-K84091085,0.0,,,,
protriptyline hydrochloride,0.0,,,,
BRD-K89451433,0.0,,,,
BRD-K90697054,0.0,,,,
pre-084 hydrochloride,0.0,,,,
prednicarbate,0.0,,,,
prenylamine lactate,0.0,,,,
prl-3 inhibitor i,0.0,,,,
prochlorperazine edisylate,0.0,,,,
propentofylline,0.0,,,,
BRD-K82971429,0.0,,,,
BRD-K83816656,0.0,,,,
prothionamide,0.0,,,,
bml-st330,0.0,,,,
norethindrone,0.0,,,,
norgestrel,0.0,,,,
buspar,0.0,,,,
cabergoline,0.0,,,,
caffeic acid phenethyl ester,0.0,,,,
cgp 54626 hydrochloride,0.0,,,,
chlorhexidine,0.0,,,,
"nf-kb activation inhibitor ii, jsh-23",0.0,,,,
nicergoline,0.0,,,,
alfacalcidol,0.0,,,,
nitazoxanide,0.0,,,,
nnc 26-9100,0.0,,,,
clomid,0.0,,,,
"clomiphene citrate (z,e)",0.0,,,,
cc-100,0.0,,,,
cd 01333,0.0,,,,
cdk1/5 inhibitor,0.0,,,,
cdk2/5 inhibitor,0.0,,,,
cerivastatin na,0.0,,,,
bh3i-1,0.0,,,,
bibx 1382 dihydrochloride,0.0,,,,
niridazole,0.0,,,,
clemastine fumarate,0.0,,,,
clenbuterol hydrochloride,0.0,,,,
clioquinol,0.0,,,,
clofibrate,0.0,,,,
cid 755673,0.0,,,,
ciglitazone,0.0,,,,
cilnidipine,0.0,,,,
cimetidine,0.0,,,,
cinanserin,0.0,,,,
cis-(z)-flupenthixol,0.0,,,,
cisapride,0.0,,,,
carvedilol,0.0,,,,
ncs-382,0.0,,,,
neca,0.0,,,,
chlorpromazine,0.0,,,,
ci 976,0.0,,,,
ciclopirox ethanolamine,0.0,,,,
ncgc00188700-01,0.0,,,,
ncgc00238548-02,0.0,,,,
ncgc00241732-01,0.0,,,,
calcitriol,0.0,,,,
"camptothecine (s,+)",0.0,,,,
carmofur,0.0,,,,
ncgc00242267-03,0.0,,,,
anpirtoline hydrochloride,0.0,,,,
antimycin a,0.0,,,,
baccatin iii,0.0,,,,
bas 00535043,0.0,,,,
bd 1063 dihydrochloride,0.0,,,,
beclomethasone dipropionate,0.0,,,,
p5172,0.0,,,,
pd 160170,0.0,,,,
pd 166793,0.0,,,,
pd 169316,0.0,,,,
avermectin b1a,0.0,,,,
bis-tyrphostin,0.0,,,,
orphenadrine hydrochloride,0.0,,,,
osi-906,0.0,,,,
oxantel pamoate,0.0,,,,
oxfendazole,0.0,,,,
oxybenzone,0.0,,,,
oxymetholone,0.0,,,,
ozagrel hydrochloride,0.0,,,,
ac-1121,0.0,,,,
ag 18,0.0,,,,
ag 556,0.0,,,,
BRD-K98714523,0.0,,,,
ay 9944,0.0,,,,
bl-010,0.0,,,,
bl-052,0.0,,,,
bl-095,0.0,,,,
olvanil,0.0,,,,
orlistat,0.0,,,,
ornidazole,0.0,,,,
benoxinate hydrochloride,0.0,,,,
benperidol,0.0,,,,
benzo[a]pyrene,0.0,,,,
beta-escin,0.0,,,,
np-000732,0.0,,,,
amoxapine,0.0,,,,
np-006304,0.0,,,,
npc 15199,0.0,,,,
oligomycin c,0.0,,,,
bms 299897,0.0,,,,
bms-641988,0.0,,,,
brompheniramine maleate,0.0,,,,
bucladesine sodium salt,0.0,,,,
benazepril hydrochloride,0.0,,,,
bendroflumethiazide,0.0,,,,
aminogenistein,0.0,,,,
aminolevulinic acid,0.0,,,,
np-001445,0.0,,,,
