axis,tissue,condition,source,target,lr_means,magnitude_rank,specificity_rank
Spp1|Cd44,Retina,Sham,DAM-like MG,Homeostatic MG,0.13575631,0.3154028781064477,0.2282945353066473
Spp1|Cd44,Retina,Sham,DAM-like MG,NK cell,0.5941997,0.563641453973348,0.0019185089209808
Spp1|Cd44,Retina,Sham,DAM-like MG,Neutrophil,0.93385077,0.565845026027519,0.0003381649090451
Spp1|Cd44,Retina,Sham,DAM-like MG,DAM-like MG,0.18957737,0.8449363923527329,0.0027609997879886
Spp1|Cd44,Retina,Sham,DAM-like MG,Proliferating MG,0.2757,1.0,0.0027609997879886
Spp1|Cd44,Retina,Sham,DAM-like MG,T cell,0.20942686,1.0,0.0027609997879886
Spp1|Cd44,Retina,Sham,DAM-like MG,BAM,0.21660307,1.0,0.0027609997879886
Spp1|Cd44,Retina,Sham,DAM-like MG,B cell,0.24504772,1.0,0.0027609997879886
Spp1|Cd44,Retina,MB,Iron+ MG (Fth1+),gdT cell,1.0356815,0.179338821997511,0.0004749352841426
Spp1|Cd44,Retina,MB,Iron+ MG (Fth1+),Neutrophil,0.97474194,0.2369793558933821,0.0008232505349592
Spp1|Cd44,Retina,MB,Proliferating MG,Homeostatic MG,0.14177623,0.272642793439615,1.0
Spp1|Cd44,Retina,MB,Neutrophil,gdT cell,0.9231545,0.3038965201589036,0.0022268671886658
Spp1|Cd44,Retina,MB,Iron+ MG (Fth1+),pDC,0.91483265,0.3146950358607345,0.0014905837614855
Spp1|Cd44,Retina,MB,MHCII+ Mac/APC,pDC,0.58810544,0.3853212025452272,0.0820019176822026
Spp1|Cd44,Retina,MB,Neutrophil,Neutrophil,0.86221486,0.406662810842672,0.0033598965096163
Spp1|Cd44,Retina,MB,MHCII+ Mac/APC,Neutrophil,0.6480147,0.4458604590690675,0.042456381857731
Spp1|Cd44,Retina,MB,Proliferating MG,gdT cell,0.6811471,0.4805633566076803,0.1595689507300115
Spp1|Cd44,Retina,MB,T cell,NK cell,0.48677424,0.4839943746104794,0.1086774853339706
Spp1|Cd44,Retina,MB,Neutrophil,BAM,0.47931254,0.5039854039650037,0.0415723358424949
Spp1|Cd44,Retina,MB,DAM-like MG,gdT cell,0.80952984,0.5161607772718635,0.0128099878321781
Spp1|Cd44,Retina,MB,DAM-like MG,T cell,0.4741625,0.520530886800737,0.0342112480436324
Spp1|Cd44,Retina,MB,MHCII+ Mac/APC,Homeostatic MG,0.16958348,0.5242885917490929,1.0
Spp1|Cd44,Retina,MB,Iron+ MG (Fth1+),DAM-like MG,0.5584398,0.5263520576145161,0.0238566047387164
Spp1|Cd44,Retina,MB,Neutrophil,pDC,0.8023056,0.5324411093190393,0.0051986713830376
Spp1|Cd44,Retina,MB,MHCII+ Mac/APC,gdT cell,0.70895433,0.5331351443214101,0.0227121777392211
Spp1|Cd44,Retina,MB,Iron+ MG (Fth1+),Activated MG (Ccl5+),0.56242645,0.5506148969159561,0.0197670153698206
Spp1|Cd44,Retina,MB,Proliferating MG,Neutrophil,0.6202074,0.5678700351227532,0.1838937022685288
Spp1|Cd44,Retina,MB,Neutrophil,Activated MG (Ccl5+),0.44989938,0.6019461514180418,0.1190904286714735
Spp1|Cd44,Retina,MB,Neutrophil,DAM-like MG,0.44591272,0.6170050845682087,0.1375138204550733
Spp1|Cd44,Retina,MB,Iron+ MG (Fth1+),NK cell,0.76367676,0.6308919580490352,0.0062642656523975
Spp1|Cd44,Retina,MB,Neutrophil,B cell,0.5187559,0.6337990314160027,0.0135374727263442
Spp1|Cd44,Retina,MB,DAM-like MG,NK cell,0.53752506,0.6633117965828713,0.0135374727263442
Spp1|Cd44,Retina,MB,DAM-like MG,Neutrophil,0.74859023,0.6716367650874165,0.0135374727263442
Spp1|Cd44,Retina,MB,Proliferating MG,pDC,0.5602982,0.6743967695709904,0.2023119011607927
Spp1|Cd44,Retina,MB,Neutrophil,MHCII+ Mac/APC,0.5295632,0.6823688581172505,0.0135374727263442
Spp1|Cd44,Retina,MB,DAM-like MG,Proliferating MG,0.42845994,0.6871724137257047,0.0943193012800549
Spp1|Cd44,Retina,MB,MHCII+ Mac/APC,NK cell,0.43694955,0.6953614594438118,0.4378341424157088
Spp1|Cd44,Retina,MB,T cell,gdT cell,0.75877905,0.7056137131636377,0.0135374727263442
Spp1|Cd44,Retina,MB,T cell,T cell,0.42341167,0.7074049647809232,0.276149508646156
Spp1|Cd44,Retina,MB,Iron+ MG (Fth1+),Homeostatic MG,0.4963107,0.7247186205195932,0.1838937022685288
Spp1|Cd44,Retina,MB,T cell,pDC,0.63793015,0.7267127717251274,0.0135374727263442
Spp1|Cd44,Retina,MB,Iron+ MG (Fth1+),BAM,0.5918396,0.7339146572392262,0.0135374727263442
Spp1|Cd44,Retina,MB,Neutrophil,Proliferating MG,0.5420846,0.7374404333675857,0.0135374727263442
Spp1|Cd44,Retina,MB,DAM-like MG,MHCII+ Mac/APC,0.41593856,0.7426861553549517,0.1260266217377521
Spp1|Cd44,Retina,MB,Proliferating MG,DAM-like MG,0.20390533,0.7786186534044389,1.0
Spp1|Cd44,Retina,MB,DAM-like MG,B cell,0.40513128,0.7956248601143123,0.3010700173643092
Spp1|Cd44,Retina,MB,Proliferating MG,Activated MG (Ccl5+),0.20789197,0.8144767132048644,1.0
Spp1|Cd44,Retina,MB,Iron+ MG (Fth1+),T cell,0.70031416,0.8221833660437974,0.0135374727263442
Spp1|Cd44,Retina,MB,T cell,Neutrophil,0.6978394,0.8305361978686993,0.0135374727263442
Spp1|Cd44,Retina,MB,DAM-like MG,pDC,0.68868095,0.8614686990020898,0.0135374727263442
Spp1|Cd44,Retina,MB,Neutrophil,T cell,0.58778715,0.92761024304806,0.0135374727263442
Spp1|Cd44,Retina,MB,T cell,Proliferating MG,0.37770915,0.9367734972780442,1.0
Spp1|Cd44,Retina,MB,Iron+ MG (Fth1+),B cell,0.631283,0.9588165774399562,0.0135374727263442
Spp1|Cd44,Retina,MB,MHCII+ Mac/APC,T cell,0.37358698,0.9605160061460704,0.860158384424986
Spp1|Cd44,Retina,MB,T cell,Homeostatic MG,0.21940818,0.9807228976675564,1.0
Spp1|Cd44,Retina,MB,Iron+ MG (Fth1+),Proliferating MG,0.65461165,0.9833383141240136,0.0135374727263442
Spp1|Cd44,Retina,MB,Neutrophil,NK cell,0.6511497,0.995219705769408,0.0135374727263442
Spp1|Cd44,Retina,MB,T cell,Activated MG (Ccl5+),0.28552392,1.0,1.0
Spp1|Cd44,Retina,MB,T cell,B cell,0.35438043,1.0,1.0
Spp1|Cd44,Retina,MB,T cell,BAM,0.31493706,1.0,1.0
Spp1|Cd44,Retina,MB,Proliferating MG,T cell,0.34577972,1.0,1.0
Spp1|Cd44,Retina,MB,Neutrophil,Homeostatic MG,0.38378364,1.0,1.0
Spp1|Cd44,Retina,MB,T cell,DAM-like MG,0.2815373,1.0,1.0
Spp1|Cd44,Retina,MB,MHCII+ Mac/APC,Proliferating MG,0.32788444,1.0,1.0
Spp1|Cd44,Retina,MB,MHCII+ Mac/APC,MHCII+ Mac/APC,0.31536302,1.0,1.0
Spp1|Cd44,Retina,MB,MHCII+ Mac/APC,DAM-like MG,0.23171258,1.0,1.0
Spp1|Cd44,Retina,MB,MHCII+ Mac/APC,BAM,0.26511237,1.0,1.0
Spp1|Cd44,Retina,MB,MHCII+ Mac/APC,B cell,0.30455574,1.0,1.0
Spp1|Cd44,Retina,MB,T cell,MHCII+ Mac/APC,0.3651877,1.0,0.4658009419651013
Spp1|Cd44,Retina,MB,MHCII+ Mac/APC,Activated MG (Ccl5+),0.23569924,1.0,1.0
Spp1|Cd44,Retina,MB,Proliferating MG,Proliferating MG,0.3000772,1.0,1.0
Spp1|Cd44,Retina,MB,Iron+ MG (Fth1+),MHCII+ Mac/APC,0.64209026,1.0,0.0135374727263442
Spp1|Cd44,Retina,MB,DAM-like MG,Homeostatic MG,0.270159,1.0,1.0
Spp1|Cd44,Retina,MB,DAM-like MG,DAM-like MG,0.3322881,1.0,0.8340047847683136
Spp1|Cd44,Retina,MB,DAM-like MG,BAM,0.3656879,1.0,0.399576605622143
Spp1|Cd44,Retina,MB,DAM-like MG,Activated MG (Ccl5+),0.33627474,1.0,0.7599606576578914
Spp1|Cd44,Retina,MB,Proliferating MG,B cell,0.27674848,1.0,1.0
Spp1|Cd44,Retina,MB,Proliferating MG,BAM,0.23730512,1.0,1.0
Spp1|Cd44,Retina,MB,Proliferating MG,NK cell,0.4091423,1.0,1.0
Spp1|Cd44,Retina,MB,Proliferating MG,MHCII+ Mac/APC,0.28755575,1.0,1.0
Spp1|Cd44,OpticNerve,Sham,Iron+ MG (Fth1+),Neutrophil,1.2192631,0.13544869284139,0.0007107265536792
Spp1|Cd44,OpticNerve,Sham,DAM-like MG,Neutrophil,1.1640984,0.2517252729100968,0.000858560606098
Spp1|Cd44,OpticNerve,Sham,Proliferating MG,Homeostatic MG,0.11387806,0.3397362778888244,1.0
Spp1|Cd44,OpticNerve,Sham,Proliferating MG,Neutrophil,1.0321283,0.4201387911482573,0.0038253673365801
Spp1|Cd44,OpticNerve,Sham,MHCII+ Mac/APC,NK cell,0.57351947,0.5142384771885664,0.0148887092605661
Spp1|Cd44,OpticNerve,Sham,MHCII+ Mac/APC,MHCII+ Mac/APC,0.5616886,0.5300264873413446,0.0170581936086816
Spp1|Cd44,OpticNerve,Sham,MHCII+ Mac/APC,Homeostatic MG,0.14065781,0.5821038810352535,1.0
Spp1|Cd44,OpticNerve,Sham,Iron+ MG (Fth1+),T cell,0.5158606,0.5975432586327304,0.0011270391175292
Spp1|Cd44,OpticNerve,Sham,DAM-like MG,T cell,0.46069583,0.6480798386935802,0.0040817703543231
Spp1|Cd44,OpticNerve,Sham,MHCII+ Mac/APC,Neutrophil,1.0589081,0.7374880082276154,0.000858560606098
Spp1|Cd44,OpticNerve,Sham,Iron+ MG (Fth1+),BAM,0.40447932,0.845364785811053,0.0144867654989689
Spp1|Cd44,OpticNerve,Sham,Proliferating MG,NK cell,0.5467397,0.8631259565251698,0.0257971842064491
Spp1|Cd44,OpticNerve,Sham,DAM-like MG,MHCII+ Mac/APC,0.6668789,0.8741284449813265,0.000858560606098
Spp1|Cd44,OpticNerve,Sham,Proliferating MG,MHCII+ Mac/APC,0.53490883,0.8858799511539575,0.0257971842064491
Spp1|Cd44,OpticNerve,Sham,Iron+ MG (Fth1+),NK cell,0.73387456,0.8892181496315701,0.000858560606098
Spp1|Cd44,OpticNerve,Sham,DAM-like MG,NK cell,0.67870975,0.8967440445523145,0.000858560606098
Spp1|Cd44,OpticNerve,Sham,Proliferating MG,DAM-like MG,0.19361308,0.9084803417464518,0.4707692859715122
Spp1|Cd44,OpticNerve,Sham,Proliferating MG,Proliferating MG,0.19371942,0.9087709854808828,0.5792275131453539
Spp1|Cd44,OpticNerve,Sham,Iron+ MG (Fth1+),MHCII+ Mac/APC,0.72204363,0.9260661115543812,0.000858560606098
Spp1|Cd44,OpticNerve,Sham,Iron+ MG (Fth1+),Proliferating MG,0.38085425,0.9494772628250068,0.0257971842064491
Spp1|Cd44,OpticNerve,Sham,Iron+ MG (Fth1+),DAM-like MG,0.3807479,0.9499925633375365,0.0257971842064491
Spp1|Cd44,OpticNerve,Sham,Proliferating MG,BAM,0.21734452,1.0,0.2163133277269602
Spp1|Cd44,OpticNerve,Sham,MHCII+ Mac/APC,DAM-like MG,0.22039285,1.0,0.4258755437699186
Spp1|Cd44,OpticNerve,Sham,MHCII+ Mac/APC,Proliferating MG,0.22049919,1.0,0.5273009639977467
Spp1|Cd44,OpticNerve,Sham,MHCII+ Mac/APC,BAM,0.24412428,1.0,0.3302802813832476
Spp1|Cd44,OpticNerve,Sham,MHCII+ Mac/APC,T cell,0.35550553,1.0,0.2208689573891899
Spp1|Cd44,OpticNerve,Sham,Iron+ MG (Fth1+),Homeostatic MG,0.30101287,1.0,0.0440829025637232
Spp1|Cd44,OpticNerve,Sham,Proliferating MG,T cell,0.32872579,1.0,0.0612573176543447
Spp1|Cd44,OpticNerve,Sham,DAM-like MG,Proliferating MG,0.3256895,1.0,0.0426672208889264
Spp1|Cd44,OpticNerve,Sham,DAM-like MG,Homeostatic MG,0.2458481,1.0,0.0844384744130265
Spp1|Cd44,OpticNerve,Sham,DAM-like MG,DAM-like MG,0.32558316,1.0,0.0427373078131943
Spp1|Cd44,OpticNerve,Sham,DAM-like MG,BAM,0.34931457,1.0,0.0354909610764638
Spp1|Cd44,OpticNerve,MB,BAM,Iron+ MG (Fth1+),0.12890276,0.3216254524689395,1.0
Spp1|Cd44,OpticNerve,MB,MHCII+ Mac/APC,MHCII+ Mac/APC,0.58576,0.3943308402437923,0.0228918830091272
Spp1|Cd44,OpticNerve,MB,Proliferating MG,MHCII+ Mac/APC,0.5985869,0.4293379716283148,0.0103421670839832
Spp1|Cd44,OpticNerve,MB,Iron+ MG (Fth1+),MHCII+ Mac/APC,0.9287201,0.4989812730974253,0.0021261137254306
Spp1|Cd44,OpticNerve,MB,Iron+ MG (Fth1+),Homeostatic MG,0.5386961,0.5407300842159084,0.0496315665920046
Spp1|Cd44,OpticNerve,MB,BAM,Homeostatic MG,0.15642673,0.562134059806661,1.0
Spp1|Cd44,OpticNerve,MB,Proliferating MG,NK cell,0.49591678,0.6015042673257927,0.0496315665920046
Spp1|Cd44,OpticNerve,MB,Proliferating MG,T cell,0.48923773,0.6205688354169691,0.0496315665920046
Spp1|Cd44,OpticNerve,MB,MHCII+ Mac/APC,NK cell,0.48308986,0.6421223996823099,0.1017141090968818
Spp1|Cd44,OpticNerve,MB,MHCII+ Mac/APC,Iron+ MG (Fth1+),0.16821197,0.6472802378738175,1.0
Spp1|Cd44,OpticNerve,MB,MHCII+ Mac/APC,T cell,0.4764108,0.6618535152245683,0.1119558019569382
Spp1|Cd44,OpticNerve,MB,Iron+ MG (Fth1+),NK cell,0.82605004,0.6979745605580585,0.0021261137254306
Spp1|Cd44,OpticNerve,MB,DAM-like MG,Proliferating MG,0.45813477,0.7146244496321106,0.0187377230817705
Spp1|Cd44,OpticNerve,MB,Iron+ MG (Fth1+),T cell,0.819371,0.71628617515531,0.0021261137254306
Spp1|Cd44,OpticNerve,MB,DAM-like MG,BAM,0.4573354,0.7183765445556812,0.019286662679452
Spp1|Cd44,OpticNerve,MB,DAM-like MG,DAM-like MG,0.4557982,0.723274287182896,0.0202063564329222
Spp1|Cd44,OpticNerve,MB,Proliferating MG,Iron+ MG (Fth1+),0.18103889,0.746165453229791,1.0
Spp1|Cd44,OpticNerve,MB,BAM,MHCII+ Mac/APC,0.5464508,0.7511898587439196,0.0496315665920046
Spp1|Cd44,OpticNerve,MB,DAM-like MG,T cell,0.6166711,0.8154816115616571,0.0021261137254306
Spp1|Cd44,OpticNerve,MB,DAM-like MG,NK cell,0.62335014,0.8356889075488365,0.0021261137254306
Spp1|Cd44,OpticNerve,MB,Iron+ MG (Fth1+),DAM-like MG,0.65849805,0.8522196589884892,0.0021261137254306
Spp1|Cd44,OpticNerve,MB,Iron+ MG (Fth1+),Iron+ MG (Fth1+),0.5111722,0.8566501258713359,0.0496315665920046
Spp1|Cd44,OpticNerve,MB,Iron+ MG (Fth1+),BAM,0.66003525,0.8591888682823219,0.0021261137254306
Spp1|Cd44,OpticNerve,MB,Iron+ MG (Fth1+),Proliferating MG,0.66083467,0.8632185403834682,0.0021261137254306
Spp1|Cd44,OpticNerve,MB,DAM-like MG,MHCII+ Mac/APC,0.7260203,0.9556780179911992,0.0021261137254306
Spp1|Cd44,OpticNerve,MB,BAM,NK cell,0.44378066,0.9821570050746614,0.2047739250499314
Spp1|Cd44,OpticNerve,MB,MHCII+ Mac/APC,Homeostatic MG,0.19573593,0.9908873383484266,1.0
Spp1|Cd44,OpticNerve,MB,BAM,BAM,0.2777659,1.0,1.0
Spp1|Cd44,OpticNerve,MB,Proliferating MG,BAM,0.32990202,1.0,0.2044068039530693
Spp1|Cd44,OpticNerve,MB,Proliferating MG,Homeostatic MG,0.20856285,1.0,1.0
Spp1|Cd44,OpticNerve,MB,MHCII+ Mac/APC,Proliferating MG,0.3178745,1.0,0.9090952854107256
Spp1|Cd44,OpticNerve,MB,MHCII+ Mac/APC,DAM-like MG,0.3155379,1.0,0.9338723136141448
Spp1|Cd44,OpticNerve,MB,MHCII+ Mac/APC,BAM,0.3170751,1.0,0.9168203524309658
Spp1|Cd44,OpticNerve,MB,Proliferating MG,Proliferating MG,0.3307014,1.0,0.4051660038316013
Spp1|Cd44,OpticNerve,MB,DAM-like MG,Iron+ MG (Fth1+),0.30847228,1.0,0.1483690291072968
Spp1|Cd44,OpticNerve,MB,DAM-like MG,Homeostatic MG,0.3359962,1.0,0.108700212498696
Spp1|Cd44,OpticNerve,MB,BAM,T cell,0.4371016,1.0,0.2102039585604648
Spp1|Cd44,OpticNerve,MB,BAM,Proliferating MG,0.2785653,1.0,1.0
Spp1|Cd44,OpticNerve,MB,BAM,DAM-like MG,0.2762287,1.0,1.0
Spp1|Cd44,OpticNerve,MB,Proliferating MG,DAM-like MG,0.32836482,1.0,0.247735633788034
C3|C3ar1,Retina,Sham,Neutrophil,Proliferating MG,0.64067686,0.4268463730849658,0.0037853276466249
C3|C3ar1,Retina,Sham,Neutrophil,Homeostatic MG,0.5725399,0.4449503240480669,0.0106541272734139
C3|C3ar1,Retina,Sham,Neutrophil,DAM-like MG,0.7480085,0.5703999237742974,0.0027609997879886
C3|C3ar1,Retina,Sham,Neutrophil,BAM,0.768139,0.5982431683917256,0.0027609997879886
C3|C3ar1,Retina,Sham,Neutrophil,NK cell,0.19662365,0.8808201450369422,1.0
C3|C3ar1,Retina,Sham,Neutrophil,Activated MG (Ccl5+),0.36922657,1.0,0.2273125102011018
C3|C3ar1,Retina,Sham,Neutrophil,T cell,0.37629762,1.0,0.2237943383244495
C3|C3ar1,Retina,Sham,Neutrophil,Iron+ MG (Fth1+),0.40482774,1.0,0.1169845078643399
C3|C3ar1,Retina,Sham,Neutrophil,Neutrophil,0.39821336,1.0,0.21131843552776
C3|C3ar1,Retina,Sham,Neutrophil,MHCII+ MG,0.37381408,1.0,0.1203960362670305
C3|C3ar1,Retina,MB,DAM-like MG,NK cell,0.08841005,0.0163111645114919,1.0
C3|C3ar1,Retina,MB,Neutrophil,NK cell,0.1394715,0.2360314435997293,1.0
C3|C3ar1,Retina,MB,DAM-like MG,Activated MG (Ccl5+),0.19315593,0.2846265823057115,1.0
C3|C3ar1,Retina,MB,Neutrophil,BAM,0.6729205,0.3911832984721786,0.0102620399297029
C3|C3ar1,Retina,MB,DAM-like MG,MHCII+ Mac/APC,0.22182865,0.3928466113840301,1.0
C3|C3ar1,Retina,MB,DAM-like MG,MHCII+ MG,0.24244025,0.4735228306603492,1.0
C3|C3ar1,Retina,MB,Neutrophil,DAM-like MG,0.5743613,0.4905508942111932,0.0135374727263442
C3|C3ar1,Retina,MB,Neutrophil,Proliferating MG,0.5319153,0.565531037991556,0.0135374727263442
C3|C3ar1,Retina,MB,Neutrophil,Homeostatic MG,0.4374568,0.7985611573047393,0.0135374727263442
C3|C3ar1,Retina,MB,DAM-like MG,T cell,0.32948977,0.8108316479749942,0.6103644110936521
C3|C3ar1,Retina,MB,DAM-like MG,Neutrophil,0.330904,0.8181177842840475,0.3901156024776742
C3|C3ar1,Retina,MB,Neutrophil,Iron+ MG (Fth1+),0.42469096,0.8368879777948174,0.111832892817488
C3|C3ar1,Retina,MB,DAM-like MG,Iron+ MG (Fth1+),0.3736295,0.9805409906419376,0.4816555058181576
C3|C3ar1,Retina,MB,Neutrophil,Neutrophil,0.38196546,0.990753768178581,0.0201304645192682
C3|C3ar1,Retina,MB,Neutrophil,T cell,0.38055122,0.9955137254209808,0.046909646695268
C3|C3ar1,Retina,MB,Neutrophil,Activated MG (Ccl5+),0.24421738,1.0,1.0
C3|C3ar1,Retina,MB,Neutrophil,MHCII+ MG,0.2935017,1.0,0.5793454454109552
C3|C3ar1,Retina,MB,Neutrophil,MHCII+ Mac/APC,0.2728901,1.0,0.7969225753738887
C3|C3ar1,Retina,MB,DAM-like MG,Proliferating MG,0.48085386,1.0,0.0683694085788371
C3|C3ar1,Retina,MB,DAM-like MG,DAM-like MG,0.5232999,1.0,0.0228956125016604
C3|C3ar1,Retina,MB,DAM-like MG,Homeostatic MG,0.38639534,1.0,0.1700391765058153
C3|C3ar1,Retina,MB,DAM-like MG,BAM,0.6218591,1.0,0.0135374727263442
C3|C3ar1,OpticNerve,Sham,BAM,Neutrophil,0.056613848,0.0147637526053018,1.0
C3|C3ar1,OpticNerve,Sham,Proliferating MG,Neutrophil,0.06309735,0.0320491739674359,1.0
C3|C3ar1,OpticNerve,Sham,Neutrophil,Neutrophil,0.0897722,0.1225129091566611,1.0
C3|C3ar1,OpticNerve,Sham,DAM-like MG,Neutrophil,0.11996397,0.243391645264416,1.0
C3|C3ar1,OpticNerve,Sham,BAM,T cell,0.15349144,0.3838506432585766,1.0
C3|C3ar1,OpticNerve,Sham,DAM-like MG,BAM,0.64796424,0.411131134812066,0.0031159388316981
C3|C3ar1,OpticNerve,Sham,DAM-like MG,DAM-like MG,0.6735497,0.4396762418539564,0.0025599626470288
C3|C3ar1,OpticNerve,Sham,Proliferating MG,T cell,0.15997493,0.5070587416152852,1.0
C3|C3ar1,OpticNerve,Sham,BAM,NK cell,0.18992789,0.5382973963791708,1.0
C3|C3ar1,OpticNerve,Sham,DAM-like MG,Proliferating MG,0.4990865,0.549823869101874,0.010181370870501
C3|C3ar1,OpticNerve,Sham,BAM,MHCII+ MG,0.20011197,0.5753738559265716,1.0
C3|C3ar1,OpticNerve,Sham,Neutrophil,DAM-like MG,0.643358,0.5829117691583033,0.0047876005329068
C3|C3ar1,OpticNerve,Sham,Neutrophil,BAM,0.6177725,0.619881801256438,0.0057637446556595
C3|C3ar1,OpticNerve,Sham,BAM,MHCII+ Mac/APC,0.22363396,0.6740847529389449,1.0
C3|C3ar1,OpticNerve,Sham,Proliferating MG,NK cell,0.1964114,0.684676907685732,1.0
C3|C3ar1,OpticNerve,Sham,Proliferating MG,MHCII+ MG,0.20659548,0.728567133062321,1.0
C3|C3ar1,OpticNerve,Sham,Proliferating MG,MHCII+ Mac/APC,0.23011747,0.8340736423179489,0.9059595957705902
C3|C3ar1,OpticNerve,Sham,Neutrophil,Proliferating MG,0.46889472,0.9002194558757703,0.0235174128053754
C3|C3ar1,OpticNerve,Sham,Neutrophil,T cell,0.1866498,0.9397166752458396,1.0
C3|C3ar1,OpticNerve,Sham,BAM,Iron+ MG (Fth1+),0.30804664,0.9597953717862696,0.608588410399653
C3|C3ar1,OpticNerve,Sham,DAM-like MG,Homeostatic MG,0.3773029,0.9665767537377904,0.3582128269887824
C3|C3ar1,OpticNerve,Sham,BAM,Homeostatic MG,0.3139528,0.9760485144187618,1.0
C3|C3ar1,OpticNerve,Sham,DAM-like MG,Iron+ MG (Fth1+),0.37139675,0.9985457004180956,0.1511342940033185
C3|C3ar1,OpticNerve,Sham,Neutrophil,Homeostatic MG,0.34711114,1.0,0.6247583395685786
C3|C3ar1,OpticNerve,Sham,BAM,BAM,0.58461416,1.0,0.0305561226565189
C3|C3ar1,OpticNerve,Sham,Proliferating MG,BAM,0.59109765,1.0,0.0112246995155719
C3|C3ar1,OpticNerve,Sham,Proliferating MG,DAM-like MG,0.6166831,1.0,0.0089595075475204
C3|C3ar1,OpticNerve,Sham,Proliferating MG,Homeostatic MG,0.3204363,1.0,1.0
C3|C3ar1,OpticNerve,Sham,Proliferating MG,Iron+ MG (Fth1+),0.31453013,1.0,0.3848916490484571
C3|C3ar1,OpticNerve,Sham,Proliferating MG,Proliferating MG,0.44221988,1.0,0.0578460388872339
C3|C3ar1,OpticNerve,Sham,Neutrophil,NK cell,0.22308624,1.0,1.0
C3|C3ar1,OpticNerve,Sham,DAM-like MG,T cell,0.21684155,1.0,1.0
C3|C3ar1,OpticNerve,Sham,DAM-like MG,NK cell,0.25327802,1.0,0.8307404634805725
C3|C3ar1,OpticNerve,Sham,DAM-like MG,MHCII+ MG,0.2634621,1.0,0.9337277701861996
C3|C3ar1,OpticNerve,Sham,DAM-like MG,MHCII+ Mac/APC,0.2869841,1.0,0.419655391468242
C3|C3ar1,OpticNerve,Sham,Neutrophil,MHCII+ Mac/APC,0.2567923,1.0,0.4846425391872347
C3|C3ar1,OpticNerve,Sham,BAM,Proliferating MG,0.4357364,1.0,0.1543181493134798
C3|C3ar1,OpticNerve,Sham,Neutrophil,MHCII+ MG,0.23327032,1.0,1.0
C3|C3ar1,OpticNerve,Sham,Neutrophil,Iron+ MG (Fth1+),0.34120497,1.0,0.2657837051607227
C3|C3ar1,OpticNerve,Sham,BAM,DAM-like MG,0.61019963,1.0,0.0245095735596132
C3|C3ar1,OpticNerve,MB,BAM,MHCII+ Mac/APC,0.06863636,0.0179970343392596,1.0
C3|C3ar1,OpticNerve,MB,Proliferating MG,MHCII+ Mac/APC,0.093732074,0.0710763654673898,1.0
C3|C3ar1,OpticNerve,MB,BAM,NK cell,0.095757246,0.0801803289266849,1.0
C3|C3ar1,OpticNerve,MB,DAM-like MG,MHCII+ Mac/APC,0.10883874,0.1202034065076174,1.0
C3|C3ar1,OpticNerve,MB,Proliferating MG,NK cell,0.12085296,0.2578608975270374,1.0
C3|C3ar1,OpticNerve,MB,DAM-like MG,NK cell,0.13595963,0.3768248084370849,1.0
C3|C3ar1,OpticNerve,MB,DAM-like MG,DAM-like MG,0.62301695,0.5309916838776034,0.0030398857987102
C3|C3ar1,OpticNerve,MB,DAM-like MG,BAM,0.61248827,0.5460349647277734,0.0038997517495381
C3|C3ar1,OpticNerve,MB,Proliferating MG,DAM-like MG,0.6079103,0.7153738208736942,0.0045379002142994
C3|C3ar1,OpticNerve,MB,Proliferating MG,BAM,0.5973816,0.7335170970120417,0.0066875327351002
C3|C3ar1,OpticNerve,MB,BAM,T cell,0.26224905,0.8072311751972594,1.0
C3|C3ar1,OpticNerve,MB,DAM-like MG,Proliferating MG,0.46767706,0.8156860237045541,0.0428843919130041
C3|C3ar1,OpticNerve,MB,DAM-like MG,Iron+ MG (Fth1+),0.43662828,0.8928659850003495,0.0616493537309177
C3|C3ar1,OpticNerve,MB,BAM,MHCII+ MG,0.30823758,0.992006287062423,1.0
C3|C3ar1,OpticNerve,MB,Proliferating MG,Homeostatic MG,0.3609758,1.0,1.0
C3|C3ar1,OpticNerve,MB,Proliferating MG,Iron+ MG (Fth1+),0.4215216,1.0,0.1261039442952529
C3|C3ar1,OpticNerve,MB,Proliferating MG,MHCII+ MG,0.33333328,1.0,0.8579398689421889
C3|C3ar1,OpticNerve,MB,Proliferating MG,Proliferating MG,0.45257038,1.0,0.0921572567601612
C3|C3ar1,OpticNerve,MB,Proliferating MG,T cell,0.28734478,1.0,1.0
C3|C3ar1,OpticNerve,MB,DAM-like MG,T cell,0.30245143,1.0,0.9993421930068976
C3|C3ar1,OpticNerve,MB,DAM-like MG,MHCII+ MG,0.34843996,1.0,0.7085840901714542
C3|C3ar1,OpticNerve,MB,DAM-like MG,Homeostatic MG,0.37608248,1.0,0.8273030374045918
C3|C3ar1,OpticNerve,MB,BAM,Proliferating MG,0.42747468,1.0,0.1678719493964653
C3|C3ar1,OpticNerve,MB,BAM,Iron+ MG (Fth1+),0.3964259,1.0,0.2505419758458755
C3|C3ar1,OpticNerve,MB,BAM,Homeostatic MG,0.3358801,1.0,1.0
C3|C3ar1,OpticNerve,MB,BAM,DAM-like MG,0.5828146,1.0,0.0229640828600933
C3|C3ar1,OpticNerve,MB,BAM,BAM,0.5722859,1.0,0.0261140936657348
Ccl5|Ccr5,Retina,Sham,NK cell,Homeostatic MG,2.641009,0.0001160725938029,6.167343467579342e-05
Ccl5|Ccr5,Retina,Sham,NK cell,BAM,2.4962595,0.0003474677171887,0.0003862676848849
Ccl5|Ccr5,Retina,Sham,NK cell,Proliferating MG,2.4802566,0.000435426909829,0.0004814564062425
Ccl5|Ccr5,Retina,Sham,NK cell,DAM-like MG,2.4686675,0.00048023291253,0.0005661014386506
Ccl5|Ccr5,Retina,Sham,NK cell,Neutrophil,2.392217,0.0014528477506913,0.0014036295330169
Ccl5|Ccr5,Retina,Sham,NK cell,T cell,2.3683224,0.0021460174667273,0.0019185089209808
Ccl5|Ccr5,Retina,Sham,NK cell,Activated MG (Ccl5+),2.3238783,0.0041117684145272,0.0027609997879886
Ccl5|Ccr5,Retina,Sham,NK cell,MHCII+ MG,2.317976,0.0046254563349312,0.0027609997879886
Ccl5|Ccr5,Retina,Sham,NK cell,NK cell,2.2614536,0.0120220882812264,0.0027609997879886
Ccl5|Ccr5,Retina,Sham,T cell,Homeostatic MG,1.0943241,0.2356542814644649,0.0027609997879886
Ccl5|Ccr5,Retina,Sham,DAM-like MG,BAM,0.59445953,0.4350727230224968,1.0
Ccl5|Ccr5,Retina,Sham,T cell,BAM,0.9495745,0.4507523159360108,0.0096091504720966
Ccl5|Ccr5,Retina,Sham,DAM-like MG,Proliferating MG,0.57845664,0.4577879220611852,1.0
Ccl5|Ccr5,Retina,Sham,DAM-like MG,DAM-like MG,0.5668674,0.4777934262860303,1.0
Ccl5|Ccr5,Retina,Sham,T cell,Proliferating MG,0.9335716,0.4826620023530114,0.0121409448101079
Ccl5|Ccr5,Retina,Sham,DAM-like MG,Homeostatic MG,0.7392091,0.5014803975229553,0.3562958420498046
Ccl5|Ccr5,Retina,Sham,T cell,DAM-like MG,0.9219824,0.5058991546265139,0.0141205043045456
Ccl5|Ccr5,Retina,Sham,Iron+ MG (Fth1+),T cell,0.56386334,0.5618310594577118,0.8021259022485429
Ccl5|Ccr5,Retina,Sham,Iron+ MG (Fth1+),Activated MG (Ccl5+),0.51941913,0.5851396320181796,0.650009018248839
Ccl5|Ccr5,Retina,Sham,Iron+ MG (Fth1+),MHCII+ MG,0.513517,0.604325078792424,0.5317780286527568
Ccl5|Ccr5,Retina,Sham,Iron+ MG (Fth1+),Neutrophil,0.5877578,0.6163374933902047,0.8257863720411387
Ccl5|Ccr5,Retina,Sham,Neutrophil,Homeostatic MG,0.6952315,0.6361954774090004,0.7181341869337501
Ccl5|Ccr5,Retina,Sham,T cell,Neutrophil,0.8455318,0.6748959837156643,0.0516268208088624
Ccl5|Ccr5,Retina,Sham,DAM-like MG,Neutrophil,0.4904168,0.6836397381089181,1.0
Ccl5|Ccr5,Retina,Sham,Iron+ MG (Fth1+),Homeostatic MG,0.8365501,0.6980275132732676,0.1158607720421233
Ccl5|Ccr5,Retina,Sham,T cell,T cell,0.82163733,0.7356777190677257,0.0735123191727775
Ccl5|Ccr5,Retina,Sham,DAM-like MG,T cell,0.46652234,0.7694475756745222,1.0
Ccl5|Ccr5,Retina,Sham,Iron+ MG (Fth1+),DAM-like MG,0.6642084,0.7939170439665011,0.6524651358062898
Ccl5|Ccr5,Retina,Sham,Iron+ MG (Fth1+),NK cell,0.4569946,0.8088117930961841,0.94842985628007
Ccl5|Ccr5,Retina,Sham,Iron+ MG (Fth1+),Proliferating MG,0.6757976,0.8174061930529681,0.7079778487297743
Ccl5|Ccr5,Retina,Sham,Iron+ MG (Fth1+),BAM,0.6918005,0.8535867109247066,0.672065488562911
Ccl5|Ccr5,Retina,Sham,T cell,Activated MG (Ccl5+),0.7771931,0.8587277495666308,0.1536855148734452
Ccl5|Ccr5,Retina,Sham,T cell,MHCII+ MG,0.771291,0.8768107514788736,0.1696777554454615
Ccl5|Ccr5,Retina,Sham,Neutrophil,BAM,0.5504819,0.8797996615076839,1.0
Ccl5|Ccr5,Retina,Sham,Neutrophil,Proliferating MG,0.534479,0.9122421869000084,1.0
Ccl5|Ccr5,Retina,Sham,Neutrophil,DAM-like MG,0.5228898,0.9379994257616662,1.0
Ccl5|Ccr5,Retina,Sham,DAM-like MG,Activated MG (Ccl5+),0.42207813,0.9449246748389272,1.0
Ccl5|Ccr5,Retina,Sham,DAM-like MG,MHCII+ MG,0.416176,0.9722212236524028,1.0
Ccl5|Ccr5,Retina,Sham,Neutrophil,NK cell,0.31567597,1.0,1.0
Ccl5|Ccr5,Retina,Sham,DAM-like MG,NK cell,0.3596536,1.0,1.0
Ccl5|Ccr5,Retina,Sham,Neutrophil,T cell,0.42254472,1.0,1.0
Ccl5|Ccr5,Retina,Sham,Neutrophil,Activated MG (Ccl5+),0.3781005,1.0,1.0
Ccl5|Ccr5,Retina,Sham,T cell,NK cell,0.7147686,1.0,0.4557503642954827
Ccl5|Ccr5,Retina,Sham,Neutrophil,Neutrophil,0.4464392,1.0,1.0
Ccl5|Ccr5,Retina,Sham,Neutrophil,MHCII+ MG,0.3721984,1.0,1.0
Ccl5|Ccr5,Retina,MB,NK cell,BAM,1.6180441,0.0147508330036369,0.0030660410788234
Ccl5|Ccr5,Retina,MB,NK cell,Homeostatic MG,1.5951215,0.016103442729292,0.0035762050523641
Ccl5|Ccr5,Retina,MB,NK cell,DAM-like MG,1.5513446,0.0193405159853284,0.004833337492664
Ccl5|Ccr5,Retina,MB,NK cell,Proliferating MG,1.4817102,0.0259042880738513,0.0079922617760076
Ccl5|Ccr5,Retina,MB,NK cell,T cell,1.4399716,0.0301454585676523,0.0111368404765098
Ccl5|Ccr5,Retina,MB,T cell,BAM,1.3928537,0.0355708623518282,0.0081455950395277
Ccl5|Ccr5,Retina,MB,NK cell,Neutrophil,1.3925889,0.0355993418496276,0.0135374727263442
Ccl5|Ccr5,Retina,MB,NK cell,MHCII+ MG,1.3796344,0.0375326209222011,0.0135374727263442
Ccl5|Ccr5,Retina,MB,T cell,Homeostatic MG,1.369931,0.0390963359080748,0.0097073028798562
Ccl5|Ccr5,Retina,MB,NK cell,NK cell,1.3649303,0.0396642897964086,0.0135374727263442
Ccl5|Ccr5,Retina,MB,Activated MG (Ccl5+),BAM,1.3515376,0.041974957310427,0.0108276881188281
Ccl5|Ccr5,Retina,MB,NK cell,MHCII+ Mac/APC,1.3330078,0.0455249432364557,0.0135374727263442
Ccl5|Ccr5,Retina,MB,Activated MG (Ccl5+),Homeostatic MG,1.328615,0.0466845074172105,0.0133876168448671
Ccl5|Ccr5,Retina,MB,T cell,DAM-like MG,1.3261542,0.0470090617440513,0.0135374727263442
Ccl5|Ccr5,Retina,MB,NK cell,pDC,1.3214202,0.0479890640966622,0.0135374727263442
Ccl5|Ccr5,Retina,MB,NK cell,Activated MG (Ccl5+),1.3112638,0.0506489883536279,0.0135374727263442
Ccl5|Ccr5,Retina,MB,Activated MG (Ccl5+),DAM-like MG,1.2848381,0.0582387838327594,0.0135374727263442
Ccl5|Ccr5,Retina,MB,T cell,Proliferating MG,1.2565197,0.0654848218033368,0.0135374727263442
Ccl5|Ccr5,Retina,MB,Activated MG (Ccl5+),Proliferating MG,1.2152035,0.0770922337212585,0.0135374727263442
Ccl5|Ccr5,Retina,MB,T cell,T cell,1.2147812,0.0772561998719667,0.0135374727263442
Ccl5|Ccr5,Retina,MB,Activated MG (Ccl5+),T cell,1.173465,0.0941905419259487,0.0135374727263442
Ccl5|Ccr5,Retina,MB,T cell,Neutrophil,1.1673985,0.0968585820623617,0.0135374727263442
Ccl5|Ccr5,Retina,MB,T cell,MHCII+ MG,1.1544439,0.103841694915814,0.0135374727263442
Ccl5|Ccr5,Retina,MB,T cell,NK cell,1.1397398,0.1122106876836516,0.0135374727263442
Ccl5|Ccr5,Retina,MB,Activated MG (Ccl5+),Neutrophil,1.1260823,0.1199181291634207,0.0135374727263442
Ccl5|Ccr5,Retina,MB,Activated MG (Ccl5+),MHCII+ MG,1.1131277,0.127494787684941,0.0135374727263442
Ccl5|Ccr5,Retina,MB,T cell,MHCII+ Mac/APC,1.1078174,0.1307610234582131,0.0135374727263442
Ccl5|Ccr5,Retina,MB,Activated MG (Ccl5+),NK cell,1.0984237,0.1359683786365392,0.0135374727263442
Ccl5|Ccr5,Retina,MB,T cell,pDC,1.0962298,0.1370314034354469,0.0135374727263442
Ccl5|Ccr5,Retina,MB,T cell,Activated MG (Ccl5+),1.0860734,0.1436501334121556,0.0135374727263442
Ccl5|Ccr5,Retina,MB,Activated MG (Ccl5+),MHCII+ Mac/APC,1.0665013,0.156171986667386,0.0135374727263442
Ccl5|Ccr5,Retina,MB,Activated MG (Ccl5+),pDC,1.0549138,0.1641603951415249,0.0156332246580052
Ccl5|Ccr5,Retina,MB,Activated MG (Ccl5+),Activated MG (Ccl5+),1.0447572,0.1716760473137603,0.0183696338955152
Ccl5|Ccr5,Retina,MB,Neutrophil,BAM,0.94941074,0.2684330652805961,0.3501251336151735
Ccl5|Ccr5,Retina,MB,NK cell,Iron+ MG (Fth1+),1.1447716,0.2911127271585072,0.1647416858801607
Ccl5|Ccr5,Retina,MB,MHCII+ Mac/APC,BAM,0.929612,0.2945095951149236,0.4195266876912125
Ccl5|Ccr5,Retina,MB,Neutrophil,Homeostatic MG,0.9264881,0.2988155707718709,0.4176036747308898
Ccl5|Ccr5,Retina,MB,MHCII+ Mac/APC,Homeostatic MG,0.90668935,0.3274214978231403,0.2147475422775805
Ccl5|Ccr5,Retina,MB,Neutrophil,DAM-like MG,0.88271123,0.3682599223583104,0.7101230151528399
Ccl5|Ccr5,Retina,MB,DAM-like MG,T cell,0.54605496,0.3863469947688746,1.0
Ccl5|Ccr5,Retina,MB,Proliferating MG,BAM,0.69237775,0.3977512535478042,1.0
Ccl5|Ccr5,Retina,MB,MHCII+ Mac/APC,DAM-like MG,0.8629125,0.4055692191222474,0.8419645305168859
Ccl5|Ccr5,Retina,MB,Proliferating MG,Homeostatic MG,0.6694551,0.4246286709160633,1.0
Ccl5|Ccr5,Retina,MB,DAM-like MG,Proliferating MG,0.58779347,0.4255774212932716,1.0
Ccl5|Ccr5,Retina,MB,BAM,BAM,0.6888052,0.4351996360078654,1.0
Ccl5|Ccr5,Retina,MB,BAM,Homeostatic MG,0.6658826,0.4639929581055895,1.0
Ccl5|Ccr5,Retina,MB,DAM-like MG,Neutrophil,0.4986722,0.4717466221380038,1.0
Ccl5|Ccr5,Retina,MB,T cell,Iron+ MG (Fth1+),0.9195812,0.481367523896,0.4778335665766604
Ccl5|Ccr5,Retina,MB,Proliferating MG,DAM-like MG,0.62567824,0.4830124003178194,1.0
Ccl5|Ccr5,Retina,MB,Iron+ MG (Fth1+),Activated MG (Ccl5+),0.48755533,0.4842559394960951,1.0
Ccl5|Ccr5,Retina,MB,DAM-like MG,MHCII+ MG,0.48571765,0.4994564685876026,1.0
Ccl5|Ccr5,Retina,MB,Neutrophil,Proliferating MG,0.81307673,0.5089121121768789,1.0
Ccl5|Ccr5,Retina,MB,Iron+ MG (Fth1+),pDC,0.49771178,0.510991781145276,1.0
Ccl5|Ccr5,Retina,MB,Neutrophil,Iron+ MG (Fth1+),0.47613823,0.5139283305498372,1.0
Ccl5|Ccr5,Retina,MB,BAM,DAM-like MG,0.6221057,0.5223749223766845,1.0
Ccl5|Ccr5,Retina,MB,Activated MG (Ccl5+),Iron+ MG (Fth1+),0.8782651,0.5286324153846584,0.5829815610511538
Ccl5|Ccr5,Retina,MB,DAM-like MG,NK cell,0.4710136,0.5305402906071618,1.0
Ccl5|Ccr5,Retina,MB,DAM-like MG,DAM-like MG,0.65742797,0.5380155965682645,1.0
Ccl5|Ccr5,Retina,MB,Iron+ MG (Fth1+),MHCII+ Mac/APC,0.5092994,0.5413362539866466,1.0
Ccl5|Ccr5,Retina,MB,Iron+ MG (Fth1+),BAM,0.79433566,0.551252625475108,1.0
Ccl5|Ccr5,Retina,MB,MHCII+ Mac/APC,Proliferating MG,0.793278,0.5535141188517911,1.0
Ccl5|Ccr5,Retina,MB,MHCII+ Mac/APC,Iron+ MG (Fth1+),0.45633948,0.5792663782822618,1.0
Ccl5|Ccr5,Retina,MB,Proliferating MG,Proliferating MG,0.55604374,0.6008916124179824,1.0
Ccl5|Ccr5,Retina,MB,DAM-like MG,Homeostatic MG,0.70120484,0.6099117037591602,1.0
Ccl5|Ccr5,Retina,MB,Iron+ MG (Fth1+),Homeostatic MG,0.771413,0.6107878834331577,1.0
Ccl5|Ccr5,Retina,MB,Neutrophil,T cell,0.7713382,0.6108854282812682,1.0
Ccl5|Ccr5,Retina,MB,Iron+ MG (Fth1+),NK cell,0.5412218,0.6264350806271815,1.0
Ccl5|Ccr5,Retina,MB,DAM-like MG,BAM,0.7241275,0.6433391675288126,1.0
Ccl5|Ccr5,Retina,MB,DAM-like MG,MHCII+ Mac/APC,0.4390912,0.6437040167253968,1.0
Ccl5|Ccr5,Retina,MB,BAM,Proliferating MG,0.5524712,0.6454881473380809,1.0
Ccl5|Ccr5,Retina,MB,MHCII+ Mac/APC,T cell,0.75153947,0.6635019350697152,1.0
Ccl5|Ccr5,Retina,MB,Iron+ MG (Fth1+),MHCII+ MG,0.55592585,0.6648716205847571,1.0
Ccl5|Ccr5,Retina,MB,Proliferating MG,T cell,0.51430523,0.6852236404576313,1.0
Ccl5|Ccr5,Retina,MB,DAM-like MG,pDC,0.4275036,0.6912588522644793,1.0
Ccl5|Ccr5,Retina,MB,Iron+ MG (Fth1+),Neutrophil,0.5688804,0.697928639388758,1.0
Ccl5|Ccr5,Retina,MB,Iron+ MG (Fth1+),DAM-like MG,0.72763616,0.7315147748660016,1.0
Ccl5|Ccr5,Retina,MB,DAM-like MG,Activated MG (Ccl5+),0.41734713,0.7345922040033857,1.0
Ccl5|Ccr5,Retina,MB,BAM,T cell,0.5107327,0.736169090783322,1.0
Ccl5|Ccr5,Retina,MB,Neutrophil,Neutrophil,0.72395545,0.7435329487941356,1.0
Ccl5|Ccr5,Retina,MB,Neutrophil,MHCII+ MG,0.7110009,0.7862642603570402,1.0
Ccl5|Ccr5,Retina,MB,Proliferating MG,Neutrophil,0.46692246,0.8038648596385025,1.0
Ccl5|Ccr5,Retina,MB,MHCII+ Mac/APC,Neutrophil,0.7041567,0.8083145109724509,1.0
Ccl5|Ccr5,Retina,MB,Iron+ MG (Fth1+),T cell,0.61626315,0.815801752326381,1.0
Ccl5|Ccr5,Retina,MB,Neutrophil,NK cell,0.6962968,0.8355806315863603,1.0
Ccl5|Ccr5,Retina,MB,Proliferating MG,MHCII+ MG,0.45396793,0.8386082317101713,1.0
Ccl5|Ccr5,Retina,MB,MHCII+ Mac/APC,MHCII+ MG,0.69120216,0.8529235378867284,1.0
Ccl5|Ccr5,Retina,MB,BAM,Neutrophil,0.46334994,0.857170598645736,1.0
Ccl5|Ccr5,Retina,MB,Proliferating MG,NK cell,0.43926385,0.882902653453399,1.0
Ccl5|Ccr5,Retina,MB,BAM,MHCII+ MG,0.4503954,0.8940564206172039,1.0
Ccl5|Ccr5,Retina,MB,MHCII+ Mac/APC,NK cell,0.67649806,0.9022254793678844,1.0
Ccl5|Ccr5,Retina,MB,Iron+ MG (Fth1+),Proliferating MG,0.65800166,0.9103916114395756,1.0
Ccl5|Ccr5,Retina,MB,BAM,Iron+ MG (Fth1+),0.21553272,0.9128592834519188,1.0
Ccl5|Ccr5,Retina,MB,BAM,NK cell,0.43569136,0.9408122489002286,1.0
Ccl5|Ccr5,Retina,MB,Neutrophil,MHCII+ Mac/APC,0.6643745,0.9476718374227292,1.0
Ccl5|Ccr5,Retina,MB,Proliferating MG,Iron+ MG (Fth1+),0.21910523,0.9739854724256044,1.0
Ccl5|Ccr5,Retina,MB,Proliferating MG,MHCII+ Mac/APC,0.40734145,0.9897358285214988,1.0
Ccl5|Ccr5,Retina,MB,Neutrophil,pDC,0.65278685,0.9898354114077844,1.0
Ccl5|Ccr5,Retina,MB,Proliferating MG,pDC,0.39575386,1.0,1.0
Ccl5|Ccr5,Retina,MB,Neutrophil,Activated MG (Ccl5+),0.6426304,1.0,1.0
Ccl5|Ccr5,Retina,MB,MHCII+ Mac/APC,pDC,0.6329881,1.0,1.0
Ccl5|Ccr5,Retina,MB,MHCII+ Mac/APC,MHCII+ Mac/APC,0.6445757,1.0,1.0
Ccl5|Ccr5,Retina,MB,MHCII+ Mac/APC,Activated MG (Ccl5+),0.62283164,1.0,1.0
Ccl5|Ccr5,Retina,MB,Iron+ MG (Fth1+),Iron+ MG (Fth1+),0.32106316,1.0,1.0
Ccl5|Ccr5,Retina,MB,DAM-like MG,Iron+ MG (Fth1+),0.25085497,1.0,1.0
Ccl5|Ccr5,Retina,MB,Proliferating MG,Activated MG (Ccl5+),0.3855974,1.0,1.0
Ccl5|Ccr5,Retina,MB,BAM,pDC,0.39218134,1.0,1.0
Ccl5|Ccr5,Retina,MB,BAM,MHCII+ Mac/APC,0.40376896,1.0,1.0
Ccl5|Ccr5,Retina,MB,BAM,Activated MG (Ccl5+),0.38202488,1.0,1.0
Ccl5|Ccr5,OpticNerve,Sham,NK cell,Homeostatic MG,1.9364676,0.0028135452570364,0.000858560606098
Ccl5|Ccr5,OpticNerve,Sham,NK cell,BAM,1.8387179,0.0049590498115335,0.000858560606098
Ccl5|Ccr5,OpticNerve,Sham,NK cell,MHCII+ MG,1.8206072,0.0054665543772765,0.000858560606098
Ccl5|Ccr5,OpticNerve,Sham,NK cell,Proliferating MG,1.7596555,0.0073401089351987,0.000858560606098
Ccl5|Ccr5,OpticNerve,Sham,T cell,Homeostatic MG,1.7461078,0.0077387060952458,0.000858560606098
Ccl5|Ccr5,OpticNerve,Sham,NK cell,DAM-like MG,1.6963536,0.0095064460268877,0.000858560606098
Ccl5|Ccr5,OpticNerve,Sham,NK cell,T cell,1.6790235,0.010419909527113,0.000858560606098
Ccl5|Ccr5,OpticNerve,Sham,T cell,BAM,1.6483581,0.0125569353898399,0.000858560606098
Ccl5|Ccr5,OpticNerve,Sham,T cell,MHCII+ MG,1.6302474,0.0136559811518747,0.000858560606098
Ccl5|Ccr5,OpticNerve,Sham,T cell,Proliferating MG,1.5692956,0.0183361058885459,0.000858560606098
Ccl5|Ccr5,OpticNerve,Sham,NK cell,NK cell,1.5859511,0.0190543092103774,0.000858560606098
Ccl5|Ccr5,OpticNerve,Sham,NK cell,MHCII+ Mac/APC,1.5676844,0.0237522692444032,0.0010329419628866
Ccl5|Ccr5,OpticNerve,Sham,T cell,DAM-like MG,1.5059937,0.0249387564121634,0.000858560606098
Ccl5|Ccr5,OpticNerve,Sham,T cell,T cell,1.4886637,0.0271209196646749,0.000858560606098
Ccl5|Ccr5,OpticNerve,Sham,T cell,NK cell,1.3955913,0.0454213678880028,0.0016993426375157
Ccl5|Ccr5,OpticNerve,Sham,T cell,MHCII+ Mac/APC,1.3773246,0.0502290291895398,0.0021576841552849
Ccl5|Ccr5,OpticNerve,Sham,NK cell,Iron+ MG (Fth1+),1.4458916,0.1024510154830016,0.0092263500743189
Ccl5|Ccr5,OpticNerve,Sham,NK cell,Neutrophil,1.430106,0.1244132093045841,0.013800673473088
Ccl5|Ccr5,OpticNerve,Sham,T cell,Iron+ MG (Fth1+),1.2555318,0.1593880353263659,0.0222462225226475
Ccl5|Ccr5,OpticNerve,Sham,T cell,Neutrophil,1.2397462,0.191532720411967,0.0257971842064491
Ccl5|Ccr5,OpticNerve,Sham,MHCII+ Mac/APC,Proliferating MG,0.623197,0.4074082280374397,1.0
Ccl5|Ccr5,OpticNerve,Sham,MHCII+ Mac/APC,DAM-like MG,0.55989516,0.4226361957235148,1.0
Ccl5|Ccr5,OpticNerve,Sham,MHCII+ Mac/APC,T cell,0.5425651,0.449303088576083,1.0
Ccl5|Ccr5,OpticNerve,Sham,MHCII+ Mac/APC,MHCII+ MG,0.6841488,0.4792424392787842,1.0
Ccl5|Ccr5,OpticNerve,Sham,MHCII+ Mac/APC,BAM,0.7022596,0.5011182908405346,1.0
Ccl5|Ccr5,OpticNerve,Sham,MHCII+ Mac/APC,Homeostatic MG,0.8000093,0.6130586839088479,0.4775105529315389
Ccl5|Ccr5,OpticNerve,Sham,MHCII+ Mac/APC,NK cell,0.44949275,0.6793155286386277,1.0
Ccl5|Ccr5,OpticNerve,Sham,MHCII+ Mac/APC,MHCII+ Mac/APC,0.43122604,0.7408298810861639,1.0
Ccl5|Ccr5,OpticNerve,Sham,MHCII+ Mac/APC,Neutrophil,0.29364765,1.0,1.0
Ccl5|Ccr5,OpticNerve,Sham,MHCII+ Mac/APC,Iron+ MG (Fth1+),0.3094332,1.0,1.0
Ccl5|Ccr5,OpticNerve,MB,NK cell,Homeostatic MG,1.8381505,0.0083115242847258,0.0002288243232425
Ccl5|Ccr5,OpticNerve,MB,NK cell,Proliferating MG,1.6193485,0.0214132679519315,0.0013989124925949
Ccl5|Ccr5,OpticNerve,MB,NK cell,DAM-like MG,1.6108682,0.0223887834368652,0.0015224244292625
Ccl5|Ccr5,OpticNerve,MB,T cell,Homeostatic MG,1.6027479,0.0234812045900568,0.0009748679009755
Ccl5|Ccr5,OpticNerve,MB,NK cell,BAM,1.5887727,0.0248448739276794,0.0019108353451473
Ccl5|Ccr5,OpticNerve,MB,NK cell,MHCII+ MG,1.5572935,0.0285208451147283,0.0021261137254306
Ccl5|Ccr5,OpticNerve,MB,NK cell,NK cell,1.517623,0.0342576677845027,0.0021261137254306
Ccl5|Ccr5,OpticNerve,MB,NK cell,T cell,1.3947343,0.0612182510253477,0.0021261137254306
Ccl5|Ccr5,OpticNerve,MB,T cell,Proliferating MG,1.383946,0.065137946497722,0.0021261137254306
Ccl5|Ccr5,OpticNerve,MB,T cell,DAM-like MG,1.3754656,0.0688504783622067,0.0021261137254306
Ccl5|Ccr5,OpticNerve,MB,T cell,BAM,1.35337,0.0781663175539481,0.0021261137254306
Ccl5|Ccr5,OpticNerve,MB,T cell,MHCII+ MG,1.3218908,0.0916454441192227,0.0021261137254306
Ccl5|Ccr5,OpticNerve,MB,T cell,NK cell,1.2822204,0.1134381014479772,0.0021261137254306
Ccl5|Ccr5,OpticNerve,MB,T cell,T cell,1.1593316,0.1927048965657119,0.0021261137254306
Ccl5|Ccr5,OpticNerve,MB,NK cell,MHCII+ Mac/APC,1.285339,0.1989879046180802,0.0075974210544278
Ccl5|Ccr5,OpticNerve,MB,T cell,MHCII+ Mac/APC,1.0499364,0.3313892241039134,0.0410664340762332
Ccl5|Ccr5,OpticNerve,MB,NK cell,Iron+ MG (Fth1+),1.2250284,0.4075647938763491,0.0463786078293038
Ccl5|Ccr5,OpticNerve,MB,T cell,Iron+ MG (Fth1+),0.98962575,0.5991341875219862,0.0496315665920046
Cxcl10|Cxcr3,Retina,Sham,DAM-like MG,T cell,0.14677249,0.4547419339254679,0.0027609997879886
Cxcl10|Cxcr3,Retina,Sham,DAM-like MG,NK cell,0.16504067,0.6017731163972635,0.0027652292281307
Cxcl10|Cxcr3,Retina,Sham,Proliferating MG,T cell,0.17174749,0.6757802046575851,0.0027609997879886
Cxcl10|Cxcr3,Retina,Sham,Proliferating MG,NK cell,0.19001567,0.856626909078219,0.0027609997879886
Cxcl10|Cxcr3,Retina,MB,Proliferating MG,T cell,0.15896147,0.3562284036843712,0.0135374727263442
Cxcl10|Cxcr3,Retina,MB,Proliferating MG,pDC,0.2071183,0.9703374240283212,0.0135374727263442
Cxcl10|Cxcr3,Retina,MB,Proliferating MG,NK cell,0.2128927,1.0,0.0135374727263442
Cxcl10|Cxcr3,OpticNerve,Sham,Proliferating MG,MHCII+ Mac/APC,0.16065013,0.7800754651455043,0.01016648310714
Cxcl10|Cxcr3,OpticNerve,Sham,Proliferating MG,NK cell,0.34921256,1.0,0.000858560606098
Cxcl10|Cxcr3,OpticNerve,Sham,Proliferating MG,T cell,0.29902327,1.0,0.000858560606098
Cxcl10|Cxcr3,OpticNerve,MB,Proliferating MG,MHCII+ Mac/APC,0.14749545,0.4918647242682523,0.0021356905056032
Cxcl10|Cxcr3,OpticNerve,MB,Proliferating MG,NK cell,0.3549718,1.0,0.0021261137254306
Cxcl10|Cxcr3,OpticNerve,MB,Proliferating MG,T cell,0.30998877,1.0,0.0021261137254306
Gas6|Axl,Retina,Sham,Proliferating MG,BAM,0.55016553,0.4983732718149917,0.0061446129240112
Gas6|Axl,Retina,Sham,BAM,Iron+ MG (Fth1+),0.5637219,0.5145250681916529,0.0067598150393771
Gas6|Axl,Retina,Sham,BAM,Proliferating MG,0.57968646,0.5824891443155096,0.0056793887821214
Gas6|Axl,Retina,Sham,Iron+ MG (Fth1+),Proliferating MG,0.518258,0.5883307068219266,0.0104499724648955
Gas6|Axl,Retina,Sham,T cell,BAM,0.5177947,0.5897971744666901,0.0207971698873798
Gas6|Axl,Retina,Sham,BAM,Homeostatic MG,0.5151994,0.5989168710908056,0.0396045647964661
Gas6|Axl,Retina,Sham,BAM,T cell,0.5101982,0.6177126251148407,0.0207293328081264
Gas6|Axl,Retina,Sham,DAM-like MG,DAM-like MG,0.5095497,0.619916862783641,0.0105639341105073
Gas6|Axl,Retina,Sham,Neutrophil,BAM,0.5081935,0.6239255620727571,0.0340049877183268
Gas6|Axl,Retina,Sham,Iron+ MG (Fth1+),Iron+ MG (Fth1+),0.50229347,0.6455027865433498,0.0516268208088624
Gas6|Axl,Retina,Sham,Homeostatic MG,BAM,0.60018075,0.6494785611087968,0.0038004916843224
Gas6|Axl,Retina,Sham,Iron+ MG (Fth1+),DAM-like MG,0.58826447,0.7008610140673587,0.0048286745063173
Gas6|Axl,Retina,Sham,Homeostatic MG,DAM-like MG,0.47454795,0.7361663573846581,0.0321959061465019
Gas6|Axl,Retina,Sham,DAM-like MG,BAM,0.63518244,0.803061127382175,0.0028499347289028
Gas6|Axl,Retina,Sham,BAM,Neutrophil,0.47092187,0.8032251290340482,0.195491885488906
Gas6|Axl,Retina,Sham,Iron+ MG (Fth1+),Homeostatic MG,0.45377094,0.8192319627802832,0.0516268208088624
Gas6|Axl,Retina,Sham,Iron+ MG (Fth1+),T cell,0.4487697,0.837976785891636,0.065847470382053
Gas6|Axl,Retina,Sham,BAM,BAM,0.7753258,0.8637809579942337,0.0027609997879886
Gas6|Axl,Retina,Sham,DAM-like MG,Proliferating MG,0.4395432,0.8742371403077664,0.0542564823210061
Gas6|Axl,Retina,Sham,BAM,DAM-like MG,0.649693,0.8825896298244227,0.0028346679372999
Gas6|Axl,Retina,Sham,Proliferating MG,DAM-like MG,0.42453277,0.933280671888578,0.0908291747371641
Gas6|Axl,Retina,Sham,DAM-like MG,Iron+ MG (Fth1+),0.42357862,0.9369090551676648,0.0931130649989355
Gas6|Axl,Retina,Sham,Neutrophil,Neutrophil,0.20378962,0.9620803408533743,1.0
Gas6|Axl,Retina,Sham,DAM-like MG,Neutrophil,0.3307786,1.0,1.0
Gas6|Axl,Retina,Sham,Neutrophil,T cell,0.2430659,1.0,1.0
Gas6|Axl,Retina,Sham,Neutrophil,DAM-like MG,0.3825607,1.0,0.3239326768674597
Gas6|Axl,Retina,Sham,DAM-like MG,T cell,0.37005484,1.0,0.3742287028924722
Gas6|Axl,Retina,Sham,Proliferating MG,Homeostatic MG,0.2900392,1.0,1.0
Gas6|Axl,Retina,Sham,Proliferating MG,Iron+ MG (Fth1+),0.3385617,1.0,0.4395969967243245
Gas6|Axl,Retina,Sham,DAM-like MG,Homeostatic MG,0.37505612,1.0,0.7691328755923934
Gas6|Axl,Retina,Sham,Proliferating MG,Neutrophil,0.24576168,1.0,1.0
Gas6|Axl,Retina,Sham,Proliferating MG,Proliferating MG,0.35452628,1.0,0.456300953618782
Gas6|Axl,Retina,Sham,Neutrophil,Proliferating MG,0.3125542,1.0,1.0
Gas6|Axl,Retina,Sham,Proliferating MG,T cell,0.28503793,1.0,1.0
Gas6|Axl,Retina,Sham,Homeostatic MG,Homeostatic MG,0.3400544,1.0,1.0
Gas6|Axl,Retina,Sham,Neutrophil,Homeostatic MG,0.24806714,1.0,1.0
Gas6|Axl,Retina,Sham,Homeostatic MG,Iron+ MG (Fth1+),0.3885769,1.0,0.1396292865314161
Gas6|Axl,Retina,Sham,T cell,DAM-like MG,0.392162,1.0,0.324145737899062
Gas6|Axl,Retina,Sham,Homeostatic MG,Neutrophil,0.29577684,1.0,1.0
Gas6|Axl,Retina,Sham,T cell,Homeostatic MG,0.25766844,1.0,1.0
Gas6|Axl,Retina,Sham,T cell,Iron+ MG (Fth1+),0.30619094,1.0,0.9702557503003512
Gas6|Axl,Retina,Sham,Neutrophil,Iron+ MG (Fth1+),0.29658964,1.0,1.0
Gas6|Axl,Retina,Sham,Homeostatic MG,Proliferating MG,0.40454143,1.0,0.1840128551842503
Gas6|Axl,Retina,Sham,Homeostatic MG,T cell,0.33505315,1.0,0.8539146049615877
Gas6|Axl,Retina,Sham,T cell,Neutrophil,0.2133909,1.0,1.0
Gas6|Axl,Retina,Sham,T cell,Proliferating MG,0.32215548,1.0,1.0
Gas6|Axl,Retina,Sham,Iron+ MG (Fth1+),Neutrophil,0.4094934,1.0,0.4531418664390852
Gas6|Axl,Retina,Sham,Iron+ MG (Fth1+),BAM,0.7138972,1.0,0.0027609997879886
Gas6|Axl,Retina,Sham,T cell,T cell,0.2526672,1.0,1.0
Gas6|Axl,Retina,MB,Iron+ MG (Fth1+),BAM,0.8301333,0.4700272408883744,0.0007293302264468
Gas6|Axl,Retina,MB,Homeostatic MG,DAM-like MG,0.4801674,0.5013939643108415,0.0135374727263442
Gas6|Axl,Retina,MB,T cell,BAM,0.6759515,0.5173488035576094,0.0135374727263442
Gas6|Axl,Retina,MB,DAM-like MG,Proliferating MG,0.4730597,0.5240752701935499,0.0243758264227791
Gas6|Axl,Retina,MB,Proliferating MG,DAM-like MG,0.4606186,0.5639751628435274,0.0735244528320567
Gas6|Axl,Retina,MB,Neutrophil,BAM,0.68237853,0.5730945945434333,0.0135374727263442
Gas6|Axl,Retina,MB,BAM,BAM,0.68299943,0.5784527906222462,0.0135374727263442
Gas6|Axl,Retina,MB,DAM-like MG,BAM,0.7829714,0.580518523070584,0.0028203053145044
Gas6|Axl,Retina,MB,Iron+ MG (Fth1+),Homeostatic MG,0.44783056,0.6096083162495057,0.0135374727263442
Gas6|Axl,Retina,MB,Iron+ MG (Fth1+),T cell,0.44614768,0.6160978909670852,0.0135374727263442
Gas6|Axl,Retina,MB,Iron+ MG (Fth1+),Neutrophil,0.4414512,0.6347486576679757,0.0135374727263442
Gas6|Axl,Retina,MB,BAM,DAM-like MG,0.43626708,0.6555745616835577,0.0662063027782977
Gas6|Axl,Retina,MB,Neutrophil,DAM-like MG,0.4356462,0.6585864470744088,0.0309813677301604
Gas6|Axl,Retina,MB,Iron+ MG (Fth1+),Proliferating MG,0.52022165,0.6743699955590724,0.0135374727263442
Gas6|Axl,Retina,MB,DAM-like MG,DAM-like MG,0.536239,0.6806055631585977,0.0135374727263442
Gas6|Axl,Retina,MB,T cell,DAM-like MG,0.42921913,0.6862861502967762,0.076923625394021
Gas6|Axl,Retina,MB,Homeostatic MG,BAM,0.72689974,0.734410327943231,0.004129126400931
Gas6|Axl,Retina,MB,Homeostatic MG,Proliferating MG,0.41698807,0.7366334462079562,0.0483513395958457
Gas6|Axl,Retina,MB,Iron+ MG (Fth1+),MHCII+ Mac/APC,0.40936154,0.7729677772399443,0.0177391646953427
Gas6|Axl,Retina,MB,Proliferating MG,BAM,0.70735097,0.7802477648338813,0.0127067330399197
Gas6|Axl,Retina,MB,DAM-like MG,Homeostatic MG,0.40066862,0.8197170647237013,0.0582216071409963
Gas6|Axl,Retina,MB,DAM-like MG,T cell,0.39898574,0.8268177867266124,0.0878068244934321
Gas6|Axl,Retina,MB,Proliferating MG,Proliferating MG,0.39743927,0.8342619574925432,0.2719211904909722
Gas6|Axl,Retina,MB,DAM-like MG,Neutrophil,0.39428926,0.84693802389571,0.0573968085803357
Gas6|Axl,Retina,MB,Iron+ MG (Fth1+),DAM-like MG,0.58340096,0.8956070538068803,0.0135374727263442
Gas6|Axl,Retina,MB,T cell,Iron+ MG (Fth1+),0.20112827,0.8986957619718703,1.0
Gas6|Axl,Retina,MB,BAM,Proliferating MG,0.37308776,0.9635117549621894,0.3378971287024703
Gas6|Axl,Retina,MB,Neutrophil,Proliferating MG,0.3724669,0.9659571865585336,0.2468219227008073
Gas6|Axl,Retina,MB,Neutrophil,Iron+ MG (Fth1+),0.20755532,0.9745323410789912,1.0
Gas6|Axl,Retina,MB,BAM,Iron+ MG (Fth1+),0.2081762,0.9823594664066158,1.0
Gas6|Axl,Retina,MB,Proliferating MG,MHCII+ Mac/APC,0.28657916,1.0,0.9321861283240024
Gas6|Axl,Retina,MB,Neutrophil,Homeostatic MG,0.3000758,1.0,0.5214258147546615
Gas6|Axl,Retina,MB,T cell,Homeostatic MG,0.29364872,1.0,0.6386228201733831
Gas6|Axl,Retina,MB,Proliferating MG,T cell,0.3233653,1.0,0.7027669644389228
Gas6|Axl,Retina,MB,Neutrophil,MHCII+ Mac/APC,0.26160678,1.0,1.0
Gas6|Axl,Retina,MB,T cell,MHCII+ Mac/APC,0.2551797,1.0,1.0
Gas6|Axl,Retina,MB,T cell,Neutrophil,0.28726935,1.0,0.8829964208122203
Gas6|Axl,Retina,MB,Neutrophil,Neutrophil,0.2936964,1.0,0.7632100346168332
Gas6|Axl,Retina,MB,T cell,Proliferating MG,0.3660398,1.0,0.2822670327908599
Gas6|Axl,Retina,MB,Iron+ MG (Fth1+),Iron+ MG (Fth1+),0.35531008,1.0,0.5119446444846748
Gas6|Axl,Retina,MB,T cell,T cell,0.29196584,1.0,0.8116490554692699
Gas6|Axl,Retina,MB,Homeostatic MG,T cell,0.3429141,1.0,0.177856498789744
Gas6|Axl,Retina,MB,Neutrophil,T cell,0.29839292,1.0,0.6707713066532967
Gas6|Axl,Retina,MB,Homeostatic MG,Neutrophil,0.33821762,1.0,0.1971876898661134
Gas6|Axl,Retina,MB,Homeostatic MG,MHCII+ Mac/APC,0.30612797,1.0,0.5119446444846748
Gas6|Axl,Retina,MB,Homeostatic MG,Iron+ MG (Fth1+),0.2520765,1.0,1.0
Gas6|Axl,Retina,MB,Homeostatic MG,Homeostatic MG,0.34459698,1.0,0.1711851154874718
Gas6|Axl,Retina,MB,DAM-like MG,MHCII+ Mac/APC,0.3621996,1.0,0.0779945352110998
Gas6|Axl,Retina,MB,DAM-like MG,Iron+ MG (Fth1+),0.30814815,1.0,0.7410160891249012
Gas6|Axl,Retina,MB,Proliferating MG,Neutrophil,0.31866878,1.0,0.5333086372914294
Gas6|Axl,Retina,MB,BAM,T cell,0.2990138,1.0,0.6974302012259518
Gas6|Axl,Retina,MB,BAM,Neutrophil,0.29431728,1.0,0.7298657762380892
Gas6|Axl,Retina,MB,BAM,MHCII+ Mac/APC,0.26222765,1.0,1.0
Gas6|Axl,Retina,MB,BAM,Homeostatic MG,0.30069667,1.0,0.583272324056367
Gas6|Axl,Retina,MB,Proliferating MG,Homeostatic MG,0.32504818,1.0,0.5396535920063572
Gas6|Axl,Retina,MB,Proliferating MG,Iron+ MG (Fth1+),0.2325277,1.0,1.0
Gas6|Axl,OpticNerve,Sham,Proliferating MG,Neutrophil,0.1030584,0.2475826072975945,1.0
Gas6|Axl,OpticNerve,Sham,Proliferating MG,NK cell,0.103792146,0.254209614254493,1.0
Gas6|Axl,OpticNerve,Sham,DAM-like MG,Neutrophil,0.11725935,0.3499601914476171,1.0
Gas6|Axl,OpticNerve,Sham,DAM-like MG,NK cell,0.11799311,0.3577807412909791,1.0
Gas6|Axl,OpticNerve,Sham,Homeostatic MG,Neutrophil,0.12332812,0.3942976867020633,1.0
Gas6|Axl,OpticNerve,Sham,Homeostatic MG,NK cell,0.12406187,0.4027024482131613,1.0
Gas6|Axl,OpticNerve,Sham,Homeostatic MG,BAM,0.6029934,0.4923118917631615,0.0094779157397341
Gas6|Axl,OpticNerve,Sham,Homeostatic MG,DAM-like MG,0.57224303,0.5350475634556605,0.012729301798133
Gas6|Axl,OpticNerve,Sham,DAM-like MG,BAM,0.59692466,0.5511370647496725,0.0104597553621334
Gas6|Axl,OpticNerve,Sham,DAM-like MG,DAM-like MG,0.56617427,0.5964090799451097,0.0141883026376147
Gas6|Axl,OpticNerve,Sham,BAM,Iron+ MG (Fth1+),0.53138286,0.6325002582477377,0.0046536899385507
Gas6|Axl,OpticNerve,Sham,BAM,BAM,0.8292937,0.647968953137077,0.000858560606098
Gas6|Axl,OpticNerve,Sham,BAM,Proliferating MG,0.54310167,0.6752034952761811,0.0042687718094548
Gas6|Axl,OpticNerve,Sham,BAM,Homeostatic MG,0.5435875,0.6769832997911693,0.0090205659678469
Gas6|Axl,OpticNerve,Sham,BAM,T cell,0.44654524,0.6920299355528755,0.0176375927707964
Gas6|Axl,OpticNerve,Sham,Homeostatic MG,MHCII+ Mac/APC,0.47596782,0.7101234032925597,0.0550085411033816
Gas6|Axl,OpticNerve,Sham,BAM,DAM-like MG,0.79854333,0.7225669890824098,0.000858560606098
Gas6|Axl,OpticNerve,Sham,Proliferating MG,BAM,0.5827237,0.7374880082276154,0.0243373001705318
Gas6|Axl,OpticNerve,Sham,BAM,MHCII+ MG,0.42485434,0.7628726171664406,0.0317566263593289
Gas6|Axl,OpticNerve,Sham,DAM-like MG,MHCII+ Mac/APC,0.46989906,0.7814212161027343,0.0550085411033816
Gas6|Axl,OpticNerve,Sham,Proliferating MG,DAM-like MG,0.55197334,0.7901994463828191,0.0328064993655636
Gas6|Axl,OpticNerve,Sham,Proliferating MG,MHCII+ MG,0.1782843,0.8492123469359238,1.0
Gas6|Axl,OpticNerve,Sham,Proliferating MG,T cell,0.1999752,0.9828660230297454,1.0
Gas6|Axl,OpticNerve,Sham,BAM,MHCII+ Mac/APC,0.7022681,0.9880482502226768,0.0176375927707964
Gas6|Axl,OpticNerve,Sham,Proliferating MG,MHCII+ Mac/APC,0.4556981,0.997658121539424,0.102543091681243
Gas6|Axl,OpticNerve,Sham,Proliferating MG,Homeostatic MG,0.29701746,1.0,1.0
Gas6|Axl,OpticNerve,Sham,Proliferating MG,Iron+ MG (Fth1+),0.28481284,1.0,0.799054171108429
Gas6|Axl,OpticNerve,Sham,Homeostatic MG,T cell,0.22024491,1.0,1.0
Gas6|Axl,OpticNerve,Sham,Homeostatic MG,Proliferating MG,0.31680137,1.0,0.5307752886254029
Gas6|Axl,OpticNerve,Sham,Proliferating MG,Proliferating MG,0.29653165,1.0,0.7488560087410052
Gas6|Axl,OpticNerve,Sham,Homeostatic MG,MHCII+ MG,0.19855402,1.0,1.0
Gas6|Axl,OpticNerve,Sham,Homeostatic MG,Iron+ MG (Fth1+),0.30508256,1.0,0.4846425391872347
Gas6|Axl,OpticNerve,Sham,Homeostatic MG,Homeostatic MG,0.31728718,1.0,1.0
Gas6|Axl,OpticNerve,Sham,DAM-like MG,T cell,0.21417616,1.0,1.0
Gas6|Axl,OpticNerve,Sham,DAM-like MG,Proliferating MG,0.3107326,1.0,0.5587662991956569
Gas6|Axl,OpticNerve,Sham,DAM-like MG,MHCII+ MG,0.19248527,1.0,1.0
Gas6|Axl,OpticNerve,Sham,DAM-like MG,Iron+ MG (Fth1+),0.2990138,1.0,0.4994632895946116
Gas6|Axl,OpticNerve,Sham,DAM-like MG,Homeostatic MG,0.31121844,1.0,1.0
Gas6|Axl,OpticNerve,Sham,BAM,Neutrophil,0.34962845,1.0,0.6252483620996836
Gas6|Axl,OpticNerve,Sham,BAM,NK cell,0.35036218,1.0,0.598880156586361
Gas6|Axl,OpticNerve,MB,Proliferating MG,NK cell,0.14440185,0.4162892802686424,1.0
Gas6|Axl,OpticNerve,MB,T cell,NK cell,0.14571042,0.4299417851108265,1.0
Gas6|Axl,OpticNerve,MB,DAM-like MG,NK cell,0.15252721,0.5233075744617485,1.0
Gas6|Axl,OpticNerve,MB,Iron+ MG (Fth1+),Iron+ MG (Fth1+),0.55336285,0.5379357610667508,0.0044528086350065
Gas6|Axl,OpticNerve,MB,Iron+ MG (Fth1+),MHCII+ Mac/APC,0.50574,0.573565181193317,0.1198207075818349
Gas6|Axl,OpticNerve,MB,Homeostatic MG,NK cell,0.1571088,0.576535895134048,1.0
Gas6|Axl,OpticNerve,MB,Homeostatic MG,DAM-like MG,0.5812595,0.6661334739642146,0.1440313111299179
Gas6|Axl,OpticNerve,MB,Iron+ MG (Fth1+),Proliferating MG,0.47434646,0.6664909513287454,0.051656150165209
Gas6|Axl,OpticNerve,MB,Iron+ MG (Fth1+),BAM,0.63498294,0.690918773565923,0.0021261137254306
Gas6|Axl,OpticNerve,MB,BAM,DAM-like MG,0.82113284,0.7110091764414188,0.0021261137254306
Gas6|Axl,OpticNerve,MB,BAM,T cell,0.4579091,0.7153738208736942,0.1065521038774534
Gas6|Axl,OpticNerve,MB,DAM-like MG,DAM-like MG,0.57667786,0.7253530203135439,0.1450689141493709
Gas6|Axl,OpticNerve,MB,Iron+ MG (Fth1+),Homeostatic MG,0.4537844,0.730852228980167,0.0210737103602004
Gas6|Axl,OpticNerve,MB,Homeostatic MG,BAM,0.52935225,0.7601319177125552,0.2425042826496657
Gas6|Axl,OpticNerve,MB,BAM,Homeostatic MG,0.5880271,0.7616941536611637,0.0022759711419695
Gas6|Axl,OpticNerve,MB,Iron+ MG (Fth1+),DAM-like MG,0.6868901,0.7909844289449404,0.0021261137254306
Gas6|Axl,OpticNerve,MB,DAM-like MG,BAM,0.5247707,0.8259565964149602,0.3085980225604096
Gas6|Axl,OpticNerve,MB,T cell,DAM-like MG,0.56986105,0.8311238275691009,0.162345548189746
Gas6|Axl,OpticNerve,MB,BAM,Proliferating MG,0.6085892,0.8342347606191767,0.0021261137254306
Gas6|Axl,OpticNerve,MB,BAM,BAM,0.7692256,0.8365914035326156,0.0021261137254306
Gas6|Axl,OpticNerve,MB,Proliferating MG,T cell,0.20532879,0.8539566445453994,1.0
Gas6|Axl,OpticNerve,MB,Proliferating MG,DAM-like MG,0.5685525,0.854116389398508,0.1651258444977832
Gas6|Axl,OpticNerve,MB,T cell,T cell,0.20663737,0.8776488407742052,1.0
Gas6|Axl,OpticNerve,MB,BAM,MHCII+ Mac/APC,0.6399827,0.9265210773219834,0.0021261137254306
Gas6|Axl,OpticNerve,MB,T cell,BAM,0.5179539,0.9269664974330796,0.3238037292990965
Gas6|Axl,OpticNerve,MB,Homeostatic MG,Iron+ MG (Fth1+),0.44773215,0.9399466046040024,0.5095486779179771
Gas6|Axl,OpticNerve,MB,Proliferating MG,BAM,0.5166453,0.9525933348483812,0.3092230869960056
Gas6|Axl,OpticNerve,MB,BAM,NK cell,0.3969822,0.9555453248169952,0.4186220772326053
Gas6|Axl,OpticNerve,MB,DAM-like MG,T cell,0.21345416,0.9886480399144478,1.0
Gas6|Axl,OpticNerve,MB,Proliferating MG,Homeostatic MG,0.33544677,1.0,1.0
Gas6|Axl,OpticNerve,MB,Proliferating MG,Iron+ MG (Fth1+),0.43502522,1.0,0.7065076949738701
Gas6|Axl,OpticNerve,MB,Proliferating MG,MHCII+ Mac/APC,0.38740236,1.0,1.0
Gas6|Axl,OpticNerve,MB,Proliferating MG,Proliferating MG,0.35600883,1.0,1.0
Gas6|Axl,OpticNerve,MB,Iron+ MG (Fth1+),T cell,0.32366642,1.0,0.8818945776910215
Gas6|Axl,OpticNerve,MB,Iron+ MG (Fth1+),NK cell,0.26273948,1.0,1.0
Gas6|Axl,OpticNerve,MB,Homeostatic MG,T cell,0.21803574,1.0,1.0
Gas6|Axl,OpticNerve,MB,Homeostatic MG,Proliferating MG,0.36871576,1.0,0.9585587172390834
Gas6|Axl,OpticNerve,MB,Homeostatic MG,MHCII+ Mac/APC,0.4001093,1.0,0.7489361475175197
Gas6|Axl,OpticNerve,MB,T cell,Homeostatic MG,0.33675534,1.0,1.0
Gas6|Axl,OpticNerve,MB,Homeostatic MG,Homeostatic MG,0.3481537,1.0,1.0
Gas6|Axl,OpticNerve,MB,T cell,Iron+ MG (Fth1+),0.43633378,1.0,0.7925946969065735
Gas6|Axl,OpticNerve,MB,DAM-like MG,Proliferating MG,0.36413416,1.0,1.0
Gas6|Axl,OpticNerve,MB,DAM-like MG,MHCII+ Mac/APC,0.3955277,1.0,0.895200529771726
Gas6|Axl,OpticNerve,MB,DAM-like MG,Iron+ MG (Fth1+),0.44315055,1.0,0.5994420010295564
Gas6|Axl,OpticNerve,MB,T cell,MHCII+ Mac/APC,0.38871092,1.0,1.0
Gas6|Axl,OpticNerve,MB,DAM-like MG,Homeostatic MG,0.3435721,1.0,1.0
Gas6|Axl,OpticNerve,MB,T cell,Proliferating MG,0.3573174,1.0,1.0
Gas6|Axl,OpticNerve,MB,BAM,Iron+ MG (Fth1+),0.6876055,1.0,0.0021261137254306
Apoe|Trem2,Retina,Sham,BAM,DAM-like MG,3.9011278,1.7303405786604273e-08,0.0027609997879886
Apoe|Trem2,Retina,Sham,BAM,Homeostatic MG,3.7674115,6.921159982951354e-08,0.0027609997879886
Apoe|Trem2,Retina,Sham,BAM,Proliferating MG,3.6159654,1.557215557662384e-07,0.0027609997879886
Apoe|Trem2,Retina,Sham,BAM,Iron+ MG (Fth1+),3.6096416,2.7683021278282573e-07,0.0027609997879886
Apoe|Trem2,Retina,Sham,BAM,BAM,3.5459821,4.325345473890009e-07,0.0027609997879886
Apoe|Trem2,Retina,Sham,BAM,MHCII+ MG,3.4112513,6.228315935040253e-07,0.0027609997879886
Apoe|Trem2,Retina,Sham,BAM,Activated MG (Ccl5+),3.387967,8.477181094717147e-07,0.0027609997879886
Apoe|Trem2,Retina,Sham,BAM,Neutrophil,3.3645275,1.107191358849476e-06,0.0027609997879886
Apoe|Trem2,Retina,Sham,BAM,T cell,3.2202988,4.427729497143286e-06,0.006259731350047
Apoe|Trem2,Retina,Sham,Iron+ MG (Fth1+),DAM-like MG,2.802074,3.048662397388908e-05,0.0027609997879886
Apoe|Trem2,Retina,Sham,Iron+ MG (Fth1+),Homeostatic MG,2.6683578,0.0001050369582318,0.0041498317580936
Apoe|Trem2,Retina,Sham,Neutrophil,DAM-like MG,2.5515652,0.0001557340944541,0.0064891402561137
Apoe|Trem2,Retina,Sham,Iron+ MG (Fth1+),Proliferating MG,2.5169117,0.0001830244477095,0.0094577984304049
Apoe|Trem2,Retina,Sham,Iron+ MG (Fth1+),Iron+ MG (Fth1+),2.5105877,0.0001901900394982,0.0098628437790241
Apoe|Trem2,Retina,Sham,DAM-like MG,DAM-like MG,2.4981277,0.0001974928267357,0.0086149064926729
Apoe|Trem2,Retina,Sham,Iron+ MG (Fth1+),BAM,2.4469283,0.0002241322030032,0.0151321666158535
Apoe|Trem2,Retina,Sham,Neutrophil,Homeostatic MG,2.4178486,0.0002483022461396,0.0128357978064077
Apoe|Trem2,Retina,Sham,DAM-like MG,Homeostatic MG,2.3644114,0.000304898835342,0.0174006073640634
Apoe|Trem2,Retina,Sham,Iron+ MG (Fth1+),MHCII+ MG,2.3121974,0.0003723134517106,0.0419218940840718
Apoe|Trem2,Retina,Sham,Iron+ MG (Fth1+),Activated MG (Ccl5+),2.2889132,0.0004085321099948,0.0502721188704037
Apoe|Trem2,Retina,Sham,Neutrophil,Proliferating MG,2.2664027,0.0004299796985888,0.0328225720808452
Apoe|Trem2,Retina,Sham,Iron+ MG (Fth1+),Neutrophil,2.2654736,0.000435426909829,0.0612036857697357
Apoe|Trem2,Retina,Sham,Neutrophil,Iron+ MG (Fth1+),2.2600787,0.000457556976326,0.0342610519507992
Apoe|Trem2,Retina,Sham,DAM-like MG,Proliferating MG,2.2129655,0.0005576967218481,0.0433413710298612
Apoe|Trem2,Retina,Sham,DAM-like MG,Iron+ MG (Fth1+),2.2066412,0.0005890236683053,0.0446277666909097
Apoe|Trem2,Retina,Sham,Neutrophil,BAM,2.1964192,0.0006212016368637,0.0516286816828729
Apoe|Trem2,Retina,Sham,DAM-like MG,BAM,2.142982,0.0008245998494491,0.0689309910233835
Apoe|Trem2,Retina,Sham,Iron+ MG (Fth1+),T cell,2.1212451,0.001039633179991,0.1974682913758693
Apoe|Trem2,Retina,Sham,Neutrophil,MHCII+ MG,2.0616884,0.0014133481265894,0.1278003431628414
Apoe|Trem2,Retina,Sham,Neutrophil,Activated MG (Ccl5+),2.0384045,0.0016162404589746,0.1491698678571656
Apoe|Trem2,Retina,Sham,Neutrophil,Neutrophil,2.0149646,0.0017772509499582,0.1757243293171699
Apoe|Trem2,Retina,Sham,DAM-like MG,MHCII+ MG,2.0082512,0.0018103614946072,0.1620077722200591
Apoe|Trem2,Retina,Sham,Activated MG (Ccl5+),DAM-like MG,2.0012894,0.0018774900459736,0.5732386716317356
Apoe|Trem2,Retina,Sham,DAM-like MG,Activated MG (Ccl5+),1.984967,0.0020153758842713,0.189509079976028
Apoe|Trem2,Retina,Sham,DAM-like MG,Neutrophil,1.9615273,0.0022067413954832,0.2210903838981788
Apoe|Trem2,Retina,Sham,Neutrophil,T cell,1.8707361,0.0034122989431277,0.4729104271221282
Apoe|Trem2,Retina,Sham,Activated MG (Ccl5+),Homeostatic MG,1.8675731,0.0034885470421203,0.8573466389650807
Apoe|Trem2,Retina,Sham,DAM-like MG,T cell,1.8172987,0.0048753544107056,0.502554183843925
Apoe|Trem2,Retina,Sham,Activated MG (Ccl5+),Proliferating MG,1.7161272,0.0082351172897713,1.0
Apoe|Trem2,Retina,Sham,Activated MG (Ccl5+),Iron+ MG (Fth1+),1.7098031,0.0086134249264602,1.0
Apoe|Trem2,Retina,Sham,Activated MG (Ccl5+),BAM,1.6461437,0.0113015999390259,1.0
Apoe|Trem2,Retina,Sham,T cell,DAM-like MG,1.6617278,0.0170304869420786,0.6338993405610396
Apoe|Trem2,Retina,Sham,Proliferating MG,DAM-like MG,1.6538806,0.0184573504883609,1.0
Apoe|Trem2,Retina,Sham,B cell,DAM-like MG,1.6491556,0.0194394033544728,1.0
Apoe|Trem2,Retina,Sham,BAM,NK cell,2.7139213,0.0232231640486347,0.1131497049801195
Apoe|Trem2,Retina,Sham,Activated MG (Ccl5+),MHCII+ MG,1.5114129,0.0238472249475506,1.0
Apoe|Trem2,Retina,Sham,T cell,Homeostatic MG,1.5280114,0.0243197279276724,1.0
Apoe|Trem2,Retina,Sham,MHCII+ MG,DAM-like MG,1.6192089,0.0261312518535588,0.2860228805094488
Apoe|Trem2,Retina,Sham,Proliferating MG,Homeostatic MG,1.5201643,0.0262542408843291,1.0
Apoe|Trem2,Retina,Sham,Activated MG (Ccl5+),Activated MG (Ccl5+),1.4881288,0.0266662081139127,1.0
Apoe|Trem2,Retina,Sham,B cell,Homeostatic MG,1.5154393,0.027583363022483,1.0
Apoe|Trem2,Retina,Sham,Activated MG (Ccl5+),Neutrophil,1.464689,0.0302039981962903,1.0
Apoe|Trem2,Retina,Sham,MHCII+ MG,Homeostatic MG,1.4854926,0.0384977109745813,1.0
Apoe|Trem2,Retina,Sham,T cell,Proliferating MG,1.3765655,0.0501146773268233,1.0
Apoe|Trem2,Retina,Sham,T cell,Iron+ MG (Fth1+),1.3702414,0.0524282420233504,1.0
Apoe|Trem2,Retina,Sham,Proliferating MG,Proliferating MG,1.3687183,0.0528853996310171,1.0
Apoe|Trem2,Retina,Sham,B cell,Proliferating MG,1.3639933,0.0543840266628045,1.0
Apoe|Trem2,Retina,Sham,Proliferating MG,Iron+ MG (Fth1+),1.3623942,0.0548491043366231,1.0
Apoe|Trem2,Retina,Sham,B cell,Iron+ MG (Fth1+),1.3576692,0.0567279741798543,1.0
Apoe|Trem2,Retina,Sham,MHCII+ MG,Proliferating MG,1.3340466,0.064916659066217,1.0
Apoe|Trem2,Retina,Sham,MHCII+ MG,Iron+ MG (Fth1+),1.3277225,0.0675891250114886,1.0
Apoe|Trem2,Retina,Sham,Activated MG (Ccl5+),T cell,1.3204606,0.0700502761159672,1.0
Apoe|Trem2,Retina,Sham,T cell,BAM,1.306582,0.0757032248970285,1.0
Apoe|Trem2,Retina,Sham,Proliferating MG,BAM,1.2987349,0.0795383609048105,1.0
Apoe|Trem2,Retina,Sham,B cell,BAM,1.2940098,0.0816990172795487,1.0
Apoe|Trem2,Retina,Sham,MHCII+ MG,BAM,1.2640631,0.0962766281764417,1.0
Apoe|Trem2,Retina,Sham,Homeostatic MG,DAM-like MG,1.5177057,0.1028806599079336,1.0
Apoe|Trem2,Retina,Sham,Homeostatic MG,Homeostatic MG,1.3839893,0.1427999431269481,1.0
Apoe|Trem2,Retina,Sham,T cell,MHCII+ MG,1.1718512,0.1557000595997027,1.0
Apoe|Trem2,Retina,Sham,Proliferating MG,MHCII+ MG,1.1640041,0.1643489644016802,1.0
Apoe|Trem2,Retina,Sham,B cell,MHCII+ MG,1.159279,0.1677302331197582,1.0
Apoe|Trem2,Retina,Sham,T cell,Activated MG (Ccl5+),1.1485671,0.1771592954157614,1.0
Apoe|Trem2,Retina,Sham,Proliferating MG,Activated MG (Ccl5+),1.1407199,0.1850873105579246,1.0
Apoe|Trem2,Retina,Sham,B cell,Activated MG (Ccl5+),1.1359949,0.1898755338922354,1.0
Apoe|Trem2,Retina,Sham,MHCII+ MG,MHCII+ MG,1.1293323,0.1966888258093847,1.0
Apoe|Trem2,Retina,Sham,T cell,Neutrophil,1.1251273,0.2005538047731698,1.0
Apoe|Trem2,Retina,Sham,Homeostatic MG,Proliferating MG,1.2325433,0.2050862802515773,1.0
Apoe|Trem2,Retina,Sham,Homeostatic MG,Iron+ MG (Fth1+),1.2262193,0.2087009226771584,1.0
Apoe|Trem2,Retina,Sham,Proliferating MG,Neutrophil,1.1172802,0.2092347792195222,1.0
Apoe|Trem2,Retina,Sham,B cell,Neutrophil,1.1125551,0.2143895647846247,1.0
Apoe|Trem2,Retina,Sham,MHCII+ MG,Activated MG (Ccl5+),1.1060482,0.2226608858489652,1.0
Apoe|Trem2,Retina,Sham,NK cell,DAM-like MG,1.4659472,0.2286188956740901,1.0
Apoe|Trem2,Retina,Sham,Homeostatic MG,BAM,1.1625599,0.2435770258098691,1.0
Apoe|Trem2,Retina,Sham,MHCII+ MG,Neutrophil,1.0826085,0.2493036663590979,1.0
Apoe|Trem2,Retina,Sham,Iron+ MG (Fth1+),NK cell,1.6148676,0.2814250415292389,1.0
Apoe|Trem2,Retina,Sham,NK cell,Homeostatic MG,1.3322308,0.2899515644863363,1.0
Apoe|Trem2,Retina,Sham,Homeostatic MG,MHCII+ MG,1.027829,0.338554780680506,1.0
Apoe|Trem2,Retina,Sham,Homeostatic MG,Activated MG (Ccl5+),1.004545,0.3606287113263935,1.0
Apoe|Trem2,Retina,Sham,NK cell,Proliferating MG,1.1807848,0.3870954741466834,1.0
Apoe|Trem2,Retina,Sham,NK cell,Iron+ MG (Fth1+),1.1744608,0.3909558112156991,1.0
Apoe|Trem2,Retina,Sham,Homeostatic MG,Neutrophil,0.9811052,0.3934452637356894,1.0
Apoe|Trem2,Retina,Sham,T cell,T cell,0.98089874,0.3937222897016342,1.0
Apoe|Trem2,Retina,Sham,Proliferating MG,T cell,0.97305167,0.4089317708831474,1.0
Apoe|Trem2,Retina,Sham,Neutrophil,NK cell,1.3643585,0.4093534791705637,1.0
Apoe|Trem2,Retina,Sham,B cell,T cell,0.96832657,0.4175399760109648,1.0
Apoe|Trem2,Retina,Sham,NK cell,BAM,1.1108013,0.4398638652950045,1.0
Apoe|Trem2,Retina,Sham,DAM-like MG,NK cell,1.3109212,0.4423231237943547,1.0
Apoe|Trem2,Retina,Sham,MHCII+ MG,T cell,0.93837994,0.4743116977805564,1.0
Apoe|Trem2,Retina,Sham,NK cell,MHCII+ MG,0.9760705,0.5614161094052329,1.0
Apoe|Trem2,Retina,Sham,NK cell,Activated MG (Ccl5+),0.9527864,0.5889631511974593,1.0
Apoe|Trem2,Retina,Sham,NK cell,Neutrophil,0.9293467,0.6172834879775991,1.0
Apoe|Trem2,Retina,Sham,Homeostatic MG,T cell,0.83687663,0.6966699454117092,1.0
Apoe|Trem2,Retina,Sham,Activated MG (Ccl5+),NK cell,0.81408304,0.6989166963157427,1.0
Apoe|Trem2,Retina,Sham,T cell,NK cell,0.47452128,0.7363211204537171,1.0
Apoe|Trem2,Retina,Sham,Proliferating MG,NK cell,0.46667415,0.7691290724205824,1.0
Apoe|Trem2,Retina,Sham,B cell,NK cell,0.4619491,0.7875898147988836,1.0
Apoe|Trem2,Retina,Sham,NK cell,T cell,0.7851181,0.827063626388469,1.0
Apoe|Trem2,Retina,Sham,MHCII+ MG,NK cell,0.43200248,0.9060108149195748,1.0
Apoe|Trem2,Retina,Sham,NK cell,NK cell,0.27874064,1.0,1.0
Apoe|Trem2,Retina,Sham,Homeostatic MG,NK cell,0.33049917,1.0,1.0
Apoe|Trem2,Retina,MB,Iron+ MG (Fth1+),DAM-like MG,3.9029381,6.2317580526756065e-09,0.0135374727263442
Apoe|Trem2,Retina,MB,Iron+ MG (Fth1+),Iron+ MG (Fth1+),3.8919566,2.49265949154312e-08,0.0135374727263442
Apoe|Trem2,Retina,MB,BAM,DAM-like MG,3.7648733,5.608385206085433e-08,0.0135374727263442
Apoe|Trem2,Retina,MB,BAM,Iron+ MG (Fth1+),3.7538917,9.970288129955505e-08,0.0135374727263442
Apoe|Trem2,Retina,MB,DAM-like MG,DAM-like MG,3.533271,3.053239732292787e-07,0.0135374727263442
Apoe|Trem2,Retina,MB,Iron+ MG (Fth1+),Homeostatic MG,3.6659546,3.053239732292787e-07,0.0135374727263442
Apoe|Trem2,Retina,MB,BAM,Homeostatic MG,3.5278897,3.987835383008623e-07,0.0135374727263442
Apoe|Trem2,Retina,MB,DAM-like MG,Iron+ MG (Fth1+),3.5222895,5.047015371759087e-07,0.0135374727263442
Apoe|Trem2,Retina,MB,Iron+ MG (Fth1+),Proliferating MG,3.572522,5.047015371759087e-07,0.0135374727263442
Apoe|Trem2,Retina,MB,BAM,Proliferating MG,3.434457,7.539104330796791e-07,0.0135374727263442
Apoe|Trem2,Retina,MB,DAM-like MG,Homeostatic MG,3.2962875,1.800472519969313e-06,0.0135374727263442
Apoe|Trem2,Retina,MB,Iron+ MG (Fth1+),MHCII+ MG,3.3824713,2.248954385379308e-06,0.0170336427824719
Apoe|Trem2,Retina,MB,Iron+ MG (Fth1+),BAM,3.3748622,2.7472410832398765e-06,0.0182215372292699
Apoe|Trem2,Retina,MB,DAM-like MG,Proliferating MG,3.2028549,3.588044151085925e-06,0.0135374727263442
Apoe|Trem2,Retina,MB,BAM,MHCII+ MG,3.2444065,3.8932086888793324e-06,0.0240196642881186
Apoe|Trem2,Retina,MB,BAM,BAM,3.2367973,5.238333590809947e-06,0.0257252980705185
Apoe|Trem2,Retina,MB,Iron+ MG (Fth1+),Neutrophil,3.3226097,6.377849870667434e-06,0.0299609568312103
Apoe|Trem2,Retina,MB,Iron+ MG (Fth1+),T cell,3.310332,6.782574717739532e-06,0.0334247816900774
Apoe|Trem2,Retina,MB,Neutrophil,DAM-like MG,3.0691786,8.525888381370496e-06,0.0135374727263442
Apoe|Trem2,Retina,MB,BAM,Neutrophil,3.1845448,8.99281813302279e-06,0.0406886812062652
Apoe|Trem2,Retina,MB,Neutrophil,Iron+ MG (Fth1+),3.058197,9.96399135346215e-06,0.0135374727263442
Apoe|Trem2,Retina,MB,BAM,T cell,3.1722672,1.04682345294698e-05,0.0453978718837024
Apoe|Trem2,Retina,MB,DAM-like MG,MHCII+ MG,3.0128043,1.4949850932032474e-05,0.0426376626984567
Apoe|Trem2,Retina,MB,DAM-like MG,BAM,3.0051951,1.7489038244961595e-05,0.0454125134064647
Apoe|Trem2,Retina,MB,DAM-like MG,Neutrophil,2.9529426,2.4706942219107715e-05,0.0705035903081195
Apoe|Trem2,Retina,MB,DAM-like MG,T cell,2.940665,2.549707019122248e-05,0.0785672931275253
Apoe|Trem2,Retina,MB,Iron+ MG (Fth1+),Activated MG (Ccl5+),3.1697607,3.137571396574837e-05,0.1320834861033153
Apoe|Trem2,Retina,MB,T cell,DAM-like MG,2.90383,3.5947277264135594e-05,0.0135374727263442
Apoe|Trem2,Retina,MB,BAM,Activated MG (Ccl5+),3.0316958,3.6898833399877326e-05,0.1732943722175096
Apoe|Trem2,Retina,MB,T cell,Iron+ MG (Fth1+),2.8928485,4.082918360341485e-05,0.0135374727263442
Apoe|Trem2,Retina,MB,Neutrophil,Homeostatic MG,2.832195,6.989104977965009e-05,0.0225905017520532
Apoe|Trem2,Retina,MB,MHCII+ MG,DAM-like MG,2.8250673,7.526007826119365e-05,0.0139185908570264
Apoe|Trem2,Retina,MB,MHCII+ MG,Iron+ MG (Fth1+),2.8140857,8.513292852214696e-05,0.0148203636229154
Apoe|Trem2,Retina,MB,DAM-like MG,Activated MG (Ccl5+),2.8000937,9.104708532801806e-05,0.267963302551547
Apoe|Trem2,Retina,MB,Proliferating MG,DAM-like MG,2.7641854,0.0001253463430847,0.017935326225592
Apoe|Trem2,Retina,MB,Proliferating MG,Iron+ MG (Fth1+),2.7532039,0.0001398480231132,0.0189026781632716
Apoe|Trem2,Retina,MB,Neutrophil,Proliferating MG,2.7387626,0.0001551411350916,0.1678035910476668
Apoe|Trem2,Retina,MB,Iron+ MG (Fth1+),MHCII+ Mac/APC,3.0452607,0.0001651010337462,0.1838937022685288
Apoe|Trem2,Retina,MB,MHCII+ Mac/APC,DAM-like MG,2.701095,0.0001968339233786,0.0235150954669835
Apoe|Trem2,Retina,MB,Activated MG (Ccl5+),DAM-like MG,2.694829,0.0002012749221712,0.1186685233475857
Apoe|Trem2,Retina,MB,MHCII+ Mac/APC,Iron+ MG (Fth1+),2.6901135,0.0002080290111695,0.0249595140114798
Apoe|Trem2,Retina,MB,Activated MG (Ccl5+),Iron+ MG (Fth1+),2.6838474,0.0002125934567221,0.0257061803393823
Apoe|Trem2,Retina,MB,T cell,Homeostatic MG,2.6668465,0.0002385802467458,0.1991329155180564
Apoe|Trem2,Retina,MB,BAM,MHCII+ Mac/APC,2.9071958,0.0002634998165779,0.3274550038842601
Apoe|Trem2,Retina,MB,MHCII+ MG,Homeostatic MG,2.5880837,0.0003254924542458,0.0516559781164846
Apoe|Trem2,Retina,MB,T cell,Proliferating MG,2.5734138,0.0003456530655477,0.5534555366580824
Apoe|Trem2,Retina,MB,Neutrophil,MHCII+ MG,2.5487118,0.0003634136462061,0.1465343928847853
Apoe|Trem2,Retina,MB,Neutrophil,BAM,2.541103,0.0003785525233665,0.9336416840393668
Apoe|Trem2,Retina,MB,Proliferating MG,Homeostatic MG,2.527202,0.0003971251252318,0.3901156024776742
Apoe|Trem2,Retina,MB,MHCII+ MG,Proliferating MG,2.494651,0.0004225773025303,0.2135760137235094
Apoe|Trem2,Retina,MB,Neutrophil,Neutrophil,2.48885,0.0004323246929903,1.0
Apoe|Trem2,Retina,MB,Neutrophil,T cell,2.4765725,0.0004521513013397,1.0
Apoe|Trem2,Retina,MB,DAM-like MG,MHCII+ Mac/APC,2.6755936,0.0004861785086273,0.7527172399793423
Apoe|Trem2,Retina,MB,MHCII+ Mac/APC,Homeostatic MG,2.4641116,0.0004931313318628,0.0822759803907131
Apoe|Trem2,Retina,MB,Activated MG (Ccl5+),Homeostatic MG,2.4578452,0.0005001332701133,0.6305501814104866
Apoe|Trem2,Retina,MB,Proliferating MG,Proliferating MG,2.4337692,0.0005505215522832,1.0
Apoe|Trem2,Retina,MB,T cell,MHCII+ MG,2.3833632,0.0006544880524926,0.3709069965336518
Apoe|Trem2,Retina,MB,T cell,BAM,2.3757544,0.0006952611785988,1.0
Apoe|Trem2,Retina,MB,MHCII+ Mac/APC,Proliferating MG,2.370679,0.0007035627526759,0.49758991425011
Apoe|Trem2,Retina,MB,Homeostatic MG,DAM-like MG,2.36487,0.0007077319779447,0.7284648458387485
Apoe|Trem2,Retina,MB,Activated MG (Ccl5+),Proliferating MG,2.3644128,0.0007119132974608,1.0
Apoe|Trem2,Retina,MB,Homeostatic MG,Iron+ MG (Fth1+),2.3538885,0.0007415258483892,0.5958986656766773
Apoe|Trem2,Retina,MB,Neutrophil,Activated MG (Ccl5+),2.3360012,0.0007630446571695,1.0
Apoe|Trem2,Retina,MB,T cell,Neutrophil,2.3235016,0.000793684961917,1.0
Apoe|Trem2,Retina,MB,T cell,T cell,2.311224,0.0008069998560063,1.0
Apoe|Trem2,Retina,MB,MHCII+ MG,MHCII+ MG,2.3046005,0.0008114627139346,0.5889631107833805
Apoe|Trem2,Retina,MB,MHCII+ MG,BAM,2.2969913,0.0008384961171927,1.0
Apoe|Trem2,Retina,MB,MHCII+ MG,Neutrophil,2.2447388,0.000912735940043,1.0
Apoe|Trem2,Retina,MB,Proliferating MG,MHCII+ MG,2.2437186,0.0009174796734974,0.9225584227619542
Apoe|Trem2,Retina,MB,Proliferating MG,BAM,2.2361097,0.0009365770480322,1.0
Apoe|Trem2,Retina,MB,MHCII+ MG,T cell,2.2324612,0.0009413819998619,1.0
Apoe|Trem2,Retina,MB,Proliferating MG,Neutrophil,2.183857,0.0011224825812941,1.0
Apoe|Trem2,Retina,MB,MHCII+ Mac/APC,MHCII+ MG,2.1806283,0.0011382875935002,1.0
Apoe|Trem2,Retina,MB,Activated MG (Ccl5+),MHCII+ MG,2.174362,0.0011755919944181,1.0
Apoe|Trem2,Retina,MB,MHCII+ Mac/APC,BAM,2.1730194,0.0011809700193931,1.0
Apoe|Trem2,Retina,MB,Proliferating MG,T cell,2.1715794,0.0012080422157261,1.0
Apoe|Trem2,Retina,MB,T cell,Activated MG (Ccl5+),2.1706524,0.001229919181403,1.0
Apoe|Trem2,Retina,MB,Activated MG (Ccl5+),BAM,2.166753,0.0012464548032001,1.0
Apoe|Trem2,Retina,MB,Homeostatic MG,Homeostatic MG,2.1278863,0.001429644939581,1.0
Apoe|Trem2,Retina,MB,MHCII+ Mac/APC,Neutrophil,2.1207666,0.0014773870286721,1.0
Apoe|Trem2,Retina,MB,Activated MG (Ccl5+),Neutrophil,2.1145003,0.0015137036187498,1.0
Apoe|Trem2,Retina,MB,Neutrophil,MHCII+ Mac/APC,2.2115011,0.0015320256912562,1.0
Apoe|Trem2,Retina,MB,MHCII+ Mac/APC,T cell,2.108489,0.001544301164542,1.0
Apoe|Trem2,Retina,MB,Activated MG (Ccl5+),T cell,2.102223,0.0015689977349655,1.0
Apoe|Trem2,Retina,MB,MHCII+ MG,Activated MG (Ccl5+),2.0918899,0.0016633386159006,1.0
Apoe|Trem2,Retina,MB,Homeostatic MG,Proliferating MG,2.0344539,0.002053768043981,1.0
Apoe|Trem2,Retina,MB,Proliferating MG,Activated MG (Ccl5+),2.0310078,0.0021036408952466,1.0
Apoe|Trem2,Retina,MB,T cell,MHCII+ Mac/APC,2.0461526,0.0024076327647776,1.0
Apoe|Trem2,Retina,MB,MHCII+ Mac/APC,Activated MG (Ccl5+),1.9679176,0.0027318867428658,1.0
Apoe|Trem2,Retina,MB,Activated MG (Ccl5+),Activated MG (Ccl5+),1.9616513,0.0028389224565978,1.0
Apoe|Trem2,Retina,MB,MHCII+ MG,MHCII+ Mac/APC,1.9673897,0.0031546755552609,1.0
Apoe|Trem2,Retina,MB,Proliferating MG,MHCII+ Mac/APC,1.9065078,0.0037682085530601,1.0
Apoe|Trem2,Retina,MB,B cell,DAM-like MG,1.8862729,0.0040901261699214,1.0
Apoe|Trem2,Retina,MB,B cell,Iron+ MG (Fth1+),1.8752913,0.0042813671355958,1.0
Apoe|Trem2,Retina,MB,Homeostatic MG,MHCII+ MG,1.844403,0.0048267466294317,1.0
Apoe|Trem2,Retina,MB,MHCII+ Mac/APC,MHCII+ Mac/APC,1.8434175,0.0048375496714154,1.0
Apoe|Trem2,Retina,MB,Activated MG (Ccl5+),MHCII+ Mac/APC,1.8371513,0.0049244032058543,1.0
Apoe|Trem2,Retina,MB,Homeostatic MG,BAM,1.8367941,0.0049353131533949,1.0
Apoe|Trem2,Retina,MB,Homeostatic MG,Neutrophil,1.7845414,0.0064545102871497,1.0
Apoe|Trem2,Retina,MB,Homeostatic MG,T cell,1.7722639,0.0068719196721604,1.0
Apoe|Trem2,Retina,MB,NK cell,DAM-like MG,1.7416012,0.0079507545011574,1.0
Apoe|Trem2,Retina,MB,NK cell,Iron+ MG (Fth1+),1.7306197,0.0083133604428784,1.0
Apoe|Trem2,Retina,MB,gdT cell,DAM-like MG,1.7262108,0.0085261530888107,1.0
Apoe|Trem2,Retina,MB,gdT cell,Iron+ MG (Fth1+),1.7152293,0.0089888992159086,1.0
Apoe|Trem2,Retina,MB,B cell,Homeostatic MG,1.6492893,0.012406712886362,1.0
Apoe|Trem2,Retina,MB,Homeostatic MG,Activated MG (Ccl5+),1.6316924,0.0137967605295257,1.0
Apoe|Trem2,Retina,MB,B cell,Proliferating MG,1.5558567,0.0188755454959688,1.0
Apoe|Trem2,Retina,MB,pDC,DAM-like MG,1.5553612,0.01895968019841,1.0
Apoe|Trem2,Retina,MB,pDC,Iron+ MG (Fth1+),1.5443796,0.0200914994970231,1.0
Apoe|Trem2,Retina,MB,Iron+ MG (Fth1+),NK cell,2.8063924,0.0212994887672043,1.0
Apoe|Trem2,Retina,MB,Homeostatic MG,MHCII+ Mac/APC,1.5071924,0.0235594091393732,1.0
Apoe|Trem2,Retina,MB,NK cell,Homeostatic MG,1.5046176,0.0238172786154856,1.0
Apoe|Trem2,Retina,MB,BAM,NK cell,2.6683276,0.0250064168335761,1.0
Apoe|Trem2,Retina,MB,gdT cell,Homeostatic MG,1.4892273,0.0252959495108132,1.0
Apoe|Trem2,Retina,MB,Iron+ MG (Fth1+),gdT cell,2.788325,0.0299765678270618,1.0
Apoe|Trem2,Retina,MB,Iron+ MG (Fth1+),pDC,2.7659066,0.0332687978908515,1.0
Apoe|Trem2,Retina,MB,NK cell,Proliferating MG,1.411185,0.0332996211677223,1.0
Apoe|Trem2,Retina,MB,DAM-like MG,NK cell,2.4367254,0.0351165631815897,1.0
Apoe|Trem2,Retina,MB,gdT cell,Proliferating MG,1.3957947,0.0352866003465121,1.0
Apoe|Trem2,Retina,MB,B cell,MHCII+ MG,1.365806,0.0395743573980816,1.0
Apoe|Trem2,Retina,MB,BAM,gdT cell,2.6502602,0.0405083674783493,1.0
Apoe|Trem2,Retina,MB,B cell,BAM,1.358197,0.040811865533443,1.0
Apoe|Trem2,Retina,MB,pDC,Homeostatic MG,1.3183776,0.0485156344094093,1.0
Apoe|Trem2,Retina,MB,BAM,pDC,2.6278417,0.0503960169092366,1.0
Apoe|Trem2,Retina,MB,B cell,Neutrophil,1.3059443,0.0524483699471401,1.0
Apoe|Trem2,Retina,MB,DAM-like MG,gdT cell,2.418658,0.0545907714182265,1.0
Apoe|Trem2,Retina,MB,B cell,T cell,1.2936668,0.0559590276977604,1.0
Apoe|Trem2,Retina,MB,Neutrophil,NK cell,1.972633,0.07232787600666,1.0
Apoe|Trem2,Retina,MB,DAM-like MG,pDC,2.3962395,0.0739837062815329,1.0
Apoe|Trem2,Retina,MB,pDC,Proliferating MG,1.2249451,0.0742086548030994,1.0
Apoe|Trem2,Retina,MB,NK cell,MHCII+ MG,1.2211343,0.0755425755499017,1.0
Apoe|Trem2,Retina,MB,NK cell,BAM,1.2135253,0.0776257160258673,1.0
Apoe|Trem2,Retina,MB,gdT cell,MHCII+ MG,1.205744,0.0806530403598966,1.0
Apoe|Trem2,Retina,MB,gdT cell,BAM,1.1981351,0.0833086013284844,1.0
Apoe|Trem2,Retina,MB,T cell,NK cell,1.8072844,0.095226571691628,1.0
Apoe|Trem2,Retina,MB,NK cell,Neutrophil,1.1612726,0.100299283287862,1.0
Apoe|Trem2,Retina,MB,B cell,Activated MG (Ccl5+),1.1530952,0.1046888918615396,1.0
Apoe|Trem2,Retina,MB,NK cell,T cell,1.1489952,0.1064876928040543,1.0
Apoe|Trem2,Retina,MB,Neutrophil,gdT cell,1.9545656,0.1082046612104236,1.0
Apoe|Trem2,Retina,MB,gdT cell,Neutrophil,1.1458824,0.1084920378422819,1.0
Apoe|Trem2,Retina,MB,MHCII+ MG,NK cell,1.7285216,0.1086838100734163,1.0
Apoe|Trem2,Retina,MB,gdT cell,T cell,1.1336048,0.1155911818819395,1.0
Apoe|Trem2,Retina,MB,Proliferating MG,NK cell,1.6676397,0.1224879505791815,1.0
Apoe|Trem2,Retina,MB,MHCII+ Mac/APC,NK cell,1.6045494,0.1365525872823229,1.0
Apoe|Trem2,Retina,MB,Activated MG (Ccl5+),NK cell,1.5982832,0.1377777035835022,1.0
Apoe|Trem2,Retina,MB,T cell,gdT cell,1.789217,0.1400812881540625,1.0
Apoe|Trem2,Retina,MB,MHCII+ MG,gdT cell,1.7104542,0.1583796341361434,1.0
Apoe|Trem2,Retina,MB,Neutrophil,pDC,1.932147,0.1689001715908796,1.0
Apoe|Trem2,Retina,MB,Proliferating MG,gdT cell,1.6495724,0.1748658992879521,1.0
Apoe|Trem2,Retina,MB,pDC,MHCII+ MG,1.0348943,0.1802994122742083,1.0
Apoe|Trem2,Retina,MB,B cell,MHCII+ Mac/APC,1.0285953,0.1861099794480801,1.0
Apoe|Trem2,Retina,MB,pDC,BAM,1.0272853,0.1866588609244549,1.0
Apoe|Trem2,Retina,MB,MHCII+ Mac/APC,gdT cell,1.586482,0.1920623506622961,1.0
Apoe|Trem2,Retina,MB,Activated MG (Ccl5+),gdT cell,1.5802158,0.1941679800232317,1.0
Apoe|Trem2,Retina,MB,NK cell,Activated MG (Ccl5+),1.0084236,0.2030691953028758,1.0
Apoe|Trem2,Retina,MB,gdT cell,Activated MG (Ccl5+),0.99303335,0.2181105891385485,1.0
Apoe|Trem2,Retina,MB,T cell,pDC,1.7667984,0.2321328289499165,1.0
Apoe|Trem2,Retina,MB,pDC,Neutrophil,0.9750327,0.2361686876109634,1.0
Apoe|Trem2,Retina,MB,Homeostatic MG,NK cell,1.2683243,0.2507325216144202,1.0
Apoe|Trem2,Retina,MB,pDC,T cell,0.9627551,0.2513559575087083,1.0
Apoe|Trem2,Retina,MB,MHCII+ MG,pDC,1.6880356,0.2555986096923852,1.0
Apoe|Trem2,Retina,MB,Proliferating MG,pDC,1.6271538,0.2782662764190222,1.0
Apoe|Trem2,Retina,MB,MHCII+ Mac/APC,pDC,1.5640634,0.3024733340136311,1.0
Apoe|Trem2,Retina,MB,Activated MG (Ccl5+),pDC,1.5577972,0.305698145915115,1.0
Apoe|Trem2,Retina,MB,Homeostatic MG,gdT cell,1.2502569,0.3370602242481304,1.0
Apoe|Trem2,Retina,MB,NK cell,MHCII+ Mac/APC,0.88392365,0.365995167574013,1.0
Apoe|Trem2,Retina,MB,gdT cell,pDC,0.5891792,0.3767492332107289,1.0
Apoe|Trem2,Retina,MB,gdT cell,MHCII+ Mac/APC,0.8685334,0.3951948622521525,1.0
Apoe|Trem2,Retina,MB,NK cell,pDC,0.6045695,0.3954003394471312,1.0
Apoe|Trem2,Retina,MB,pDC,Activated MG (Ccl5+),0.8221836,0.4873900380376896,1.0
Apoe|Trem2,Retina,MB,Homeostatic MG,pDC,1.2278383,0.5019738095537309,1.0
Apoe|Trem2,Retina,MB,gdT cell,gdT cell,0.61159784,0.5408826114283263,1.0
Apoe|Trem2,Retina,MB,NK cell,gdT cell,0.6269881,0.5694886970258664,1.0
Apoe|Trem2,Retina,MB,pDC,NK cell,0.45881546,0.5695112000709743,1.0
Apoe|Trem2,Retina,MB,B cell,pDC,0.7492412,0.6097479435998016,1.0
Apoe|Trem2,Retina,MB,pDC,gdT cell,0.4407481,0.637443333138301,1.0
Apoe|Trem2,Retina,MB,gdT cell,NK cell,0.62966514,0.6739323905276983,1.0
Apoe|Trem2,Retina,MB,B cell,NK cell,0.7897271,0.6959247949777768,1.0
Apoe|Trem2,Retina,MB,NK cell,NK cell,0.6450554,0.7040379101734766,1.0
Apoe|Trem2,Retina,MB,pDC,pDC,0.41832954,0.7371905936914787,1.0
Apoe|Trem2,Retina,MB,B cell,gdT cell,0.7716598,0.8180902000903231,1.0
Apoe|Trem2,Retina,MB,pDC,MHCII+ Mac/APC,0.69768363,0.8312869982959106,1.0
Apoe|Trem2,OpticNerve,Sham,BAM,Iron+ MG (Fth1+),3.7595663,1.5186117701736048e-08,0.000858560606098
Apoe|Trem2,OpticNerve,Sham,BAM,DAM-like MG,3.5869737,6.07428072584708e-08,0.0012411951388505
Apoe|Trem2,OpticNerve,Sham,BAM,Homeostatic MG,3.424574,1.3666756527870314e-07,0.0022546570432155
Apoe|Trem2,OpticNerve,Sham,BAM,MHCII+ MG,3.31528,3.796113134909266e-07,0.0039813923262311
Apoe|Trem2,OpticNerve,Sham,BAM,Proliferating MG,3.3146667,5.466253453100088e-07,0.0039887635667051
Apoe|Trem2,OpticNerve,Sham,DAM-like MG,Iron+ MG (Fth1+),3.1782844,9.717252154820871e-07,0.0026701251998341
Apoe|Trem2,OpticNerve,Sham,BAM,BAM,3.2245178,1.2298059663867115e-06,0.0062550756211221
Apoe|Trem2,OpticNerve,Sham,DAM-like MG,DAM-like MG,3.005692,2.565610507467779e-06,0.0051662932659688
Apoe|Trem2,OpticNerve,Sham,Iron+ MG (Fth1+),Iron+ MG (Fth1+),2.9455922,3.886049125109971e-06,0.0057443258658991
Apoe|Trem2,OpticNerve,Sham,DAM-like MG,Homeostatic MG,2.8432922,6.693409387003379e-06,0.0100996901235481
Apoe|Trem2,OpticNerve,Sham,Iron+ MG (Fth1+),DAM-like MG,2.7729998,1.858567239213532e-05,0.0106356581878948
Apoe|Trem2,OpticNerve,Sham,DAM-like MG,MHCII+ MG,2.733998,2.9365701627161e-05,0.0172454176113041
Apoe|Trem2,OpticNerve,Sham,DAM-like MG,Proliferating MG,2.733385,3.0714830991425266e-05,0.0173118631954385
Apoe|Trem2,OpticNerve,Sham,DAM-like MG,BAM,2.6432362,4.421844208708508e-05,0.0293021921064923
Apoe|Trem2,OpticNerve,Sham,Iron+ MG (Fth1+),Homeostatic MG,2.6106,5.1006354736759314e-05,0.0215191214629522
Apoe|Trem2,OpticNerve,Sham,BAM,NK cell,2.7722752,8.75348527303736e-05,0.1862239066736987
Apoe|Trem2,OpticNerve,Sham,Iron+ MG (Fth1+),MHCII+ MG,2.5013058,8.75348527303736e-05,0.036908739233538
Apoe|Trem2,OpticNerve,Sham,Iron+ MG (Fth1+),Proliferating MG,2.5006928,8.985108835747644e-05,0.0369870705268334
Apoe|Trem2,OpticNerve,Sham,Neutrophil,Iron+ MG (Fth1+),2.497102,9.457409972195155e-05,0.0377994103960507
Apoe|Trem2,OpticNerve,Sham,BAM,T cell,2.7488997,0.0001514494284107,0.2320989039935247
Apoe|Trem2,OpticNerve,Sham,Iron+ MG (Fth1+),BAM,2.410544,0.0001899155618903,0.0960100951322792
Apoe|Trem2,OpticNerve,Sham,BAM,MHCII+ Mac/APC,2.7074084,0.0003136661097344,0.374606815378931
Apoe|Trem2,OpticNerve,Sham,Neutrophil,DAM-like MG,2.3245096,0.0003540120252733,0.746459236325995
Apoe|Trem2,OpticNerve,Sham,MHCII+ MG,Iron+ MG (Fth1+),2.3162346,0.000372723401349,0.0997920923678136
Apoe|Trem2,OpticNerve,Sham,Homeostatic MG,Iron+ MG (Fth1+),2.298087,0.0004115851498959,0.7566134943316993
Apoe|Trem2,OpticNerve,Sham,Neutrophil,Homeostatic MG,2.1621099,0.0008192010238291,1.0
Apoe|Trem2,OpticNerve,Sham,MHCII+ MG,DAM-like MG,2.143642,0.0008981038808386,0.1814615185599957
Apoe|Trem2,OpticNerve,Sham,Homeostatic MG,DAM-like MG,2.1254945,0.0009729592470678,1.0
Apoe|Trem2,OpticNerve,Sham,DAM-like MG,NK cell,2.1909933,0.0009806083738144,1.0
Apoe|Trem2,OpticNerve,Sham,BAM,Neutrophil,2.635667,0.0013555590931184,0.5070765836648133
Apoe|Trem2,OpticNerve,Sham,DAM-like MG,T cell,2.1676178,0.0014009274559779,1.0
Apoe|Trem2,OpticNerve,Sham,Neutrophil,MHCII+ MG,2.0528157,0.0014192821021413,0.9772368785317
Apoe|Trem2,OpticNerve,Sham,Neutrophil,Proliferating MG,2.0522027,0.0014285038368888,1.0
Apoe|Trem2,OpticNerve,Sham,Proliferating MG,Iron+ MG (Fth1+),2.0140665,0.0017494144796349,1.0
Apoe|Trem2,OpticNerve,Sham,MHCII+ MG,Homeostatic MG,1.9812423,0.0020690522357638,0.4548274835258222
Apoe|Trem2,OpticNerve,Sham,Homeostatic MG,Homeostatic MG,1.9630947,0.0023320595828765,1.0
Apoe|Trem2,OpticNerve,Sham,DAM-like MG,MHCII+ Mac/APC,2.1261268,0.0023556649480969,1.0
Apoe|Trem2,OpticNerve,Sham,Neutrophil,BAM,1.9620538,0.0023793878527662,1.0
Apoe|Trem2,OpticNerve,Sham,Iron+ MG (Fth1+),NK cell,1.9583012,0.0024392094914439,1.0
Apoe|Trem2,OpticNerve,Sham,Iron+ MG (Fth1+),T cell,1.9349257,0.0031319982296723,1.0
Apoe|Trem2,OpticNerve,Sham,MHCII+ MG,MHCII+ MG,1.8719481,0.0040944618179323,1.0
Apoe|Trem2,OpticNerve,Sham,MHCII+ MG,Proliferating MG,1.871335,0.0041256076034347,1.0
Apoe|Trem2,OpticNerve,Sham,NK cell,Iron+ MG (Fth1+),1.8973145,0.0041882486228017,1.0
Apoe|Trem2,OpticNerve,Sham,Homeostatic MG,MHCII+ MG,1.8538005,0.0045902763201807,1.0
Apoe|Trem2,OpticNerve,Sham,Homeostatic MG,Proliferating MG,1.8531876,0.0046067341776868,1.0
Apoe|Trem2,OpticNerve,Sham,Proliferating MG,DAM-like MG,1.841474,0.0049249458353335,1.0
Apoe|Trem2,OpticNerve,Sham,Iron+ MG (Fth1+),MHCII+ Mac/APC,1.8934345,0.005113950126783,1.0
Apoe|Trem2,OpticNerve,Sham,T cell,Iron+ MG (Fth1+),1.8713316,0.0056289945621254,1.0
Apoe|Trem2,OpticNerve,Sham,DAM-like MG,Neutrophil,2.0543852,0.0061873221889052,1.0
Apoe|Trem2,OpticNerve,Sham,MHCII+ MG,BAM,1.7811862,0.0066526288021745,1.0
Apoe|Trem2,OpticNerve,Sham,Homeostatic MG,BAM,1.7630386,0.0072781162136094,1.0
Apoe|Trem2,OpticNerve,Sham,NK cell,DAM-like MG,1.7247221,0.0084777182115773,1.0
Apoe|Trem2,OpticNerve,Sham,T cell,DAM-like MG,1.6987392,0.0100303082400118,1.0
Apoe|Trem2,OpticNerve,Sham,Proliferating MG,Homeostatic MG,1.6790743,0.0103953466695708,1.0
Apoe|Trem2,OpticNerve,Sham,Iron+ MG (Fth1+),Neutrophil,1.821693,0.0119715996282376,1.0
Apoe|Trem2,OpticNerve,Sham,Proliferating MG,MHCII+ MG,1.5697801,0.0182069570043438,1.0
Apoe|Trem2,OpticNerve,Sham,Proliferating MG,Proliferating MG,1.569167,0.0183684598847273,1.0
Apoe|Trem2,OpticNerve,Sham,NK cell,Homeostatic MG,1.5623224,0.0187916005685688,1.0
Apoe|Trem2,OpticNerve,Sham,T cell,Homeostatic MG,1.5363394,0.0213583530065854,1.0
Apoe|Trem2,OpticNerve,Sham,Neutrophil,NK cell,1.509811,0.0245277661915396,1.0
Apoe|Trem2,OpticNerve,Sham,Neutrophil,T cell,1.4864355,0.027591504450786,1.0
Apoe|Trem2,OpticNerve,Sham,Proliferating MG,BAM,1.4790182,0.028624411439434,1.0
Apoe|Trem2,OpticNerve,Sham,MHCII+ Mac/APC,Iron+ MG (Fth1+),1.7259259,0.0311190145718931,1.0
Apoe|Trem2,OpticNerve,Sham,NK cell,MHCII+ MG,1.4530282,0.0331519272873759,1.0
Apoe|Trem2,OpticNerve,Sham,NK cell,Proliferating MG,1.452415,0.0333672202488253,1.0
Apoe|Trem2,OpticNerve,Sham,Neutrophil,MHCII+ Mac/APC,1.4449444,0.0345851334709045,1.0
Apoe|Trem2,OpticNerve,Sham,T cell,MHCII+ MG,1.4270452,0.0379497110026521,1.0
Apoe|Trem2,OpticNerve,Sham,T cell,Proliferating MG,1.4264321,0.0382713076321081,1.0
Apoe|Trem2,OpticNerve,Sham,MHCII+ Mac/APC,DAM-like MG,1.5533335,0.0470831559781367,1.0
Apoe|Trem2,OpticNerve,Sham,Neutrophil,Neutrophil,1.3732028,0.0512813140223737,1.0
Apoe|Trem2,OpticNerve,Sham,NK cell,BAM,1.3622663,0.0543909473803947,1.0
Apoe|Trem2,OpticNerve,Sham,T cell,BAM,1.3362833,0.062713728410897,1.0
Apoe|Trem2,OpticNerve,Sham,MHCII+ MG,NK cell,1.3289435,0.0648808166910531,1.0
Apoe|Trem2,OpticNerve,Sham,Homeostatic MG,NK cell,1.3107959,0.0714021150083632,1.0
Apoe|Trem2,OpticNerve,Sham,MHCII+ Mac/APC,Homeostatic MG,1.3909338,0.0718348067938468,1.0
Apoe|Trem2,OpticNerve,Sham,MHCII+ MG,T cell,1.305568,0.074204836592871,1.0
Apoe|Trem2,OpticNerve,Sham,Homeostatic MG,T cell,1.2874205,0.0814625653285175,1.0
Apoe|Trem2,OpticNerve,Sham,MHCII+ MG,MHCII+ Mac/APC,1.2640767,0.092827540448724,1.0
Apoe|Trem2,OpticNerve,Sham,MHCII+ Mac/APC,MHCII+ MG,1.2816396,0.0978346957796939,1.0
Apoe|Trem2,OpticNerve,Sham,MHCII+ Mac/APC,Proliferating MG,1.2810265,0.0980489117423589,1.0
Apoe|Trem2,OpticNerve,Sham,Homeostatic MG,MHCII+ Mac/APC,1.2459292,0.1028887662852149,1.0
Apoe|Trem2,OpticNerve,Sham,MHCII+ MG,Neutrophil,1.1923352,0.1361109214421537,1.0
Apoe|Trem2,OpticNerve,Sham,MHCII+ Mac/APC,BAM,1.1908777,0.1372732498860208,1.0
Apoe|Trem2,OpticNerve,Sham,Homeostatic MG,Neutrophil,1.1741878,0.1508691105475232,1.0
Apoe|Trem2,OpticNerve,Sham,Proliferating MG,NK cell,1.0267755,0.3016833885508791,1.0
Apoe|Trem2,OpticNerve,Sham,Proliferating MG,T cell,1.0034,0.3310633115465942,1.0
Apoe|Trem2,OpticNerve,Sham,Proliferating MG,MHCII+ Mac/APC,0.96190876,0.3952551558450843,1.0
Apoe|Trem2,OpticNerve,Sham,NK cell,NK cell,0.91002345,0.4901378745545424,1.0
Apoe|Trem2,OpticNerve,Sham,Proliferating MG,Neutrophil,0.89016724,0.5229387664008346,1.0
Apoe|Trem2,OpticNerve,Sham,NK cell,T cell,0.886648,0.5301700403458056,1.0
Apoe|Trem2,OpticNerve,Sham,T cell,NK cell,0.8840406,0.5362716520618789,1.0
Apoe|Trem2,OpticNerve,Sham,T cell,T cell,0.8606651,0.5817591250821005,1.0
Apoe|Trem2,OpticNerve,Sham,NK cell,MHCII+ Mac/APC,0.8451568,0.6136500066038191,1.0
Apoe|Trem2,OpticNerve,Sham,T cell,MHCII+ Mac/APC,0.8191739,0.6734378585148236,1.0
Apoe|Trem2,OpticNerve,Sham,NK cell,Neutrophil,0.7734153,0.7877095976649058,1.0
Apoe|Trem2,OpticNerve,Sham,T cell,Neutrophil,0.74743235,0.8498962246113024,1.0
Apoe|Trem2,OpticNerve,Sham,MHCII+ Mac/APC,Neutrophil,0.6020267,0.8744536146702001,1.0
Apoe|Trem2,OpticNerve,Sham,MHCII+ Mac/APC,NK cell,0.73863494,0.8757755464177837,1.0
Apoe|Trem2,OpticNerve,Sham,MHCII+ Mac/APC,T cell,0.71525943,0.9473129137202668,1.0
Apoe|Trem2,OpticNerve,Sham,MHCII+ Mac/APC,MHCII+ Mac/APC,0.6737682,1.0,1.0
Apoe|Trem2,OpticNerve,MB,BAM,Iron+ MG (Fth1+),3.9594755,2.639254015225089e-08,0.0021261137254306
Apoe|Trem2,OpticNerve,MB,DAM-like MG,Iron+ MG (Fth1+),3.8751583,1.0556634913657083e-07,0.0021261137254306
Apoe|Trem2,OpticNerve,MB,Iron+ MG (Fth1+),Iron+ MG (Fth1+),3.873774,2.3751569910752198e-07,0.0021261137254306
Apoe|Trem2,OpticNerve,MB,BAM,DAM-like MG,3.6795578,4.222349047668217e-07,0.0030518010643922
Apoe|Trem2,OpticNerve,MB,DAM-like MG,DAM-like MG,3.5952406,6.597181638172717e-07,0.0038285361194911
Apoe|Trem2,OpticNerve,MB,Iron+ MG (Fth1+),DAM-like MG,3.5938566,9.49959886681318e-07,0.0038521653419015
Apoe|Trem2,OpticNerve,MB,BAM,Homeostatic MG,3.5065649,1.2929542994226924e-06,0.0077083883312807
Apoe|Trem2,OpticNerve,MB,DAM-like MG,Homeostatic MG,3.4222476,2.1371780704982505e-06,0.0101743062965094
Apoe|Trem2,OpticNerve,MB,Iron+ MG (Fth1+),Homeostatic MG,3.4208636,2.6383962212726097e-06,0.0102234633820818
Apoe|Trem2,OpticNerve,MB,BAM,Proliferating MG,3.4224014,2.6383962212726097e-06,0.0139441788532766
Apoe|Trem2,OpticNerve,MB,BAM,BAM,3.3933983,3.1923445049654443e-06,0.0170451337194418
Apoe|Trem2,OpticNerve,MB,DAM-like MG,Proliferating MG,3.3380842,3.799016268735113e-06,0.0178988834008725
Apoe|Trem2,OpticNerve,MB,Iron+ MG (Fth1+),Proliferating MG,3.3367004,5.170509862683989e-06,0.0180341814453553
Apoe|Trem2,OpticNerve,MB,DAM-like MG,BAM,3.309081,5.9353195213712975e-06,0.0214833108984918
Apoe|Trem2,OpticNerve,MB,Iron+ MG (Fth1+),BAM,3.307697,6.752831265440826e-06,0.0215521538183915
Apoe|Trem2,OpticNerve,MB,BAM,MHCII+ MG,3.2753398,7.623037620262274e-06,0.0391448918202169
Apoe|Trem2,OpticNerve,MB,DAM-like MG,MHCII+ MG,3.1910226,9.521513844528724e-06,0.04866990798606
Apoe|Trem2,OpticNerve,MB,Iron+ MG (Fth1+),MHCII+ MG,3.1896386,1.054977341311862e-05,0.048956224182507
Apoe|Trem2,OpticNerve,MB,MHCII+ MG,Iron+ MG (Fth1+),3.0800972,1.395056287667136e-05,0.0180191105748144
Apoe|Trem2,OpticNerve,MB,Homeostatic MG,Iron+ MG (Fth1+),2.8841014,5.820429230023063e-05,0.4128819044930825
Apoe|Trem2,OpticNerve,MB,BAM,T cell,2.9671128,5.820429230023063e-05,0.7718846519595097
Apoe|Trem2,OpticNerve,MB,DAM-like MG,T cell,2.8827956,6.586462439103255e-05,0.5512173841582542
Apoe|Trem2,OpticNerve,MB,Iron+ MG (Fth1+),T cell,2.8814116,6.852307842244446e-05,0.4476761346691056
Apoe|Trem2,OpticNerve,MB,MHCII+ MG,DAM-like MG,2.8001795,0.000107857958754,0.0633383098602791
Apoe|Trem2,OpticNerve,MB,Proliferating MG,Iron+ MG (Fth1+),2.652771,0.0001856677144541,0.2737641120074527
Apoe|Trem2,OpticNerve,MB,MHCII+ MG,Homeostatic MG,2.6271868,0.0002525862702875,0.7159543536118846
Apoe|Trem2,OpticNerve,MB,Homeostatic MG,DAM-like MG,2.604184,0.0002954223802524,0.8732950801178334
Apoe|Trem2,OpticNerve,MB,MHCII+ MG,Proliferating MG,2.5430233,0.0005750340979804,0.9435129599463128
Apoe|Trem2,OpticNerve,MB,MHCII+ MG,BAM,2.51402,0.0006971220458252,1.0
Apoe|Trem2,OpticNerve,MB,T cell,Iron+ MG (Fth1+),2.491712,0.0007940696809582,0.7247269953780325
Apoe|Trem2,OpticNerve,MB,Homeostatic MG,Homeostatic MG,2.431191,0.0011224829529185,1.0
Apoe|Trem2,OpticNerve,MB,MHCII+ MG,MHCII+ MG,2.3959618,0.0013370749141476,1.0
Apoe|Trem2,OpticNerve,MB,Proliferating MG,DAM-like MG,2.3728533,0.0014946141085908,1.0
Apoe|Trem2,OpticNerve,MB,Homeostatic MG,Proliferating MG,2.3470278,0.0016347047023569,1.0
Apoe|Trem2,OpticNerve,MB,Homeostatic MG,BAM,2.3180244,0.0018082772916007,1.0
Apoe|Trem2,OpticNerve,MB,T cell,DAM-like MG,2.2117944,0.0024440786090993,1.0
Apoe|Trem2,OpticNerve,MB,Homeostatic MG,MHCII+ MG,2.199966,0.0025080274806436,1.0
Apoe|Trem2,OpticNerve,MB,Proliferating MG,Homeostatic MG,2.1998606,0.0025241425271827,1.0
Apoe|Trem2,OpticNerve,MB,Proliferating MG,Proliferating MG,2.1156971,0.002926185955269,1.0
Apoe|Trem2,OpticNerve,MB,MHCII+ MG,T cell,2.0877347,0.0031923487698314,1.0
Apoe|Trem2,OpticNerve,MB,Proliferating MG,BAM,2.0866938,0.0032652561062802,1.0
Apoe|Trem2,OpticNerve,MB,MHCII+ Mac/APC,Iron+ MG (Fth1+),2.0696878,0.0034510764200124,1.0
Apoe|Trem2,OpticNerve,MB,T cell,Homeostatic MG,2.0388017,0.0037393137585156,1.0
Apoe|Trem2,OpticNerve,MB,BAM,MHCII+ Mac/APC,2.6708813,0.0045419838189826,1.0
Apoe|Trem2,OpticNerve,MB,Proliferating MG,MHCII+ MG,1.9686354,0.0050513085299745,1.0
Apoe|Trem2,OpticNerve,MB,DAM-like MG,MHCII+ Mac/APC,2.586564,0.0052116020144779,1.0
Apoe|Trem2,OpticNerve,MB,Iron+ MG (Fth1+),MHCII+ Mac/APC,2.58518,0.0052578521586481,1.0
Apoe|Trem2,OpticNerve,MB,T cell,Proliferating MG,1.9546382,0.0053978075514768,1.0
Apoe|Trem2,OpticNerve,MB,T cell,BAM,1.925635,0.006000385315135,1.0
Apoe|Trem2,OpticNerve,MB,Homeostatic MG,T cell,1.8917389,0.00689651320654,1.0
Apoe|Trem2,OpticNerve,MB,T cell,MHCII+ MG,1.8075765,0.0095115487269072,1.0
Apoe|Trem2,OpticNerve,MB,MHCII+ Mac/APC,DAM-like MG,1.7897701,0.0103661940333653,1.0
Apoe|Trem2,OpticNerve,MB,NK cell,Iron+ MG (Fth1+),1.8939656,0.0127128476726442,1.0
Apoe|Trem2,OpticNerve,MB,Proliferating MG,T cell,1.6604084,0.0177214216488196,1.0
Apoe|Trem2,OpticNerve,MB,MHCII+ Mac/APC,Homeostatic MG,1.6167772,0.0217824240910649,1.0
Apoe|Trem2,OpticNerve,MB,NK cell,DAM-like MG,1.614048,0.0263977526962285,1.0
Apoe|Trem2,OpticNerve,MB,MHCII+ MG,MHCII+ Mac/APC,1.7915032,0.0289974185335101,1.0
Apoe|Trem2,OpticNerve,MB,MHCII+ Mac/APC,Proliferating MG,1.532614,0.0313264857373453,1.0
Apoe|Trem2,OpticNerve,MB,MHCII+ Mac/APC,BAM,1.5036106,0.0364193240212136,1.0
Apoe|Trem2,OpticNerve,MB,T cell,T cell,1.4993495,0.0374336089580678,1.0
Apoe|Trem2,OpticNerve,MB,Homeostatic MG,MHCII+ Mac/APC,1.5955075,0.0456257078246131,1.0
Apoe|Trem2,OpticNerve,MB,NK cell,Homeostatic MG,1.441055,0.0485716195390922,1.0
Apoe|Trem2,OpticNerve,MB,BAM,NK cell,2.5350244,0.0604630224504361,1.0
Apoe|Trem2,OpticNerve,MB,MHCII+ Mac/APC,MHCII+ MG,1.3855522,0.0646709063490474,1.0
Apoe|Trem2,OpticNerve,MB,DAM-like MG,NK cell,2.4507072,0.0674965863979437,1.0
Apoe|Trem2,OpticNerve,MB,Iron+ MG (Fth1+),NK cell,2.4493232,0.0678934929749271,1.0
Apoe|Trem2,OpticNerve,MB,NK cell,Proliferating MG,1.3568918,0.0769824444739815,1.0
Apoe|Trem2,OpticNerve,MB,Proliferating MG,MHCII+ Mac/APC,1.364177,0.0824625130993048,1.0
Apoe|Trem2,OpticNerve,MB,NK cell,BAM,1.3278885,0.0889248240573188,1.0
Apoe|Trem2,OpticNerve,MB,NK cell,MHCII+ MG,1.20983,0.1533958451211555,1.0
Apoe|Trem2,OpticNerve,MB,T cell,MHCII+ Mac/APC,1.2031181,0.1580350696481165,1.0
Apoe|Trem2,OpticNerve,MB,MHCII+ MG,NK cell,1.6556462,0.2107540554223003,1.0
Apoe|Trem2,OpticNerve,MB,MHCII+ Mac/APC,T cell,1.0773251,0.2723600652221355,1.0
Apoe|Trem2,OpticNerve,MB,Homeostatic MG,NK cell,1.4596505,0.2883306322632429,1.0
Apoe|Trem2,OpticNerve,MB,Proliferating MG,NK cell,1.22832,0.4060056909735472,1.0
Apoe|Trem2,OpticNerve,MB,T cell,NK cell,1.0672611,0.5206539362030028,1.0
Apoe|Trem2,OpticNerve,MB,NK cell,T cell,0.901603,0.5530961744280852,1.0
Apoe|Trem2,OpticNerve,MB,MHCII+ Mac/APC,NK cell,0.64523685,0.5861102793726213,1.0
Apoe|Trem2,OpticNerve,MB,NK cell,NK cell,0.4695146,0.6805331312395837,1.0
Apoe|Trem2,OpticNerve,MB,MHCII+ Mac/APC,MHCII+ Mac/APC,0.7810937,0.8086386502846787,1.0
Apoe|Trem2,OpticNerve,MB,NK cell,MHCII+ Mac/APC,0.60537153,0.8124177299164345,1.0
Apoe|Lrp1,Retina,Sham,BAM,DAM-like MG,3.2810583,2.093100078385222e-06,0.0027609997879886
Apoe|Lrp1,Retina,Sham,BAM,Neutrophil,3.2564993,2.923249420511572e-06,0.0027609997879886
Apoe|Lrp1,Retina,Sham,BAM,Homeostatic MG,3.2361095,3.390178440262972e-06,0.0027609997879886
Apoe|Lrp1,Retina,Sham,BAM,Proliferating MG,3.225425,3.891672810799418e-06,0.0027609997879886
Apoe|Lrp1,Retina,Sham,BAM,BAM,3.1195686,1.8825780534728905e-05,0.0027609997879886
Apoe|Lrp1,Retina,Sham,BAM,MHCII+ MG,3.0313535,8.704797112412428e-05,0.0027609997879886
Apoe|Lrp1,Retina,Sham,BAM,Activated MG (Ccl5+),2.936957,0.000582690120362,0.0051260957205424
Apoe|Lrp1,Retina,Sham,Iron+ MG (Fth1+),DAM-like MG,2.1820047,0.0006676801804536,0.0027609997879886
Apoe|Lrp1,Retina,Sham,Iron+ MG (Fth1+),Neutrophil,2.1574457,0.0007228391170622,0.00293970178939
Apoe|Lrp1,Retina,Sham,BAM,T cell,2.9187348,0.0007728874342353,0.007135810781806
Apoe|Lrp1,Retina,Sham,Iron+ MG (Fth1+),Homeostatic MG,2.1370556,0.0009171189401777,0.0034242645723605
Apoe|Lrp1,Retina,Sham,Iron+ MG (Fth1+),Proliferating MG,2.1263711,0.0010145206087852,0.0037588998273816
Apoe|Lrp1,Retina,Sham,Iron+ MG (Fth1+),BAM,2.020515,0.0017444430818499,0.0114833911834775
Apoe|Lrp1,Retina,Sham,Neutrophil,DAM-like MG,1.9314957,0.0024580139257675,0.0068716059339201
Apoe|Lrp1,Retina,Sham,BAM,Iron+ MG (Fth1+),2.8589718,0.0025360060401591,0.0265901678554192
Apoe|Lrp1,Retina,Sham,Neutrophil,Neutrophil,1.9069366,0.0028322727391516,0.0085589316509335
Apoe|Lrp1,Retina,Sham,Neutrophil,Homeostatic MG,1.8865466,0.003115623771589,0.0102887726703316
Apoe|Lrp1,Retina,Sham,DAM-like MG,DAM-like MG,1.8780583,0.0032771475754965,0.0089132922544013
Apoe|Lrp1,Retina,Sham,Iron+ MG (Fth1+),MHCII+ MG,1.9322999,0.0033069486230137,0.0388177436451504
Apoe|Lrp1,Retina,Sham,Neutrophil,Proliferating MG,1.8758621,0.0033368821256063,0.0116496084098791
Apoe|Lrp1,Retina,Sham,DAM-like MG,Neutrophil,1.8534992,0.003785864280577,0.0113448038513665
Apoe|Lrp1,Retina,Sham,DAM-like MG,Homeostatic MG,1.8331094,0.0045552455853113,0.0136985767465258
Apoe|Lrp1,Retina,Sham,DAM-like MG,Proliferating MG,1.8224249,0.0046784609981705,0.0154014875276802
Apoe|Lrp1,Retina,Sham,Neutrophil,BAM,1.7700058,0.0062829447951122,0.0392971711513147
Apoe|Lrp1,Retina,Sham,DAM-like MG,BAM,1.7165685,0.0081651105130765,0.0520328445281974
Apoe|Lrp1,Retina,Sham,Neutrophil,MHCII+ MG,1.6817908,0.0096965604495453,0.0916552743489093
Apoe|Lrp1,Retina,Sham,Iron+ MG (Fth1+),Activated MG (Ccl5+),1.8379031,0.0109226372108839,0.0729080879057845
Apoe|Lrp1,Retina,Sham,DAM-like MG,MHCII+ MG,1.6283535,0.0123619320766468,0.1064452405697276
Apoe|Lrp1,Retina,Sham,Iron+ MG (Fth1+),T cell,1.819681,0.013677351919066,0.0788232571648633
Apoe|Lrp1,Retina,Sham,Neutrophil,Activated MG (Ccl5+),1.5873941,0.0209953724032468,0.1495746354559144
Apoe|Lrp1,Retina,Sham,DAM-like MG,Activated MG (Ccl5+),1.5339568,0.0243989089873784,0.1827153828247673
Apoe|Lrp1,Retina,Sham,Neutrophil,T cell,1.569172,0.02503683414007,0.5059957555260407
Apoe|Lrp1,Retina,Sham,Iron+ MG (Fth1+),Iron+ MG (Fth1+),1.759918,0.0267903977052461,0.1083829222033402
Apoe|Lrp1,Retina,Sham,DAM-like MG,T cell,1.5157347,0.0297665849683056,0.2096490742651942
Apoe|Lrp1,Retina,Sham,Activated MG (Ccl5+),DAM-like MG,1.3812201,0.0488383841499824,0.7770510427070518
Apoe|Lrp1,Retina,Sham,Neutrophil,Iron+ MG (Fth1+),1.509409,0.0520866042002004,0.3495972513303103
Apoe|Lrp1,Retina,Sham,Activated MG (Ccl5+),Neutrophil,1.3566611,0.0572617461720933,0.8438178903623421
Apoe|Lrp1,Retina,Sham,DAM-like MG,Iron+ MG (Fth1+),1.4559716,0.0604525795861876,0.3340314514512851
Apoe|Lrp1,Retina,Sham,Activated MG (Ccl5+),Homeostatic MG,1.336271,0.0638492436937055,0.904841356156329
Apoe|Lrp1,Retina,Sham,Activated MG (Ccl5+),Proliferating MG,1.3255866,0.0682973498279183,0.9457186830309476
Apoe|Lrp1,Retina,Sham,Activated MG (Ccl5+),BAM,1.2197303,0.1221888106865238,1.0
Apoe|Lrp1,Retina,Sham,Activated MG (Ccl5+),MHCII+ MG,1.1315153,0.193992356447369,1.0
Apoe|Lrp1,Retina,Sham,T cell,DAM-like MG,1.0416584,0.3033111278526851,1.0
Apoe|Lrp1,Retina,Sham,Activated MG (Ccl5+),Activated MG (Ccl5+),1.0371186,0.3107129852643543,1.0
Apoe|Lrp1,Retina,Sham,Proliferating MG,DAM-like MG,1.0338112,0.3155186684295327,1.0
Apoe|Lrp1,Retina,Sham,B cell,DAM-like MG,1.0290862,0.3217594984526868,1.0
Apoe|Lrp1,Retina,Sham,Activated MG (Ccl5+),T cell,1.0188965,0.3356884054298565,1.0
Apoe|Lrp1,Retina,Sham,T cell,Neutrophil,1.0170993,0.3376416995015935,1.0
Apoe|Lrp1,Retina,Sham,Proliferating MG,Neutrophil,1.0092522,0.3493241727303351,1.0
Apoe|Lrp1,Retina,Sham,B cell,Neutrophil,1.0045271,0.3568890980858895,1.0
Apoe|Lrp1,Retina,Sham,MHCII+ MG,DAM-like MG,0.99913955,0.3638463198907591,1.0
Apoe|Lrp1,Retina,Sham,T cell,Homeostatic MG,0.99670935,0.3674796040232594,1.0
Apoe|Lrp1,Retina,Sham,Proliferating MG,Homeostatic MG,0.9888623,0.3810594460532803,1.0
Apoe|Lrp1,Retina,Sham,T cell,Proliferating MG,0.98602486,0.3850335771161595,1.0
Apoe|Lrp1,Retina,Sham,B cell,Homeostatic MG,0.9841372,0.3883346504438515,1.0
Apoe|Lrp1,Retina,Sham,Proliferating MG,Proliferating MG,0.9781778,0.3989993607274332,1.0
Apoe|Lrp1,Retina,Sham,MHCII+ MG,Neutrophil,0.97458047,0.4055637911505303,1.0
Apoe|Lrp1,Retina,Sham,B cell,Proliferating MG,0.9734527,0.4080887600170033,1.0
Apoe|Lrp1,Retina,Sham,Activated MG (Ccl5+),Iron+ MG (Fth1+),0.9591334,0.4339540339812585,1.0
Apoe|Lrp1,Retina,Sham,MHCII+ MG,Homeostatic MG,0.95419055,0.4426127791059597,1.0
Apoe|Lrp1,Retina,Sham,MHCII+ MG,Proliferating MG,0.94350606,0.4639495863483803,1.0
Apoe|Lrp1,Retina,Sham,NK cell,MHCII+ MG,0.59617287,0.5039994500805098,1.0
Apoe|Lrp1,Retina,Sham,Homeostatic MG,T cell,0.53531265,0.5391498399509805,1.0
Apoe|Lrp1,Retina,Sham,Homeostatic MG,Activated MG (Ccl5+),0.5535347,0.5411632610815311,1.0
Apoe|Lrp1,Retina,Sham,Homeostatic MG,DAM-like MG,0.89763623,0.5544831624430884,1.0
Apoe|Lrp1,Retina,Sham,T cell,BAM,0.88016856,0.5945910894305181,1.0
Apoe|Lrp1,Retina,Sham,Homeostatic MG,Neutrophil,0.87307715,0.613047558630908,1.0
Apoe|Lrp1,Retina,Sham,Proliferating MG,BAM,0.87232137,0.6150014231533467,1.0
Apoe|Lrp1,Retina,Sham,B cell,BAM,0.8675964,0.6243103898383133,1.0
Apoe|Lrp1,Retina,Sham,NK cell,Activated MG (Ccl5+),0.50177616,0.6467789807456852,1.0
Apoe|Lrp1,Retina,Sham,NK cell,BAM,0.68438786,0.6550435842221909,1.0
Apoe|Lrp1,Retina,Sham,Homeostatic MG,Homeostatic MG,0.85268724,0.6576697350320642,1.0
Apoe|Lrp1,Retina,Sham,MHCII+ MG,Iron+ MG (Fth1+),0.57705283,0.6646777366132804,1.0
Apoe|Lrp1,Retina,Sham,Homeostatic MG,Proliferating MG,0.84200275,0.683478092930561,1.0
Apoe|Lrp1,Retina,Sham,MHCII+ MG,BAM,0.8376497,0.694296342969158,1.0
Apoe|Lrp1,Retina,Sham,NK cell,T cell,0.48355412,0.7056621463875365,1.0
Apoe|Lrp1,Retina,Sham,Homeostatic MG,Iron+ MG (Fth1+),0.47554958,0.7315358462634995,1.0
Apoe|Lrp1,Retina,Sham,NK cell,DAM-like MG,0.8458777,0.7332637776407502,1.0
Apoe|Lrp1,Retina,Sham,B cell,Iron+ MG (Fth1+),0.6069995,0.7594548542089232,1.0
Apoe|Lrp1,Retina,Sham,Homeostatic MG,MHCII+ MG,0.6479314,0.7623010957599704,1.0
Apoe|Lrp1,Retina,Sham,Proliferating MG,Iron+ MG (Fth1+),0.61172456,0.7716799947729643,1.0
Apoe|Lrp1,Retina,Sham,NK cell,Neutrophil,0.8213186,0.774447407531049,1.0
Apoe|Lrp1,Retina,Sham,T cell,Iron+ MG (Fth1+),0.6195717,0.7957076798825531,1.0
Apoe|Lrp1,Retina,Sham,NK cell,Homeostatic MG,0.8009287,0.8125500152619614,1.0
Apoe|Lrp1,Retina,Sham,T cell,MHCII+ MG,0.79195356,0.8171714918067399,1.0
Apoe|Lrp1,Retina,Sham,NK cell,Proliferating MG,0.7902442,0.8339363194865527,1.0
Apoe|Lrp1,Retina,Sham,Proliferating MG,MHCII+ MG,0.7841064,0.8396708040979075,1.0
Apoe|Lrp1,Retina,Sham,B cell,MHCII+ MG,0.7793814,0.8529625645332337,1.0
Apoe|Lrp1,Retina,Sham,MHCII+ MG,T cell,0.6368159,0.870253615731188,1.0
Apoe|Lrp1,Retina,Sham,MHCII+ MG,Activated MG (Ccl5+),0.655038,0.9349123198605088,1.0
Apoe|Lrp1,Retina,Sham,NK cell,Iron+ MG (Fth1+),0.42379105,0.9363641868873348,1.0
Apoe|Lrp1,Retina,Sham,MHCII+ MG,MHCII+ MG,0.7494347,0.9452898052517332,1.0
Apoe|Lrp1,Retina,Sham,Homeostatic MG,BAM,0.7361464,0.9605383506931278,1.0
Apoe|Lrp1,Retina,Sham,B cell,T cell,0.6667626,0.9768833433923898,1.0
Apoe|Lrp1,Retina,Sham,Proliferating MG,T cell,0.6714876,0.9949247741396916,1.0
Apoe|Lrp1,Retina,Sham,Proliferating MG,Activated MG (Ccl5+),0.68970966,1.0,1.0
Apoe|Lrp1,Retina,Sham,T cell,Activated MG (Ccl5+),0.69755685,1.0,1.0
Apoe|Lrp1,Retina,Sham,B cell,Activated MG (Ccl5+),0.6849847,1.0,1.0
Apoe|Lrp1,Retina,Sham,T cell,T cell,0.67933476,1.0,1.0
Apoe|Lrp1,Retina,MB,Iron+ MG (Fth1+),DAM-like MG,3.3303099,5.605728224269353e-06,0.0135374727263442
Apoe|Lrp1,Retina,MB,BAM,DAM-like MG,3.192245,7.199741648288384e-06,0.0135374727263442
Apoe|Lrp1,Retina,MB,Iron+ MG (Fth1+),Homeostatic MG,3.269571,1.151403073334855e-05,0.0135374727263442
Apoe|Lrp1,Retina,MB,BAM,Homeostatic MG,3.1315062,1.4346131434932263e-05,0.0135374727263442
Apoe|Lrp1,Retina,MB,DAM-like MG,DAM-like MG,2.9606428,2.094266917062419e-05,0.0135374727263442
Apoe|Lrp1,Retina,MB,Iron+ MG (Fth1+),Proliferating MG,3.1527762,3.5947277264135594e-05,0.0135374727263442
Apoe|Lrp1,Retina,MB,DAM-like MG,Homeostatic MG,2.899904,3.6898833399877326e-05,0.0135374727263442
Apoe|Lrp1,Retina,MB,BAM,Proliferating MG,3.0147114,4.4958103378625375e-05,0.0135374727263442
Apoe|Lrp1,Retina,MB,Iron+ MG (Fth1+),Iron+ MG (Fth1+),3.0934393,6.857977651857569e-05,0.0135374727263442
Apoe|Lrp1,Retina,MB,BAM,Iron+ MG (Fth1+),2.9553745,9.871842452770444e-05,0.0135374727263442
Apoe|Lrp1,Retina,MB,DAM-like MG,Proliferating MG,2.7831092,0.0001050783735652,0.0135374727263442
Apoe|Lrp1,Retina,MB,Iron+ MG (Fth1+),Neutrophil,3.0470183,0.00016107999926,0.0135374727263442
Apoe|Lrp1,Retina,MB,DAM-like MG,Iron+ MG (Fth1+),2.7237723,0.0002080290111695,0.013619438077574
Apoe|Lrp1,Retina,MB,BAM,Neutrophil,2.9089534,0.0002434655003837,0.0153911452891838
Apoe|Lrp1,Retina,MB,Iron+ MG (Fth1+),T cell,3.006277,0.0003574442256907,0.0230889716879036
Apoe|Lrp1,Retina,MB,Iron+ MG (Fth1+),BAM,3.0054154,0.000366416814279,0.0233457223934079
Apoe|Lrp1,Retina,MB,Neutrophil,DAM-like MG,2.4965503,0.0004129405448273,0.0135374727263442
Apoe|Lrp1,Retina,MB,DAM-like MG,Neutrophil,2.6773512,0.0004724202281917,0.0287471064856082
Apoe|Lrp1,Retina,MB,BAM,T cell,2.8682122,0.0005178529594935,0.0318926054431612
Apoe|Lrp1,Retina,MB,BAM,BAM,2.8673506,0.0005214337224799,0.0323102898612576
Apoe|Lrp1,Retina,MB,Neutrophil,Homeostatic MG,2.4358115,0.0005431760210705,0.0135374727263442
Apoe|Lrp1,Retina,MB,T cell,DAM-like MG,2.3312016,0.0007717378499772,0.0978903686073034
Apoe|Lrp1,Retina,MB,Neutrophil,Proliferating MG,2.3190167,0.0008025493827453,0.2804887634007464
Apoe|Lrp1,Retina,MB,DAM-like MG,T cell,2.63661,0.0008613599922161,0.0553476685229903
Apoe|Lrp1,Retina,MB,T cell,Homeostatic MG,2.270463,0.000865969524788,0.0550425599825571
Apoe|Lrp1,Retina,MB,DAM-like MG,BAM,2.6357484,0.0008845295067383,0.0561846694613927
Apoe|Lrp1,Retina,MB,Neutrophil,Iron+ MG (Fth1+),2.2596798,0.0008845295067383,0.0541013959079179
Apoe|Lrp1,Retina,MB,MHCII+ MG,DAM-like MG,2.252439,0.0008985776780295,0.0146880327427257
Apoe|Lrp1,Retina,MB,Iron+ MG (Fth1+),MHCII+ MG,2.9567645,0.0009461989893309,0.0586107226273491
Apoe|Lrp1,Retina,MB,MHCII+ MG,Homeostatic MG,2.1917002,0.0010912017377449,0.01557407953088
Apoe|Lrp1,Retina,MB,Proliferating MG,DAM-like MG,2.191557,0.0010963848367398,0.3901156024776742
Apoe|Lrp1,Retina,MB,BAM,MHCII+ MG,2.8186996,0.0012134932946506,0.0796776107624578
Apoe|Lrp1,Retina,MB,T cell,Proliferating MG,2.1536682,0.0012854634863061,0.5161339368736856
Apoe|Lrp1,Retina,MB,Proliferating MG,Homeostatic MG,2.1308184,0.0014119419796805,0.4117228374624139
Apoe|Lrp1,Retina,MB,MHCII+ Mac/APC,DAM-like MG,2.1284666,0.0014237317340201,0.0183399426052544
Apoe|Lrp1,Retina,MB,Activated MG (Ccl5+),DAM-like MG,2.1222005,0.0014653786354386,0.2052780396421584
Apoe|Lrp1,Retina,MB,Neutrophil,Neutrophil,2.213259,0.0014954905820732,0.5892633915042148
Apoe|Lrp1,Retina,MB,T cell,Iron+ MG (Fth1+),2.0943313,0.0016442522837576,0.2468219227008073
Apoe|Lrp1,Retina,MB,MHCII+ MG,Proliferating MG,2.0749054,0.0017538510757424,0.4044614633535115
Apoe|Lrp1,Retina,MB,MHCII+ Mac/APC,Homeostatic MG,2.067728,0.0018333230538953,0.0428055135420952
Apoe|Lrp1,Retina,MB,DAM-like MG,MHCII+ MG,2.5870974,0.0018400245436368,0.1318553415829043
Apoe|Lrp1,Retina,MB,Activated MG (Ccl5+),Homeostatic MG,2.0614617,0.0018804869655173,0.4178983706355315
Apoe|Lrp1,Retina,MB,MHCII+ MG,Iron+ MG (Fth1+),2.0155685,0.0021832080912001,0.3378971287024703
Apoe|Lrp1,Retina,MB,Proliferating MG,Proliferating MG,2.0140235,0.0021978321167247,1.0
Apoe|Lrp1,Retina,MB,Iron+ MG (Fth1+),MHCII+ Mac/APC,2.9070823,0.0022791259848164,0.1619497601919589
Apoe|Lrp1,Retina,MB,T cell,Neutrophil,2.0479102,0.0023542959544432,1.0
Apoe|Lrp1,Retina,MB,Neutrophil,T cell,2.1725175,0.0025791061430861,1.0
Apoe|Lrp1,Retina,MB,Neutrophil,BAM,2.1716561,0.0026109094203236,1.0
Apoe|Lrp1,Retina,MB,Proliferating MG,Iron+ MG (Fth1+),1.9546866,0.0029734470010383,0.8227601920309868
Apoe|Lrp1,Retina,MB,BAM,MHCII+ Mac/APC,2.7690175,0.0029904790673074,0.1838937022685288
Apoe|Lrp1,Retina,MB,MHCII+ Mac/APC,Proliferating MG,1.9509332,0.0030332684314993,0.7080752901942347
Apoe|Lrp1,Retina,MB,MHCII+ MG,Neutrophil,1.9691474,0.0030590863375151,0.6894944735964357
Apoe|Lrp1,Retina,MB,Activated MG (Ccl5+),Proliferating MG,1.9446669,0.003137187443938,1.0
Apoe|Lrp1,Retina,MB,Proliferating MG,Neutrophil,1.9082656,0.0037110751835946,1.0
Apoe|Lrp1,Retina,MB,MHCII+ Mac/APC,Iron+ MG (Fth1+),1.8915963,0.0040010413166466,1.0
Apoe|Lrp1,Retina,MB,T cell,T cell,2.007169,0.0040306291154491,1.0
Apoe|Lrp1,Retina,MB,T cell,BAM,2.0063074,0.0040801802867691,1.0
Apoe|Lrp1,Retina,MB,Activated MG (Ccl5+),Iron+ MG (Fth1+),1.88533,0.0041400352021153,1.0
Apoe|Lrp1,Retina,MB,DAM-like MG,MHCII+ Mac/APC,2.5374153,0.0046237433206882,0.281422458787067
Apoe|Lrp1,Retina,MB,MHCII+ Mac/APC,Neutrophil,1.8451753,0.004794408033267,1.0
Apoe|Lrp1,Retina,MB,Activated MG (Ccl5+),Neutrophil,1.8389091,0.0048917438500302,1.0
Apoe|Lrp1,Retina,MB,MHCII+ MG,T cell,1.9284062,0.0050010237446653,1.0
Apoe|Lrp1,Retina,MB,MHCII+ MG,BAM,1.9275447,0.0050340393151275,1.0
Apoe|Lrp1,Retina,MB,Neutrophil,MHCII+ MG,2.123005,0.0053133198707379,0.3841693369415207
Apoe|Lrp1,Retina,MB,Proliferating MG,T cell,1.8675244,0.0058940960077078,1.0
Apoe|Lrp1,Retina,MB,Proliferating MG,BAM,1.8666629,0.0059418357398415,1.0
Apoe|Lrp1,Retina,MB,Homeostatic MG,DAM-like MG,1.7922416,0.0061590033875496,1.0
Apoe|Lrp1,Retina,MB,MHCII+ Mac/APC,T cell,1.8044341,0.0067186506197178,1.0
Apoe|Lrp1,Retina,MB,MHCII+ Mac/APC,BAM,1.8035725,0.0067440772790027,1.0
Apoe|Lrp1,Retina,MB,Activated MG (Ccl5+),T cell,1.7981678,0.0068078508756976,1.0
Apoe|Lrp1,Retina,MB,Activated MG (Ccl5+),BAM,1.7973063,0.0068719196721604,1.0
Apoe|Lrp1,Retina,MB,Iron+ MG (Fth1+),Activated MG (Ccl5+),2.8497362,0.0075019310870143,0.1838937022685288
Apoe|Lrp1,Retina,MB,T cell,MHCII+ MG,1.9576564,0.0076772156716156,0.9460259798868602
Apoe|Lrp1,Retina,MB,Homeostatic MG,Homeostatic MG,1.7315028,0.0082289794503252,1.0
Apoe|Lrp1,Retina,MB,MHCII+ MG,MHCII+ MG,1.8788936,0.0091064533737334,1.0
Apoe|Lrp1,Retina,MB,BAM,Activated MG (Ccl5+),2.7116714,0.0091507288882025,0.1838937022685288
Apoe|Lrp1,Retina,MB,Proliferating MG,MHCII+ MG,1.8180118,0.010543533575841,1.0
Apoe|Lrp1,Retina,MB,Neutrophil,MHCII+ Mac/APC,2.0733228,0.0109107902522377,1.0
Apoe|Lrp1,Retina,MB,MHCII+ Mac/APC,MHCII+ MG,1.7549214,0.0126478159712827,1.0
Apoe|Lrp1,Retina,MB,Activated MG (Ccl5+),MHCII+ MG,1.7486551,0.0128911739673682,1.0
Apoe|Lrp1,Retina,MB,DAM-like MG,Activated MG (Ccl5+),2.4800692,0.0133313550283133,0.5507122661250746
Apoe|Lrp1,Retina,MB,Homeostatic MG,Proliferating MG,1.614708,0.0149003612068116,1.0
Apoe|Lrp1,Retina,MB,T cell,MHCII+ Mac/APC,1.9079742,0.0157743412702716,1.0
Apoe|Lrp1,Retina,MB,MHCII+ MG,MHCII+ Mac/APC,1.8292115,0.0186869089683372,1.0
Apoe|Lrp1,Retina,MB,Homeostatic MG,Iron+ MG (Fth1+),1.555371,0.0189386288236377,1.0
Apoe|Lrp1,Retina,MB,Proliferating MG,MHCII+ Mac/APC,1.7683296,0.0219275240746509,1.0
Apoe|Lrp1,Retina,MB,Homeostatic MG,Neutrophil,1.5089502,0.0234193251546441,1.0
Apoe|Lrp1,Retina,MB,MHCII+ Mac/APC,MHCII+ Mac/APC,1.7052393,0.0246467498002316,1.0
Apoe|Lrp1,Retina,MB,Activated MG (Ccl5+),MHCII+ Mac/APC,1.6989731,0.0249342830927826,1.0
Apoe|Lrp1,Retina,MB,Homeostatic MG,T cell,1.4682089,0.0271417665025433,1.0
Apoe|Lrp1,Retina,MB,Homeostatic MG,BAM,1.4673474,0.0273423332214152,1.0
Apoe|Lrp1,Retina,MB,Neutrophil,Activated MG (Ccl5+),2.015977,0.0293868877843208,1.0
Apoe|Lrp1,Retina,MB,Homeostatic MG,MHCII+ MG,1.4186962,0.0325038492741856,1.0
Apoe|Lrp1,Retina,MB,T cell,Activated MG (Ccl5+),1.8506283,0.0405386706285113,1.0
Apoe|Lrp1,Retina,MB,MHCII+ MG,Activated MG (Ccl5+),1.7718655,0.047139175242779,1.0
Apoe|Lrp1,Retina,MB,B cell,DAM-like MG,1.3136444,0.0500780951164808,1.0
Apoe|Lrp1,Retina,MB,Proliferating MG,Activated MG (Ccl5+),1.7109836,0.053100630225077,1.0
Apoe|Lrp1,Retina,MB,Homeostatic MG,MHCII+ Mac/APC,1.3690141,0.0579514860908568,1.0
Apoe|Lrp1,Retina,MB,MHCII+ Mac/APC,Activated MG (Ccl5+),1.6478933,0.0609278458343224,1.0
Apoe|Lrp1,Retina,MB,Activated MG (Ccl5+),Activated MG (Ccl5+),1.6416271,0.0621453173924295,1.0
Apoe|Lrp1,Retina,MB,B cell,Homeostatic MG,1.2529057,0.0664757814702755,1.0
Apoe|Lrp1,Retina,MB,NK cell,DAM-like MG,1.1689727,0.0961316761420172,1.0
Apoe|Lrp1,Retina,MB,gdT cell,DAM-like MG,1.1535826,0.1043119684603441,1.0
Apoe|Lrp1,Retina,MB,B cell,Proliferating MG,1.1361109,0.1140177668389215,1.0
Apoe|Lrp1,Retina,MB,NK cell,Homeostatic MG,1.108234,0.130552531091574,1.0
Apoe|Lrp1,Retina,MB,Homeostatic MG,Activated MG (Ccl5+),1.3116682,0.1317010256861456,1.0
Apoe|Lrp1,Retina,MB,gdT cell,Homeostatic MG,1.0928438,0.1390077364774854,1.0
Apoe|Lrp1,Retina,MB,B cell,Iron+ MG (Fth1+),1.076774,0.1498530308087576,1.0
Apoe|Lrp1,Retina,MB,B cell,Neutrophil,1.0303531,0.1844069516699229,1.0
Apoe|Lrp1,Retina,MB,NK cell,Proliferating MG,0.9914392,0.2206621555851405,1.0
Apoe|Lrp1,Retina,MB,B cell,T cell,0.98961174,0.2223044582877649,1.0
Apoe|Lrp1,Retina,MB,B cell,BAM,0.9887502,0.2227652176247548,1.0
Apoe|Lrp1,Retina,MB,pDC,DAM-like MG,0.9827328,0.2286590162753409,1.0
Apoe|Lrp1,Retina,MB,gdT cell,Proliferating MG,0.97604895,0.2350221854103916,1.0
Apoe|Lrp1,Retina,MB,B cell,MHCII+ MG,0.9400991,0.2800764713317321,1.0
Apoe|Lrp1,Retina,MB,NK cell,Iron+ MG (Fth1+),0.9321023,0.2905972484327554,1.0
Apoe|Lrp1,Retina,MB,pDC,Homeostatic MG,0.9219941,0.3055478374902277,1.0
Apoe|Lrp1,Retina,MB,gdT cell,Iron+ MG (Fth1+),0.91671205,0.3124169154898465,1.0
Apoe|Lrp1,Retina,MB,B cell,MHCII+ Mac/APC,0.890417,0.3541960714577176,1.0
Apoe|Lrp1,Retina,MB,NK cell,Neutrophil,0.8856814,0.3630109690832093,1.0
Apoe|Lrp1,Retina,MB,gdT cell,Neutrophil,0.8702911,0.3926175548901208,1.0
Apoe|Lrp1,Retina,MB,NK cell,T cell,0.84494007,0.4420754107283,1.0
Apoe|Lrp1,Retina,MB,NK cell,BAM,0.84407854,0.4436404123703641,1.0
Apoe|Lrp1,Retina,MB,B cell,Activated MG (Ccl5+),0.83307105,0.4644390065394196,1.0
Apoe|Lrp1,Retina,MB,gdT cell,T cell,0.8295498,0.4708276303098406,1.0
Apoe|Lrp1,Retina,MB,gdT cell,BAM,0.82868826,0.4726970623202213,1.0
Apoe|Lrp1,Retina,MB,pDC,Proliferating MG,0.80519927,0.5260370220335744,1.0
Apoe|Lrp1,Retina,MB,pDC,Activated MG (Ccl5+),0.50215936,0.531041910857541,1.0
Apoe|Lrp1,Retina,MB,NK cell,MHCII+ MG,0.79542744,0.5486183058442176,1.0
Apoe|Lrp1,Retina,MB,gdT cell,MHCII+ MG,0.78003716,0.588494135309342,1.0
Apoe|Lrp1,Retina,MB,pDC,Iron+ MG (Fth1+),0.74586236,0.6788944058580626,1.0
Apoe|Lrp1,Retina,MB,NK cell,MHCII+ Mac/APC,0.7457453,0.6795003605349033,1.0
Apoe|Lrp1,Retina,MB,gdT cell,MHCII+ Mac/APC,0.730355,0.7231581588572515,1.0
Apoe|Lrp1,Retina,MB,pDC,MHCII+ Mac/APC,0.55950534,0.8013749448228358,1.0
Apoe|Lrp1,Retina,MB,pDC,Neutrophil,0.69944143,0.8250720007108501,1.0
Apoe|Lrp1,Retina,MB,NK cell,Activated MG (Ccl5+),0.6883994,0.8624435653874788,1.0
Apoe|Lrp1,Retina,MB,gdT cell,Activated MG (Ccl5+),0.6730091,0.9145247329707102,1.0
Apoe|Lrp1,Retina,MB,pDC,T cell,0.6587001,0.967919220532163,1.0
Apoe|Lrp1,Retina,MB,pDC,BAM,0.6578386,0.971712940497798,1.0
Apoe|Lrp1,Retina,MB,pDC,MHCII+ MG,0.6091875,1.0,1.0
Apoe|Lrp1,OpticNerve,Sham,BAM,Neutrophil,3.0714011,2.565610507467779e-06,0.000858560606098
Apoe|Lrp1,OpticNerve,Sham,BAM,DAM-like MG,2.9083877,1.1897111275012518e-05,0.0013182191267871
Apoe|Lrp1,OpticNerve,Sham,BAM,Proliferating MG,2.8419757,3.0714830991425266e-05,0.0021693394111924
Apoe|Lrp1,OpticNerve,Sham,BAM,Homeostatic MG,2.7974775,5.827791058368034e-05,0.0034902693007422
Apoe|Lrp1,OpticNerve,Sham,BAM,BAM,2.7761514,7.857175645502304e-05,0.0043666193410942
Apoe|Lrp1,OpticNerve,Sham,DAM-like MG,Neutrophil,2.4901195,0.0001043822272633,0.0016646042405678
Apoe|Lrp1,OpticNerve,Sham,DAM-like MG,DAM-like MG,2.327106,0.000349409153077,0.0054775817141817
Apoe|Lrp1,OpticNerve,Sham,DAM-like MG,Proliferating MG,2.260694,0.0004734727070705,0.009648460650694
Apoe|Lrp1,OpticNerve,Sham,Iron+ MG (Fth1+),Neutrophil,2.2574272,0.0004842064456911,0.0035608709485909
Apoe|Lrp1,OpticNerve,Sham,DAM-like MG,Homeostatic MG,2.2161958,0.0006978642380381,0.0150378313020232
Apoe|Lrp1,OpticNerve,Sham,DAM-like MG,BAM,2.1948698,0.0009202480287388,0.0189412174859606
Apoe|Lrp1,OpticNerve,Sham,Iron+ MG (Fth1+),DAM-like MG,2.0944138,0.0011151912077269,0.0113534633487858
Apoe|Lrp1,OpticNerve,Sham,BAM,Iron+ MG (Fth1+),2.6441624,0.0011233752133253,0.0220062654614471
Apoe|Lrp1,OpticNerve,Sham,Iron+ MG (Fth1+),Proliferating MG,2.0280018,0.0016191523704186,0.0207083243692781
Apoe|Lrp1,OpticNerve,Sham,Iron+ MG (Fth1+),Homeostatic MG,1.9835036,0.0020358947582132,0.0318673965180469
Apoe|Lrp1,OpticNerve,Sham,Iron+ MG (Fth1+),BAM,1.9621774,0.0023556649480969,0.0404959342867388
Apoe|Lrp1,OpticNerve,Sham,BAM,MHCII+ Mac/APC,2.6024811,0.0024271862006008,0.0428312875393179
Apoe|Lrp1,OpticNerve,Sham,DAM-like MG,Iron+ MG (Fth1+),2.0628805,0.0055565105880169,0.1012439669908967
Apoe|Lrp1,OpticNerve,Sham,Neutrophil,Neutrophil,1.808937,0.0057753467130198,0.3727188618662564
Apoe|Lrp1,OpticNerve,Sham,DAM-like MG,MHCII+ Mac/APC,2.0211992,0.0099821187542392,0.1850410148447533
Apoe|Lrp1,OpticNerve,Sham,BAM,T cell,2.523133,0.010419909527113,0.109825126958613
Apoe|Lrp1,OpticNerve,Sham,Iron+ MG (Fth1+),Iron+ MG (Fth1+),1.8301884,0.0108919656762822,0.2008654455184287
Apoe|Lrp1,OpticNerve,Sham,Neutrophil,DAM-like MG,1.6459235,0.0126648209597705,0.7675952950865146
Apoe|Lrp1,OpticNerve,Sham,MHCII+ MG,Neutrophil,1.6280694,0.0137965126692806,0.0595641899590703
Apoe|Lrp1,OpticNerve,Sham,Homeostatic MG,Neutrophil,1.6099219,0.0150045420494313,0.5412137359981128
Apoe|Lrp1,OpticNerve,Sham,Iron+ MG (Fth1+),MHCII+ Mac/APC,1.788507,0.0166607645567464,0.3291062581538329
Apoe|Lrp1,OpticNerve,Sham,Neutrophil,Proliferating MG,1.5795115,0.0172838425770057,0.8958611847887027
Apoe|Lrp1,OpticNerve,Sham,BAM,MHCII+ MG,2.488846,0.0177265805738287,0.1338055712976846
Apoe|Lrp1,OpticNerve,Sham,Neutrophil,Homeostatic MG,1.5350134,0.0215677384909325,1.0
Apoe|Lrp1,OpticNerve,Sham,Neutrophil,BAM,1.5136873,0.0240831582917947,1.0
Apoe|Lrp1,OpticNerve,Sham,DAM-like MG,T cell,1.9418513,0.0287849338039418,0.2974444080581718
Apoe|Lrp1,OpticNerve,Sham,MHCII+ MG,DAM-like MG,1.465056,0.0309107885227166,0.1918865892633951
Apoe|Lrp1,OpticNerve,Sham,Homeostatic MG,DAM-like MG,1.4469085,0.0340170832391324,1.0
Apoe|Lrp1,OpticNerve,Sham,BAM,NK cell,2.399489,0.0441457875476365,0.2240739481068385
Apoe|Lrp1,OpticNerve,Sham,MHCII+ MG,Proliferating MG,1.398644,0.0444279786991155,0.3032493517907109
Apoe|Lrp1,OpticNerve,Sham,Iron+ MG (Fth1+),T cell,1.709159,0.0476433464096312,0.8206764877053488
Apoe|Lrp1,OpticNerve,Sham,Neutrophil,Iron+ MG (Fth1+),1.3816983,0.0489798605168693,1.0
Apoe|Lrp1,OpticNerve,Sham,Homeostatic MG,Proliferating MG,1.3804965,0.0494985476116053,1.0
Apoe|Lrp1,OpticNerve,Sham,DAM-like MG,MHCII+ MG,1.9075643,0.0504386601403304,0.2974444080581718
Apoe|Lrp1,OpticNerve,Sham,MHCII+ MG,Homeostatic MG,1.3541458,0.057363290954027,0.4548274835258222
Apoe|Lrp1,OpticNerve,Sham,Neutrophil,MHCII+ Mac/APC,1.3400168,0.0610392619836274,1.0
Apoe|Lrp1,OpticNerve,Sham,Homeostatic MG,Homeostatic MG,1.3359983,0.0630628096210124,1.0
Apoe|Lrp1,OpticNerve,Sham,MHCII+ MG,BAM,1.3328197,0.0639394808575268,0.7239972939425121
Apoe|Lrp1,OpticNerve,Sham,Proliferating MG,Neutrophil,1.3259014,0.0662452268993492,1.0
Apoe|Lrp1,OpticNerve,Sham,Homeostatic MG,BAM,1.3146722,0.0696835140897492,1.0
Apoe|Lrp1,OpticNerve,Sham,Iron+ MG (Fth1+),MHCII+ MG,1.674872,0.0794403472496914,1.0
Apoe|Lrp1,OpticNerve,Sham,NK cell,Neutrophil,1.2091494,0.1250506819391008,1.0
Apoe|Lrp1,OpticNerve,Sham,MHCII+ MG,Iron+ MG (Fth1+),1.2008307,0.1302843729611619,1.0
Apoe|Lrp1,OpticNerve,Sham,Neutrophil,T cell,1.2606689,0.1350355562377416,1.0
Apoe|Lrp1,OpticNerve,Sham,T cell,Neutrophil,1.1831665,0.1425583696252582,1.0
Apoe|Lrp1,OpticNerve,Sham,Homeostatic MG,Iron+ MG (Fth1+),1.1826832,0.1433206397935107,1.0
Apoe|Lrp1,OpticNerve,Sham,Proliferating MG,DAM-like MG,1.1628879,0.1580571393453449,1.0
Apoe|Lrp1,OpticNerve,Sham,MHCII+ MG,MHCII+ Mac/APC,1.1591494,0.161438275083958,1.0
Apoe|Lrp1,OpticNerve,Sham,Homeostatic MG,MHCII+ Mac/APC,1.1410018,0.1777866959099387,1.0
Apoe|Lrp1,OpticNerve,Sham,Neutrophil,MHCII+ MG,1.2263819,0.2053234264846641,1.0
Apoe|Lrp1,OpticNerve,Sham,DAM-like MG,NK cell,1.8182073,0.2188595192885383,0.8614869860202867
Apoe|Lrp1,OpticNerve,Sham,Proliferating MG,Proliferating MG,1.096476,0.219933776783045,1.0
Apoe|Lrp1,OpticNerve,Sham,MHCII+ MG,T cell,1.0798013,0.2386638111754746,1.0
Apoe|Lrp1,OpticNerve,Sham,Homeostatic MG,T cell,1.0616537,0.2575997428111596,1.0
Apoe|Lrp1,OpticNerve,Sham,Proliferating MG,Homeostatic MG,1.0519779,0.2700753751882416,1.0
Apoe|Lrp1,OpticNerve,Sham,NK cell,DAM-like MG,1.0461359,0.2773625512689988,1.0
Apoe|Lrp1,OpticNerve,Sham,MHCII+ Mac/APC,Neutrophil,1.0377609,0.2873558602654818,1.0
Apoe|Lrp1,OpticNerve,Sham,Proliferating MG,BAM,1.0306517,0.2957560107709249,1.0
Apoe|Lrp1,OpticNerve,Sham,MHCII+ MG,MHCII+ MG,1.0455143,0.3066007995671379,1.0
Apoe|Lrp1,OpticNerve,Sham,T cell,DAM-like MG,1.020153,0.3089538129885951,1.0
Apoe|Lrp1,OpticNerve,Sham,Homeostatic MG,MHCII+ MG,1.0273669,0.3189160857061567,1.0
Apoe|Lrp1,OpticNerve,Sham,Iron+ MG (Fth1+),NK cell,1.585515,0.3473361412920507,1.0
Apoe|Lrp1,OpticNerve,Sham,NK cell,Proliferating MG,0.979724,0.3675745935557412,1.0
Apoe|Lrp1,OpticNerve,Sham,T cell,Proliferating MG,0.9537411,0.4096500218248232,1.0
Apoe|Lrp1,OpticNerve,Sham,NK cell,NK cell,0.53723735,0.4384441875452166,1.0
Apoe|Lrp1,OpticNerve,Sham,NK cell,Homeostatic MG,0.93522584,0.4433644929160452,1.0
Apoe|Lrp1,OpticNerve,Sham,NK cell,BAM,0.9138998,0.4822688898413601,1.0
Apoe|Lrp1,OpticNerve,Sham,Proliferating MG,NK cell,0.6539893,0.4885539403478809,1.0
Apoe|Lrp1,OpticNerve,Sham,T cell,Homeostatic MG,0.9092429,0.4911247199737623,1.0
Apoe|Lrp1,OpticNerve,Sham,T cell,NK cell,0.51125443,0.5060683794312614,1.0
Apoe|Lrp1,OpticNerve,Sham,Proliferating MG,Iron+ MG (Fth1+),0.8986627,0.5101552467781539,1.0
Apoe|Lrp1,OpticNerve,Sham,T cell,BAM,0.8879168,0.5284313150882307,1.0
Apoe|Lrp1,OpticNerve,Sham,MHCII+ Mac/APC,DAM-like MG,0.8747474,0.5532513156502292,1.0
Apoe|Lrp1,OpticNerve,Sham,MHCII+ Mac/APC,T cell,0.4894927,0.5663282299713747,1.0
Apoe|Lrp1,OpticNerve,Sham,Proliferating MG,MHCII+ Mac/APC,0.85698134,0.589113407268776,1.0
Apoe|Lrp1,OpticNerve,Sham,Neutrophil,NK cell,1.1370249,0.6165498566156185,1.0
Apoe|Lrp1,OpticNerve,Sham,MHCII+ Mac/APC,MHCII+ MG,0.45520583,0.6643191408223863,1.0
Apoe|Lrp1,OpticNerve,Sham,MHCII+ Mac/APC,Proliferating MG,0.8083354,0.6981053872007266,1.0
Apoe|Lrp1,OpticNerve,Sham,T cell,MHCII+ MG,0.60061145,0.7522382186104901,1.0
Apoe|Lrp1,OpticNerve,Sham,NK cell,Iron+ MG (Fth1+),0.7819107,0.7653740479886108,1.0
Apoe|Lrp1,OpticNerve,Sham,MHCII+ Mac/APC,MHCII+ Mac/APC,0.5688408,0.7715116382012543,1.0
Apoe|Lrp1,OpticNerve,Sham,Proliferating MG,T cell,0.77763325,0.776025659823051,1.0
Apoe|Lrp1,OpticNerve,Sham,MHCII+ MG,NK cell,0.9561573,0.798284646116142,1.0
Apoe|Lrp1,OpticNerve,Sham,MHCII+ Mac/APC,Homeostatic MG,0.7638373,0.808567526944909,1.0
Apoe|Lrp1,OpticNerve,Sham,NK cell,MHCII+ MG,0.6265944,0.8128965443200633,1.0
Apoe|Lrp1,OpticNerve,Sham,Homeostatic MG,NK cell,0.9380098,0.8202218614921298,1.0
Apoe|Lrp1,OpticNerve,Sham,T cell,Iron+ MG (Fth1+),0.7559278,0.8267352815026859,1.0
Apoe|Lrp1,OpticNerve,Sham,Proliferating MG,MHCII+ MG,0.74334633,0.8644172633163691,1.0
Apoe|Lrp1,OpticNerve,Sham,MHCII+ Mac/APC,BAM,0.74251115,0.8667874093935448,1.0
Apoe|Lrp1,OpticNerve,Sham,NK cell,MHCII+ Mac/APC,0.74022937,0.8727202386348748,1.0
Apoe|Lrp1,OpticNerve,Sham,MHCII+ Mac/APC,Iron+ MG (Fth1+),0.61052215,0.8980670683759377,1.0
Apoe|Lrp1,OpticNerve,Sham,T cell,T cell,0.63489836,0.9138757001194652,1.0
Apoe|Lrp1,OpticNerve,Sham,T cell,MHCII+ Mac/APC,0.71424645,0.949911952193912,1.0
Apoe|Lrp1,OpticNerve,Sham,NK cell,T cell,0.6608813,0.9789658219794732,1.0
Apoe|Lrp1,OpticNerve,Sham,MHCII+ Mac/APC,NK cell,0.36584878,1.0,1.0
Apoe|Lrp1,OpticNerve,MB,BAM,DAM-like MG,2.9987807,4.0087975146372326e-05,0.0021261137254306
Apoe|Lrp1,OpticNerve,MB,DAM-like MG,DAM-like MG,2.9144635,5.101663523840581e-05,0.0025666521297645
Apoe|Lrp1,OpticNerve,MB,Iron+ MG (Fth1+),DAM-like MG,2.9130795,5.33599864147477e-05,0.002584162911468
Apoe|Lrp1,OpticNerve,MB,BAM,Proliferating MG,2.9172606,8.260265364229297e-05,0.005408444450291
Apoe|Lrp1,OpticNerve,MB,BAM,Homeostatic MG,2.9136126,8.557599452109683e-05,0.0057077178933386
Apoe|Lrp1,OpticNerve,MB,DAM-like MG,Proliferating MG,2.8329434,9.481074772708216e-05,0.0067450286558436
Apoe|Lrp1,OpticNerve,MB,Iron+ MG (Fth1+),Proliferating MG,2.8315594,9.799389875144146e-05,0.0067811513688312
Apoe|Lrp1,OpticNerve,MB,DAM-like MG,Homeostatic MG,2.8292954,0.0001012294880755,0.00705298852642
Apoe|Lrp1,OpticNerve,MB,Iron+ MG (Fth1+),Homeostatic MG,2.8279114,0.0001045175099821,0.0070978285772308
Apoe|Lrp1,OpticNerve,MB,BAM,BAM,2.894109,0.000107857958754,0.0071805902466004
Apoe|Lrp1,OpticNerve,MB,DAM-like MG,BAM,2.8097918,0.0001290012795657,0.0092278703471757
Apoe|Lrp1,OpticNerve,MB,Iron+ MG (Fth1+),BAM,2.8084078,0.0001327085560873,0.009291881099505
Apoe|Lrp1,OpticNerve,MB,BAM,Iron+ MG (Fth1+),2.865485,0.0001520305069093,0.0110344655350973
Apoe|Lrp1,OpticNerve,MB,DAM-like MG,Iron+ MG (Fth1+),2.7811677,0.0001946001987224,0.0144353349309737
Apoe|Lrp1,OpticNerve,MB,Iron+ MG (Fth1+),Iron+ MG (Fth1+),2.7797837,0.0001991448867692,0.0144992292006875
Apoe|Lrp1,OpticNerve,MB,MHCII+ MG,DAM-like MG,2.1194026,0.0028743266713523,0.0757852236342645
Apoe|Lrp1,OpticNerve,MB,MHCII+ MG,Proliferating MG,2.0378826,0.0037786063254542,0.4933035755528865
Apoe|Lrp1,OpticNerve,MB,MHCII+ MG,Homeostatic MG,2.0342345,0.0038379243861455,0.3151061507610544
Apoe|Lrp1,OpticNerve,MB,MHCII+ MG,BAM,2.014731,0.0041413428129107,0.5757335818810521
Apoe|Lrp1,OpticNerve,MB,BAM,T cell,2.6733186,0.0043288503060517,0.2560103323180924
Apoe|Lrp1,OpticNerve,MB,MHCII+ MG,Iron+ MG (Fth1+),1.9861069,0.0046722837954785,0.3544187087050538
Apoe|Lrp1,OpticNerve,MB,DAM-like MG,T cell,2.5890014,0.0050059628109901,0.3000518795294675
Apoe|Lrp1,OpticNerve,MB,Iron+ MG (Fth1+),T cell,2.5876174,0.0050286109246678,0.3006733299081302
Apoe|Lrp1,OpticNerve,MB,Homeostatic MG,DAM-like MG,1.9234068,0.0060747975851643,1.0
Apoe|Lrp1,OpticNerve,MB,BAM,MHCII+ Mac/APC,2.647851,0.0065565253346342,0.3794242928404501
Apoe|Lrp1,OpticNerve,MB,DAM-like MG,MHCII+ Mac/APC,2.5635338,0.007629538017152,0.4329926804031496
Apoe|Lrp1,OpticNerve,MB,Iron+ MG (Fth1+),MHCII+ Mac/APC,2.5621498,0.0077132225631916,0.4336471184960047
Apoe|Lrp1,OpticNerve,MB,BAM,MHCII+ MG,2.637858,0.007825497885469,0.4312073609198523
Apoe|Lrp1,OpticNerve,MB,Homeostatic MG,Proliferating MG,1.8418868,0.0081383489403159,1.0
Apoe|Lrp1,OpticNerve,MB,Homeostatic MG,Homeostatic MG,1.8382387,0.0082825383285788,1.0
Apoe|Lrp1,OpticNerve,MB,Homeostatic MG,BAM,1.8187351,0.0090220496531232,1.0
Apoe|Lrp1,OpticNerve,MB,DAM-like MG,MHCII+ MG,2.5535407,0.009112867454213,0.4476761346691056
Apoe|Lrp1,OpticNerve,MB,Iron+ MG (Fth1+),MHCII+ MG,2.5521567,0.009173661013017,0.4476761346691056
Apoe|Lrp1,OpticNerve,MB,Homeostatic MG,Iron+ MG (Fth1+),1.7901112,0.0103339001247601,1.0
Apoe|Lrp1,OpticNerve,MB,Proliferating MG,DAM-like MG,1.6920764,0.0156056152950362,1.0
Apoe|Lrp1,OpticNerve,MB,Proliferating MG,Proliferating MG,1.6105564,0.0224357596258507,1.0
Apoe|Lrp1,OpticNerve,MB,Proliferating MG,Homeostatic MG,1.6069082,0.0229081192014492,1.0
Apoe|Lrp1,OpticNerve,MB,Proliferating MG,BAM,1.5874046,0.024894261507263,1.0
Apoe|Lrp1,OpticNerve,MB,MHCII+ MG,T cell,1.7939404,0.0278913034061022,1.0
Apoe|Lrp1,OpticNerve,MB,Proliferating MG,Iron+ MG (Fth1+),1.5587807,0.0282577204925771,1.0
Apoe|Lrp1,OpticNerve,MB,T cell,DAM-like MG,1.5310175,0.0317692859623217,1.0
Apoe|Lrp1,OpticNerve,MB,MHCII+ MG,MHCII+ Mac/APC,1.7684729,0.0382181790626658,1.0
Apoe|Lrp1,OpticNerve,MB,MHCII+ MG,MHCII+ MG,1.7584796,0.0441205109462291,1.0
Apoe|Lrp1,OpticNerve,MB,Homeostatic MG,T cell,1.5979447,0.0444456978853776,1.0
Apoe|Lrp1,OpticNerve,MB,T cell,Proliferating MG,1.4494975,0.0462212011960039,1.0
Apoe|Lrp1,OpticNerve,MB,T cell,Homeostatic MG,1.4458493,0.0469539710927538,1.0
Apoe|Lrp1,OpticNerve,MB,T cell,BAM,1.4263457,0.0522352782227246,1.0
Apoe|Lrp1,OpticNerve,MB,T cell,Iron+ MG (Fth1+),1.3977218,0.0603877449799722,1.0
Apoe|Lrp1,OpticNerve,MB,Homeostatic MG,MHCII+ Mac/APC,1.5724771,0.0610668524636183,1.0
Apoe|Lrp1,OpticNerve,MB,Homeostatic MG,MHCII+ MG,1.5624839,0.0690906984825764,1.0
Apoe|Lrp1,OpticNerve,MB,Proliferating MG,T cell,1.3666142,0.0802152434931872,1.0
Apoe|Lrp1,OpticNerve,MB,BAM,NK cell,2.4947896,0.0830513429927564,1.0
Apoe|Lrp1,OpticNerve,MB,DAM-like MG,NK cell,2.4104724,0.1045239658231649,0.6394958460256189
Apoe|Lrp1,OpticNerve,MB,Proliferating MG,MHCII+ Mac/APC,1.3411467,0.1050301829777868,1.0
Apoe|Lrp1,OpticNerve,MB,Iron+ MG (Fth1+),NK cell,2.4090884,0.105951716222541,0.4476761346691056
Apoe|Lrp1,OpticNerve,MB,Proliferating MG,MHCII+ MG,1.3311534,0.1182128566683822,1.0
Apoe|Lrp1,OpticNerve,MB,T cell,T cell,1.2055553,0.155823808274057,1.0
Apoe|Lrp1,OpticNerve,MB,T cell,MHCII+ Mac/APC,1.1800878,0.1760944355728563,1.0
Apoe|Lrp1,OpticNerve,MB,T cell,MHCII+ MG,1.1700945,0.1850056525820817,1.0
Apoe|Lrp1,OpticNerve,MB,MHCII+ Mac/APC,DAM-like MG,1.1089932,0.2365377229340816,1.0
Apoe|Lrp1,OpticNerve,MB,MHCII+ Mac/APC,Proliferating MG,1.0274731,0.3408716395207902,1.0
Apoe|Lrp1,OpticNerve,MB,MHCII+ Mac/APC,Homeostatic MG,1.0238249,0.3473610999105081,1.0
Apoe|Lrp1,OpticNerve,MB,MHCII+ Mac/APC,BAM,1.0043215,0.3717922702977205,1.0
Apoe|Lrp1,OpticNerve,MB,MHCII+ Mac/APC,NK cell,0.605002,0.4016839887913776,1.0
Apoe|Lrp1,OpticNerve,MB,MHCII+ MG,NK cell,1.6154114,0.4141730788646782,1.0
Apoe|Lrp1,OpticNerve,MB,MHCII+ Mac/APC,Iron+ MG (Fth1+),0.9756974,0.4157441787547036,1.0
Apoe|Lrp1,OpticNerve,MB,NK cell,DAM-like MG,0.93327093,0.4885488702846753,1.0
Apoe|Lrp1,OpticNerve,MB,Homeostatic MG,NK cell,1.4194157,0.5123225561586775,1.0
Apoe|Lrp1,OpticNerve,MB,NK cell,Proliferating MG,0.85175085,0.6447684230084709,1.0
Apoe|Lrp1,OpticNerve,MB,NK cell,Homeostatic MG,0.8481028,0.6527547060715171,1.0
Apoe|Lrp1,OpticNerve,MB,NK cell,MHCII+ MG,0.572348,0.6896376777695659,1.0
Apoe|Lrp1,OpticNerve,MB,NK cell,BAM,0.8285992,0.6900230916017788,1.0
Apoe|Lrp1,OpticNerve,MB,Proliferating MG,NK cell,1.1880852,0.6923218986386716,1.0
Apoe|Lrp1,OpticNerve,MB,NK cell,MHCII+ Mac/APC,0.5823412,0.7276251536900754,1.0
Apoe|Lrp1,OpticNerve,MB,NK cell,Iron+ MG (Fth1+),0.7999752,0.7617251029404828,1.0
Apoe|Lrp1,OpticNerve,MB,MHCII+ Mac/APC,T cell,0.783531,0.8009822630989063,1.0
Apoe|Lrp1,OpticNerve,MB,NK cell,NK cell,0.42927977,0.8203998740356564,1.0
Apoe|Lrp1,OpticNerve,MB,T cell,NK cell,1.0270263,0.8220436031205294,1.0
Apoe|Lrp1,OpticNerve,MB,NK cell,T cell,0.6078088,0.8222493366720408,1.0
Apoe|Lrp1,OpticNerve,MB,MHCII+ Mac/APC,MHCII+ Mac/APC,0.75806344,0.8683751438708132,1.0
Apoe|Lrp1,OpticNerve,MB,MHCII+ Mac/APC,MHCII+ MG,0.7480702,0.8961888761813281,1.0
