gene,rho,abs_rho
Hexb,-0.308736670204781,0.308736670204781
Cst3,-0.28091362990412916,0.28091362990412916
Ifi207,0.24788015636400876,0.24788015636400876
Cx3cr1,-0.2347621468257,0.2347621468257
Lgals3,0.2319561794506127,0.2319561794506127
Insyn2b,0.21888409663812394,0.21888409663812394
mt-Co3,0.21756125547862723,0.21756125547862723
Lilrb4a,0.21181188828783504,0.21181188828783504
mt-Cytb,0.21132172759773618,0.21132172759773618
Slfn5,0.20998219339949376,0.20998219339949376
mt-Nd5,0.2094003994117002,0.2094003994117002
mt-Nd4,0.2089021573858154,0.2089021573858154
Cybb,0.20821803184161505,0.20821803184161505
A930037H05Rik,0.2069512028337669,0.2069512028337669
Ifit3,0.2066237779246677,0.2066237779246677
Ifi211,0.20563058260903022,0.20563058260903022
Oasl2,0.20482260098284608,0.20482260098284608
Ifi213,0.20235858409726926,0.20235858409726926
Tmem119,-0.20214003610910414,0.20214003610910414
mt-Nd1,0.2017192103248557,0.2017192103248557
mt-Co2,0.20081882476472834,0.20081882476472834
P2ry12,-0.20042711151963993,0.20042711151963993
Ifit2,0.19923577805139772,0.19923577805139772
mt-Nd2,0.19800398247512693,0.19800398247512693
Gm26917,0.1978276306002545,0.1978276306002545
mt-Atp6,0.19505310508251228,0.19505310508251228
Gpr34,-0.19432497958021755,0.19432497958021755
mt-Co1,0.19395356952058415,0.19395356952058415
Usp18,0.1932637261341106,0.1932637261341106
Ifi204,0.193137751007861,0.193137751007861
AY036118,0.190687869617688,0.190687869617688
Ifit3b,0.1900683540509653,0.1900683540509653
Gm15283,0.189492814043141,0.189492814043141
Tsix,0.18590339324409014,0.18590339324409014
Irf7,0.18523913326232652,0.18523913326232652
Myo5a,0.1841047197661903,0.1841047197661903
Ifi206,0.1835073143330661,0.1835073143330661
Rsad2,0.18120162406971893,0.18120162406971893
Olfml3,-0.1808755006678865,0.1808755006678865
Rnf213,0.18040632250845065,0.18040632250845065
Abca1,0.17984712461243826,0.17984712461243826
Igf1,0.1786518167888801,0.1786518167888801
Axl,0.17815560117937743,0.17815560117937743
Ifitm3,0.17666329377760226,0.17666329377760226
Isg15,0.17630047238588198,0.17630047238588198
Csf1,0.17624078292766274,0.17624078292766274
Stat1,0.1761437526600108,0.1761437526600108
Nlrc5,0.1761306552522661,0.1761306552522661
Cers6,0.17530917418193237,0.17530917418193237
Rai14,0.17366451722257262,0.17366451722257262
Siglech,-0.17030234471209768,0.17030234471209768
Slfn2,0.1696744911359353,0.1696744911359353
Lrrc4,0.16877092937811733,0.16877092937811733
Atp10a,0.16823073542327377,0.16823073542327377
Alcam,0.16726052405812306,0.16726052405812306
Malat1,-0.16706383032674135,0.16706383032674135
Oas2,0.16666078186129615,0.16666078186129615
Ifit1,0.16584418272386908,0.16584418272386908
Xylt1,0.16566669423125321,0.16566669423125321
Rftn1,0.16520896705380372,0.16520896705380372
Oasl1,0.16454035448852608,0.16454035448852608
Fmnl2,0.16450257508697963,0.16450257508697963
Diaph3,0.16447432723070757,0.16447432723070757
Abcg1,0.16396173521081822,0.16396173521081822
Cst7,0.16324966607542088,0.16324966607542088
mt-Nd4l,0.1609843717757296,0.1609843717757296
Iqgap1,0.16033464240574313,0.16033464240574313
Cd44,0.16009660584334187,0.16009660584334187
Gas7,0.1598773135376042,0.1598773135376042
Flt1,0.1598058114918503,0.1598058114918503
Sp100,0.15869536859258976,0.15869536859258976
Parp14,0.15837725881330939,0.15837725881330939
Pkm,0.157670034706249,0.157670034706249
Herc6,0.1564328055257186,0.1564328055257186
Rab7b,0.15580476919499645,0.15580476919499645
Etl4,0.1551337771923483,0.1551337771923483
Gm16599,0.1543207265905821,0.1543207265905821
Gm17106,0.15419624280669234,0.15419624280669234
A330040F15Rik,0.15199209668189256,0.15199209668189256
Stat2,0.15174796430714405,0.15174796430714405
Optn,0.15160784225698842,0.15160784225698842
mt-Nd3,0.15121433621351046,0.15121433621351046
Fabp5,0.15055547378114456,0.15055547378114456
Spp1,0.1504641840674058,0.1504641840674058
Gm2245,0.1504037946767766,0.1504037946767766
Fgfr2,0.1501422319820913,0.1501422319820913
Cxcl16,0.15011723511266292,0.15011723511266292
Itgax,0.15001176948098402,0.15001176948098402
Ifih1,0.1494135335234379,0.1494135335234379
Ifi27l2a,0.14935022258526312,0.14935022258526312
Trim30a,0.14844331306028288,0.14844331306028288
Trem2,-0.14815902395854186,0.14815902395854186
Mdfic,0.14809768400647258,0.14809768400647258
Acaca,0.14712104228315712,0.14712104228315712
Fgr,0.14698683560184475,0.14698683560184475
Rasgef1b,0.14685164213222468,0.14685164213222468
Gm4951,0.14680427347736974,0.14680427347736974
Sag,0.1464103257329059,0.1464103257329059
Bcar3,0.1459376447724571,0.1459376447724571
Abca4,0.14561673391357016,0.14561673391357016
Pex5l,0.14517098505590398,0.14517098505590398
Ddx60,0.14486309317873855,0.14486309317873855
Rims2,0.14481848214270132,0.14481848214270132
Clic4,0.1447582482847054,0.1447582482847054
Ank,0.14457964050008223,0.14457964050008223
4930469K13Rik,0.14427457217734213,0.14427457217734213
Cadm2,0.14392938615641176,0.14392938615641176
Hcn1,0.1437259709603706,0.1437259709603706
Taco1,0.14371958741917965,0.14371958741917965
Aplp2,0.14360546505898747,0.14360546505898747
Trps1,0.1435083572547026,0.1435083572547026
Dmd,0.14297414533448286,0.14297414533448286
mt-Nd6,0.14187482149896052,0.14187482149896052
Usp50,0.14128516611221992,0.14128516611221992
4930595D18Rik,0.14109159969408144,0.14109159969408144
Vim,0.14083388974983277,0.14083388974983277
Mif,0.13987997744112324,0.13987997744112324
Tdrd7,0.13956659074205083,0.13956659074205083
Ppp2r2b,0.13940405452883062,0.13940405452883062
4930405A10Rik,0.13926835062667106,0.13926835062667106
Tspan5,0.1385507240586945,0.1385507240586945
Crip1,0.13802969801248724,0.13802969801248724
Peak1,0.1378071233160222,0.1378071233160222
Top2a,0.13770557001865497,0.13770557001865497
Iigp1,0.13758914384865753,0.13758914384865753
Pdzph1,0.13748622746481223,0.13748622746481223
Lysmd4,0.13691481871770264,0.13691481871770264
Gm20275,0.136745778925472,0.136745778925472
Gm48678,0.1365861262674536,0.1365861262674536
Eif2ak2,0.13625153943523435,0.13625153943523435
Tulp1,0.13515966140020108,0.13515966140020108
Nedd9,0.13504438315152878,0.13504438315152878
Ddx58,0.1347051655727568,0.1347051655727568
Cacna1d,0.13470267561090743,0.13470267561090743
Pgk1,0.13451012548761876,0.13451012548761876
Cxcl10,0.1344055780396159,0.1344055780396159
Ush2a,0.13422619928526686,0.13422619928526686
Gm26827,0.13341547095253362,0.13341547095253362
Samd9l,0.13331580629922263,0.13331580629922263
Arhgap10,0.13307848380569223,0.13307848380569223
Ms4a4c,0.13302402577809921,0.13302402577809921
Kif4,0.13301469765014431,0.13301469765014431
Apbb2,0.13260753031642572,0.13260753031642572
Tmsb4x,-0.1325442292702383,0.1325442292702383
P2ry13,-0.13192661235758268,0.13192661235758268
Bcl2,0.13175534981798176,0.13175534981798176
Magi2,0.1311774181554518,0.1311774181554518
Mast4,0.1307355023305487,0.1307355023305487
Esrrb,0.13054636109223514,0.13054636109223514
Rufy3,0.13027684106619947,0.13027684106619947
Apoe,0.12970986666758078,0.12970986666758078
Rp1,0.12952056987355082,0.12952056987355082
Gm37240,0.129314050214876,0.129314050214876
Cep128,0.1292466632059336,0.1292466632059336
4930444A19Rik,0.12916126444717171,0.12916126444717171
Osbpl3,0.12915784439143232,0.12915784439143232
Dscaml1,0.1286710450225271,0.1286710450225271
Mki67,0.1285731374471621,0.1285731374471621
Syt1,0.12855446767214862,0.12855446767214862
Gm42962,0.12854144490880146,0.12854144490880146
Mllt3,0.12853893202525588,0.12853893202525588
Rgs9,0.12853209609648059,0.12853209609648059
Ankrd33b,0.12832393915942195,0.12832393915942195
Runx2,0.12798175348706914,0.12798175348706914
Cnga1,0.1279070609306998,0.1279070609306998
Lpl,0.12772024306576216,0.12772024306576216
Arhgap26,0.12761600496644476,0.12761600496644476
Cd74,0.1274696670291609,0.1274696670291609
Ddhd1,0.1270216529459637,0.1270216529459637
Tpx2,0.12695004539412108,0.12695004539412108
Ptger4,0.12682051086593862,0.12682051086593862
Oas3,0.1267600503346801,0.1267600503346801
Impg1,0.12605319911502205,0.12605319911502205
Myo1e,0.12588217179042083,0.12588217179042083
9130015G15Rik,0.12584436324374798,0.12584436324374798
Ifi208,0.1257251525384202,0.1257251525384202
Atrnl1,0.1257235857335175,0.1257235857335175
Msi2,0.1256866948559956,0.1256866948559956
Prom1,0.12565198740408212,0.12565198740408212
Apobec1,0.1251778935458349,0.1251778935458349
H2-Q7,0.12499741230714881,0.12499741230714881
Prkce,0.12499265614758256,0.12499265614758256
Cdca8,0.12424409384392404,0.12424409384392404
Cadm1,0.1239650493619058,0.1239650493619058
Gm27008,0.12332680762594914,0.12332680762594914
March3,0.12329356397103701,0.12329356397103701
Pla2g7,0.12248653906240699,0.12248653906240699
Ms4a6c,0.12225715939390949,0.12225715939390949
Camta1,0.12224410517808677,0.12224410517808677
Phykpl,0.12216367208238207,0.12216367208238207
Atp1a3,0.12207493623294183,0.12207493623294183
Cdkn1a,0.12206725939368121,0.12206725939368121
Fos,-0.12196868573869238,0.12196868573869238
Hmmr,0.12189657837269656,0.12189657837269656
Strbp,0.12166957642948492,0.12166957642948492
Znrf3,0.12158404725712395,0.12158404725712395
Slc6a6,0.12125837794733078,0.12125837794733078
Airn,0.12098050824803847,0.12098050824803847
Rpgrip1,0.12079296220622432,0.12079296220622432
Dpf3,0.12075561318955055,0.12075561318955055
Pkp4,0.12048721148078258,0.12048721148078258
Frmpd2,0.11978897144430818,0.11978897144430818
Atg16l2,0.119364556362644,0.119364556362644
Cenpf,0.11935964944179647,0.11935964944179647
Sash1,0.11929062028152627,0.11929062028152627
Sulf2,0.11913355412878321,0.11913355412878321
Gm19710,0.11889092012629648,0.11889092012629648
Gm48765,0.1188902119702166,0.1188902119702166
Prr5l,0.11854289846918736,0.11854289846918736
Pde8b,0.11818944394028479,0.11818944394028479
Fhod3,0.11778900634171219,0.11778900634171219
Eml5,0.11761414671762496,0.11761414671762496
Itsn1,0.11753757230346598,0.11753757230346598
Pcgf5,0.11717765447101589,0.11717765447101589
Kcnma1,0.11709916996115967,0.11709916996115967
6530409C15Rik,0.11706972157346969,0.11706972157346969
Plxnc1,0.11704743537624485,0.11704743537624485
Brip1,0.11703809043192372,0.11703809043192372
Gm16337,0.11702650092915765,0.11702650092915765
Casz1,0.1167798417269273,0.1167798417269273
Apoc2,0.11677976481909463,0.11677976481909463
Pclo,0.11675269641191671,0.11675269641191671
Bub1b,0.1167479084290138,0.1167479084290138
Adgrv1,0.11668323672234202,0.11668323672234202
Syne3,0.1165886862603927,0.1165886862603927
Knl1,0.11636829018359375,0.11636829018359375
Gm32442,0.11635218396759715,0.11635218396759715
Tma7,0.116273319082821,0.116273319082821
Unc119,0.11619813833156312,0.11619813833156312
Sv2b,0.11614537418455327,0.11614537418455327
Carmil1,0.1160804279824299,0.1160804279824299
Cplx4,0.11592688917274241,0.11592688917274241
Gm32036,0.11542398536796482,0.11542398536796482
Rcvrn,0.11534030133056913,0.11534030133056913
Itpr1,0.1153151891458894,0.1153151891458894
Fxyd5,0.11518458330769456,0.11518458330769456
Ccl4,0.11474042298237815,0.11474042298237815
Dlgap5,0.1145747572526039,0.1145747572526039
Cacna1a,0.11456376987849136,0.11456376987849136
St8sia1,0.11437051662196773,0.11437051662196773
Gm26749,0.11435538295456565,0.11435538295456565
Nusap1,0.11428270233971653,0.11428270233971653
Aoah,0.11409027056307018,0.11409027056307018
Nes,0.11394088694531691,0.11394088694531691
Itga4,0.1138444177472383,0.1138444177472383
Pim1,0.11341930720126202,0.11341930720126202
Stmn1,0.11340845235859001,0.11340845235859001
Pcdh15,0.1129757421903474,0.1129757421903474
Slc24a1,0.11289143927893115,0.11289143927893115
Cstb,0.11288477620841836,0.11288477620841836
Birc5,0.11288217253267488,0.11288217253267488
Pla2r1,0.11277785900444398,0.11277785900444398
Syne1,0.11246463256070902,0.11246463256070902
Tiam1,0.11209768422356484,0.11209768422356484
Crx,0.11187678295783403,0.11187678295783403
Gem,0.11182358039682332,0.11182358039682332
Arid5b,0.11180389053368796,0.11180389053368796
Zfp704,0.11180251971788768,0.11180251971788768
Ppfia2,0.11173148728170634,0.11173148728170634
Cenpe,0.11158878854947629,0.11158878854947629
Prkch,0.11156815471220441,0.11156815471220441
Gm42836,0.11139936778371967,0.11139936778371967
Gbp6,0.11118549873216935,0.11118549873216935
Pde6b,0.11052858827905856,0.11052858827905856
Ncam1,0.11039605557082455,0.11039605557082455
Gm28501,0.11036638760688491,0.11036638760688491
Sntb2,0.11028850223281707,0.11028850223281707
Lhfpl3,0.1102522471051918,0.1102522471051918
Gm44196,0.11010260012555366,0.11010260012555366
Agap1,0.11001884207035278,0.11001884207035278
Kank1,0.10993995959470826,0.10993995959470826
Gm20528,0.10970573878955647,0.10970573878955647
Syne2,0.10949801698490666,0.10949801698490666
Mitf,0.10941946021690356,0.10941946021690356
Zfp385b,0.10938833028218362,0.10938833028218362
Pdzd2,0.1093547044244665,0.1093547044244665
Prkd1,0.1092776899560633,0.1092776899560633
Aldoa,0.10924867201193404,0.10924867201193404
St7,0.10904393422029382,0.10904393422029382
Aipl1,0.10895852934915391,0.10895852934915391
Smc4,0.10882520858621798,0.10882520858621798
Neurod1,0.10839759190019027,0.10839759190019027
Grk1,0.10831945089586849,0.10831945089586849
Prim2,0.1081462559436313,0.1081462559436313
Tmsb10,0.10814498051833737,0.10814498051833737
Gm50035,0.10790648722076575,0.10790648722076575
Fam107b,0.10754398038237263,0.10754398038237263
Mtcl1,0.10735976436367824,0.10735976436367824
Ccl12,0.10707036566910967,0.10707036566910967
Napsa,0.10705523411797464,0.10705523411797464
Ndufc1,0.10694062976658246,0.10694062976658246
Lrrc8c,0.10693082531184529,0.10693082531184529
Cngb1,0.10679779299203188,0.10679779299203188
Slc44a1,0.10677140741830245,0.10677140741830245
Gm44148,0.10674171842243554,0.10674171842243554
Fgf13,0.10639732140259583,0.10639732140259583
Macrod2,0.10633726443561381,0.10633726443561381
Gm47243,0.10632100770542423,0.10632100770542423
Grm8,0.10631673603872344,0.10631673603872344
Kif21a,0.10630775703542873,0.10630775703542873
Nap1l1,0.10610796110470981,0.10610796110470981
Hist1h3c,0.1060165875183987,0.1060165875183987
Rad51ap1,0.10574539817780304,0.10574539817780304
Polq,0.10574474502584996,0.10574474502584996
Agtpbp1,0.1056593133498458,0.1056593133498458
Fmn1,0.10565463086590993,0.10565463086590993
Ncoa7,0.10559508016460024,0.10559508016460024
Fyn,0.10559262535195302,0.10559262535195302
Prc1,0.1053520564382443,0.1053520564382443
Erc2,0.10515908264414962,0.10515908264414962
Pacsin1,0.10503193817512203,0.10503193817512203
Ank3,0.10499271123344085,0.10499271123344085
Egflam,0.10477864989917439,0.10477864989917439
Gm47167,0.10466746346340543,0.10466746346340543
Vav3,0.10463345372630484,0.10463345372630484
St8sia6,0.10460963453463486,0.10460963453463486
Pde6a,0.10432491683559754,0.10432491683559754
Rs1,0.10432227948047357,0.10432227948047357
Arntl,0.10420011942562638,0.10420011942562638
Wwox,0.10408043683438067,0.10408043683438067
Mir124-2hg,0.10397796981700524,0.10397796981700524
Morrbid,0.10396871473367358,0.10396871473367358
Slamf7,0.10393893048324572,0.10393893048324572
Fnip2,0.10386868939168388,0.10386868939168388
Pgam1,0.10362127768756774,0.10362127768756774
Nlk,0.10348646864717934,0.10348646864717934
Sptbn1,0.10348367495185305,0.10348367495185305
Pfkp,0.10338480575848058,0.10338480575848058
Nfkb1,0.10332186000370541,0.10332186000370541
Arhgap24,0.1031729589523011,0.1031729589523011
Sntg2,0.10310740099322258,0.10310740099322258
Stk39,0.1030220781484672,0.1030220781484672
Pak7,0.10299107900339659,0.10299107900339659
Ccser1,0.1028389344943401,0.1028389344943401
Gda,0.1028340542293542,0.1028340542293542
Epsti1,0.10259892577869524,0.10259892577869524
Wfdc17,0.10255463347487898,0.10255463347487898
1700025G04Rik,0.10220077712669967,0.10220077712669967
Chst11,0.1021851361942674,0.1021851361942674
Esco2,0.1021174544669838,0.1021174544669838
Meis2,0.10194507076191554,0.10194507076191554
5330438D12Rik,0.10193956637892705,0.10193956637892705
Atxn1,0.1019084411670406,0.1019084411670406
Cc2d2a,0.10185035067407604,0.10185035067407604
Glul,-0.10178380264780393,0.10178380264780393
Pitpnm3,0.10173805552770217,0.10173805552770217
Cpe,0.10168590903482638,0.10168590903482638
Ppp3cc,0.10146925261818854,0.10146925261818854
Stx3,0.1013232141641235,0.1013232141641235
Hist1h1b,0.10122818678465245,0.10122818678465245
Ttc39c,0.10118795580506124,0.10118795580506124
Lilr4b,0.10112126527248666,0.10112126527248666
Rora,0.10111217326574662,0.10111217326574662
Osbp2,0.10090332191560861,0.10090332191560861
Kcnb1,0.10086796399595208,0.10086796399595208
Nav3,-0.10076864983216359,0.10076864983216359
Heg1,0.10063521051933594,0.10063521051933594
Snap91,0.10059357401196523,0.10059357401196523
Gm12353,0.10048135975879435,0.10048135975879435
Gbp2,0.10046191657476397,0.10046191657476397
Tcof1,0.10030500729137985,0.10030500729137985
Lgals1,0.1002597045237512,0.1002597045237512
Gm43221,0.10024954621311312,0.10024954621311312
Plxna2,0.1002009328289163,0.1002009328289163
Pcbp3,0.10019908239479372,0.10019908239479372
Pola1,0.09992562627981738,0.09992562627981738
Actr3b,0.09989217222534784,0.09989217222534784
Aig1,0.09962757123782254,0.09962757123782254
Dpysl3,0.09947708188257327,0.09947708188257327
Racgap1,0.09947046991288216,0.09947046991288216
Zdhhc2,0.09944281872829287,0.09944281872829287
Igsf11,0.09943135810378313,0.09943135810378313
Sh3gl2,0.09935837904245477,0.09935837904245477
Adgre5,0.09931055235778229,0.09931055235778229
Hmgb2,0.09926784532243328,0.09926784532243328
Fabp12,0.09921926634257747,0.09921926634257747
Ccr5,-0.0991872425587914,0.0991872425587914
1600010M07Rik,0.09904858901570336,0.09904858901570336
Mir124a-1hg,0.09894425148362414,0.09894425148362414
Mak,0.09870739901561798,0.09870739901561798
Gnb1,0.09870513721253876,0.09870513721253876
Map1b,0.09870504489966073,0.09870504489966073
Gm13269,0.09852203378623803,0.09852203378623803
Ier3,0.0984848104012058,0.0984848104012058
Gm26954,0.09845558941777972,0.09845558941777972
Antxr2,0.09833824263253423,0.09833824263253423
Amph,0.09826644952075239,0.09826644952075239
Map2,0.09820668850920104,0.09820668850920104
Thrb,0.09796216551294189,0.09796216551294189
Anp32e,0.09788725919442728,0.09788725919442728
Gm10563,0.09782663014517283,0.09782663014517283
Pbx3,0.09774425859344205,0.09774425859344205
Dlg4,0.09773099041538445,0.09773099041538445
Cacna2d4,0.09771439721934795,0.09771439721934795
Dmxl2,0.09768744998257783,0.09768744998257783
Id2,0.0976697723612816,0.0976697723612816
Rpl13,-0.0975988471036284,0.0975988471036284
Gm27017,0.09759461183424363,0.09759461183424363
Ybx3,0.09753485875129857,0.09753485875129857
Kif1b,0.09746530405961999,0.09746530405961999
Alms1,0.09735040631766616,0.09735040631766616
Rorb,0.09733114097647438,0.09733114097647438
Ntm,0.09724372224731911,0.09724372224731911
Rom1,0.0971696373092144,0.0971696373092144
Slc1a3,0.09715739798775208,0.09715739798775208
Agpat3,0.09701251792841221,0.09701251792841221
Far1os,0.09695163488060511,0.09695163488060511
Gnat1,0.09688274013356613,0.09688274013356613
Dnajc6,0.09654840331223816,0.09654840331223816
Epb41,0.09653004895055872,0.09653004895055872
Slc1a7,0.09652011758128529,0.09652011758128529
Hells,0.09647005016915935,0.09647005016915935
Gm39214,0.09635606818443412,0.09635606818443412
Ube2c,0.09634924041031948,0.09634924041031948
Prph2,0.09609589548979866,0.09609589548979866
Srrm3,0.09608113830040277,0.09608113830040277
Mob3b,0.09601024487717454,0.09601024487717454
Ext1,0.0959725612537334,0.0959725612537334
Gramd1b,0.09593727574736433,0.09593727574736433
Scpep1os,0.09580889472240837,0.09580889472240837
Lrrc49,0.09580235056839267,0.09580235056839267
Pdc,0.09578723200792533,0.09578723200792533
Tg,0.09561873822914232,0.09561873822914232
Pclaf,0.09546742892581786,0.09546742892581786
Kifc1,0.09540881732812895,0.09540881732812895
Xkr6,0.0951721232905745,0.0951721232905745
Tmlhe,0.09510343078099508,0.09510343078099508
Gm15563,0.09496002124442576,0.09496002124442576
Nuf2,0.09494939386794554,0.09494939386794554
Otx2os1,0.09481794127852664,0.09481794127852664
Eepd1,0.09479095315636317,0.09479095315636317
Pde6g,0.09477788123718814,0.09477788123718814
Ppa1,0.09457700751169122,0.09457700751169122
Rbpms,0.09455955943575464,0.09455955943575464
Irs2,0.09452368404685808,0.09452368404685808
Gm20404,0.09449765335412982,0.09449765335412982
Psip1,0.09447502316225488,0.09447502316225488
Gm42047,0.09445771392236801,0.09445771392236801
Kif24,0.09445625922997185,0.09445625922997185
Spn,0.09426585634814097,0.09426585634814097
Myo10,0.0942197665475969,0.0942197665475969
Filip1l,0.09412806478068769,0.09412806478068769
Cdhr1,0.09407273109419716,0.09407273109419716
Herc3,0.09403172744762989,0.09403172744762989
Mns1,0.0940292283945023,0.0940292283945023
Lin52,0.09402495699993965,0.09402495699993965
Unc80,0.09354358975673979,0.09354358975673979
Dixdc1,0.09342376289878555,0.09342376289878555
Sdk1,0.09341248817311316,0.09341248817311316
Gngt1,0.0931749766398023,0.0931749766398023
Creb5,0.09316510248982215,0.09316510248982215
S100a6,0.0930547522506847,0.0930547522506847
Ankrd12,0.09305053267069248,0.09305053267069248
Gucy2e,0.09297262158137208,0.09297262158137208
4930479D17Rik,0.09295054147327908,0.09295054147327908
Cd36,0.0928810944057899,0.0928810944057899
Gsdme,0.09283488723644506,0.09283488723644506
Rp1l1,0.09280471707271684,0.09280471707271684
Eno1,0.09278165669350014,0.09278165669350014
Hivep2,0.09275980844038079,0.09275980844038079
Rgs20,0.09260608765605875,0.09260608765605875
Stk35,0.0925976149258896,0.0925976149258896
Trerf1,0.09259534236810367,0.09259534236810367
Anln,0.09259447808977957,0.09259447808977957
Fbxl2,0.09254095005497284,0.09254095005497284
Cep112,0.09246493855520972,0.09246493855520972
Ano2,0.09241194719141681,0.09241194719141681
Nr2e3,0.09240444990613521,0.09240444990613521
Smyd3,0.09221974013792596,0.09221974013792596
Dut,0.09220836860123126,0.09220836860123126
Wasf3,0.09219834707256294,0.09219834707256294
Itgal,0.09214427887113973,0.09214427887113973
Ms4a7,0.0921183952778463,0.0921183952778463
4930419G24Rik,0.09185069663537204,0.09185069663537204
Angpt2,0.0918461285864135,0.0918461285864135
Mbp,0.09162824155094311,0.09162824155094311
Gm15614,0.09162590283738507,0.09162590283738507
Tmem163,0.09154295857397678,0.09154295857397678
Tub,0.09152936664541246,0.09152936664541246
1110051M20Rik,0.09145650710831255,0.09145650710831255
Igf2r,0.09137516247433594,0.09137516247433594
Setdb2,0.09131369330305104,0.09131369330305104
Gm43713,0.09125920363394802,0.09125920363394802
Msi1,0.09119022009954182,0.09119022009954182
Trim37,0.09117141473389498,0.09117141473389498
Ace,0.09105057310551247,0.09105057310551247
Cp,0.09092127604530945,0.09092127604530945
Sgip1,0.09083650438244485,0.09083650438244485
Acod1,0.09056336222463808,0.09056336222463808
Pgap1,0.09026132624730651,0.09026132624730651
Gm13684,0.09025103948040658,0.09025103948040658
Hk1,0.09024149446185915,0.09024149446185915
Lockd,0.09009252794813052,0.09009252794813052
Dgkh,0.08994975639058815,0.08994975639058815
Vopp1,0.08989943232588095,0.08989943232588095
Tmem51,0.08962782085679882,0.08962782085679882
Cox6a2,0.08960534256075202,0.08960534256075202
Glcci1,0.08959762620786099,0.08959762620786099
Hdac8,0.0895586121232305,0.0895586121232305
Hmgn1,0.08949642297434705,0.08949642297434705
Fgd6,0.08942308854228845,0.08942308854228845
Gins2,0.08936434498358907,0.08936434498358907
Zhx2,0.08935313470960009,0.08935313470960009
Utrn,0.08934960201244817,0.08934960201244817
Chchd10,0.08928577718645954,0.08928577718645954
Iqsec1,0.08927880045610476,0.08927880045610476
Cep164,0.08919048030191826,0.08919048030191826
Plcb4,0.08913002086040993,0.08913002086040993
Drd4,0.08910167606038798,0.08910167606038798
Kif20b,0.08906443390360257,0.08906443390360257
Oprm1,0.08893125847071762,0.08893125847071762
Mpped2,0.08892311906778987,0.08892311906778987
Crb1,0.08886577493073339,0.08886577493073339
Fsd1l,0.08877591327922504,0.08877591327922504
Atp1b2,0.08863572209479241,0.08863572209479241
Frmpd1,0.0886354731447183,0.0886354731447183
Lrfn2,0.08843929322365017,0.08843929322365017
Spata1,0.08834524074182225,0.08834524074182225
Cpq,0.08834452337223499,0.08834452337223499
9130019P16Rik,0.08825318457097728,0.08825318457097728
Lonrf3,0.08822028196634915,0.08822028196634915
Farp1,0.0881739343920476,0.0881739343920476
Gm26936,0.08807074912737725,0.08807074912737725
Snhg14,0.08800201186250742,0.08800201186250742
Gm28375,0.08799541487686957,0.08799541487686957
Gpnmb,0.08789674910267639,0.08789674910267639
Cd9,-0.08788922493014137,0.08788922493014137
Akt3,0.08786903219636785,0.08786903219636785
Rad51,0.08784811618050353,0.08784811618050353
Pole,0.08781458000883781,0.08781458000883781
Wdr78,0.08774023928165997,0.08774023928165997
Ttll5,0.0876726693411513,0.0876726693411513
Tmem108,0.08740597785287262,0.08740597785287262
Ntng2,0.08735739543797513,0.08735739543797513
Snap25,0.08727435299870516,0.08727435299870516
Ppp2r3a,0.08726759601893058,0.08726759601893058
Gm10848,0.08702437095965496,0.08702437095965496
A530058N18Rik,0.08699885205409116,0.08699885205409116
Rdh12,0.08694418250552738,0.08694418250552738
Abtb2,0.0868358069034961,0.0868358069034961
Zfp536,0.08678446517732494,0.08678446517732494
Gm14858,0.08677133286691767,0.08677133286691767
Galnt6,0.08673429127101383,0.08673429127101383
Cenpp,0.08669373531510134,0.08669373531510134
Iqgap2,0.08650719748362169,0.08650719748362169
Cxcl2,0.08637242006858588,0.08637242006858588
Msra,0.08625752459987886,0.08625752459987886
Kif11,0.08624800732959544,0.08624800732959544
Lrit3,0.08616871178184346,0.08616871178184346
Klra2,0.08614770713982786,0.08614770713982786
Rara,0.08605488776329968,0.08605488776329968
Ahi1,0.08591177338616635,0.08591177338616635
Fcrls,0.08587280924137829,0.08587280924137829
Gm17231,0.08560289609875162,0.08560289609875162
Slc17a7,0.08558839351297012,0.08558839351297012
Gnb5,0.08558368674074401,0.08558368674074401
Cxcl14,0.08550706883425167,0.08550706883425167
Bst2,0.08550295046327959,0.08550295046327959
F630040K05Rik,0.08544624711471722,0.08544624711471722
Ehbp1,0.08526584106732962,0.08526584106732962
Srrm4,0.0852205215020539,0.0852205215020539
Plac8,0.08519877943124037,0.08519877943124037
Gm10974,0.08514750847854205,0.08514750847854205
Hipk2,0.08513524392799722,0.08513524392799722
Rps6ka2,0.08511120515810265,0.08511120515810265
Pfkfb2,0.08504482759739238,0.08504482759739238
Scg5,0.08497603589988202,0.08497603589988202
Lrrc18,0.08496736337289458,0.08496736337289458
A930001M01Rik,0.08485630544045504,0.08485630544045504
A930006I01Rik,0.08484725051715461,0.08484725051715461
Efr3b,0.08483266508675567,0.08483266508675567
Cep290,0.08476786318302756,0.08476786318302756
Nfasc,0.08476661665735508,0.08476661665735508
Pard3bos1,0.08459526962905932,0.08459526962905932
Cdc42bpa,0.08449396237366687,0.08449396237366687
Dab2,0.08444152240457908,0.08444152240457908
Myof,0.0843932591051951,0.0843932591051951
Hook1,0.08427491710272299,0.08427491710272299
Nrl,0.08424870925320466,0.08424870925320466
Psd3,0.08421640404886346,0.08421640404886346
Slfn1,0.08408634884036646,0.08408634884036646
Slc1a2,0.08404673469977393,0.08404673469977393
Reep6,0.08390693251662489,0.08390693251662489
Guca1b,0.08381793282079139,0.08381793282079139
Adgrb3,0.08378472815478781,0.08378472815478781
Ccdc57,0.08361754048291224,0.08361754048291224
Alpk1,0.08352786676321157,0.08352786676321157
Insyn2a,0.08344188379890816,0.08344188379890816
Igf1r,0.08343353533458779,0.08343353533458779
Cntln,0.08341203944160885,0.08341203944160885
4930517O19Rik,0.0833597351823696,0.0833597351823696
Fam161a,0.08333847488034037,0.08333847488034037
Slc38a3,0.08330871334467736,0.08330871334467736
Stil,0.08319252922098506,0.08319252922098506
Dnm3,0.08313885156576735,0.08313885156576735
Mpp4,0.083119600752489,0.083119600752489
Impg2,0.08305984152705409,0.08305984152705409
Fat3,0.0828080125303409,0.0828080125303409
Zfp462,0.08279259271805456,0.08279259271805456
Ppip5k1,0.08266171751278174,0.08266171751278174
Stxbp1,0.08256702807312034,0.08256702807312034
Mcu,0.08256414529653167,0.08256414529653167
Nedd4,0.08254542732985942,0.08254542732985942
Gm14023,0.08252656185466166,0.08252656185466166
Phactr1,0.08250996628387516,0.08250996628387516
Frmd5,0.08245959083735369,0.08245959083735369
Unc13b,0.08245410515042674,0.08245410515042674
Pitpnc1,0.08241727713095198,0.08241727713095198
Scai,0.08241394109826472,0.08241394109826472
Gnb3,0.08239011848847078,0.08239011848847078
Smim40,0.08235841712995061,0.08235841712995061
Kcnq1ot1,0.08228361622601145,0.08228361622601145
Ahnak2,0.08227712371909436,0.08227712371909436
Otx2,0.08223930446847569,0.08223930446847569
Sirpb1b,0.08210818721245283,0.08210818721245283
Invs,0.08210114908783235,0.08210114908783235
Nim1k,0.08202734706336663,0.08202734706336663
Xdh,0.08197405078574092,0.08197405078574092
Efcab11,0.08195919659086652,0.08195919659086652
Gm4117,0.08194495711712879,0.08194495711712879
Cblb,0.08191449582733785,0.08191449582733785
Ust,0.0818364789542067,0.0818364789542067
Ifi205,0.08182315291516833,0.08182315291516833
Vax2os,0.08181201986327274,0.08181201986327274
Treml4,0.08179604040136224,0.08179604040136224
Slc9a7,0.08176955719418427,0.08176955719418427
Gm12227,0.08173991992411846,0.08173991992411846
Adhfe1,0.08164232834335076,0.08164232834335076
Emb,0.08159524109049683,0.08159524109049683
Cpeb3,0.08152491806687984,0.08152491806687984
Adamts3,0.08150459109423117,0.08150459109423117
Rnf220,0.08147841744344293,0.08147841744344293
Gm5150,0.0813504711005343,0.0813504711005343
4933413L06Rik,0.081214321346423,0.081214321346423
Htr2b,0.08114448805246699,0.08114448805246699
Ifitm6,0.08114099126919948,0.08114099126919948
Pitpnm1,0.08105734168661773,0.08105734168661773
Wdr17,0.080963568004477,0.080963568004477
Ly6a,0.08093580905636096,0.08093580905636096
2610035D17Rik,0.08091635261713678,0.08091635261713678
Mdm1,0.08091226360334086,0.08091226360334086
Cerkl,0.08089591899927867,0.08089591899927867
Cyfip2,0.08087800919711692,0.08087800919711692
Ldha,0.08081147052901252,0.08081147052901252
Plekhb1,0.08075105461758558,0.08075105461758558
Vtn,0.08071869661794855,0.08071869661794855
A930003A15Rik,0.08069453651067375,0.08069453651067375
Smim13,0.08067304327536765,0.08067304327536765
Elovl4,0.08061976355228613,0.08061976355228613
Eml1,0.08060989210831875,0.08060989210831875
Hmox1,0.08057512739114653,0.08057512739114653
Afdn,0.08052386295854663,0.08052386295854663
B430010I23Rik,0.08051386848751604,0.08051386848751604
Tgm2,0.08046601784635048,0.08046601784635048
Kif23,0.08044981040005547,0.08044981040005547
Podxl,0.08041314380577333,0.08041314380577333
Elfn1,0.0802685348200538,0.0802685348200538
Synpo2,0.08025329093529623,0.08025329093529623
Ldlrad3,0.08020279351231854,0.08020279351231854
Wwp1,0.08018781975396762,0.08018781975396762
Ecm2,0.08017311241449665,0.08017311241449665
Ccl3,0.08012194538552841,0.08012194538552841
Gpsm2,0.08011248905258225,0.08011248905258225
Ccdc73,0.08004352220660922,0.08004352220660922
Epb41l5,0.08003371904679292,0.08003371904679292
Negr1,0.08003099358355638,0.08003099358355638
Glp2r,0.08001885693391868,0.08001885693391868
Ckap2l,0.07995867623796193,0.07995867623796193
4930512B01Rik,0.07994395185714308,0.07994395185714308
Eml6,0.07988369959271091,0.07988369959271091
Dlg2,0.0797510634304499,0.0797510634304499
Ptchd1,0.07973340689703731,0.07973340689703731
Gm12216,0.079673063189095,0.079673063189095
Hspa12a,0.07954435298868828,0.07954435298868828
Xrcc4,0.07953394561024274,0.07953394561024274
Rsf1os1,0.07953127265375276,0.07953127265375276
Pde8a,0.07951624369253396,0.07951624369253396
Rtbdn,0.07950072209201771,0.07950072209201771
Fam184a,0.07931239703523608,0.07931239703523608
Jazf1,0.0792676240561468,0.0792676240561468
Gm17057,0.07921259340980187,0.07921259340980187
Raph1,0.07920173629413198,0.07920173629413198
Hspa4l,0.07905639099235222,0.07905639099235222
Hp,0.07902427961611068,0.07902427961611068
Ndrg3,0.07887713914565181,0.07887713914565181
Lamc1,0.0788355501332636,0.0788355501332636
Il4i1,0.07869243702573452,0.07869243702573452
Nbea,0.07859899726117832,0.07859899726117832
Ahnak,0.0784958436660738,0.0784958436660738
Pparg,0.07842103960450827,0.07842103960450827
Phlpp1,0.078323685775177,0.078323685775177
AI847159,0.07831073673737518,0.07831073673737518
Klhl29,0.07823143050350907,0.07823143050350907
Ift43,0.07821591985701468,0.07821591985701468
Slc8a3,0.07819075413764387,0.07819075413764387
S100a4,0.07813013503104085,0.07813013503104085
Tesk2,0.07812149932973764,0.07812149932973764
Asah2,0.07799478209291742,0.07799478209291742
Anxa1,0.0778738581766791,0.0778738581766791
Dcaf10,0.07777186002668024,0.07777186002668024
Gm26759,0.0777357647992994,0.0777357647992994
Mpp7,0.07772972095373426,0.07772972095373426
Kcnv2,0.07765408954430036,0.07765408954430036
Tmem266,0.0775687943652032,0.0775687943652032
Simc1,0.07754603233290973,0.07754603233290973
Zfyve28,0.07753445175805594,0.07753445175805594
Snx12,0.07752402112259044,0.07752402112259044
F10,0.07728757636749684,0.07728757636749684
Bicdl1,0.07720804648173887,0.07720804648173887
C79798,0.07718631912693395,0.07718631912693395
Mapk4,0.07705599283574278,0.07705599283574278
Gm48236,0.07702267976083625,0.07702267976083625
Grk5,0.07698975740275449,0.07698975740275449
Gm15155,0.07692030441394355,0.07692030441394355
C1ql3,0.076587701865428,0.076587701865428
Prkg1,0.07653575826654962,0.07653575826654962
Kpna2,0.07652305529054886,0.07652305529054886
Arl3,0.07648921406966544,0.07648921406966544
Ptk2,0.07645372906500751,0.07645372906500751
Stap1,0.07637389648451794,0.07637389648451794
5430419D17Rik,0.07632735027129958,0.07632735027129958
4930447C04Rik,0.07627621954319963,0.07627621954319963
Cdk1,0.07620199657915143,0.07620199657915143
4930455C13Rik,0.07613627705144581,0.07613627705144581
Tnik,0.07609057888559549,0.07609057888559549
Gm11342,0.07607016219083619,0.07607016219083619
Cd69,0.07605651531632919,0.07605651531632919
Gm31323,0.07604350253660272,0.07604350253660272
Gpr137c,0.0760038183963639,0.0760038183963639
Prkcz,0.07599544590492224,0.07599544590492224
Man2c1os,0.07598773663044828,0.07598773663044828
Tgfbr3,0.07589453265268915,0.07589453265268915
Gm16093,0.0758676400903094,0.0758676400903094
Pbx1,0.07585574348695837,0.07585574348695837
Meis1,0.07581308625499508,0.07581308625499508
Cytip,0.07581131611686141,0.07581131611686141
Samd11,0.07578996607218559,0.07578996607218559
Atg10,0.07573033064269166,0.07573033064269166
Ggact,0.07570876827356304,0.07570876827356304
Gm50020,0.07564419491139246,0.07564419491139246
Gm37459,0.07561022573708191,0.07561022573708191
Gm48228,0.07560530326750313,0.07560530326750313
Fam169a,0.075587534859688,0.075587534859688
Fn1,0.07553552568070122,0.07553552568070122
Fam57b,0.07551375640419983,0.07551375640419983
Limch1,0.07543576620284632,0.07543576620284632
Agpat5,0.07536572114444509,0.07536572114444509
Lca5,0.0751284208098443,0.0751284208098443
Cd40,0.07500780736041239,0.07500780736041239
Clstn1,0.07496436797849315,0.07496436797849315
Ifit1bl1,0.0749308215860123,0.0749308215860123
AW112010,0.07486369947168899,0.07486369947168899
H2afv,0.07483372149858525,0.07483372149858525
Tacc2,0.07483154656797086,0.07483154656797086
Arhgef26,0.07482413767273847,0.07482413767273847
Lrrn3,0.07475780976870404,0.07475780976870404
Colec12,0.07466028070990373,0.07466028070990373
Rbp3,0.0746348693614441,0.0746348693614441
Ndufa4,0.07459641566620213,0.07459641566620213
Ankrd33,0.07456412120019285,0.07456412120019285
Rasgrf2,0.0745188532125017,0.0745188532125017
Ifi44,0.07449085121944617,0.07449085121944617
S100a11,0.07445839817757867,0.07445839817757867
Cdh2,0.07444721096594573,0.07444721096594573
Elp4,0.07440052540776637,0.07440052540776637
Clcn5,0.07439826223217502,0.07439826223217502
Fam78b,0.07437889049832144,0.07437889049832144
Rab30,0.07435261304872415,0.07435261304872415
Dtnb,0.0743491190443616,0.0743491190443616
Gmds,0.07434406936390307,0.07434406936390307
A630089N07Rik,0.07433986543379748,0.07433986543379748
Cdyl2,0.07429740054839722,0.07429740054839722
Kcnab2,0.07428755484074383,0.07428755484074383
Gpr68,0.07427418797565241,0.07427418797565241
Il1rap,0.07425925787143024,0.07425925787143024
Map7,0.07424399102468736,0.07424399102468736
Apex2,0.0742292240433079,0.0742292240433079
Faim,0.0742274966324448,0.0742274966324448
1110008P14Rik,0.07419877820252634,0.07419877820252634
Gm45716,0.07415826617204069,0.07415826617204069
Tcf4,0.07414342273541336,0.07414342273541336
4831440D22Rik,0.07409470965704806,0.07409470965704806
Fabp4,0.07396702160284742,0.07396702160284742
Clec12a,0.07396255370251226,0.07396255370251226
Rab28,0.07388968673280102,0.07388968673280102
Dag1,0.07388486388391712,0.07388486388391712
Ift88,0.07387549329018318,0.07387549329018318
Snx25,0.07380452581029567,0.07380452581029567
Arhgap31,0.07367413356019333,0.07367413356019333
Itgb8,0.07366933792663634,0.07366933792663634
Arhgap32,0.07363890464055356,0.07363890464055356
Thap12,0.0734727751120205,0.0734727751120205
Bach2,0.07344366938984255,0.07344366938984255
Gm21188,0.07339176181369418,0.07339176181369418
Pacrg,0.07338778126301176,0.07338778126301176
Guca1a,0.07335365140170462,0.07335365140170462
Ppargc1a,0.07333155020609454,0.07333155020609454
Klrb1b,0.07324969871643583,0.07324969871643583
Plcb1,0.07314425731162241,0.07314425731162241
Ear2,0.07313951769517135,0.07313951769517135
Serpinb6a,0.07313774814678063,0.07313774814678063
Dapk1,0.07313016950968018,0.07313016950968018
Lurap1l,0.07306180539252351,0.07306180539252351
Crim1,0.07305779285065367,0.07305779285065367
Trpc1,0.07300154856617032,0.07300154856617032
Rbpj,0.07297376365544805,0.07297376365544805
Ifi203,0.07295651864924615,0.07295651864924615
4930484I04Rik,0.0729174420928182,0.0729174420928182
Il1rn,0.07280912953338524,0.07280912953338524
Crxos,0.07279978340631722,0.07279978340631722
Cd83,0.07274901261917156,0.07274901261917156
Vegfa,0.07272472413820551,0.07272472413820551
Gm34408,0.07270364368361842,0.07270364368361842
Gm16153,0.07268920255480887,0.07268920255480887
Ctdspl,0.0726569782673758,0.0726569782673758
Mgmt,0.0726143029537932,0.0726143029537932
Cdkl5,0.0726054383550103,0.0726054383550103
Me1,0.07244672832001825,0.07244672832001825
B3gat2,0.07243401030660293,0.07243401030660293
Prxl2a,0.07241573029645094,0.07241573029645094
Rab11fip1,0.07231123661450801,0.07231123661450801
Cpeb2,0.07227710309654499,0.07227710309654499
Ubap1l,0.07225068222661427,0.07225068222661427
Lrit2,0.07218883729118165,0.07218883729118165
Zcwpw2,0.07214639102499532,0.07214639102499532
Trem3,0.0719603330223563,0.0719603330223563
Dip2c,0.07182785379178781,0.07182785379178781
Prcd,0.07182227610693523,0.07182227610693523
Ccr9,0.07166457828857327,0.07166457828857327
Rfx2,0.07163946030097867,0.07163946030097867
Cdk6,0.07157175463701163,0.07157175463701163
Zbtb16,0.07151622636650012,0.07151622636650012
Gm44532,0.07137448420165436,0.07137448420165436
Tpk1,0.07135931845815782,0.07135931845815782
Mndal,0.07128428218321915,0.07128428218321915
Gm19667,0.07127158275832811,0.07127158275832811
St3gal4,0.071199319561901,0.071199319561901
Adamts6,0.07115361076108907,0.07115361076108907
Ikzf2,0.07114509252624665,0.07114509252624665
Dram1,0.07110829944417187,0.07110829944417187
Fam3c,0.07101523288661886,0.07101523288661886
Gm11508,0.07096314281442406,0.07096314281442406
Hdgfl3,0.0709338314793807,0.0709338314793807
Prdm10,0.0708944912816021,0.0708944912816021
Camkmt,0.07087155854341744,0.07087155854341744
Elovl2,0.07077438704119142,0.07077438704119142
Fth1,-0.07075803030863449,0.07075803030863449
Ripor2,0.07071628619205256,0.07071628619205256
Cuedc1,0.07070106026580876,0.07070106026580876
Zswim4,0.07067432788208992,0.07067432788208992
Cdr2,0.07057929250366261,0.07057929250366261
Tyrobp,-0.07057505769637606,0.07057505769637606
Kynu,0.07055531865425052,0.07055531865425052
Egr1,-0.07054280162090681,0.07054280162090681
Cecr2,0.07029199610855993,0.07029199610855993
Prnp,0.0702906064485387,0.0702906064485387
Hhat,0.07027755490418017,0.07027755490418017
Crocc,0.07021913516789031,0.07021913516789031
Gm38604,0.07017575907386495,0.07017575907386495
Inka2,0.07008973411851746,0.07008973411851746
Slc12a5,0.06996173705220805,0.06996173705220805
Gm19522,0.06993537873047284,0.06993537873047284
Apoc1,0.06990548715927418,0.06990548715927418
Gm49417,0.06990402511267514,0.06990402511267514
Myrip,0.06987993731032842,0.06987993731032842
Tent5d,0.06978294621057483,0.06978294621057483
Gm8369,0.06975411637257539,0.06975411637257539
Gpr141,0.06972107164019084,0.06972107164019084
Gm15886,0.06966176514744496,0.06966176514744496
Gm20139,0.06947452234226423,0.06947452234226423
Ifitm2,0.06925694770589015,0.06925694770589015
Pde10a,0.06921644198536092,0.06921644198536092
Cfap36,0.06921474815780629,0.06921474815780629
Megf9,0.06919902945193322,0.06919902945193322
Pitpnm2,0.06910971440478951,0.06910971440478951
Rbfox2,0.06900969990687354,0.06900969990687354
Acyp2,0.06893183326759147,0.06893183326759147
Tfrc,0.06878619845228139,0.06878619845228139
Scfd2,0.06876654948173183,0.06876654948173183
Pde7a,0.06869833105683217,0.06869833105683217
Akap7,0.06861596916861722,0.06861596916861722
Gsn,0.0685725644807541,0.0685725644807541
Cox16,0.0685644517747318,0.0685644517747318
Gabrb3,0.06856394620070262,0.06856394620070262
A430090L17Rik,0.06850866242793248,0.06850866242793248
Acsl6,0.06849069679159074,0.06849069679159074
4930402D18Rik,0.06844598964871199,0.06844598964871199
Zc3h12b,0.06837293981093807,0.06837293981093807
Plekha5,0.0683573505832549,0.0683573505832549
Syt14,0.06830904110786483,0.06830904110786483
Tmem136,0.06826904398441118,0.06826904398441118
Kcnab1,0.06820374001308217,0.06820374001308217
Adk,0.06819172815034395,0.06819172815034395
Xrcc6,0.06815404384476778,0.06815404384476778
Reps2,0.06814498905696599,0.06814498905696599
Gm12296,0.0681378428642482,0.0681378428642482
Oip5os1,0.06795623248691007,0.06795623248691007
Cradd,0.06793432898744896,0.06793432898744896
Tmem150c,0.06791412610143874,0.06791412610143874
Mgarp,0.06790588885906325,0.06790588885906325
Cep126,0.06788439793236631,0.06788439793236631
Gm19466,0.06774200520010966,0.06774200520010966
Samd7,0.06773100626903478,0.06773100626903478
Edil3,0.06772217715711953,0.06772217715711953
Gm17359,0.0677168395671972,0.0677168395671972
Kdm4c,0.06769275108918696,0.06769275108918696
Adcy1,0.06759440801584556,0.06759440801584556
Gucy2f,0.0675668565516709,0.0675668565516709
Arhgef18,0.06756119161750516,0.06756119161750516
Rpl3,-0.06750269609217024,0.06750269609217024
Rad51b,0.06749820496497168,0.06749820496497168
Chka,0.06736107577295748,0.06736107577295748
4930523C07Rik,0.06731176008716348,0.06731176008716348
Rpgr,0.0672739464756568,0.0672739464756568
Ctla2a,0.06724971306851121,0.06724971306851121
Gulp1,0.06720219150685969,0.06720219150685969
Clybl,0.06717788909387183,0.06717788909387183
Kirrel,0.06716315437392001,0.06716315437392001
Hip1,0.06686705338058048,0.06686705338058048
Lrrc1,0.06680407520387008,0.06680407520387008
Gm4876,0.06679202598184508,0.06679202598184508
Stox2,0.06676532228710282,0.06676532228710282
Serpine1,0.0667642374457629,0.0667642374457629
Arhgap23,0.0666228680193855,0.0666228680193855
Pdzk1,0.0666173394078064,0.0666173394078064
Nr6a1,0.0665593713395905,0.0665593713395905
Mylk,0.06651977005553757,0.06651977005553757
Abca5,0.06641368114721247,0.06641368114721247
Vldlr,0.06632893965166568,0.06632893965166568
Egr3,0.0660887181338476,0.0660887181338476
Olr1,0.06608217643802769,0.06608217643802769
Dock5,0.06606185891790743,0.06606185891790743
Hsp90aa1,0.06604785938574581,0.06604785938574581
Krt18,0.0659867590271437,0.0659867590271437
2900026A02Rik,0.06596492374463025,0.06596492374463025
Lrit1,0.06583620952103811,0.06583620952103811
Sphkap,0.06575217575175865,0.06575217575175865
Eid1,0.06574943180494885,0.06574943180494885
Pitpnm2os2,0.06564445471778144,0.06564445471778144
Socs2,0.06562120560148968,0.06562120560148968
Kcnip4,0.06555055273836351,0.06555055273836351
Slc22a29,0.06552320534556232,0.06552320534556232
Vamp2,0.06551011664623084,0.06551011664623084
Lrrk2,0.06545210433369165,0.06545210433369165
Bcat1,0.0654491182432472,0.0654491182432472
Gm13402,0.0654434770077104,0.0654434770077104
D830024N08Rik,0.06527590643992755,0.06527590643992755
Gpm6b,0.06523918196272459,0.06523918196272459
Chgb,0.06518094543169545,0.06518094543169545
Ypel2,0.06510476043942266,0.06510476043942266
Pde4b,0.06497066946974782,0.06497066946974782
Scn8a,0.0649576812779544,0.0649576812779544
3110021N24Rik,0.06494122624563299,0.06494122624563299
Plbd1,0.06485688346403884,0.06485688346403884
Ttc8,0.06480163450061505,0.06480163450061505
Mpdz,0.06471493237698553,0.06471493237698553
Gm15987,0.06471369767397395,0.06471369767397395
Tnf,0.0646917835118528,0.0646917835118528
4930533B01Rik,0.06468912317752379,0.06468912317752379
Ms4a4b,0.06454956943412966,0.06454956943412966
Atp8b4,0.06447937763600758,0.06447937763600758
Rbfox1,0.06438578411608709,0.06438578411608709
Pcmtd2,0.06438184975512609,0.06438184975512609
Pcsk1n,0.0642572951290263,0.0642572951290263
Mmd2,0.0642306911345775,0.0642306911345775
Cfap61,0.06409827015981143,0.06409827015981143
Akap6,0.06403825684224201,0.06403825684224201
Cacnb2,0.06402262864648144,0.06402262864648144
Tbc1d4,0.06402131139059043,0.06402131139059043
Slc9a5,0.0638148004114423,0.0638148004114423
Shtn1,0.06377606961720612,0.06377606961720612
Lmtk2,0.06372747184502382,0.06372747184502382
Ccdc88c,0.06360980317660021,0.06360980317660021
Ppp1r42,0.06359053230772116,0.06359053230772116
Dgke,0.0634968058759773,0.0634968058759773
Cd300e,0.06344723614586344,0.06344723614586344
BC048559,0.06336593738770954,0.06336593738770954
Gnat2,0.06333640231640943,0.06333640231640943
Psd,0.06325206026826498,0.06325206026826498
Pid1,0.0632237006943641,0.0632237006943641
Neo1,0.06319288255412375,0.06319288255412375
Vcan,0.06309116499328948,0.06309116499328948
Impdh1,0.06306865358674416,0.06306865358674416
Ptpn22,0.06306738551377278,0.06306738551377278
Gm35154,0.06305707073275511,0.06305707073275511
Gm11149,0.06305165476782709,0.06305165476782709
Samd4,0.06304892204230866,0.06304892204230866
Ankrd28,0.06295436214465801,0.06295436214465801
Uck2,0.06295190418822035,0.06295190418822035
Msr1,0.06295054971095092,0.06295054971095092
Fam120c,0.06284222730325512,0.06284222730325512
Amy1,0.06277755272687036,0.06277755272687036
Ap3b2,0.06270349240404513,0.06270349240404513
E130307A14Rik,0.0626380684823895,0.0626380684823895
Sugct,0.06259375918346312,0.06259375918346312
Klf9,0.062496699630196134,0.062496699630196134
4930565N06Rik,0.06245916632652843,0.06245916632652843
Ssx2ip,0.062441381876313894,0.062441381876313894
Hs3st3b1,0.06239257332489061,0.06239257332489061
Galntl6,0.062301302349702894,0.062301302349702894
Slc24a4,0.06222937043296104,0.06222937043296104
Ptprm,0.06218498164345004,0.06218498164345004
Kcnj14,0.06213276152247095,0.06213276152247095
AY512915,0.062086694129157766,0.062086694129157766
Dhx40,0.06205891515098229,0.06205891515098229
Arhgap18,0.06203009428424544,0.06203009428424544
Bzw2,0.06194767909376479,0.06194767909376479
Adgrl2,0.06187600237650408,0.06187600237650408
Gm16541,0.06187232788242998,0.06187232788242998
Immp2l,0.06185243727776361,0.06185243727776361
Scap,0.061824413331113104,0.061824413331113104
Arl6,0.06179298250969163,0.06179298250969163
Pam,0.061772465882406626,0.061772465882406626
A430035B10Rik,0.06176543747134174,0.06176543747134174
Kitl,0.061615704015552074,0.061615704015552074
Rho,0.06157502724523161,0.06157502724523161
Nectin1,0.06149733980930777,0.06149733980930777
Ndrg1,0.06148960372023965,0.06148960372023965
Kdr,0.06148125214808885,0.06148125214808885
Sncb,0.06143665188010022,0.06143665188010022
Adgre4,0.061432437811603735,0.061432437811603735
1700094J05Rik,0.061432161474905905,0.061432161474905905
Nr4a3,0.0612147630974405,0.0612147630974405
Gpr132,0.06120280575295285,0.06120280575295285
Gdpd5,0.06117672830450736,0.06117672830450736
Mgst1,0.061139451440833825,0.061139451440833825
Gm28085,0.06110014735075113,0.06110014735075113
Plcxd2,0.06108305553680142,0.06108305553680142
Gm48321,0.06108102257848992,0.06108102257848992
Gm16549,0.06108069816703072,0.06108069816703072
Tenm4,0.06099022710025136,0.06099022710025136
Upp2,0.06098681592238386,0.06098681592238386
Katnal2,0.06085662636725094,0.06085662636725094
Adamts1,0.06082741339995376,0.06082741339995376
Gm47371,0.060795559981868835,0.060795559981868835
Aqp1,0.06077775011884707,0.06077775011884707
Nuak1,0.060716050505226375,0.060716050505226375
F13a1,0.06071023393219255,0.06071023393219255
Ccl5,0.06069311616179128,0.06069311616179128
Arap2,0.06069073988353979,0.06069073988353979
Il1b,0.060687634528443224,0.060687634528443224
Cd5,0.06067034783365536,0.06067034783365536
1190005I06Rik,0.0605664519776472,0.0605664519776472
Gm16068,0.06055697886747648,0.06055697886747648
E130310I04Rik,0.06055544974655416,0.06055544974655416
BC052040,0.060519876643294494,0.060519876643294494
Cd52,0.060501728418385664,0.060501728418385664
Gm12592,0.06049032801514378,0.06049032801514378
Nrap,0.0604843159328237,0.0604843159328237
Zfyve9,0.06042683489868629,0.06042683489868629
Dusp2,0.06037914665904884,0.06037914665904884
Chst9,0.06025971524947823,0.06025971524947823
Rnf150,0.06025823248958357,0.06025823248958357
Plekha6,0.06015060872472573,0.06015060872472573
Ppm1n,0.06008819866137023,0.06008819866137023
Pde6h,0.060085694303086565,0.060085694303086565
Sept6,0.06004184002144576,0.06004184002144576
Tead1,0.0600232346243601,0.0600232346243601
Dse,0.05997756770944517,0.05997756770944517
Hmgn5,0.05989369931442982,0.05989369931442982
Gm47283,0.05982239675689804,0.05982239675689804
Cngb3,0.059765026879046466,0.059765026879046466
Opcml,0.05975308156902031,0.05975308156902031
Gm31243,0.05974785865505288,0.05974785865505288
Cabp4,0.05969545487286447,0.05969545487286447
Spint2,0.059671484014295735,0.059671484014295735
Zfp521,0.05958650294294826,0.05958650294294826
Gfm2,0.0595542507476261,0.0595542507476261
Cxcl13,0.05953480812104537,0.05953480812104537
Runx3,0.05949596364681527,0.05949596364681527
Pcare,0.059491089431079607,0.059491089431079607
Rabgap1l,0.059444925772462014,0.059444925772462014
Angptl1,0.059427298049928585,0.059427298049928585
Gm10248,0.05936268157875911,0.05936268157875911
Gna14,0.05932088223211524,0.05932088223211524
Ikzf3,0.05930771531904332,0.05930771531904332
Wdpcp,0.05929700341295662,0.05929700341295662
B130024G19Rik,0.059280581934858474,0.059280581934858474
Map6,0.05918950714047627,0.05918950714047627
Gzmc,0.05917885341129836,0.05917885341129836
Kmo,0.05912675969194589,0.05912675969194589
Laptm4b,0.059037985369573706,0.059037985369573706
P4htm,0.05901813704440177,0.05901813704440177
Rax,0.05890083482423553,0.05890083482423553
Chn1,0.058802644288390396,0.058802644288390396
Plk5,0.058802236562137324,0.058802236562137324
Frmpd4,0.058800079870159054,0.058800079870159054
Lars2,0.058794117684254604,0.058794117684254604
Cacna1f,0.05876770700707798,0.05876770700707798
Rasal2,0.058747986512063394,0.058747986512063394
Eps8,0.05868699789518465,0.05868699789518465
Grb10,0.05861127119107716,0.05861127119107716
Dcc,0.05859259159354831,0.05859259159354831
Gucd1,0.05852436924307188,0.05852436924307188
Gm4035,0.05839202961912176,0.05839202961912176
Pcp4l1,0.058377214622551514,0.058377214622551514
Plekhg3,0.05831646841111189,0.05831646841111189
Nxnl1,0.05831443367825469,0.05831443367825469
Pard3,0.05826921233976774,0.05826921233976774
Trib2,0.05824563787632273,0.05824563787632273
Peg3,0.05823507918441956,0.05823507918441956
Atp8b1,0.05820562335362678,0.05820562335362678
Napb,0.058156145836618336,0.058156145836618336
Cd59a,0.058155836842285376,0.058155836842285376
Sh2d1a,0.05814601111317387,0.05814601111317387
C3ar1,0.058078748846208686,0.058078748846208686
Gm17529,0.058074230939817784,0.058074230939817784
Jag1,0.05804502700985059,0.05804502700985059
Opn1mw,0.057898430904408375,0.057898430904408375
Trim2,0.05783848289574932,0.05783848289574932
Upf3b,0.057827164720523946,0.057827164720523946
Svop,0.05777772544348971,0.05777772544348971
Bcas3,0.057718441110141946,0.057718441110141946
Rgs9bp,0.057706263289193975,0.057706263289193975
Rnf19b,0.05767104005170864,0.05767104005170864
2210408I21Rik,0.05763215798617694,0.05763215798617694
Rarb,0.05755572417717546,0.05755572417717546
Spock1,0.057494376456633745,0.057494376456633745
Pmm1,0.05745981315094031,0.05745981315094031
Mcf2l,0.05745392585599232,0.05745392585599232
Cers4,0.05742856450240676,0.05742856450240676
Sh3bgrl2,0.05717079147344291,0.05717079147344291
Osbpl6,0.05710135041043385,0.05710135041043385
Gm4107,0.0570848659802275,0.0570848659802275
4930556N13Rik,0.05707954190629839,0.05707954190629839
Grtp1,0.05704490620240837,0.05704490620240837
Ccdc24,0.05704291422898729,0.05704291422898729
Doc2b,0.05696173191746264,0.05696173191746264
4930406D18Rik,0.05694435072114081,0.05694435072114081
Tbc1d30,0.05684225414066582,0.05684225414066582
Gm5127,0.05677545287387918,0.05677545287387918
Rab11fip4,0.056773854200658426,0.056773854200658426
Mcc,0.05667781022603487,0.05667781022603487
Gm36975,0.056668478465550606,0.056668478465550606
Fam222a,0.05651847281123233,0.05651847281123233
Cd93,0.05649741039657298,0.05649741039657298
Ckmt1,0.056367509168329936,0.056367509168329936
Nmnat2,0.05631063119575783,0.05631063119575783
Dip2a,0.05625471890293706,0.05625471890293706
Gfod1,0.05623667934973304,0.05623667934973304
Ptprn,0.056188621897757605,0.056188621897757605
Mest,0.05615633847373557,0.05615633847373557
Tnip3,0.05614961416552593,0.05614961416552593
Nr4a2,0.05613832840376479,0.05613832840376479
Pde7b,0.05593675736293338,0.05593675736293338
Tsc22d1,0.05587854071759688,0.05587854071759688
Gm16759,0.05587848867154532,0.05587848867154532
Gm36756,0.05585213530841758,0.05585213530841758
Ubxn11,0.055813604553262425,0.055813604553262425
Hsd11b1,0.05579303006725967,0.05579303006725967
Lrrc2,0.055722249335778545,0.055722249335778545
Sestd1,0.05563048133336245,0.05563048133336245
Wdr66,0.05562638144624434,0.05562638144624434
Plcd3,0.05562083291256015,0.05562083291256015
P2ry14,0.05557459066322218,0.05557459066322218
Sgms2,0.05551979114398695,0.05551979114398695
Platr31,0.055470044031511706,0.055470044031511706
Ccdc7a,0.055365018871467025,0.055365018871467025
Card11,0.05523963253472571,0.05523963253472571
Wdr35,0.05521610497057167,0.05521610497057167
Slc4a10,0.055173828830080075,0.055173828830080075
Dscam,0.05516314421699608,0.05516314421699608
Gramd2,0.055159951928055374,0.055159951928055374
E130218I03Rik,0.05515721468211932,0.05515721468211932
2010009K17Rik,0.05513362404745949,0.05513362404745949
Scd2,0.05510932388214181,0.05510932388214181
Neat1,0.05507131514708603,0.05507131514708603
Icmt,0.055031159822602226,0.055031159822602226
Zfp36l1,-0.05501944313348761,0.05501944313348761
Shank2,0.0549845123598574,0.0549845123598574
Eml2,0.05478109922142482,0.05478109922142482
Spon1,0.05476189413405315,0.05476189413405315
Wdr31,0.054750951114024796,0.054750951114024796
Mapre3,0.054744814437899504,0.054744814437899504
Rnf144a,0.054685680135530455,0.054685680135530455
3200001D21Rik,0.0546512201322793,0.0546512201322793
Bbs7,0.054650336036233975,0.054650336036233975
Enox2,0.05464888834708544,0.05464888834708544
Sorbs2,0.054628976584790226,0.054628976584790226
Acss2,0.05461653307165462,0.05461653307165462
4921511C10Rik,0.05453108547815503,0.05453108547815503
Sdc2,0.054501737661991685,0.054501737661991685
Mtmr7,0.05446731769938803,0.05446731769938803
Gm15787,0.05444063413173175,0.05444063413173175
Gapdh,0.054400885656574194,0.054400885656574194
C2cd2l,0.0543747880240528,0.0543747880240528
Dclk2,0.05435341339851048,0.05435341339851048
Slc24a3,0.05431879894174164,0.05431879894174164
Tlr8,0.05424381255881352,0.05424381255881352
Nt5e,0.05405994763031873,0.05405994763031873
Cdh18,0.054018321253215235,0.054018321253215235
Lgalsl,0.053942488265635094,0.053942488265635094
Pde6c,0.053941353295403234,0.053941353295403234
Rragb,0.05392022429127885,0.05392022429127885
Nhs,0.053910940103806065,0.053910940103806065
Rgs7,0.0538986579009925,0.0538986579009925
Oxr1,0.05381897021485459,0.05381897021485459
Ebpl,0.05380350981920282,0.05380350981920282
Bbs5,0.053718620796009774,0.053718620796009774
Fndc9,0.05371557253692434,0.05371557253692434
Crppa,0.05370451714361864,0.05370451714361864
Traf1,0.05365544007579117,0.05365544007579117
Ptpru,0.05364156318870334,0.05364156318870334
Traf3ip2,0.05363704069496319,0.05363704069496319
Dlg5,0.053588372191059226,0.053588372191059226
6530402F18Rik,0.053512959081977854,0.053512959081977854
Slpi,0.05349379343578213,0.05349379343578213
Sall1,-0.05348889876334748,0.05348889876334748
Gm41609,0.05342991789714166,0.05342991789714166
Nxnl2,0.05342791321491613,0.05342791321491613
Gm10125,0.053394620462369466,0.053394620462369466
Slc16a1,0.053357107930049726,0.053357107930049726
Frmd6,0.0532875312577434,0.0532875312577434
Gramd3,0.05323139826439655,0.05323139826439655
Mlf1,0.05318749142700782,0.05318749142700782
Cenps,0.05317519846068586,0.05317519846068586
Fam20a,0.05317446230006452,0.05317446230006452
Grap2,0.05312776142823127,0.05312776142823127
Tppp3,0.05295054220529033,0.05295054220529033
Gm48383,0.05293591214204707,0.05293591214204707
Ebf1,0.05292795613002826,0.05292795613002826
Ppm1e,0.05291552121654825,0.05291552121654825
Ldlr,0.052911364493591,0.052911364493591
Prkca,0.05287563188845806,0.05287563188845806
Rps24,-0.05285983106242601,0.05285983106242601
Steap2,0.05270717576422448,0.05270717576422448
C920021L13Rik,0.05269023760906836,0.05269023760906836
Cpeb1,0.05267352671108476,0.05267352671108476
H2-DMa,-0.05263819335152067,0.05263819335152067
Gm43376,0.05262937979300224,0.05262937979300224
Zfp507,0.05259793386592924,0.05259793386592924
Ppef2,0.05253336008113684,0.05253336008113684
Glmn,0.05250691923755382,0.05250691923755382
Mfsd6,0.05246638760873515,0.05246638760873515
Ccdc136,0.052432745281186646,0.052432745281186646
Wdr47,0.05234695588027298,0.05234695588027298
Uhmk1,0.05233277640248708,0.05233277640248708
Car2,0.0522706284099238,0.0522706284099238
Klhl12,0.05224153397465641,0.05224153397465641
Adcy2,0.0519989415958641,0.0519989415958641
1700012D14Rik,0.051979673657994156,0.051979673657994156
Coro2b,0.05189655554142264,0.05189655554142264
Efna5,0.05189108538476292,0.05189108538476292
Gm28403,0.051832134104527576,0.051832134104527576
Gm10701,0.05181397756253168,0.05181397756253168
Tafa2,0.05172323765401868,0.05172323765401868
Fam149a,0.05170645947034467,0.05170645947034467
Btc,0.05160170262014366,0.05160170262014366
Eno2,0.05152229669402274,0.05152229669402274
Tpgs2,0.05150496340324132,0.05150496340324132
Ift74,0.05141292397939169,0.05141292397939169
Acsl3,0.05140233325781564,0.05140233325781564
Ccl2,0.051317435581082795,0.051317435581082795
Pkp2,0.05129001045918462,0.05129001045918462
Cdkl3,0.05122006461662884,0.05122006461662884
Fau,-0.05119893298527651,0.05119893298527651
Mrpl49,0.05118660880621222,0.05118660880621222
Gm20456,0.05114463786706475,0.05114463786706475
4833422C13Rik,0.05104403107431985,0.05104403107431985
Atg4a,0.05095452355314732,0.05095452355314732
1700028E10Rik,0.05087426636758791,0.05087426636758791
Sell,0.05087025967218986,0.05087025967218986
Pde2a,0.05083351396209896,0.05083351396209896
Fry,0.05080841173907704,0.05080841173907704
Dnm1,0.050746502338893794,0.050746502338893794
Gm15738,0.0507436196127237,0.0507436196127237
Pawr,0.05069535844088276,0.05069535844088276
Bend7,0.05059097308284738,0.05059097308284738
Pcbp4,0.0505777756118225,0.0505777756118225
Epb41l1,0.05056720115045886,0.05056720115045886
D630045J12Rik,0.050555291695532543,0.050555291695532543
Phactr2,0.05051807453610964,0.05051807453610964
Sez6l2,0.05049413957749418,0.05049413957749418
Plekha7,0.05048580521494439,0.05048580521494439
Gm16183,0.0503220918844021,0.0503220918844021
Paqr4,0.050317839685942584,0.050317839685942584
Cacna1e,0.050287868888870386,0.050287868888870386
Pla2g5,0.05028387942218368,0.05028387942218368
Alas2,0.05028110774987295,0.05028110774987295
Atf3,0.050224625586346855,0.050224625586346855
Pdgfc,0.050218255650102184,0.050218255650102184
Gm47471,0.05020175065880119,0.05020175065880119
Mmp9,0.050191171699325035,0.050191171699325035
Klc3,0.0501606918587895,0.0501606918587895
Zfp365,0.05009334798386596,0.05009334798386596
Ttll11,0.05004530621792072,0.05004530621792072
Mctp2,0.0500173125664074,0.0500173125664074
Slc4a8,0.04999705272684718,0.04999705272684718
Cd28,0.049988907857219884,0.049988907857219884
Mapt,0.049962550359733085,0.049962550359733085
Mreg,0.049847529086756805,0.049847529086756805
Lyar,0.04983947220879465,0.04983947220879465
Prickle1,0.04980580166133988,0.04980580166133988
C130071C03Rik,0.04977393088998134,0.04977393088998134
Rasgef1a,0.049743048415704205,0.049743048415704205
Pstpip2,0.049685549374106644,0.049685549374106644
Pard3b,0.04963471633790949,0.04963471633790949
Gm50368,0.049574783447176154,0.049574783447176154
Gm2087,0.049509727107482415,0.049509727107482415
Gnaz,0.04947057781166498,0.04947057781166498
Shisa6,0.049466654722784095,0.049466654722784095
S100a9,0.049449134518150556,0.049449134518150556
Caprin2,0.049409248302652704,0.049409248302652704
Gm41804,0.049395537830643585,0.049395537830643585
4933411O13Rik,0.049141461815272916,0.049141461815272916
Rnf207,0.049137568651269246,0.049137568651269246
Elmod1,0.04911044170891937,0.04911044170891937
Xkr4,0.04906952368453597,0.04906952368453597
Patj,0.0490204718235762,0.0490204718235762
Gm48505,0.04900014732129585,0.04900014732129585
Ccnd2,0.04897130142754264,0.04897130142754264
Rab27b,0.04856528164212488,0.04856528164212488
S1pr5,0.048562869556902984,0.048562869556902984
Prickle2,0.04844152787032819,0.04844152787032819
Itgae,0.04834805779125765,0.04834805779125765
St6galnac5,0.04832624818504401,0.04832624818504401
Ccdc113,0.04825772357804801,0.04825772357804801
Fermt2,0.04824926458927847,0.04824926458927847
Prtg,0.04821509193202109,0.04821509193202109
Lgr5,0.04821388530297947,0.04821388530297947
Scg3,0.04817625850938875,0.04817625850938875
Themis,0.04815354977323035,0.04815354977323035
BC046251,0.04810005299085086,0.04810005299085086
Gm46367,0.048092962619071956,0.048092962619071956
2310030A07Rik,0.048088050143458676,0.048088050143458676
Aqp4,0.04802812737409303,0.04802812737409303
Nrcam,0.048025851790102596,0.048025851790102596
Gm11290,0.04802440048267571,0.04802440048267571
Ccdc148,0.04796582229633269,0.04796582229633269
Jam3,0.04792875675521526,0.04792875675521526
Txk,0.047909949931989104,0.047909949931989104
Hspa1a,0.047842608264483284,0.047842608264483284
Ube2e2,0.0478397594326044,0.0478397594326044
Ccdc177,0.047832588659618744,0.047832588659618744
Myo1d,0.04781460360861451,0.04781460360861451
D630008O14Rik,0.047798284450874605,0.047798284450874605
Gadd45a,0.04778849271201109,0.04778849271201109
E130308A19Rik,0.047773301279606974,0.047773301279606974
Klf2,-0.047736958709117344,0.047736958709117344
Vegfc,0.04772599653526692,0.04772599653526692
Cadm3,0.04765462124007234,0.04765462124007234
Adcy6,0.04765294731338087,0.04765294731338087
Nphp4,0.047628619187541486,0.047628619187541486
Tmtc2,0.04761353635312204,0.04761353635312204
Fam171b,0.04760761442333229,0.04760761442333229
Cxxc4,0.047587988321284344,0.047587988321284344
S100a10,0.047564642229888224,0.047564642229888224
Nkg7,0.04741138348960703,0.04741138348960703
Purg,0.04739178804909402,0.04739178804909402
A330076H08Rik,0.047366944998655965,0.047366944998655965
Ppara,0.04735167919433289,0.04735167919433289
Mfge8,0.04734905340030425,0.04734905340030425
Sox5,0.047333498780297883,0.047333498780297883
Opn1sw,0.04732148523668951,0.04732148523668951
Stat4,0.047319778750849806,0.047319778750849806
Gm31224,0.0472517965328912,0.0472517965328912
Pik3r3,0.04723763017610898,0.04723763017610898
Ptprn2,0.04722207680866555,0.04722207680866555
BE692007,0.04714153808741602,0.04714153808741602
Itga1,0.04708003219533128,0.04708003219533128
Gm38304,0.047063610357972886,0.047063610357972886
Gm14505,0.04704150650436894,0.04704150650436894
Kif3a,0.04703017551530082,0.04703017551530082
Serpini1,0.04702997170179311,0.04702997170179311
Il1r2,0.04702227614422905,0.04702227614422905
Slc41a2,0.04700913937295259,0.04700913937295259
Slc7a11,0.04700163479158759,0.04700163479158759
Gm49156,0.04695371748666701,0.04695371748666701
Gdf15,0.04684778975290924,0.04684778975290924
4921504A21Rik,0.046595102406653766,0.046595102406653766
Cdh4,0.04654295140961621,0.04654295140961621
Ifitm1,0.04650656090831692,0.04650656090831692
Cdc42bpg,0.04641396943816369,0.04641396943816369
Col23a1,0.046400461315596414,0.046400461315596414
Slc17a1,0.04638526056584608,0.04638526056584608
Lhfpl4,0.046359643288895934,0.046359643288895934
Gm14798,0.04630306091446376,0.04630306091446376
Vax2,0.04628379324630704,0.04628379324630704
Col4a3,0.0462835344849808,0.0462835344849808
Mmp12,0.04623275587361091,0.04623275587361091
Gm16122,0.04620397820642205,0.04620397820642205
Guk1,0.04616399382773144,0.04616399382773144
Itgb7,0.046143622493536283,0.046143622493536283
Rps3,-0.04602835432354656,0.04602835432354656
Nck2,0.045996505359353484,0.045996505359353484
Alpl,0.0458571112721109,0.0458571112721109
Gab3,0.04583796118841281,0.04583796118841281
Gphn,0.04583259537668717,0.04583259537668717
A330094K24Rik,0.04582670265557168,0.04582670265557168
Tgm4,0.045801271715206524,0.045801271715206524
Sult2b1,0.04573724691851497,0.04573724691851497
Gm16958,0.04570077089631273,0.04570077089631273
Usp29,0.045643252145227776,0.045643252145227776
Epha10,0.04553075192231179,0.04553075192231179
Hdc,0.045508668487678365,0.045508668487678365
Pard6b,0.045480038980041396,0.045480038980041396
Cxcl9,0.045404686565316585,0.045404686565316585
Dach1,0.045392433310156036,0.045392433310156036
Fscn2,0.04536815156465977,0.04536815156465977
Arr3,0.04531305663215756,0.04531305663215756
S100a8,0.04524174268865486,0.04524174268865486
Nrip2,0.045223080691234145,0.045223080691234145
Khdrbs3,0.04520494459369854,0.04520494459369854
Rhot2,0.0451984113149906,0.0451984113149906
Rasgrp1,0.04515971476857084,0.04515971476857084
Rgcc,0.045150372408206484,0.045150372408206484
Cdon,0.04511185285666832,0.04511185285666832
Klhl3,0.04510048807767192,0.04510048807767192
Bbs9,0.04498115079727705,0.04498115079727705
Gm11961,0.044964162565045186,0.044964162565045186
5730522E02Rik,0.044938502440462914,0.044938502440462914
Syp,0.04488257815683052,0.04488257815683052
Chst8,0.04485724002845743,0.04485724002845743
Gnmt,0.044785665467704565,0.044785665467704565
Slc24a2,0.04475723109424532,0.04475723109424532
1700011L22Rik,0.04474538341550342,0.04474538341550342
Clec2g,0.044731949929243134,0.044731949929243134
Gm15706,0.04473072933068067,0.04473072933068067
Rnf17,0.044728634445290315,0.044728634445290315
Pecam1,0.044706937422639106,0.044706937422639106
Pfas,0.0446561111470894,0.0446561111470894
B230220B15Rik,0.04453959886399477,0.04453959886399477
Gzmm,0.04447721561908008,0.04447721561908008
Col25a1,0.04440766134156892,0.04440766134156892
Tmem178b,0.04434213994605033,0.04434213994605033
Gm34868,0.04430160887968295,0.04430160887968295
Mrc2,0.044275503815863086,0.044275503815863086
Klkb1,0.04426669525046445,0.04426669525046445
Mbnl3,0.04424279400252105,0.04424279400252105
Pglyrp1,0.044208011422018606,0.044208011422018606
Uckl1os,0.04419808199276143,0.04419808199276143
Jaml,0.044065244269489025,0.044065244269489025
Tiam2,0.04397586831034225,0.04397586831034225
Mab21l1,0.043970420310239434,0.043970420310239434
Gm42716,0.04395935963553367,0.04395935963553367
Gm45820,0.04394740464976288,0.04394740464976288
2300009A05Rik,0.04386878844546558,0.04386878844546558
S100b,0.04386000713759014,0.04386000713759014
Gm17036,0.04385800269153379,0.04385800269153379
Plekhh1,0.04383938499552968,0.04383938499552968
Cd6,0.04382249574115949,0.04382249574115949
Nckap1,0.04377272703865416,0.04377272703865416
Dnajc28,0.04373031990378588,0.04373031990378588
Srgn,0.0436931973697617,0.0436931973697617
6030442K20Rik,0.043660728112159285,0.043660728112159285
Slc15a2,0.04362332862946334,0.04362332862946334
Skap1,0.04356327620544846,0.04356327620544846
Tshz2,0.043371514320880176,0.043371514320880176
Adam22,0.043298252767159956,0.043298252767159956
Plekhg1,0.04323189168030813,0.04323189168030813
C4b,0.04304885967331423,0.04304885967331423
Setbp1,0.043035434752330785,0.043035434752330785
Tnk2,0.043019763009057625,0.043019763009057625
Cd46,0.043017495659906584,0.043017495659906584
Asrgl1,0.04301166928712089,0.04301166928712089
Enah,0.04293764515050047,0.04293764515050047
Satb1,0.04292238850893301,0.04292238850893301
Bbs4,0.04290762233246142,0.04290762233246142
Hyal5,0.042902829808005936,0.042902829808005936
Aktip,0.04274741637101151,0.04274741637101151
Bank1,0.042706438869922626,0.042706438869922626
Gpr158,0.042679650270141686,0.042679650270141686
Tarsl2,0.04256982305259881,0.04256982305259881
E130304I02Rik,0.04254492626647463,0.04254492626647463
Hspb6,0.042535753216842394,0.042535753216842394
Gm12709,0.0425199520638865,0.0425199520638865
Pcyt1b,0.04250075458536094,0.04250075458536094
Kcnq3,0.042492586845289164,0.042492586845289164
Stxbp5l,0.04245122028470977,0.04245122028470977
Il18rap,0.04242764561829302,0.04242764561829302
Ift81,0.042414929871088775,0.042414929871088775
Nat14,0.04239416270857296,0.04239416270857296
Zfp804a,0.042364022162480905,0.042364022162480905
Myt1,0.042280236761251616,0.042280236761251616
Rundc3b,0.04211829506821976,0.04211829506821976
Ccdc192,0.04209544619209238,0.04209544619209238
Chga,0.04207609698190795,0.04207609698190795
Csmd3,-0.042036179432768,0.042036179432768
Srgap3,0.04200039255650387,0.04200039255650387
Cpm,0.04196231245447881,0.04196231245447881
H2-K1,0.04194093222640531,0.04194093222640531
Gm12000,0.041919850715998484,0.041919850715998484
Ccl7,0.04187785372317445,0.04187785372317445
4930511M06Rik,0.04184882755323837,0.04184882755323837
Chst3,0.041831889102633614,0.041831889102633614
Gfap,0.04181576185002882,0.04181576185002882
Gabbr2,0.04178238716928331,0.04178238716928331
Glb1l2,0.0417697609258426,0.0417697609258426
Lekr1,0.04176505504474034,0.04176505504474034
Rplp0,-0.041721149789909234,0.041721149789909234
Cd3g,0.041713398614967985,0.041713398614967985
3010001F23Rik,0.04164248023167998,0.04164248023167998
Bcl11a,0.04163818108564919,0.04163818108564919
Dnah7b,0.041628592485577674,0.041628592485577674
Ccr1,0.04160305693484596,0.04160305693484596
Smpd3,0.041599121572613904,0.041599121572613904
Nxn,0.041549699342414675,0.041549699342414675
Cd24a,0.04153546446420749,0.04153546446420749
Gm10550,0.041517622648481294,0.041517622648481294
Pip5k1b,0.041507214270815204,0.041507214270815204
Cxadr,0.04140063780840439,0.04140063780840439
1810034E14Rik,0.04139752247457145,0.04139752247457145
Flrt3,0.04138241415882169,0.04138241415882169
Ahr,0.04133204622214901,0.04133204622214901
Samd12,0.04125966009217987,0.04125966009217987
Gm34885,0.04123824009812833,0.04123824009812833
Pnpla3,0.04112709881190698,0.04112709881190698
Klhl32,0.04110849162876211,0.04110849162876211
Apbb1,0.041064543482886524,0.041064543482886524
Ctsd,-0.041020574911572134,0.041020574911572134
Arhgef10,0.04085545275051087,0.04085545275051087
Amer2,0.040835495903222004,0.040835495903222004
Emp1,0.040743182090955926,0.040743182090955926
Ly6c2,0.040706244658667935,0.040706244658667935
Egf,0.040677172124254916,0.040677172124254916
Mok,0.040615915959028324,0.040615915959028324
Epas1,0.040540667603765804,0.040540667603765804
Gm16055,0.040535500102412116,0.040535500102412116
Clip4,0.04053021723964569,0.04053021723964569
Tmem59l,0.040524350689266644,0.040524350689266644
Six6,0.040476453062039626,0.040476453062039626
Rd3,0.04041447366591571,0.04041447366591571
Unc5d,0.04040066334137027,0.04040066334137027
Grip1,0.04037134332980713,0.04037134332980713
Bex2,0.04022306402742827,0.04022306402742827
B3galt1,0.04020755673229958,0.04020755673229958
Gm15983,0.04015895208601298,0.04015895208601298
Cd2,0.04011427545337035,0.04011427545337035
Zfp202,0.04009373742668652,0.04009373742668652
Gm26648,0.04008550196754137,0.04008550196754137
Dnah9,0.04003053349078212,0.04003053349078212
Lbhd1,0.04002975386926984,0.04002975386926984
Zfp612,0.039967726499386944,0.039967726499386944
Arhgap28,0.03987493167288208,0.03987493167288208
Stard10,0.039871627029969645,0.039871627029969645
Epha5,0.03985835304531597,0.03985835304531597
Enox1,0.039844756475290954,0.039844756475290954
Syt9,0.0398338534012781,0.0398338534012781
5033430I15Rik,0.03981018261113048,0.03981018261113048
Gimap3,0.03977401394018649,0.03977401394018649
Mthfd2l,0.039687665110569335,0.039687665110569335
Gm9750,0.039674426653175825,0.039674426653175825
Tafa1,0.03952271052980422,0.03952271052980422
Prf1,0.03942519733412797,0.03942519733412797
Gm4258,0.039422859688273935,0.039422859688273935
Rnf32,0.03938813598129081,0.03938813598129081
Wdr95,0.03936174715831583,0.03936174715831583
Plp1,0.03927918339895027,0.03927918339895027
Klrb1c,0.03926870231800308,0.03926870231800308
Brsk1,0.03921155423703759,0.03921155423703759
St8sia4,0.03910636755831878,0.03910636755831878
Gm10097,0.03901653805081041,0.03901653805081041
Arg2,0.038945894511607064,0.038945894511607064
Gm49625,0.03887017564802553,0.03887017564802553
Matn2,0.03884278946278674,0.03884278946278674
Rdh8,0.03884278125960079,0.03884278125960079
Otud7a,0.038800525707912537,0.038800525707912537
Gm11716,0.038795606786508674,0.038795606786508674
Nr3c2,0.03872495090600197,0.03872495090600197
Itgb1,0.0387130843456806,0.0387130843456806
Mdga2,0.038674322703509977,0.038674322703509977
0610012D04Rik,0.038648051648546324,0.038648051648546324
March1,0.03864061849868428,0.03864061849868428
Lactbl1,0.03855623033635516,0.03855623033635516
Ppm1l,0.03854738997996723,0.03854738997996723
Ctla4,0.038544152754953376,0.038544152754953376
Sall3,-0.0385420157946107,0.0385420157946107
4933421D24Rik,0.038514387412020755,0.038514387412020755
Slc25a42,0.0384925629450943,0.0384925629450943
Rbms3,0.03847594495852992,0.03847594495852992
Esrrg,0.038439889659318265,0.038439889659318265
Abhd8,0.03843687367924627,0.03843687367924627
St6galnac2,0.0384335527761133,0.0384335527761133
Gm5089,0.03843164617826034,0.03843164617826034
Spire2,0.03839715035310303,0.03839715035310303
Gm9918,0.03838844295863636,0.03838844295863636
Bcl2l2,0.03837062873456949,0.03837062873456949
Cd40lg,0.03830137741139074,0.03830137741139074
Gpr152,0.03826845237569027,0.03826845237569027
Mtfr1,0.03820848832544975,0.03820848832544975
Chil3,0.038197166579340726,0.038197166579340726
Ttn,0.038182183495237776,0.038182183495237776
Il1rapl1,0.03813982918407678,0.03813982918407678
Ccdc85a,0.03812933628794181,0.03812933628794181
Bicd1,0.03811762991911823,0.03811762991911823
Synm,0.03809271183021325,0.03809271183021325
Btbd11,0.03807316684464174,0.03807316684464174
Nrtn,0.03806399947983111,0.03806399947983111
Plxdc2,-0.038018171205669984,0.038018171205669984
Mamld1,0.03801237629238246,0.03801237629238246
Mgl2,0.038010341374297506,0.038010341374297506
Gm7854,0.0379705844405467,0.0379705844405467
Ralyl,0.037897585973210246,0.037897585973210246
Brdt,0.037885061736877716,0.037885061736877716
1700085D07Rik,0.037860479628349715,0.037860479628349715
Fam229b,0.037850162942073426,0.037850162942073426
Ryr1,0.03779936233957211,0.03779936233957211
Clec10a,0.03774506737953865,0.03774506737953865
Hmgcll1,0.03773352530214573,0.03773352530214573
Eya1,0.03754975486189653,0.03754975486189653
Cxcr2,0.03754904276820058,0.03754904276820058
Zfp763,0.03754700598150461,0.03754700598150461
Agbl4,0.03754056384282732,0.03754056384282732
Asb5,0.0374852815030675,0.0374852815030675
Rsph10b,0.03748453449323492,0.03748453449323492
Gnao1,0.03742443628910302,0.03742443628910302
Cxcr6,0.03741571682780503,0.03741571682780503
Agmo,-0.037360248510054345,0.037360248510054345
Kcnd3,0.037337085861553584,0.037337085861553584
Ccdc34os,0.037328473660614425,0.037328473660614425
Gfod2,0.03731222231575925,0.03731222231575925
Slc2a3,0.037193887584613984,0.037193887584613984
Aplp1,0.0371181117843434,0.0371181117843434
Arhgap15,0.037068591188724354,0.037068591188724354
Far2,0.037037665543520185,0.037037665543520185
Nos1ap,0.03701733634319188,0.03701733634319188
Gm42413,0.03694772030963862,0.03694772030963862
Rps12,-0.03692450051700647,0.03692450051700647
Cdk5r2,0.036897375137758766,0.036897375137758766
Gm16189,0.03681095279527586,0.03681095279527586
Apba1,0.0367917901668656,0.0367917901668656
Garem1,0.036757775412883074,0.036757775412883074
A330074K22Rik,0.03668011948782621,0.03668011948782621
Lyz2,0.03667626380471237,0.03667626380471237
Gckr,0.03667265946815183,0.03667265946815183
Lrig1,0.03652997576172973,0.03652997576172973
Pax5,0.036511997465546286,0.036511997465546286
Slc40a1,0.03650915069456245,0.03650915069456245
Gm47123,0.036483085130424045,0.036483085130424045
Tmem35a,0.03647431738687751,0.03647431738687751
Igkc,0.03645980523016252,0.03645980523016252
Atp6v0e2,0.03638190802851487,0.03638190802851487
Tulp3,0.03634878201013038,0.03634878201013038
Ttyh1,0.03634756608431505,0.03634756608431505
Gm21798,0.03628691042518909,0.03628691042518909
Gm42418,-0.036235835597088414,0.036235835597088414
1700054A03Rik,0.03622861297255216,0.03622861297255216
Soga3,0.03589914927141155,0.03589914927141155
Aldoc,0.035778413815121,0.035778413815121
Plch2,0.035680822918563525,0.035680822918563525
Galnt13,0.03565272247202306,0.03565272247202306
6030443J06Rik,0.03557164011678044,0.03557164011678044
Gm8251,0.035566807390906785,0.035566807390906785
Gramd1c,0.03547598204977453,0.03547598204977453
C530008M17Rik,0.03546891731000432,0.03546891731000432
Nalcn,0.035206276404076475,0.035206276404076475
Ccdc126,0.035189429615326326,0.035189429615326326
2810001G20Rik,0.03517601209623571,0.03517601209623571
Tspan2,0.035049802719744484,0.035049802719744484
Man1a,0.03502410644316474,0.03502410644316474
Elovl6,0.03493110470742567,0.03493110470742567
Thap8,0.034877169616452236,0.034877169616452236
March9,0.03481716672773827,0.03481716672773827
Brsk2,0.03470508190081909,0.03470508190081909
Zap70,0.034644518331068304,0.034644518331068304
Gabrg3,0.034599146644140884,0.034599146644140884
Cfap54,0.03458710348527357,0.03458710348527357
C78197,0.03457287013398145,0.03457287013398145
Nlgn2,0.034548660529880995,0.034548660529880995
Gm15577,0.03450734077064854,0.03450734077064854
Fam189a1,0.03449248072975323,0.03449248072975323
Gm15938,0.0344899192597893,0.0344899192597893
Wnt5b,0.03447815572435689,0.03447815572435689
Slc6a9,0.034460295657143106,0.034460295657143106
Sorbs1,0.0344265818143361,0.0344265818143361
Rnf227,0.03442630019669013,0.03442630019669013
Arnt2,0.03424129695360275,0.03424129695360275
Zcchc18,0.034147181720302885,0.034147181720302885
Stab2,0.03412747116327695,0.03412747116327695
Abhd3,0.03410569493769025,0.03410569493769025
Ptk7,0.03409937667613235,0.03409937667613235
Lgr4,0.034053139725098484,0.034053139725098484
Gm15567,0.03400738501295477,0.03400738501295477
Nrg1,0.03397901672254988,0.03397901672254988
Sntb1,0.03396333329368045,0.03396333329368045
Mxra7,0.033926821092568324,0.033926821092568324
C130080G10Rik,0.03388013133523801,0.03388013133523801
Naaladl2,0.03384895177028746,0.03384895177028746
Grid2,0.033726019169718666,0.033726019169718666
Scml4,0.03372308395847862,0.03372308395847862
C1qtnf4,0.03371899267665839,0.03371899267665839
Susd4,0.03365474612419322,0.03365474612419322
Abi3bp,0.03356994384470864,0.03356994384470864
Gm47271,0.03355878082118547,0.03355878082118547
Pls1,0.03355840379261218,0.03355840379261218
Gm48677,0.03355376913254598,0.03355376913254598
Gdap1,0.03353896126536457,0.03353896126536457
Tmem107,0.033522841850499877,0.033522841850499877
Rps19,0.03351386459250687,0.03351386459250687
Egfem1,0.03343280272127272,0.03343280272127272
Cacng7,0.03338605246375356,0.03338605246375356
Trbc1,0.033366445855611,0.033366445855611
Trpc5,0.033350486079507,0.033350486079507
Dgki,0.03333327335563687,0.03333327335563687
Gm2682,0.03332392836048669,0.03332392836048669
Jakmip1,0.03327371195819097,0.03327371195819097
B3gnt5,0.033230008990223665,0.033230008990223665
Gm15857,0.03319654048610809,0.03319654048610809
Gm47543,0.03319094856885374,0.03319094856885374
Slc17a3,0.03313775388597284,0.03313775388597284
Ttc26,0.032986692799029355,0.032986692799029355
Hecw2,0.03295386770225019,0.03295386770225019
Nr2f2,0.03294556360141879,0.03294556360141879
Clstn3,0.03289648017850047,0.03289648017850047
Gm16168,0.03281505658038231,0.03281505658038231
Gm15558,0.032805951265142935,0.032805951265142935
Rims3,0.032803468294329646,0.032803468294329646
Zfp607b,0.032799547003419444,0.032799547003419444
Lrp1b,0.03279445011717571,0.03279445011717571
Gm16152,0.032707230066135684,0.032707230066135684
4932443L11Rik,0.03268731840643211,0.03268731840643211
Gm32743,0.03267368275549902,0.03267368275549902
Hsbp1l1,0.032574265449476406,0.032574265449476406
Snrpn,0.03256065070670807,0.03256065070670807
2810030D12Rik,0.03255515751539226,0.03255515751539226
Tgfbi,0.03255202246234397,0.03255202246234397
Plch1,0.03244555876388513,0.03244555876388513
Gm49961,0.03244162888512398,0.03244162888512398
Cfap206,0.032387859324358725,0.032387859324358725
Adgrl3,0.03238586961470695,0.03238586961470695
Rgs1,0.03235096602072473,0.03235096602072473
Agbl1,0.03231006415745786,0.03231006415745786
Folr2,0.0323036620558278,0.0323036620558278
Mamdc2,0.03229366711254229,0.03229366711254229
Faah,0.032288663655399195,0.032288663655399195
Gm42948,0.03225762077717822,0.03225762077717822
Olfm2,0.032252528211806054,0.032252528211806054
Tubb4a,0.03222887621656113,0.03222887621656113
H2afz,0.03222870224449709,0.03222870224449709
Thsd7a,0.03222861658783051,0.03222861658783051
B9d1,0.03212908355332297,0.03212908355332297
Tnfaip6,0.032079393738927195,0.032079393738927195
Fcmr,0.03206144433637993,0.03206144433637993
Lmtk3,0.03203869055150847,0.03203869055150847
Prrg1,0.03193302168231672,0.03193302168231672
Nkain2,0.031926243926607964,0.031926243926607964
Fcer2a,0.03188068052430163,0.03188068052430163
Sytl3,0.03182821124311587,0.03182821124311587
Rps8,-0.03176650736923114,0.03176650736923114
Adcy8,0.03169944450694468,0.03169944450694468
Rhpn1,0.03167636112797116,0.03167636112797116
Ccr2,0.03161075008879356,0.03161075008879356
Olfr164,0.03160576003356528,0.03160576003356528
Gm15461,0.031597714957936195,0.031597714957936195
Anp32a,0.03149391388709085,0.03149391388709085
Nrxn3,0.031479517851167274,0.031479517851167274
Dnah7c,0.03142793451449834,0.03142793451449834
Myo5b,0.03141957692241569,0.03141957692241569
Cspg5,0.03132060640831086,0.03132060640831086
Cd79a,0.03125901846669868,0.03125901846669868
Peli3,0.031209614674190762,0.031209614674190762
Gm36723,0.03115664192057345,0.03115664192057345
Bnc2,0.031150497083736423,0.031150497083736423
Ntrk3,0.031073670801474114,0.031073670801474114
Ddit4,0.031061400141139256,0.031061400141139256
Gm13944,0.031056149447317074,0.031056149447317074
Tgfb2,0.031055772460551006,0.031055772460551006
Gm33497,0.031051362090201963,0.031051362090201963
Cmah,0.031027454383014293,0.031027454383014293
Cd247,0.03094145182960386,0.03094145182960386
Dcbld1,0.030924303878004728,0.030924303878004728
Zdhhc14,0.030921185979708176,0.030921185979708176
Gm35188,0.030902664066090744,0.030902664066090744
Lyve1,0.030805972977908113,0.030805972977908113
Slc17a6,0.030803420187505103,0.030803420187505103
4930432K21Rik,0.030789249044560336,0.030789249044560336
Cd226,0.03075960433677008,0.03075960433677008
Dtna,0.030721244655141138,0.030721244655141138
Hspa1b,0.030713176490870856,0.030713176490870856
Nckap5,0.030703266620046982,0.030703266620046982
Itga2,0.030642347122586566,0.030642347122586566
Igfbp7,0.03059536760966874,0.03059536760966874
Phyhipl,0.030551351041324414,0.030551351041324414
Cntn1,0.030446355155981073,0.030446355155981073
Prrt1,0.030440714832362024,0.030440714832362024
Stxbp6,0.030405902175297865,0.030405902175297865
Chrm3,0.03037687629821893,0.03037687629821893
Zswim5,0.030373944012052477,0.030373944012052477
Ccnd3,0.03035499852332465,0.03035499852332465
Sptb,0.03032749097803901,0.03032749097803901
Cd3d,0.030319878003818936,0.030319878003818936
Prkcq,0.03028911308084431,0.03028911308084431
Cacnb4,0.03025290597633224,0.03025290597633224
Cntnap5b,0.030124206705912916,0.030124206705912916
Gm30382,0.0301188234727586,0.0301188234727586
Ccdc152,0.0300883350463982,0.0300883350463982
Gria2,0.03006727278267659,0.03006727278267659
Stpg2,0.030060073438551434,0.030060073438551434
Gm16262,0.030058134759543702,0.030058134759543702
Elavl3,0.030026876015034433,0.030026876015034433
Abcg3,0.02985651493849708,0.02985651493849708
Axin2,0.029848800050083193,0.029848800050083193
Npas3,0.029813892413097197,0.029813892413097197
Cadps,0.02971036677296419,0.02971036677296419
6430562O15Rik,0.02970396566669284,0.02970396566669284
Pcdh17,0.029502499630833602,0.029502499630833602
Clgn,0.029471529533016124,0.029471529533016124
Cnrip1,0.029431840521546068,0.029431840521546068
Lmo1,0.029373112443205784,0.029373112443205784
Hmgb3,0.029287693325959076,0.029287693325959076
Shroom2,0.02918087005970527,0.02918087005970527
Spry2,0.029164943448646848,0.029164943448646848
Gm32884,0.029162090378948007,0.029162090378948007
Aff3,0.029081689590566007,0.029081689590566007
Cd163,0.028998133256394335,0.028998133256394335
Ip6k3,0.028902120377724997,0.028902120377724997
Kirrel3,0.028867741358694885,0.028867741358694885
Tenm3,0.028862927622705082,0.028862927622705082
Gm12865,0.028816363685056308,0.028816363685056308
Daam2,0.028806384713033553,0.028806384713033553
Zkscan2,0.028789155249409247,0.028789155249409247
Glt28d2,0.028749663988685614,0.028749663988685614
Zan,0.02872205810831501,0.02872205810831501
Dmac2l,0.02865104656546191,0.02865104656546191
Rhbdl3,0.028510202392549283,0.028510202392549283
Angptl6,0.028498755774751246,0.028498755774751246
Hspb1,0.028478754602807653,0.028478754602807653
A930014D07Rik,0.028475567222436608,0.028475567222436608
Pde1c,0.028470253995453977,0.028470253995453977
Fbxl7,0.02843503441752656,0.02843503441752656
Hs6st3,0.028431850349715685,0.028431850349715685
Ermn,0.028411964330234043,0.028411964330234043
Amotl2,0.02840598310787056,0.02840598310787056
Col4a4,0.02835566795904149,0.02835566795904149
Car14,0.028287212065330997,0.028287212065330997
Fam160a1,0.02827826907529372,0.02827826907529372
Gm14051,0.028140830612726524,0.028140830612726524
Bfsp2,0.028049587129183505,0.028049587129183505
Flt3,0.028002374863320995,0.028002374863320995
Sema3f,0.02799994463926583,0.02799994463926583
Kctd1,0.027972403557811984,0.027972403557811984
Gm15991,0.027913887153474384,0.027913887153474384
Abca13,0.027862903753252007,0.027862903753252007
Stmn4,0.027764983965564767,0.027764983965564767
Ryr3,0.027761972646914972,0.027761972646914972
Cx3cl1,0.0276926090483061,0.0276926090483061
Gimap8,0.02768773893489785,0.02768773893489785
BB218582,0.02764867716580561,0.02764867716580561
9330182L06Rik,0.0276177223982774,0.0276177223982774
Dok6,0.027590262390832357,0.027590262390832357
Pf4,0.02758996434942353,0.02758996434942353
Ramp3,0.027501654801369475,0.027501654801369475
Faxc,0.02748800404722983,0.02748800404722983
Stac2,0.02747544190428878,0.02747544190428878
Gm27200,0.027357048030727908,0.027357048030727908
Apela,0.027351891364505655,0.027351891364505655
Dlc1,0.027329444299748297,0.027329444299748297
Rtn4rl2,0.02725260423851108,0.02725260423851108
Prkaa2,0.027203555191842848,0.027203555191842848
Cd209a,0.02716016450051613,0.02716016450051613
Adam19,0.027094164860647568,0.027094164860647568
Lsamp,0.027070189929208694,0.027070189929208694
Prkn,0.02704211543908061,0.02704211543908061
A930041C12Rik,0.02699953702678465,0.02699953702678465
Gm14268,0.026990823740957622,0.026990823740957622
Sdr39u1,0.02698314769785933,0.02698314769785933
Gm35842,0.02697186133052642,0.02697186133052642
Macrod2os1,0.02694451907172547,0.02694451907172547
Trim9,0.02691605315916787,0.02691605315916787
Gm16029,0.026899963756530344,0.026899963756530344
Rgs7bp,0.02688496526970209,0.02688496526970209
Sdk2,0.02679185236056026,0.02679185236056026
Paqr9,0.02672543518254246,0.02672543518254246
Gm49460,0.026713611328386833,0.026713611328386833
1700013F07Rik,0.02668499905748287,0.02668499905748287
Clu,0.026655684517216772,0.026655684517216772
Gimap7,0.026655541327412238,0.026655541327412238
Pard3bos3,0.02662326511966853,0.02662326511966853
Col4a1,0.026619220848545684,0.026619220848545684
Tmod2,0.02660969700435786,0.02660969700435786
Zbtb7c,0.02659205822037228,0.02659205822037228
Gm13201,0.02654651068700101,0.02654651068700101
Pou2af1,0.026519933722551108,0.026519933722551108
Dynlt1b,0.026504601692291994,0.026504601692291994
Bcas1,0.026460172166792764,0.026460172166792764
Iglc1,0.02643091767855597,0.02643091767855597
Myo15,0.026327914660043864,0.026327914660043864
Gm46348,0.026307064726418028,0.026307064726418028
Ctsb,0.026279251041995567,0.026279251041995567
Syn3,0.02625637843504553,0.02625637843504553
Gpr174,0.026157022158570933,0.026157022158570933
Ciita,0.02614996530796007,0.02614996530796007
Dpp6,0.026065490498762126,0.026065490498762126
Gm20658,0.02600945964775735,0.02600945964775735
Bsn,0.02597114536593619,0.02597114536593619
Schip1,0.025970290050791087,0.025970290050791087
Sptbn2,0.025936563272177287,0.025936563272177287
Grid1,0.025929164971116782,0.025929164971116782
Nxph1,0.025747405056194113,0.025747405056194113
Sidt1,0.02573568395282549,0.02573568395282549
A930004D18Rik,0.0256826974335807,0.0256826974335807
Gm33843,0.025645653197172165,0.025645653197172165
Gm553,0.025641674908721768,0.025641674908721768
Dusp14,0.025633339810992254,0.025633339810992254
Ppfia3,0.02557824160962605,0.02557824160962605
Slc6a20a,0.025519363113292528,0.025519363113292528
Slco3a1,0.025447578269161907,0.025447578269161907
H2-DMb2,0.02541204751390972,0.02541204751390972
Lef1,0.02539950403998419,0.02539950403998419
Tmem151a,0.025316005226631175,0.025316005226631175
Slain1,0.025245634871017213,0.025245634871017213
Rnf43,0.0252431556028091,0.0252431556028091
Bbof1,0.025169893269390797,0.025169893269390797
Acpp,0.025156649133584043,0.025156649133584043
Dpp10,0.02514964384320689,0.02514964384320689
Ptpn13,0.025101670571470183,0.025101670571470183
Gm13856,0.025094207089733978,0.025094207089733978
Ighm,-0.025063088730779826,0.025063088730779826
Atp2b2,0.02503996484206451,0.02503996484206451
Hist3h2ba,0.0249132657507931,0.0249132657507931
Tox,0.02486659095197122,0.02486659095197122
Fgf9,0.024863791068595185,0.024863791068595185
Phf21b,0.024832845969426733,0.024832845969426733
Sec14l5,0.024699298855916776,0.024699298855916776
Gm26594,0.024661618902928645,0.024661618902928645
Luzp2,0.024656443201366823,0.024656443201366823
Galnt17,0.024649367973600827,0.024649367973600827
Atp2b4,0.02461191710095738,0.02461191710095738
A230057D06Rik,0.02448241264895549,0.02448241264895549
Cyp7b1,-0.024449746230392738,0.024449746230392738
Nat8f3,0.024354521357622883,0.024354521357622883
Sema6a,0.024241057364837105,0.024241057364837105
Gm26692,0.024158073642645578,0.024158073642645578
Ldb2,-0.024138687807688238,0.024138687807688238
Dapk2,0.024132752399383766,0.024132752399383766
Sgtb,0.024005190392219683,0.024005190392219683
Gm48552,0.02396119191564201,0.02396119191564201
Spock2,0.023927972636763696,0.023927972636763696
Cdh12,0.02389354522504653,0.02389354522504653
Filip1,0.023745717665474543,0.023745717665474543
Pkia,0.023728098986252635,0.023728098986252635
Gm13483,0.023723804352797247,0.023723804352797247
Gm47460,0.02370110874050727,0.02370110874050727
Grik2,0.023609741330741545,0.023609741330741545
Gm16226,0.023602052473086547,0.023602052473086547
Chrnb1,0.02358971888170011,0.02358971888170011
Trpm1,0.02355930890521896,0.02355930890521896
Prdm8,0.0235193879885962,0.0235193879885962
Shroom3,0.02349991761257646,0.02349991761257646
Clic6,0.023495697687152213,0.023495697687152213
Unc5c,0.023439089526037498,0.023439089526037498
Mtss1,0.023377315939733034,0.023377315939733034
Cd3e,0.023360719323500482,0.023360719323500482
Celf4,0.023344793281549002,0.023344793281549002
Asic2,0.023341716827142103,0.023341716827142103
Gm1992,0.023254637825704198,0.023254637825704198
Sema6d,0.0232190918099567,0.0232190918099567
Gm45159,0.023189299297267728,0.023189299297267728
Tafa5,0.023148093451920045,0.023148093451920045
Kantr,0.023130976462984083,0.023130976462984083
Gm26862,0.023103447064370834,0.023103447064370834
Gimap4,0.023038014523008354,0.023038014523008354
Trim38,0.02300150488073282,0.02300150488073282
Mrc1,0.022919086209897927,0.022919086209897927
Aldh1l1,0.02282219545954133,0.02282219545954133
Cobll1,0.02282166078783548,0.02282166078783548
3830408C21Rik,0.022782946391751588,0.022782946391751588
Wasf1,0.02270223475676081,0.02270223475676081
Ctnnd2,0.02264325357491562,0.02264325357491562
Ppp1r16b,0.022632977870490466,0.022632977870490466
Gm16572,0.02244895967194505,0.02244895967194505
Pcdhga10,0.0224347095052027,0.0224347095052027
Xrra1,0.022433157473087738,0.022433157473087738
Cd38,0.022333506046455648,0.022333506046455648
Rtkn,0.022282064649299084,0.022282064649299084
Dlgap1,0.02225629689118887,0.02225629689118887
Rapgef4,0.02219635611407142,0.02219635611407142
St6galnac3,0.022184883417498077,0.022184883417498077
Strip2,0.02213383814928607,0.02213383814928607
Ak4,0.022128452804110136,0.022128452804110136
Tanc1,0.022098814078731033,0.022098814078731033
Auts2,0.02194257261239434,0.02194257261239434
Gm30211,0.021908217904803063,0.021908217904803063
Ccn6,0.02189932799190572,0.02189932799190572
Calb1,0.021898438087307348,0.021898438087307348
Arfgef3,0.02178511936203933,0.02178511936203933
Epha6,0.0217628803403963,0.0217628803403963
Klhl14,0.021756090069687553,0.021756090069687553
Il2ra,0.02172987644722472,0.02172987644722472
Bcl11b,0.021722361136308058,0.021722361136308058
Gm45441,0.021710464901864655,0.021710464901864655
Rbm20,0.021679998974946938,0.021679998974946938
Ptgds,0.021655795752539432,0.021655795752539432
Gm26879,0.02164818945838033,0.02164818945838033
Arpp21,0.021605865854620248,0.021605865854620248
Arhgap6,0.021603251875202168,0.021603251875202168
Ncr1,0.02155370036062951,0.02155370036062951
Ptpdc1,0.021542030900652324,0.021542030900652324
Cd63,0.02148659796760449,0.02148659796760449
Cd7,0.02146852240052949,0.02146852240052949
Bmp1,0.021430692474248437,0.021430692474248437
Ogdhl,0.021385862685936147,0.021385862685936147
Styk1,0.021377109376193526,0.021377109376193526
Cxcl17,0.021320836128596147,0.021320836128596147
Abcb1a,0.0212955554825717,0.0212955554825717
Dtnbos,0.021182017508130025,0.021182017508130025
Ica1,0.021177183425326672,0.021177183425326672
Il9r,0.021174479186946073,0.021174479186946073
1700034P13Rik,0.021106771266719167,0.021106771266719167
Gm14091,0.02110291843418002,0.02110291843418002
Il12b,0.02106730696367936,0.02106730696367936
Lyz1,0.02098894894475709,0.02098894894475709
Gm19519,0.020896856477675425,0.020896856477675425
Rncr4,0.020888184292096032,0.020888184292096032
Spef2,0.020873306906772367,0.020873306906772367
Srcin1,0.02086990647213358,0.02086990647213358
Gm49144,0.02085396778320624,0.02085396778320624
Atp8b5,0.020845326913881426,0.020845326913881426
Klrd1,0.02082047330204661,0.02082047330204661
Grk4,0.020813239636011966,0.020813239636011966
9330159F19Rik,0.020803019663310978,0.020803019663310978
Trgv2,-0.020733890862867223,0.020733890862867223
Stard13,0.020675807167553135,0.020675807167553135
Lrrc69,0.02067510560385852,0.02067510560385852
Camk4,0.020665797716273398,0.020665797716273398
Tm4sf20,0.020637546092577803,0.020637546092577803
Cd96,0.02062460701849788,0.02062460701849788
Dock3,0.020583889233461605,0.020583889233461605
Tenm2,0.02041367279845944,0.02041367279845944
Brinp3,0.02031569318511272,0.02031569318511272
Gpx4,0.020303943339781385,0.020303943339781385
4631405J19Rik,0.020288900880519517,0.020288900880519517
Sgcd,0.020260490000354448,0.020260490000354448
H2-Ab1,0.02025593056967091,0.02025593056967091
Ephb1,0.020252994890493113,0.020252994890493113
Bicc1,0.020222224011967552,0.020222224011967552
Unc13c,0.020174310653768342,0.020174310653768342
Lrrc19,0.020172194827164504,0.020172194827164504
Itgav,0.020166840147187306,0.020166840147187306
Fmn2,0.020145661596114632,0.020145661596114632
Fam110b,0.020131184585160875,0.020131184585160875
Sytl2,0.020071764132219616,0.020071764132219616
BC065403,0.01997977873893051,0.01997977873893051
Awat2,0.019955046619512865,0.019955046619512865
Kit,0.01992587017140939,0.01992587017140939
Hlf,0.01991268078197007,0.01991268078197007
Zfp300,0.0199016995041042,0.0199016995041042
Dennd5b,0.01988669134311,0.01988669134311
Fgf12,0.01988391506756987,0.01988391506756987
Klf4,-0.01986198231718163,0.01986198231718163
Gzmb,0.019861405701513818,0.019861405701513818
Trbc2,0.019840322208521145,0.019840322208521145
Kif6,0.01980575550904413,0.01980575550904413
Ptn,0.019787422422852207,0.019787422422852207
Mc1r,0.01973308318019104,0.01973308318019104
Lck,0.01972637716436083,0.01972637716436083
Anks1b,0.019718561446100905,0.019718561446100905
Htr1f,0.019695844803489654,0.019695844803489654
Dlgap2,0.019637842368795157,0.019637842368795157
Pcsk2,0.01960832711773865,0.01960832711773865
Cttnbp2,0.01949878203788018,0.01949878203788018
Plxna4,0.019489382790248554,0.019489382790248554
Fhad1,0.019477744005843938,0.019477744005843938
Fam13c,0.019358865006277558,0.019358865006277558
1110018N20Rik,0.019349181942625547,0.019349181942625547
Aldh1a1,0.019344340410799545,0.019344340410799545
Tnfrsf13c,0.019341349257965833,0.019341349257965833
Gm15520,0.019334657347147535,0.019334657347147535
Apol7e,0.019265126136947468,0.019265126136947468
Gm29266,0.01923652743774874,0.01923652743774874
Gm44199,0.019220737349433224,0.019220737349433224
Dzank1,0.019210511811081896,0.019210511811081896
Hcrtr2,0.019202537488391735,0.019202537488391735
Cntnap5a,0.019189742295769634,0.019189742295769634
Gm47782,0.01917004526506339,0.01917004526506339
Sorbs2os,0.019145729741265025,0.019145729741265025
Crb2,0.019137496441863276,0.019137496441863276
Tcf7,0.019026929092203358,0.019026929092203358
Ctsw,0.01893715971350156,0.01893715971350156
1700018L02Rik,0.018889595649871152,0.018889595649871152
Lingo2,0.01888935541557084,0.01888935541557084
Cd55,0.01882893229021343,0.01882893229021343
Bcar1,0.018817024385073985,0.018817024385073985
Frmd3,0.018800587123311178,0.018800587123311178
Cadm4,0.01879484966773386,0.01879484966773386
Kif5c,0.018752213173207105,0.018752213173207105
9330111N05Rik,0.018728208271626856,0.018728208271626856
Mobp,0.01872810667835666,0.01872810667835666
Nrxn2,0.018724646004212385,0.018724646004212385
Rnf152,0.018684917581504333,0.018684917581504333
Dpyd,0.018660617291425763,0.018660617291425763
Gm43388,0.018652001359680953,0.018652001359680953
Slc17a4,0.018632635232376935,0.018632635232376935
Pde11a,0.018611516283594066,0.018611516283594066
Cntnap2,0.018595949850627423,0.018595949850627423
Slc16a2,0.01858190632662718,0.01858190632662718
Gm41757,0.01856969531863888,0.01856969531863888
Klra8,-0.018530963064030848,0.018530963064030848
Ly75,0.018489530524531228,0.018489530524531228
H2-D1,0.01847948998834457,0.01847948998834457
Klk1,0.018453498554814783,0.018453498554814783
Csmd1,0.01844544804451649,0.01844544804451649
Phactr3,0.018416111701841337,0.018416111701841337
Epcam,0.01838866047299535,0.01838866047299535
Trim67,0.018370112370786323,0.018370112370786323
Klre1,-0.018337305062998157,0.018337305062998157
Ctnna3,0.018268426464230138,0.018268426464230138
Olfml1,-0.01818666252700639,0.01818666252700639
Il18r1,0.018136536834289674,0.018136536834289674
Ranbp3l,0.018136384548751258,0.018136384548751258
Thsd4,0.018105580337768268,0.018105580337768268
Ccr7,0.018090799095011625,0.018090799095011625
Jph1,0.018038504661591875,0.018038504661591875
Skida1,0.01793073189862196,0.01793073189862196
Atp9a,0.017925061448256223,0.017925061448256223
Adamts14,0.017911597637161696,0.017911597637161696
Kctd16,0.017882312477322786,0.017882312477322786
Mapk10,0.017854753981965718,0.017854753981965718
Trpc3,0.017854076214253202,0.017854076214253202
Zfp37,0.017789813063954107,0.017789813063954107
Pdgfrb,0.017765883483305177,0.017765883483305177
Gm42620,0.017736951844566168,0.017736951844566168
Alk,0.017704620170111346,0.017704620170111346
Epha3,0.017690738514734784,0.017690738514734784
Gm13571,0.017591705889786046,0.017591705889786046
Sept4,0.01755535606702068,0.01755535606702068
Kdm4d,0.01754682942665729,0.01754682942665729
Kcnk5,0.017543290571526003,0.017543290571526003
Xlr5a,0.01751943994012584,0.01751943994012584
Nyap2,0.017505820053349747,0.017505820053349747
Gm16158,0.017466508700246908,0.017466508700246908
Adam23,0.017430687778442668,0.017430687778442668
Rxfp1,0.017386158838061504,0.017386158838061504
2010309G21Rik,0.01727216478926977,0.01727216478926977
Runx1t1,0.017238647783901127,0.017238647783901127
Pifo,0.017168256544177286,0.017168256544177286
Epb41l4a,0.017146891930362933,0.017146891930362933
Gm14508,0.017096513561972188,0.017096513561972188
1700019D03Rik,0.017087112692244957,0.017087112692244957
Cd79b,0.01699279627657425,0.01699279627657425
Atp1b1,0.016907668056424567,0.016907668056424567
Icos,0.016906898326674573,0.016906898326674573
Fbln1,0.016900380867691526,0.016900380867691526
Gm32004,-0.016848569192326864,0.016848569192326864
Gprin3,0.01684544690021909,0.01684544690021909
Chl1,0.016821437409037247,0.016821437409037247
Kctd8,0.016782448359103037,0.016782448359103037
Ftl1,-0.016770702361528382,0.016770702361528382
Zfhx4,0.016762019294813142,0.016762019294813142
2700054A10Rik,0.01671453055557842,0.01671453055557842
2010001A14Rik,0.016649524759048986,0.016649524759048986
Rpl8,-0.01664602492940756,0.01664602492940756
Map9,0.01664158179357808,0.01664158179357808
Gm15657,0.01664009713797869,0.01664009713797869
Klrc1,0.01661016424985218,0.01661016424985218
Gimap5,0.016596123754958024,0.016596123754958024
Clnk,0.016515293480646828,0.016515293480646828
Cd8b1,0.01649095465943673,0.01649095465943673
Cntn2,0.016387993882871692,0.016387993882871692
Ptprg,0.016311591113218397,0.016311591113218397
Fstl4,0.01625607374424003,0.01625607374424003
Hspa5,0.016238453700467604,0.016238453700467604
Mb21d2,0.016226565640804505,0.016226565640804505
Nfib,0.016205770061419565,0.016205770061419565
Sobp,0.016197278807091674,0.016197278807091674
Rgs22,0.016136788224516547,0.016136788224516547
C430042M11Rik,0.016134265551581546,0.016134265551581546
Sybu,0.016023273149574937,0.016023273149574937
Pcdh7,0.015916324955911516,0.015916324955911516
Cd163l1,0.0158464542819349,0.0158464542819349
Sorcs1,-0.01576492715787824,0.01576492715787824
Gm11831,0.01575656611817585,0.01575656611817585
Cmya5,0.015715860428859064,0.015715860428859064
Hrh4,0.015662982434043453,0.015662982434043453
Spock3,0.015642171539093388,0.015642171539093388
Tnr,0.01561760663383233,0.01561760663383233
Serpina3g,0.015562989911795326,0.015562989911795326
Trac,0.01553878827664594,0.01553878827664594
Kcnq5,0.01548725330801709,0.01548725330801709
Tmeff2,0.015474036812395509,0.015474036812395509
Fhitos,0.015425366000919356,0.015425366000919356
Glb1l3,0.015416929196948367,0.015416929196948367
Plpp3,0.015266552235265069,0.015266552235265069
Slc22a23,0.015244465253253875,0.015244465253253875
Serpinb1a,0.01518660535687592,0.01518660535687592
Plce1,0.015164380184787394,0.015164380184787394
Gm20616,0.015141076795954375,0.015141076795954375
Rpe65,0.015088633935741903,0.015088633935741903
Trdc,-0.015083792770160968,0.015083792770160968
Wnk3,0.01501122035668654,0.01501122035668654
2900009J06Rik,0.014921984881548599,0.014921984881548599
Hapln1,0.014899453636163788,0.014899453636163788
Synpr,0.014802099970311186,0.014802099970311186
4933424G05Rik,0.014801916735521507,0.014801916735521507
Dpp4,0.014799603507885471,0.014799603507885471
Piezo2,0.01474002107422284,0.01474002107422284
Klra9,0.01466257913505354,0.01466257913505354
Xcl1,0.01460921279193567,0.01460921279193567
Cald1,0.014576012203080526,0.014576012203080526
Aifm3,0.01446176879040979,0.01446176879040979
Gm20754,0.014446675226055175,0.014446675226055175
Ctnna2,0.014413337489575411,0.014413337489575411
Nrg3,0.014411631533033055,0.014411631533033055
Grm3,0.01437129570616511,0.01437129570616511
Zfp804b,0.014335216360825265,0.014335216360825265
Ccn4,0.014328362108713768,0.014328362108713768
Hs6st2,0.014326099446464574,0.014326099446464574
Gzma,0.014290554613152921,0.014290554613152921
Hs3st1,0.014273225640789441,0.014273225640789441
Kazn,0.014228522043377906,0.014228522043377906
Klrc2,0.01419750142235737,0.01419750142235737
Gm10401,0.014189327391404702,0.014189327391404702
P2ry10,0.014178664267787735,0.014178664267787735
Scn1a,0.014128207669940053,0.014128207669940053
Eya2,0.014056031082250594,0.014056031082250594
Ablim1,0.014012802159519184,0.014012802159519184
Ltf,0.013960557020282939,0.013960557020282939
Ablim3,0.013950739503056073,0.013950739503056073
Meg3,0.013923277566069992,0.013923277566069992
Rlbp1,0.013849613027548464,0.013849613027548464
Gm28376,0.013804251805734484,0.013804251805734484
Gm816,0.01376652901877427,0.01376652901877427
Pakap,0.013752529549356957,0.013752529549356957
Fa2h,0.013727811295213952,0.013727811295213952
Pigz,0.013553439785320183,0.013553439785320183
Mturn,0.013542762008974108,0.013542762008974108
Ndnf,0.013521800350620177,0.013521800350620177
A330015K06Rik,0.013517327728655671,0.013517327728655671
Vmn2r103,0.013477421110628536,0.013477421110628536
Slc1a1,0.013443956868840194,0.013443956868840194
Ptprd,0.013443658545339814,0.013443658545339814
Gm49767,0.013288484670088344,0.013288484670088344
Dclk1,0.01324402492302932,0.01324402492302932
Gm10649,0.013235879188075709,0.013235879188075709
Cxcr3,0.013167838847524982,0.013167838847524982
Fam151a,0.013141767275455074,0.013141767275455074
Carns1,0.013077708944392046,0.013077708944392046
Rpsa,0.012998051346502029,0.012998051346502029
Sox10,0.012983144819091533,0.012983144819091533
Hcn2,0.012954112208291641,0.012954112208291641
Slco5a1,-0.012922863846081432,0.012922863846081432
Fasl,0.012762250573003614,0.012762250573003614
Gm28187,0.012759856749460067,0.012759856749460067
1700026F02Rik,0.012745315075378615,0.012745315075378615
Rsph9,0.012694612283089783,0.012694612283089783
Fign,0.012649006958884781,0.012649006958884781
Myrf,0.012588145569603302,0.012588145569603302
Gm41335,0.012554323311058208,0.012554323311058208
Kif5a,0.012541829472951129,0.012541829472951129
Fez1,0.012519242394830302,0.012519242394830302
Gm33104,0.01250895345364538,0.01250895345364538
Fam189a2,0.012481040789197267,0.012481040789197267
Errfi1,0.012395292163052312,0.012395292163052312
Pde4d,0.012383736016472677,0.012383736016472677
Gm16351,0.012372534581353579,0.012372534581353579
Mir100hg,0.0123526837051327,0.0123526837051327
Dnah8,0.01229669561163758,0.01229669561163758
Fam241b,-0.012290058442695055,0.012290058442695055
Ighd,0.012268945048650516,0.012268945048650516
Gpr173,-0.01226105803484923,0.01226105803484923
Cr2,0.012166609632590792,0.012166609632590792
Pcdh11x,0.012155522329945375,0.012155522329945375
Thsd7b,0.01208100974534399,0.01208100974534399
A330049N07Rik,0.01201910275805528,0.01201910275805528
Gm12324,0.01201910275805528,0.01201910275805528
Antxr1,0.012007323829228938,0.012007323829228938
Gm49602,0.012002336286730211,0.012002336286730211
Pex11a,0.011846710072548594,0.011846710072548594
Tmtc1,0.011832926073844043,0.011832926073844043
Tex11,0.011823803080681431,0.011823803080681431
Sept1,0.011814008295255259,0.011814008295255259
Cacna2d3,0.011748315197312424,0.011748315197312424
Klri2,-0.011714086253017017,0.011714086253017017
Fam169b,0.011646463560517848,0.011646463560517848
Ltb,0.011638441539760978,0.011638441539760978
Slc35f1,0.011574716290937847,0.011574716290937847
Grb14,0.011569628755818838,0.011569628755818838
Xirp2,-0.011558123234293838,0.011558123234293838
Astn2,0.011471058209871196,0.011471058209871196
Gm10062,-0.011386229147739612,0.011386229147739612
Chsy3,0.011352313109312461,0.011352313109312461
Ifitm10,0.0111700008256834,0.0111700008256834
Bmp6,0.011126234330883071,0.011126234330883071
Gm29018,0.011011307257098736,0.011011307257098736
Ttll7,0.011003802647153168,0.011003802647153168
Klra4,-0.010949124224508364,0.010949124224508364
Sntg1,-0.010946432170539236,0.010946432170539236
Csmd2,0.010941478410554546,0.010941478410554546
A230001M10Rik,0.010907751656266278,0.010907751656266278
Klrb1f,0.010837335874422278,0.010837335874422278
Blk,0.010828489968054453,0.010828489968054453
Stmn3,0.010779030189657538,0.010779030189657538
Trpm3,-0.010726465134070747,0.010726465134070747
Nfkbia,-0.010654189885055645,0.010654189885055645
Cntn6,0.01064428210409091,0.01064428210409091
Mfap3l,0.010638469301293745,0.010638469301293745
Sh3d19,0.010589537503901588,0.010589537503901588
Cpa3,-0.010483351027427252,0.010483351027427252
Erbb4,0.010423507808327098,0.010423507808327098
Rab3a,0.01042055322514984,0.01042055322514984
Adamtsl1,0.010413022068515111,0.010413022068515111
Kcnd2,0.010327202105551181,0.010327202105551181
Gpm6a,0.010281293876419507,0.010281293876419507
Tmem117,0.010188913343443339,0.010188913343443339
Gm19395,0.010162515005106995,0.010162515005106995
Cygb,-0.010149320381449993,0.010149320381449993
Scgn,0.01011016838144764,0.01011016838144764
Cdh10,0.010094251805037136,0.010094251805037136
Tmem132d,-0.010087639541326727,0.010087639541326727
Adgrg6,0.009997382577256606,0.009997382577256606
Cd19,-0.009938983681456992,0.009938983681456992
Arxes1,0.009893670286439461,0.009893670286439461
Lpar1,-0.009825780603186701,0.009825780603186701
Pcsk4,0.00982308725468152,0.00982308725468152
Gria1,0.009802286429569403,0.009802286429569403
Rps5,-0.00975243695979013,0.00975243695979013
Gm50218,0.00972905820435532,0.00972905820435532
Fcrla,0.009702472415404404,0.009702472415404404
Adam12,0.00969799495840078,0.00969799495840078
Zmat4,0.009667843232559366,0.009667843232559366
Ly6d,0.009638565113797936,0.009638565113797936
Pcdh9,0.009576785993034452,0.009576785993034452
Gng11,0.009564511263355988,0.009564511263355988
Ifng,0.009556080591944953,0.009556080591944953
Gm31508,0.009502806217295337,0.009502806217295337
D7Ertd443e,-0.009459609180565109,0.009459609180565109
Rps27,0.009422480361500228,0.009422480361500228
Nebl,0.009418881910760575,0.009418881910760575
Gria4,0.009414688033590782,0.009414688033590782
Ano4,0.00938594980096885,0.00938594980096885
Exoc3l2,0.009353721337457793,0.009353721337457793
Aox4,0.00925615612200831,0.00925615612200831
Tmeff1,0.009184974091396108,0.009184974091396108
Cfap299,0.009121261582254993,0.009121261582254993
4930417O13Rik,-0.009110873035646325,0.009110873035646325
Gm43647,0.008867115022965418,0.008867115022965418
Gm12239,0.008855692657625537,0.008855692657625537
A830008E24Rik,-0.008839504377634576,0.008839504377634576
Nova2,0.008655919233326708,0.008655919233326708
Zfp831,0.008644552910947454,0.008644552910947454
Gm37864,0.00860679203758127,0.00860679203758127
Fam155a,-0.008548302863222883,0.008548302863222883
Rps18,0.008509523984651312,0.008509523984651312
H2-Eb1,0.00850879872765339,0.00850879872765339
Ncald,0.008505515014191348,0.008505515014191348
Cntn3,0.008482032475375366,0.008482032475375366
Ptprt,0.00842514149425661,0.00842514149425661
Pld5,0.008408177053023195,0.008408177053023195
C5ar1,-0.008407008620440953,0.008407008620440953
Ar,0.008399942557684236,0.008399942557684236
Il7r,0.008229261680487245,0.008229261680487245
Sptlc3,0.008161791917728005,0.008161791917728005
Map1a,0.008138447270981798,0.008138447270981798
Ptger3,-0.008107913159900783,0.008107913159900783
Gng13,0.008068256228918729,0.008068256228918729
Sox6,0.008062782553691807,0.008062782553691807
Ptprz1,-0.008037176249928476,0.008037176249928476
Sh2d5,0.007921403782820467,0.007921403782820467
Itk,0.00791713397378467,0.00791713397378467
Apod,0.007829334370548339,0.007829334370548339
Adcy5,-0.007808412871934405,0.007808412871934405
Prob1,0.0077972128397166985,0.0077972128397166985
Cntn4,0.007791656801749103,0.007791656801749103
Nrxn1,0.007783825480654273,0.007783825480654273
Robo2,-0.0076097381712220994,0.0076097381712220994
Pgbd5,0.007593388278036055,0.007593388278036055
Gm13561,0.007549576790427882,0.007549576790427882
Slc35f4,0.007503453117495536,0.007503453117495536
Nipal1,0.007493455839416709,0.007493455839416709
Gimap6,0.007389153045202149,0.007389153045202149
St18,-0.0072551956578404166,0.0072551956578404166
H2-Eb2,0.007246310198274997,0.007246310198274997
C130073E24Rik,-0.007236685528529229,0.007236685528529229
Acsbg1,0.007177356985603041,0.007177356985603041
5830416I19Rik,0.007161481361931783,0.007161481361931783
Ccl6,-0.007153035705168354,0.007153035705168354
Adamts16,-0.007147671161644352,0.007147671161644352
Clec9a,0.007098540477731056,0.007098540477731056
Aspa,0.006947235836172362,0.006947235836172362
Mzb1,0.0069125830745447375,0.0069125830745447375
Galnt18,0.006897276372681192,0.006897276372681192
Tnfrsf19,0.006874777551624403,0.006874777551624403
Ptpro,0.006863178861835049,0.006863178861835049
Gm37756,0.0067990459034277815,0.0067990459034277815
Cacna1i,-0.006778914119629641,0.006778914119629641
Htra1,0.00675494826163095,0.00675494826163095
Hemgn,-0.006691290414573774,0.006691290414573774
Ncam2,0.006680192277311292,0.006680192277311292
Myo3b,0.0066228759266568245,0.0066228759266568245
Rit2,0.006581971630023769,0.006581971630023769
Gm48556,-0.006554952308599171,0.006554952308599171
Slc25a21,-0.006542246632753887,0.006542246632753887
Pak3,0.00654028280019074,0.00654028280019074
Sema3d,0.006503268951312488,0.006503268951312488
Siglecg,-0.006472050671435692,0.006472050671435692
Eomes,0.006362966136568676,0.006362966136568676
Gm17268,0.0063114384433514475,0.0063114384433514475
Sparcl1,-0.006255750468579015,0.006255750468579015
Klrk1,0.006228284017167225,0.006228284017167225
Olfr1369-ps1,0.006170732368026266,0.006170732368026266
Zfpm2,0.006165160974241684,0.006165160974241684
Sox2ot,0.006144691727596677,0.006144691727596677
Sema7a,0.006134459757048393,0.006134459757048393
Maneal,0.006129810041199999,0.006129810041199999
Cadps2,0.006106955807557771,0.006106955807557771
4930441J16Rik,-0.006099694026999718,0.006099694026999718
Ntng1,-0.006072685745165659,0.006072685745165659
Gpr37,0.0060428199096698556,0.0060428199096698556
8030442B05Rik,0.005946876494497427,0.005946876494497427
Il2rb,0.0059282107775856735,0.0059282107775856735
Plscr4,0.005885001740159656,0.005885001740159656
Vipr2,-0.005868655305579043,0.005868655305579043
Il1rapl2,0.005824630097482944,0.005824630097482944
Vpreb3,0.005792892829813954,0.005792892829813954
Tyr,0.00569595458957557,0.00569595458957557
Ror1,0.005649060478663169,0.005649060478663169
Ms4a1,-0.005619460534496575,0.005619460534496575
Pcsk6,0.005614682054774215,0.005614682054774215
Klra3,0.005599231556773788,0.005599231556773788
Morc2b,0.0055887305548072575,0.0055887305548072575
Scd1,0.005547886496537993,0.005547886496537993
Ccl8,0.005538835695486,0.005538835695486
Gm16685,0.005531450111209731,0.005531450111209731
Gm29325,0.005512343627201722,0.005512343627201722
Tespa1,0.0054834342974093096,0.0054834342974093096
Lin7a,-0.00545008578238739,0.00545008578238739
Sema5a,0.00544367345970259,0.00544367345970259
Eda,0.005439123644161504,0.005439123644161504
Mpo,-0.005377996413206121,0.005377996413206121
Gm44175,0.0053147209348886225,0.0053147209348886225
Rph3a,-0.005272488759711942,0.005272488759711942
4930590L20Rik,-0.005251069501516299,0.005251069501516299
Hist1h2bc,0.005188646506828466,0.005188646506828466
Rps16,-0.0051642973381571975,0.0051642973381571975
Tspan15,0.005136931941238883,0.005136931941238883
Car10,-0.004983622072959374,0.004983622072959374
Btla,0.004958633876141423,0.004958633876141423
Enpp2,-0.004900418262290878,0.004900418262290878
C2cd6,-0.004863025347005463,0.004863025347005463
Nell1,0.004847692811317271,0.004847692811317271
Gjc3,0.0048266193178497585,0.0048266193178497585
Timp3,0.004806276321687501,0.004806276321687501
Nol4,-0.004795409294848459,0.004795409294848459
A430010J10Rik,0.0047425691284316215,0.0047425691284316215
Ksr2,0.004674001908905955,0.004674001908905955
Cdh11,0.0045698475894035435,0.0045698475894035435
H2-Aa,0.004540961480993645,0.004540961480993645
Cd8a,-0.004339448303186345,0.004339448303186345
Epha7,0.0043329174899680795,0.0043329174899680795
Cabp5,0.004243352410176555,0.004243352410176555
Fam135b,0.004220479931308525,0.004220479931308525
Rnf125,0.004219874860437583,0.004219874860437583
A230009B12Rik,0.004210821387355026,0.004210821387355026
Vsx2,-0.004163354710185275,0.004163354710185275
Iglc2,0.004084598124958659,0.004084598124958659
P3h2,-0.004006651199412412,0.004006651199412412
Klra1,0.00392890307680236,0.00392890307680236
Gm34455,0.003857150828525852,0.003857150828525852
Enpp6,0.0037419955470009186,0.0037419955470009186
Nkain1,-0.003724979071796489,0.003724979071796489
Hs3st5,-0.0037194260820936635,0.0037194260820936635
Asb15,0.0037118847412024847,0.0037118847412024847
Ptprk,0.0036922398903108593,0.0036922398903108593
Adarb2,0.003687099063295918,0.003687099063295918
Gpc5,0.0036671889647684193,0.0036671889647684193
Ubash3a,0.0036587690562088003,0.0036587690562088003
Fstl5,0.0036563784818456186,0.0036563784818456186
Fhl2,0.0036346835409295495,0.0036346835409295495
Ptprcap,0.0036085787410766925,0.0036085787410766925
Arhgef28,0.0035853338127349063,0.0035853338127349063
Cap2,0.003525447773975465,0.003525447773975465
Grm7,0.003498248540726327,0.003498248540726327
Mmp16,-0.003463993306242236,0.003463993306242236
Gm2694,0.0032970173218198704,0.0032970173218198704
Gm10800,-0.003210497867994734,0.003210497867994734
Adamtsl5,0.0031164992308088993,0.0031164992308088993
Sox2,-0.0031010011345556526,0.0031010011345556526
9330117O12Rik,0.00303742941722778,0.00303742941722778
Hist1h2ac,-0.0029850108122903883,0.0029850108122903883
Megf10,0.0029635732690867804,0.0029635732690867804
Gm11337,0.0029566043119171755,0.0029566043119171755
Aff2,-0.002787916614828616,0.002787916614828616
8430422H06Rik,0.0027188424176276867,0.0027188424176276867
Lrrtm4,0.0027102127969298316,0.0027102127969298316
Gm47661,0.0026910234838529784,0.0026910234838529784
Ctcflos,-0.002687354456469333,0.002687354456469333
Nkx2-2os,0.0026797878656932917,0.0026797878656932917
Lypd1,-0.002621454212209877,0.002621454212209877
Sox4,-0.00251331618188786,0.00251331618188786
Slc44a4,0.0025089807691721197,0.0025089807691721197
Slco2a1,-0.0024871175239676827,0.0024871175239676827
Klra5,-0.0024137042698681296,0.0024137042698681296
Snhg11,0.002364947950552621,0.002364947950552621
Gm16083,0.002361179911544186,0.002361179911544186
Robo1,-0.0023246873163956534,0.0023246873163956534
Rtn1,0.0023111070579188084,0.0023111070579188084
Kcnh7,0.002302783280188107,0.002302783280188107
Aldh1l2,-0.0022974036543332993,0.0022974036543332993
Arsb,-0.002220271508897357,0.002220271508897357
Mmp28,0.0021275204657649053,0.0021275204657649053
Rims1,0.0021250050819727894,0.0021250050819727894
Tox3,0.0020649133237907657,0.0020649133237907657
Olfr655,0.0020265244858994644,0.0020265244858994644
Cdh20,-0.0019186437043778439,0.0019186437043778439
Tex21,-0.0018563033719270912,0.0018563033719270912
Tbx21,-0.0018328635332505662,0.0018328635332505662
Naa11,0.001826314694300065,0.001826314694300065
Hepacam2,-0.0018241350158685013,0.0018241350158685013
Gfra1,0.0018062301133486424,0.0018062301133486424
Il23r,0.0017537454695415885,0.0017537454695415885
Lrrc4c,0.0017496418539384017,0.0017496418539384017
Cdh19,0.001723493083958515,0.001723493083958515
Hdac9,-0.001628524087444264,0.001628524087444264
Gpc6,-0.0016119271634170752,0.0016119271634170752
Pcp2,-0.0015916324955911516,0.0015916324955911516
Sncg,-0.001538758572774187,0.001538758572774187
Cacna2d1,-0.0015226756042494227,0.0015226756042494227
Lrrc36,-0.0015079747652392977,0.0015079747652392977
Cdh1,0.0014772653050735478,0.0014772653050735478
Rfx4,0.0014215928353306917,0.0014215928353306917
Nlgn1,-0.0014210766290499253,0.0014210766290499253
Prr16,-0.0014174093159225612,0.0014174093159225612
Ccl22,-0.001404482666353357,0.001404482666353357
Thy1,0.0013331338209211882,0.0013331338209211882
Srgap1,0.0012389050476298948,0.0012389050476298948
Tmx4,-0.001205441268280487,0.001205441268280487
Ppp2r2c,-0.0011895317229916433,0.0011895317229916433
Grm5,0.001139725290394434,0.001139725290394434
Dntt,-0.001087440821023533,0.001087440821023533
Samd3,-0.0010678826894282088,0.0010678826894282088
Fgf14,0.0010380290455048009,0.0010380290455048009
Grik4,0.0009698509967281226,0.0009698509967281226
Gm15261,0.0009655382382748591,0.0009655382382748591
Gm26691,0.0009452941844352258,0.0009452941844352258
Tdrd6,0.0009174702810277847,0.0009174702810277847
Fhit,-0.0008625773420631694,0.0008625773420631694
Scg2,-0.0008387446322882942,0.0008387446322882942
Cdh8,0.000686546573321339,0.000686546573321339
Mmp13,0.0006265360019657698,0.0006265360019657698
Grik1,0.0005874759449133477,0.0005874759449133477
Nefl,0.0005718503320979313,0.0005718503320979313
Dkkl1,-0.0004964356299728777,0.0004964356299728777
Cntn5,0.0004490309301916859,0.0004490309301916859
Iglc3,0.00036975895197979857,0.00036975895197979857
Sema3e,-0.0003485902914722981,0.0003485902914722981
Zdhhc15,-0.0003196010388230842,0.0003196010388230842
Gm44174,-0.0003005279911200979,0.0003005279911200979
Fosb,-0.00027746741306987045,0.00027746741306987045
Zfp366,0.00027047182598522303,0.00027047182598522303
Chd5,-0.00012907406193470345,0.00012907406193470345
Pakap-1,-3.9966256840105265e-05,3.9966256840105265e-05
Gm48719,2.3965857998690645e-05,2.3965857998690645e-05
