sym,wt_fc,ko_fc
0610009B22Rik,0.21815171249488685,-0.2992752092798874
0610010F05Rik,-0.6098280136238969,-0.2967592368310443
0610010K14Rik,-0.1611267113763919,0.5107631799166548
0610012G03Rik,1.2647604003064057,1.1294187646968084
0610030E20Rik,-0.01619229278073142,0.5781013935708756
0610040J01Rik,-0.7682215207309575,0.9449901677637769
1110002E22Rik,-1.3516099494264249,-2.408764304868544
1110004F10Rik,0.08340754582142118,-0.24344320460496682
1110008P14Rik,0.9595149158403711,-0.2714166298361569
1110012L19Rik,0.33166424708532105,0.30238365884049223
1110017D15Rik,1.1676148969105888,-0.8610731895165378
1110025L11Rik,0.0,0.0
1110032A03Rik,0.029016111179457127,0.03398756342988918
1110032F04Rik,-1.6473504624885456,-0.8035059366788488
1110038F14Rik,0.25125356712621993,-0.037102466576488524
1110051M20Rik,-0.00423879022517859,-0.5179198783688808
1110057P08Rik,0.0,0.0
1110059E24Rik,0.4798213495525623,-0.13501446528462857
1110059G10Rik,-0.21460671628605432,0.04205379840889378
1110065P20Rik,0.47076758840331845,-0.1903200259816522
1190005I06Rik,1.3828556879293545,-0.4135702197775446
1190007I07Rik,0.56988219376559,0.5537371775964255
1300017J02Rik,-0.15167911365022668,-0.7861685157239822
1500009C09Rik,-0.4449771987038913,-0.9025609058314217
1500009L16Rik,0.46626741508633707,-2.4136373382251035
1500011B03Rik,-0.17795385309459988,-0.43962235649027726
1520401A03Rik,0.39419898462961167,0.0
1600002K03Rik,0.47310307671978613,0.4042811507123121
1600012H06Rik,-0.07888790695633396,0.09460314388476121
1600014C10Rik,-0.3762616963141916,1.2104685775745363
1600014C23Rik,2.156322367738738,-2.3896519535092797
1700001C02Rik,0.0,0.0
1700001C19Rik,-1.0205414160409911,2.910495985602698
1700001F09Rik,-2.07987854928077,-0.5185689031931862
1700001J03Rik,0.5138272918259015,-2.09133085752744
1700001K19Rik,2.2224480832892537,-1.006191298339906
1700001L19Rik,-1.434267677875483,-0.924088177156861
1700001O22Rik,-0.20403374940470886,0.3340778207353008
1700001P01Rik,-0.059379779515838726,1.0211666198670315
1700003E16Rik,0.5545097027227435,-1.6793427724213839
1700003F12Rik,0.873039469622003,1.4904038611721995
1700003H04Rik,0.0,0.0
1700006A11Rik,0.0,0.0
1700007K13Rik,-1.5706815723048888,-1.2221798539335147
1700008O03Rik,1.1004156169335069,-0.9973202140394628
1700008P02Rik,0.0,0.0
1700009N14Rik,0.0,0.0
1700010B08Rik,-0.44678382169875286,-0.2152727868316063
1700010I14Rik,-0.31675633261852276,0.3476598262457058
1700011L22Rik,0.3858802183780371,-1.7073707790427053
1700011M02Rik,0.0,0.0
1700012A03Rik,0.0,0.0
1700012B07Rik,0.0,0.0
1700012B09Rik,0.0,0.0
1700012P22Rik,0.0,0.0
1700013F07Rik,-1.1883127920737555,-1.3972345950729297
1700013G24Rik,0.0,0.0
1700013H16Rik,0.0,0.0
1700014D04Rik,-3.073373333629778,0.03531600676357072
1700015F17Rik,-0.3681752925118766,-0.4595837765358225
1700015G11Rik,0.0,0.0
1700016C15Rik,0.1668499532535222,-0.2218593794753994
1700016D06Rik,0.0,-0.5863532064420514
1700016H13Rik,0.7023679201406298,0.0
1700016K19Rik,-0.6502689175364248,0.19754155025346265
1700017B05Rik,-0.28086589427011965,0.6524970725460975
1700017D01Rik,0.0,0.0
1700017N19Rik,0.5564833459761269,0.5856808997243194
1700018B08Rik,0.5636374491960636,0.0
1700018F24Rik,0.0,0.0
1700018G05Rik,-0.4577211700499051,0.0
1700019A02Rik,0.0,0.0
1700019D03Rik,-0.4244519510456257,-0.7892232096947538
1700019N19Rik,-0.5325893203936113,0.0
1700020A23Rik,0.7521276663361967,0.0
1700020D05Rik,0.4410178260676464,-0.4465217725446222
1700020L24Rik,1.1046940629254995,-0.49952765000985666
1700020N01Rik,-0.2983183268610725,1.949936213331398
1700020N15Rik,0.0,0.0
1700021F05Rik,0.11952463800572843,-0.242211882738534
1700021F07Rik,0.0,0.0
1700022I11Rik,1.0712648433105165,-0.021337044564446628
1700023F06Rik,-0.8777475306959044,-0.08619851357591024
1700024B05Rik,0.683760325373641,0.0
1700024G13Rik,0.0,-0.5980407018310337
1700024P04Rik,0.0,0.0
1700025B11Rik,0.0,0.0
1700025C18Rik,0.0,0.0
1700025F22Rik,0.0,0.0
1700025G04Rik,0.06016070718520794,0.051571666087324886
1700028J19Rik,-0.7659170179585773,1.1148038871867105
1700028K03Rik,0.3630070715735183,-0.7708560155043545
1700028P14Rik,-1.0631201635792007,1.638621236114897
1700029F12Rik,0.0,0.0
1700029H14Rik,0.0,-0.29969260239578244
1700029I15Rik,-0.8890328200945605,0.3749164444183819
1700029J07Rik,0.34823192028008965,-1.610259393943454
1700029P11Rik,0.0,0.97825739187844
1700030J22Rik,0.02020985982069412,-0.5742617807491994
1700030K09Rik,0.18979208411443338,0.17171396896521784
1700031F05Rik,0.0,0.0
1700031L13Rik,-0.22915837926285726,0.0
1700034E13Rik,0.0,0.0
1700034I23Rik,0.22330846323871967,-1.631473105662522
1700034J05Rik,-0.3654772570939744,0.0
1700037C18Rik,-0.1236351374585496,0.1289317229835012
1700037H04Rik,0.0562836992856397,0.46917866211911274
1700042G07Rik,0.0,0.0
1700047I17Rik2,0.0,0.0
1700049E17Rik1,0.0,0.0
1700049E17Rik2,0.0,0.0
1700056E22Rik,0.5721424250840699,1.291345606126552
1700057G04Rik,0.06334320045990649,-0.2218593794753994
1700061G19Rik,-0.03928211110695523,-0.4272064310504149
1700064H15Rik,-0.24564505161075387,-0.8455556187767468
1700066B19Rik,0.32240035736937767,0.4608633207917907
1700066M21Rik,0.8885845819352145,0.041561992368502665
1700067K01Rik,0.10422544694948188,0.26203761179281937
1700067P10Rik,0.0,-1.0401629901510518
1700069L16Rik,0.0,0.0
1700074P13Rik,0.47652920703648416,0.0
1700080O16Rik,0.0,0.0
1700084M14Rik,0.0,0.0
1700086D15Rik,-0.7979266354083305,-1.4477026823183081
1700088E04Rik,1.2802204348656536,-0.6620838625329961
1700092M07Rik,1.056226155672141,-1.6981087448048715
1700093K21Rik,0.10971595856743666,-1.436337465439642
1700094D03Rik,0.2778634517594787,-1.263916078468398
1700102P08Rik,0.31293868511291123,-1.3274506740721308
1700109H08Rik,-0.1298886541992319,-0.5230393502277533
1700113H08Rik,-0.10244082614336458,-2.101727543594812
1700122O11Rik,0.0,0.0
1700123K08Rik,1.3094335973306623,-0.9120514114094577
1700123L14Rik,0.0,-0.21283904559181435
1700123O20Rik,-0.06832579624235713,0.20318974021461678
1700125H20Rik,0.01500656318564042,-0.44656908196376366
1700129C05Rik,0.0,0.0
1810009A15Rik,0.6538601012009106,-0.6039645055163501
1810009J06Rik,0.0,0.0
1810010H24Rik,0.9072233931219911,-2.668989831466657
1810013L24Rik,0.0515556425476138,0.5361685557353137
1810020O05Rik,0.0,-0.5343389841738989
1810024B03Rik,0.4693252470292766,1.0870809164759754
1810030O07Rik,-0.10118969967659197,0.7578281587542666
1810037I17Rik,0.6930521995088554,0.2050730407070933
1810046K07Rik,0.0,-0.5713360304052288
1810049J17Rik,0.2667182082057698,0.8027502106374238
1810055G02Rik,-0.6519228322603396,-1.1686321116882512
1810058I24Rik,-0.09941247348388771,0.5888451330026747
1810062G17Rik,0.8580486509426666,-1.260279542115677
1810065E05Rik,0.0,0.0
2010003K11Rik,0.0,0.0
2010106E10Rik,0.0,0.0
2010109A12Rik,0.9072096357878578,0.16738863273887006
2010300C02Rik,-0.31512384646317537,-1.0297498400773073
2010315B03Rik,0.02965450327907604,0.06298090447057625
2200002D01Rik,-0.2074202409929775,-0.8956514879016497
2200002J24Rik,0.0,0.0
2210010C04Rik,0.0,0.0
2210011C24Rik,0.3654252297805751,0.31309406712876187
2210016F16Rik,0.2532448138111789,1.1739978967067959
2210016L21Rik,0.30220036194586264,-0.12436170764962462
2210017I01Rik,0.0,0.0
2210407C18Rik,0.0,0.0
2210408I21Rik,0.3002562044456454,-0.565591857125769
2210418O10Rik,0.044922352578581126,-0.48221603731511564
2300002M23Rik,0.0,0.0
2300003K06Rik,0.0,0.0
2300009A05Rik,1.1064452719387265,-0.5707111341187421
2310002L09Rik,0.0,-0.5980407018310337
2310003L06Rik,0.0,0.0
2310009A05Rik,0.4041219217992724,0.07921386772945382
2310009B15Rik,0.13260807618781723,0.12501121810652194
2310011J03Rik,0.1377884499648836,0.31946181399910323
2310022A10Rik,0.1545100653251925,0.11728541910143697
2310022B05Rik,0.7921832547516647,-0.8271484227972836
2310030G06Rik,1.5574066552283155,-1.707478792769821
2310033P09Rik,0.3055733408559611,0.16605795660309575
2310034C09Rik,0.0,0.18835361013080762
2310034G01Rik,0.5779662959219101,-1.2356554038294316
2310039H08Rik,0.8670317276262649,0.14960493244238382
2310046K23Rik,0.0,0.0
2310050C09Rik,0.0,0.0
2310057J18Rik,0.47652920703648416,0.25555345956664705
2310057M21Rik,-0.18581159691992433,-0.14977233964391168
2310057N15Rik,0.0,0.0
2310061I04Rik,0.30372978756130564,-0.406154153341431
2310061N02Rik,0.0,-0.2218593794753994
2310079G19Rik,0.0,0.0
2410002F23Rik,-0.35641958129979834,0.03573354669288875
2410004B18Rik,0.08616869494160007,0.0802102463648211
2410004P03Rik,0.7963992861024423,-0.509854319455811
2410131K14Rik,-0.004307675298196756,-0.6568680862660798
2410137M14Rik,-0.6391547270196758,0.0
2410141K09Rik,0.8791533303326318,-0.9849923503663142
2510002D24Rik,0.20928235580294796,-0.17832577395249594
2510009E07Rik,-0.2720061137462686,0.5248217870405991
2510039O18Rik,0.6796338366517816,-0.44540569847725475
2610001J05Rik,0.04981982811461627,0.5187044823951599
2610002M06Rik,-0.13689284410563118,-0.269963599389925
2610008E11Rik,0.04969359291191111,-0.3032338151660863
2610021A01Rik,-0.43888200248379405,-0.13858623586565955
2610028H24Rik,0.42794489475983777,0.0
2610042L04Rik,-0.8117921729377144,-1.0709008875564767
2610044O15Rik8,-0.040491740187768244,-0.2846778482668988
2610301B20Rik,0.15531732749516003,-0.1611357791784691
2610318N02Rik,0.7560896504961816,-0.21248637938050718
2610507B11Rik,-0.25726343090367365,0.39586803589437913
2610528A11Rik,-0.410928077090138,0.7826030664602133
2610528J11Rik,0.0,0.0
2700049A03Rik,0.3967101786056446,-0.16207198458208083
2700062C07Rik,0.21071473085375736,-0.19955926491730835
2700081O15Rik,0.09435479282273285,-0.03155704565906703
2700097O09Rik,0.2488042787860678,-0.3748767705005269
2810004N23Rik,-0.1414559427366271,0.3667044693866899
2810006K23Rik,0.1288190119666055,-0.047887530071818674
2810021J22Rik,0.09784132567849468,-0.1256893267370618
2810408A11Rik,-2.8201267737412223,-1.0924420259511933
2810459M11Rik,-0.8579622249556138,-3.279079292983134
2900026A02Rik,-0.35298268876287153,-0.2918343962541794
2900092C05Rik,0.0,0.0
3110001I22Rik,0.2833201931804714,0.20287686229628044
3110009E18Rik,0.6175032452081686,-0.140907870633745
3110021N24Rik,0.9268832195771015,-2.392575674002713
3110040M04Rik,0.0,0.0
3110040N11Rik,0.1116774761835373,0.7964340781977155
3110082I17Rik,-0.033126097335527405,0.6942001580398447
3110082J24Rik,0.0,0.0
3300002I08Rik,0.36666401646109215,-0.6793549411806739
3425401B19Rik,-3.3866653878399546,2.178925465537402
3830403N18Rik,0.4887324853054995,-0.22532623048636502
3830406C13Rik,0.10961505289248485,-0.15812947161480473
3830417A13Rik,0.0,0.0
4430402I18Rik,-0.07901913081717726,1.4804672195342192
4632433K11Rik,2.7009321304068137,-2.81179417244213
4833420G17Rik,-0.18102769263395757,-0.02060708536612843
4833423E24Rik,-0.7656110441484385,0.0
4833427G06Rik,0.3754544065188601,0.0
4833439L19Rik,-0.4017712799720208,0.054960269930340644
4921504E06Rik,0.0,0.0
4921507P07Rik,-0.913904463386602,-1.8012229194094824
4921509C19Rik,0.0,0.0
4921511C20Rik,0.0,0.0
4921517D22Rik,0.0,0.0
4921524J17Rik,0.15202119873919795,-0.1233573873753171
4921524L21Rik,0.0,0.0
4921536K21Rik,-0.3901566376295784,-0.2152727868316063
4921539E11Rik,0.3822586798994121,0.0
4922502D21Rik,0.0,0.0
4930402F06Rik,0.0,0.6476112433817882
4930402H24Rik,0.04803607400940457,-0.5792888050062768
4930402K13Rik,0.0,0.0
4930404H24Rik,0.0,0.0
4930404N11Rik,-0.12392837050855743,-0.3938001753454099
4930407I10Rik,0.22888442284205604,-0.21283904559181435
4930412O13Rik,0.0,0.0
4930415L06Rik,0.0,0.0
4930415O20Rik,-0.2516315832354771,-0.21283904559181435
4930430A15Rik,0.0,0.0
4930430F08Rik,-0.49254981802695674,-0.24993205700539356
4930432K21Rik,-0.23015128168188959,-1.0284095762745418
4930432M17Rik,0.0,0.0
4930433I11Rik,0.0,0.0
4930438A08Rik,-0.5943971008795529,1.1324632792550837
4930444G20Rik,-1.1071541085755745,0.0
4930444P10Rik,-0.9109674283055205,-0.9580310960231218
4930447A16Rik,0.0,-0.4427166047663706
4930447C04Rik,0.690278299652114,-1.0578346005983708
4930447F04Rik,0.0,0.0
4930449I24Rik,0.0,0.0
4930451I11Rik,-0.1455980326561761,-0.21283904559181435
4930452B06Rik,1.4832776182310763,-1.54314470942801
4930453N24Rik,0.3262750647526609,0.2707991845869664
4930455H04Rik,0.0,-0.34915265822807906
4930467E23Rik,0.5635551714567066,-0.9214551289278479
4930469K13Rik,-0.2547346924523244,-1.4491455072940553
4930470P17Rik,0.0,0.0
4930474N05Rik,-0.09069921053387064,-1.401413212955576
4930480E11Rik,0.0,0.0
4930480G23Rik,0.0,0.0
4930486L24Rik,-1.129999124009363,0.4274532115271623
4930502E18Rik,-0.7164598330997705,-1.716662942111948
4930503B20Rik,0.0,0.0
4930503E14Rik,0.3822586798994121,0.0
4930503L19Rik,0.037886515271791765,-0.4260923591054979
4930505A04Rik,0.0,0.0
4930512M02Rik,0.41462599572767145,-0.898715068156879
4930513O06Rik,0.0,0.0
4930516K23Rik,0.22379985217004805,-0.6283816033813495
4930519G04Rik,-1.0298417154240669,-0.6017005205991044
4930522H14Rik,0.0,0.0
4930522L14Rik,-0.3911199152412035,0.04097400332821621
4930523C07Rik,1.0405560980422752,-0.37902210216760057
4930524B15Rik,-0.7545535838158223,-0.5863532064420514
4930524N10Rik,0.0,0.0
4930539E08Rik,-0.7984578748536331,-0.34372558695314837
4930544D05Rik,0.0,0.0
4930544G11Rik,0.0,0.0
4930548H24Rik,0.6770153932519527,-0.08356602072331043
4930550C14Rik,0.8858570611258703,-1.3637225229857144
4930550L24Rik,-2.420399977798148,-1.680920458747448
4930555G01Rik,-0.48016876947433335,0.0
4930556J24Rik,-1.2996540206567757,0.15302654643010943
4930558C23Rik,0.47652920703648416,0.0
4930558K02Rik,0.09621159024426462,-0.7972650795474591
4930562C15Rik,-0.5444545447436582,-0.6518565720754372
4930563E22Rik,0.4300392651552114,-0.7705741824877164
4930563M21Rik,0.23452371786357948,-1.3966797151185495
4930564D02Rik,0.0,0.0
4930568D16Rik,0.5553908421441962,0.0
4930572O03Rik,0.0,0.0
4930578G10Rik,0.28535271820098806,-1.0753852514497884
4930578I06Rik,0.0,0.0
4930579F01Rik,0.0,0.0
4930579G24Rik,0.4422390532312477,-0.658623242800803
4930583I09Rik,0.47652920703648416,0.0
4930590J08Rik,-0.9452703383280028,0.43032458337117374
4930595D18Rik,0.0,0.0
4930595M18Rik,0.0,0.0
4930596D02Rik,0.0,0.0
4931400O07Rik,0.0,0.0
4931406B18Rik,1.0908278592940013,-0.24431098970421622
4931406C07Rik,-0.22245868197887297,0.33736258893623017
4931406P16Rik,-0.12448466782869261,0.07898691414777304
4931408C20Rik,0.0,0.0
4931414P19Rik,-0.9724753658051295,-0.6015712400985382
4931417E11Rik,0.0,0.0
4931422A03Rik,-0.026006356570020372,-0.36649294625652384
4931423N10Rik,0.9929363024519685,-1.9240719949482132
4931428F04Rik,-0.8445180220106128,-0.31821447164280414
4931428L18Rik,-0.3681752925118766,0.0
4931429L15Rik,-0.82545130628735,0.0
4931440F15Rik,1.2107495351614768,-0.7979703058589891
4932411N23Rik,0.6701496069283308,-0.4595837765358225
4932414N04Rik,0.18978346001590163,-0.31037460333886857
4932415D10Rik,1.542485936870116,-0.21283904559181435
4932429P05Rik,0.0,0.0
4932438A13Rik,-0.08180750128709491,-0.2540813422230812
4932438H23Rik,1.1390241371427274,-3.1149386928055085
4933400A11Rik,0.7131159985834117,0.0
4933402D24Rik,-0.3256055235565718,0.6214443384251693
4933402E13Rik,0.0,0.0
4933402J07Rik,0.0,0.0
4933402N03Rik,0.0,0.0
4933402N22Rik,0.0,0.0
4933403O08Rik,0.0,0.0
4933405L10Rik,-1.1196301058232407,-2.9964944136059475
4933405O20Rik,0.0,0.0
4933406M09Rik,-0.5447440054998252,1.0168223661404476
4933407L21Rik,1.4635270617589473,1.0966135025736472
4933408B17Rik,0.5122864025860681,-2.0285765345452744
4933409G03Rik,0.0,0.0
4933411K16Rik,-0.7267549037164459,0.0
4933412E24Rik,0.0,0.0
4933414I15Rik,0.0,0.0
4933415F23Rik,0.0,0.0
4933417A18Rik,0.0,0.0
4933421I07Rik,0.0,0.0
4933424G06Rik,-0.019991173333002155,-0.42979748642762006
4933425L06Rik,0.0,0.0
4933427D14Rik,0.2500354973354657,0.4159224096682115
4933428G20Rik,0.38290689743667494,-1.5035532837301098
4933428M09Rik,0.0,0.0
4933430I17Rik,-0.5641981649471246,-1.5315355844793177
4933434E20Rik,-0.1160417108601397,0.30770477031759746
4933436I01Rik,0.0,0.0
5031410I06Rik,0.0,0.6554494477255334
5031439G07Rik,0.41849570680025217,0.1666234054413369
5330417C22Rik,-1.0249375602969426,-0.5157880951448703
5430401F13Rik,0.0,0.0
5430402E10Rik,0.0,-0.4569204579033296
5430403G16Rik,-0.4441283175424431,-0.4371390164216784
5430419D17Rik,1.2787790694519998,-1.9946342335834295
5430427O19Rik,0.07986476173019064,0.9432747185625683
5530400C23Rik,0.0,0.0
5530401A14Rik,0.9695611939669027,-0.3773616727914293
5730409E04Rik,-0.14630470769919945,-0.8539848571619677
5730455P16Rik,-0.13236649376030485,-0.1707321152775787
5730480H06Rik,0.1394212847192886,-0.20003711180908645
5730507C01Rik,1.8054701995745894,-1.8095621106616004
5730522E02Rik,-0.34662113368209146,-1.5244697701169827
5830411N06Rik,0.0017847582903269266,0.0
6030458C11Rik,-0.21646020114822484,0.3335851208181495
6030468B19Rik,-0.16790582184960634,0.5691271099019977
6030498E09Rik,-0.3051307835548861,0.0
6330403K07Rik,-0.3466014769147616,0.08467820541941684
6330409D20Rik,-1.9124104394621215,-1.857721687794505
6330411D24Rik,0.7006378737908727,-2.2559103847165383
6430531B16Rik,-0.12231874233912077,0.13647953887833886
6430548M08Rik,-0.11735554534977588,-1.2915519286890849
6430550D23Rik,-0.8926027942014372,-0.6431134635214137
6430571L13Rik,0.06574390602715674,-0.6893721012458114
6430628N08Rik,0.0,0.0
6720489N17Rik,0.04669761612980938,-0.022979343075107295
6820408C15Rik,-1.0403260427002472,-0.8939893317856189
7420426K07Rik,0.0,0.0
7530416G11Rik,0.0,0.0
8030462N17Rik,0.2128636270205444,-0.331501997258961
8030474K03Rik,0.0,-1.5488587072983948
9030025P20Rik,0.09376356854065726,0.1650732901762506
9030624G23Rik,1.5771582763118164,-1.1535482370618375
9130008F23Rik,1.5336021157263078,-0.8574231661975906
9130019O22Rik,0.38057711393895133,0.27837485791392247
9130023H24Rik,-0.13920256012063525,0.04059332150427153
9130204L05Rik,-0.18383471548401398,-0.6288390039710603
9130230L23Rik,0.5006266764770229,-0.37532756864475214
9130401M01Rik,-0.24729830846024292,0.4177418947185956
9130409I23Rik,0.7540427551864661,0.0
9230102O04Rik,0.0,0.0
9230112D13Rik,0.22888442284205604,0.0
9330102E08Rik,1.0196257996531068,-0.32098535677229467
9330159F19Rik,-0.05949462144160833,-1.9739484997891257
9330182L06Rik,-0.7945573816240898,-0.9866289518799842
9330182O14Rik,-0.22915837926285726,-0.34915265822807906
9430007A20Rik,-0.48016876947433335,0.0
9430015G10Rik,-1.0686063412529325,-0.17976330899598203
9430038I01Rik,0.20783595936051658,0.6406168469885367
9430069I07Rik,0.31231304629449763,0.4241908655511506
9530002B09Rik,0.0,0.0
9530003J23Rik,0.0,0.0
9530053A07Rik,0.7732545682233036,-0.09414011908569186
9530068E07Rik,-0.23717662943901985,0.46503143359264243
9530077C05Rik,0.129130094897711,0.00508725392447662
9630041A04Rik,1.0944534022430839,-0.6992123658176433
9830107B12Rik,0.6307909196715651,-0.6520777025349491
9930012K11Rik,0.18384463204372015,0.6369960600635762
9930021J03Rik,0.19140563631060914,-1.0171956116901537
9930022D16Rik,0.0,0.0
9930104L06Rik,-0.2483655916261398,0.21264931172491153
9930111J21Rik1,-0.5264104332070207,0.8624784909679928
9930111J21Rik2,-0.07750775585797243,0.7281971786145895
A030003K21Rik,0.0,0.0
A030005K14Rik,0.0,0.0
A030005L19Rik,0.10490332121591117,-1.1419289705840139
A030014E15Rik,0.664845959483704,0.0
A130010J15Rik,0.23950945790154243,0.09577504535275949
A1bg,1.7065975879182138,-0.9111929256852058
A1cf,0.2667182082057698,0.0
A230072I06Rik,0.0,0.0
A26c2,0.0,0.0
A2m,1.3006848593321632,-3.0366883360919754
A2ml1,-0.05251918477050621,-2.367326045246787
A330070K13Rik,0.0,0.0
A3galt2,0.10552122288462717,-2.191234002064226
A430005L14Rik,0.15802765861550583,0.26626738746645096
A430033K04Rik,0.14448929487539353,-0.2523127186149612
A430089I19Rik,-0.22915837926285726,0.0
A4galt,1.1671533282451607,-1.854825351789601
A4gnt,0.0,0.0
A530016L24Rik,-0.3567848041086102,0.0
A530032D15Rik,-0.9205647092501468,1.6687041596703
A530064D06Rik,-0.0023054735194367737,0.8202617033616235
A530084C06Rik,0.0,0.0
A630001G21Rik,-1.0765852803924147,0.6782275625527614
A630010A05Rik,-0.12207357195970303,-0.20194256853623616
A630023A22Rik,0.0,0.0
A630073D07Rik,0.0,0.0
A630076J17Rik,0.0,0.0
A630089N07Rik,0.06166975081689685,-0.49477551580512724
A630095N17Rik,-0.34157077570213734,0.1896862470624503
A730009L09Rik,1.3700247684323914,-1.7482791407743425
A730046J19Rik,-0.4058071855636829,-1.040483909414899
A730049H05Rik,1.1707740725523494,-0.7335250456593905
A730071L15Rik,0.21957059861020856,0.07786651612326878
A830005F24Rik,0.38605899358110696,-0.8038344602853824
A830018L16Rik,-0.2629332151486672,0.6118967240605571
A830031A19Rik,0.0,0.0
A930002H24Rik,1.7160417428413741,-1.0337156655484163
A930003A15Rik,1.4146700674664174,-1.1731996317277336
A930004D18Rik,0.5856675477051727,-0.551747822133926
A930009A15Rik,0.6764412541644846,-1.577421164092775
A930017K11Rik,-0.9679118304748879,-0.34849155395006015
A930018P22Rik,1.9902892237093086,-0.6295497408548241
A930033H14Rik,0.11259047331732841,-1.160914193621891
AA467197,1.4656005923657687,-1.0473306597831828
AA792892,-0.650542873957226,-0.21283904559181435
AA986860,0.20490493451108893,-1.436924751344418
AB124611,-0.3976033648628716,1.4602310143552817
AC124742.1,0.0,0.0
AC124764.1,0.0,0.0
AC132407.1,0.0,0.0
AC140267.1,0.0,0.0
AC141477.1,0.0,0.0
AC149091.1,0.0,0.0
AC150683.1,0.7121947223436716,0.3985688724631767
AC151602.1,0.0,0.0
AC166256.1,0.0,0.0
AF067061,0.006833376744820985,-0.8027106699794786
AF067063,0.0,0.0
AF366264,0.5595521795265417,0.14440843608348947
AI182371,0.2676212914020688,0.31602795315681975
AI413582,0.1963840852524914,0.29046407977830135
AI429214,-0.23873813319289727,0.32010247829235894
AI467606,-0.026772764167178664,0.7930920405626587
AI593442,-1.7726606864295142,-0.5794385755595695
AI597479,-0.44691659185087573,-0.1729293337244151
AI661453,-0.6443460087396806,-0.34915265822807906
AI837181,-0.19125327440481676,-0.5254911263524722
AI854703,-0.7251485654548944,-0.21513370253545627
AI987944,-0.10085829039376826,0.2652902941144877
AK157302,-0.3567848041086102,0.39733753613432565
AL607142.1,0.0,0.0
AL731706.1,0.4083744771071265,-0.24304166190971532
AL731706.2,0.0,0.0
AL845275.1,0.0,-0.08373498221754794
AU015836,-0.22915837926285726,0.0
AU018091,-0.3681752925118766,0.0
AU021092,0.684618108907487,-0.15164040141559454
AU022252,-0.11987588023663776,-0.09538143884223516
AU022751,0.0,0.0
AU040320,-0.37016283072114575,0.3063354084302148
AU041133,0.850974028634031,-0.06064897361089727
AV320801,0.0,-0.5231910912048338
AW146154,0.5209585950512992,0.7051103004196033
AW209491,0.18329802464461054,-0.5229593737844294
AW549877,-0.354351833551787,0.1349589490351466
AW551984,-2.454301908997302,1.4354013957741525
AW554918,0.22260683568640438,0.13205277595941922
AW822073,0.23452371786357948,0.0
AY074887,-1.876069772121216,0.01914763088333382
AY358078,0.0,0.0
AY761184,0.0,0.0
AY761185,0.0,0.0
Aaas,0.06292760435324496,-0.05238398461773741
Aacs,-0.16740195830285032,0.29079306685210504
Aadac,0.0,-1.059077938387396
Aadacl2,0.0,0.0
Aadacl3,0.0,0.0
Aadacl4,0.0,0.0
Aadat,0.0,0.4309937880842236
Aagab,-0.6876036388398585,0.6198826108635487
Aak1,-0.5044570343331927,-0.44448961752502747
Aamdc,0.4451314355062319,-0.2964286289839926
Aamp,-0.3218029567966365,0.14146819079142503
Aanat,0.0,-1.3745925527617955
Aar2,0.030398397466978366,-0.09257916184839665
Aard,1.4478273223730551,-0.544094441261811
Aars,-0.12883519362173246,0.005036689288235863
Aars2,-0.4028989807749159,-0.48006681173173327
Aarsd1,0.2756153619479491,-0.19745974478316342
Aasdh,-0.09714549066011458,-0.4048548313606055
Aasdhppt,0.19636567829940432,0.19339553928503683
Aass,0.27866155300091133,-2.7884449309366612
Aatf,-0.4339525237638,0.19625747875294586
Aatk,-0.06769139764801402,0.0489292229005347
Abat,-1.0908980712159924,-0.40380802772447844
Abca1,-0.478407027401456,0.9355401911290233
Abca12,0.021234907308737894,0.0
Abca13,0.5425389956917295,-0.6024177196399103
Abca14,0.926070940029645,-1.4799300379533777
Abca15,0.0,0.0
Abca16,-0.3493402176101932,0.0
Abca17,-0.020159917934878813,1.3805562124152253
Abca2,-0.15571522419913464,-0.47388214319515853
Abca3,-0.37150979499083725,0.3552225406148857
Abca4,-0.09323591594661451,-1.1553695284953314
Abca5,-0.3845000308655262,-0.6465324566876838
Abca6,1.2362532465453056,-2.035078096256316
Abca7,-0.3715112319775109,0.31371297775561224
Abca8a,1.156209413168142,-0.9434914299322106
Abca8b,0.13759026440566569,-1.5296020646603212
Abca9,-0.6412020715100137,1.2177133261671713
Abcb10,0.15703165373560957,0.557025071094305
Abcb11,-0.711730413951901,-4.4043194814027835
Abcb1a,0.557602001717397,-3.5979247794563567
Abcb1b,-0.05039336861103649,1.1972726219273806
Abcb4,0.32269232944973414,0.2489708127985093
Abcb5,0.0,0.0
Abcb6,-0.499239483060812,0.04757924606415109
Abcb7,0.054668072418929015,0.18996777651813623
Abcb8,0.051671111015036075,-0.26839223937516543
Abcb9,-0.17348319220807795,-0.3948731434859205
Abcc1,0.1915041356647187,0.10282985093718544
Abcc10,-0.21119142652834633,-0.3784229127031562
Abcc12,1.111396193667099,-0.2218593794753994
Abcc2,-1.6674044996809703,-1.3544263695890322
Abcc3,-0.7686952257149979,0.9572490467750541
Abcc4,0.10859619869453763,0.025660303597130785
Abcc5,-0.40305802802676105,0.17788184246339256
Abcc6,-1.0573283215717355,-2.4769273242928627
Abcc8,-0.9152378243111841,-2.0665667064586053
Abcc9,1.8204747043921925,-3.1384917578432088
Abcd1,-0.37503631824628236,0.9172855622985434
Abcd2,-0.05672246602592246,0.40928941059799584
Abcd3,-0.11599059502036901,0.03914260812562809
Abcd4,-0.13304360732900378,-0.7801229620864518
Abce1,-0.219154398781102,0.44007392668472534
Abcf1,0.02870391764059299,-0.010317109391166923
Abcf2,-0.22136103675448382,-0.08919134310546895
Abcf3,-0.45280293037056474,0.09384551594908608
Abcg1,-0.09267789607064003,-0.2109470133154865
Abcg2,-0.35050721578751975,0.2789967750131641
Abcg3,-2.156933118224554,1.5051132830910126
Abcg4,-0.38957034768755605,-0.7205268279444912
Abcg5,0.0,-0.9445629945830654
Abcg8,0.0,0.0
Abhd10,0.19505513216559578,-0.23744501974421262
Abhd11,0.7446958224564284,0.016803376406391735
Abhd12,-0.21964369480915735,1.3544754085109165
Abhd12b,0.434937023560388,-1.0486648326366592
Abhd13,0.3197136058479355,-1.1577635252429275
Abhd14a,0.30414519153929476,-0.22474658634581957
Abhd14b,0.3665896918774756,-0.6825594342496686
Abhd15,-0.8205269878891723,1.161495838842967
Abhd16a,-0.2769215210283118,0.12131666916456574
Abhd16b,-0.9590553490250384,0.2466603964241707
Abhd17a,0.7677515900714162,0.6952661379798357
Abhd17b,0.8499229884161954,-1.1763259177063414
Abhd17c,0.26728002028565356,-0.25012904602863095
Abhd18,0.2081164735618195,-1.572393857440546
Abhd2,-0.2807737733049507,-0.6550448880324566
Abhd3,0.22832253362600685,-0.5694897830341032
Abhd4,-0.317842536445049,0.3242889023256783
Abhd5,-0.039515114014433195,-0.07772374958657657
Abhd6,-0.1293429148845,0.0713510252286298
Abhd8,-0.15189549526116863,-0.5851582762499916
Abi1,-0.4523967512310225,0.9175393162021148
Abi2,-0.5470880522294408,-0.22139848623508662
Abi3,-0.17091144123620516,0.9919550400772064
Abi3bp,1.7000632560190372,-1.433431643460616
Abitram,-0.42018365661231094,0.07262631534086594
Abl1,-0.4316623303813234,0.24328471992231115
Abl2,0.13397226354721958,-0.5021646400951116
Ablim1,0.16142256094545537,-0.7269909863485253
Ablim2,-0.5659980884117441,-0.4752935801276337
Ablim3,-1.074580063688087,-0.7646715149021661
Abo,0.0,0.0
Abr,-0.4365782849389781,0.07788904589236978
Abra,2.4701204266310617,0.35805993229415467
Abracl,-0.25572572140514893,1.2057660436153697
Abraxas1,0.4454564577832638,-0.4451125162220855
Abraxas2,-0.05882053048385494,0.1407078894937328
Abt1,0.262193037882513,0.5622519434874391
Abtb1,-0.3137495110958781,0.08011888651894594
Abtb2,0.4986081473290733,-1.2713059847651023
Acaa1a,-0.43042790140562914,0.41611516729129505
Acaa1b,-1.6971017344113726,-2.2550541753296733
Acaa2,0.12334019679416386,-0.023815847900639397
Acaca,0.5967722347651545,-0.7524228192230549
Acacb,0.8939310088828893,-2.4290340467492846
Acad10,-0.265057191801537,-0.29887489982517934
Acad11,-0.5865561215990951,-0.3451701907988127
Acad12,-0.09693118566974412,0.20145086778488697
Acad8,-0.17436044263592088,-0.03597469631817951
Acad9,0.020664570683923245,-0.3884808375629003
Acadl,-0.20828615576431986,0.882897832992013
Acadm,0.032937676161660434,-0.06043115350294315
Acads,-0.45628465982093047,1.119353062545981
Acadsb,-0.347082509255765,0.41158995869369264
Acadvl,-0.24147684237122746,-0.06091480193432197
Acan,-0.7920540898997143,0.0
Acap1,-0.08196129415318865,0.04878929610057536
Acap2,-0.2884823010126514,0.822880702684218
Acap3,-0.4029282202517397,-0.14048795443197548
Acat1,-0.21029075431384392,0.010646288050381258
Acat2,-0.3197415291036254,0.08897543266064822
Acat3,-0.6290620005855798,1.2557341782376006
Acbd3,-0.3568291983621119,0.7818992560044915
Acbd4,-0.008563899764224558,-0.7469204210054556
Acbd5,-0.3583205094884345,0.39872615659228217
Acbd6,0.512940178031041,0.3057932496511686
Acbd7,0.6617657586754406,-0.9732938356556189
Accs,-0.46109271614409586,0.8486306649617426
Accsl,-2.17487142186563,-1.1591209942031153
Acd,-0.0426629133331442,-0.20141267744316416
Ace,-0.9525163894114961,0.8566208692271733
Ace2,0.7291753113132433,-1.8008647615870637
Acer1,1.6579873027061147,-0.3020504680044862
Acer2,0.6234215580980074,-1.0869906047224625
Acer3,-0.09739565075335577,0.9985182687273948
Ache,-0.5271503065752707,-0.5370827288070714
Acin1,0.3382625369392276,-0.278517971815349
Ackr1,0.5447870004893103,-1.3697511225427101
Ackr2,-1.7978763061845895,-0.11468186616492093
Ackr3,-0.18401067790244152,-3.1284276845758505
Ackr4,-0.6120594139243707,-0.08108958286392731
Acly,-0.4937384114333998,0.5078364562954487
Acmsd,0.9231674973196995,-1.9645565493563613
Acnat1,0.5247954152371275,-0.5863532064420514
Acnat2,0.2667182082057698,0.0
Aco1,-0.46059856593486437,0.5904227160140323
Aco2,-0.24399932307828287,-0.16128213840950245
Acod1,1.2402969380710775,1.5106791966586517
Acot1,1.4537513356753378,-0.684670562728984
Acot10,3.2613449802500782,-2.052660744816951
Acot11,0.08013544889445079,-0.29605661674080963
Acot12,1.0887001461124117,-0.4427166047663706
Acot13,0.33917569540910364,-0.1401457764638092
Acot2,-0.06325638667762767,0.23308780639245086
Acot3,1.5278589405356415,-0.7557818625829857
Acot4,0.047610870825256946,0.7787384703750693
Acot5,0.0,0.0
Acot6,0.6103731905599581,0.7342443350899259
Acot7,-0.4089369662440596,-0.5558725151004165
Acot8,0.06737184079123537,-0.15429521265461155
Acot9,0.23542596353641443,0.8903269743427469
Acox1,-0.356514934934955,-0.17017954214021458
Acox2,1.2702350487514042,-0.908931699106119
Acox3,-0.49355738775769,0.8955977864237141
Acoxl,0.5899157281565937,-1.7374489794003174
Acp1,0.4539531132057437,-0.13207710079351997
Acp2,-0.483115729684938,0.6848627777023424
Acp4,1.2378910740000537,-0.66457598424177
Acp5,0.022853654296230097,2.185148646349444
Acp6,-0.08233825799788619,0.2515226692523278
Acp7,0.0,0.0
Acpp,0.14898205154073674,0.05305426948260461
Acr,-1.2794874716734228,0.12054570093278194
Acrbp,0.03248035150873285,-1.0764229221432888
Acrv1,0.3754544065188601,0.0
Acsbg1,-0.9717362757822627,3.3702075929320268
Acsbg2,0.0,0.0
Acsf2,0.5573183321187534,0.24591638308091213
Acsf3,-0.45449614453723264,-0.8083361869674661
Acsl1,-0.0652294874428545,-0.1661454304193235
Acsl3,0.028696157880171214,0.06478418762070426
Acsl4,-0.3054229265984105,0.8853810005329645
Acsl5,-0.19006800280184244,0.9750158283149286
Acsl6,0.4091713052446071,-0.7584672679704774
Acsm1,0.0,-2.5004807342369944
Acsm2,0.0,-0.6868404649911545
Acsm3,-1.3422242700443572,-0.4430064421730894
Acsm4,0.0,0.0
Acsm5,0.0,-0.6822181036319194
Acss1,-0.5107152262674397,1.126658107206275
Acss2,-0.10376382848711607,-0.6203060482149425
Acss3,0.8722063570862124,-1.0972005583298996
Acta1,-0.576550620353844,-0.11765244540598196
Acta2,1.2641491916981167,-2.1370456120076966
Actb,-0.3961034603970255,0.19830250540009686
Actbl2,0.0,0.0
Actc1,0.9576473004985573,-3.3519169281102696
Acte1,-0.4682678221951381,0.0
Actg1,-0.19680152407467943,0.3118700316706029
Actg2,0.13855334179499393,0.0
Actl10,-2.024690107328722,-0.668992344662211
Actl11,0.0,0.0
Actl6a,0.13982335684522518,-0.3168529765307415
Actl6b,-0.9421076383255347,-0.5799686725944806
Actl7a,-0.15524879236611921,0.0
Actl7b,0.0,-0.2152727868316063
Actl9,0.0,0.0
Actn1,1.2226553019534734,-0.989283281885994
Actn2,-1.1565529306810833,-1.011837971621055
Actn3,0.25366530805612786,-0.745203238472413
Actn4,-0.326057274682654,-0.02876257556941475
Actr10,-0.0717533244828843,-0.06431549751969357
Actr1a,-0.32268903955912087,0.08749350817333301
Actr1b,-0.23876540809249747,0.07471286132676269
Actr2,-0.06318468411433642,1.04453110597394
Actr3,-0.193371408442788,1.0126108347242102
Actr3b,-0.662531314765074,0.012845222419894498
Actr5,1.278875994389514,-2.1836941385029176
Actr6,0.1483159692471716,-0.05750673854213595
Actr8,-0.2281888645828971,0.05003707431430193
Actrt1,0.0,0.0
Actrt2,0.0,0.0
Actrt3,2.2418148926981316,-1.3449895767045408
Acvr1,-0.3820234712839845,-0.6188393800601801
Acvr1b,-0.1625584226908101,-0.5181349337189998
Acvr1c,0.28519491012382514,-0.2152727868316063
Acvr2a,-0.041758683313734224,-0.036029256533341325
Acvr2b,1.921161949579595,-1.1875205955330355
Acvrl1,0.7430000625829187,0.8486013916158548
Acy1,0.11034582247097191,0.09311211877919767
Acy3,-0.06232238596886219,-3.789209917311369
Acyp1,0.2588615232793847,-0.0181696126823514
Acyp2,0.213224015335304,-0.5335887632112621
Ada,0.3728629475149834,1.3422408351022925
Adad1,0.0,-0.34915265822807906
Adad2,-0.2154087266458899,-1.072666422383489
Adal,0.07244961629112545,-0.5816279400950055
Adam10,-0.4669165210480024,1.0227217483548614
Adam11,-0.3620501302416361,-0.3814787307210672
Adam12,0.07534242475084652,-2.4070865178621115
Adam15,-0.4002315870749591,1.333199275856913
Adam17,-0.553313425021269,0.9908977063273401
Adam18,0.0,-0.19189360904781022
Adam19,-0.6803107084885429,0.7268411049243131
Adam1a,-0.2312143620890481,-1.7583193310178453
Adam1b,0.9265136902794855,-2.2469178688862153
Adam2,0.0,0.7048294400954226
Adam20,0.0,0.0
Adam21,0.2669478900907478,-2.1172253512267183
Adam22,-1.6030324219799947,-0.2795427619002986
Adam23,0.6449977113065861,-1.443054522170696
Adam24,0.0,0.0
Adam25,0.0,0.0
Adam26a,0.0,0.0
Adam26b,0.8768724758035196,0.0
Adam28,0.7031147476453485,-0.3663591249362277
Adam29,0.0,0.0
Adam3,-0.7158463599905946,1.0961648719114683
Adam30,0.0,-0.2218593794753994
Adam32,0.46410322035730855,-1.815739380228937
Adam33,-0.6442836417355355,1.2577239500298987
Adam34,0.0,0.0
Adam39,0.0,0.0
Adam4,0.12952094165434902,-0.5919183718157819
Adam5,0.4640375719671853,1.0252163755131019
Adam6a,0.0,0.0
Adam6b,0.0,0.0
Adam7,0.7856417252389842,-1.4362444718935272
Adam8,-0.014059093122797073,0.15829359501200813
Adam9,-0.2618542155878707,0.6392150686735381
Adamdec1,-2.3823158856570776,-0.931875947995425
Adamts1,-0.6158287628404473,-0.8545298666768169
Adamts10,0.012210772872849773,-0.43163694780616524
Adamts12,-0.24840234908075987,-0.2479810994369923
Adamts13,-0.587845245459796,-2.311454140906751
Adamts14,1.0527180204186346,0.035550208886954066
Adamts15,-3.3648388130889346,-3.3186125673498146
Adamts16,0.34792044395543087,-0.1897033895928093
Adamts17,-2.0225081284421056,-1.7518633722810697
Adamts18,-0.07807693695094198,0.6554030394906976
Adamts19,1.057335242496298,-1.2388328414638918
Adamts2,0.2175064504283064,-0.7113962153378406
Adamts20,-0.9602795614587096,-1.8396601899890737
Adamts3,0.08778341597958939,-1.178819219410741
Adamts4,-1.120873997595658,0.09880277741960164
Adamts5,0.9979471322131772,-1.0293609749508885
Adamts6,0.3701152764256648,0.9087666228448512
Adamts7,-1.6079157285760446,-0.4480800004417087
Adamts8,3.1183640810946915,0.42004147012075066
Adamts9,0.6337456019371857,-2.6435207929139164
Adamtsl1,1.0820919791140833,-1.680788192978552
Adamtsl2,-0.23782962895717574,-0.9311734460847898
Adamtsl3,0.11845151174851465,0.0798012358862712
Adamtsl4,0.8687298454972883,-1.0662850640860215
Adamtsl5,1.152573794338669,-0.12459683843721336
Adap1,0.048014159418989344,0.2073678870473259
Adap2,-0.5721935240452076,0.9734975538729298
Adar,-0.022316416887719015,0.429732234875015
Adarb1,-0.4142539822332285,-0.020991076233183747
Adarb2,-1.246120616018466,-1.3007886029417897
Adat1,0.3463182466310961,-0.12589826074327526
Adat2,-0.35060240030023504,0.303487683887381
Adat3,0.3185056749207149,0.3481753799314289
Adck1,-0.15111095336385638,0.28444821355084215
Adck2,-0.15654833024658288,0.024987299486644687
Adck5,-0.04006019183123399,-0.5856255752577155
Adcy1,1.2376627238269862,-1.5931706707486963
Adcy10,0.9404193548263304,-0.9980416962152314
Adcy2,0.09393542645025921,-1.116469783748343
Adcy3,-0.3734360941760846,1.8512640435345116
Adcy4,0.5191315842382185,-0.5329508876141773
Adcy5,-1.0720976216030254,-0.9795119686115346
Adcy6,-0.40917004757539477,-1.491398877467235
Adcy7,-0.2805767428107835,0.8972453715605191
Adcy8,-1.3381574559147325,-0.5826524628882908
Adcy9,0.3075217218738988,-0.6207633851604859
Adcyap1,0.2955808948117862,-3.899804296731685
Adcyap1r1,-0.8676445684981333,-3.3956354224299217
Add1,-0.4584460480095043,-0.08166415855399123
Add2,-0.9815627773560891,-1.0099108693529484
Add3,-0.006561933965713251,-0.2624991686108302
Adgb,-0.620695390998014,1.2089973250040682
Adgra1,-0.43929747375262096,-0.17579847094506462
Adgra2,-0.25831725118333804,-1.0226747474291038
Adgra3,-0.2535878446480426,-2.754808854262322
Adgrb1,0.2739510656965205,-1.7875415921897844
Adgrb2,-0.5790791467382297,-0.9958019812501444
Adgrb3,-0.974574230093836,-0.6755746910634759
Adgrd1,-1.1911383820289507,0.0
Adgre1,-0.4950142760155476,1.1566649666027171
Adgre4,-1.109859474726143,0.6748165253756016
Adgre5,0.0843018373801474,0.45549249152037774
Adgrf1,1.0567319101062236,-1.1580212299805772
Adgrf2,0.994434779874756,-2.888730096953944
Adgrf3,1.1978853915337497,1.544520493792548
Adgrf4,-0.6140170174664333,-1.8126167492705685
Adgrf5,1.0082452259552959,-1.0812990171580985
Adgrg1,-0.5816923537929224,1.0736907875790216
Adgrg2,1.825512769094725,-2.647261772683816
Adgrg3,-0.32016676251975484,-1.4542003916531954
Adgrg4,1.7477258224579733,0.0
Adgrg5,-1.8746857334360052,2.3521005627213576
Adgrg6,0.44574356493155687,1.7035011463573895
Adgrg7,-0.82545130628735,0.0
Adgrl1,0.1065306182676764,-0.8645796124378382
Adgrl2,-0.09809585128178888,-0.8454797175531823
Adgrl3,-0.8388722868725438,-0.11162862696874853
Adgrl4,0.30261780054472354,-0.7762169427319474
Adgrv1,0.9810148664263885,-1.0542418848349886
Adh1,-1.9200100474585846,-1.588087985419314
Adh4,0.0,0.0
Adh5,-0.036729277718793085,0.04840290973435479
Adh6a,0.8565323501187116,0.25325806877877893
Adh6b,-3.147968298652927,-2.949473895596182
Adh7,0.23452371786357948,0.05466470854783845
Adhfe1,-0.3403889239085771,-0.4566185826286011
Adi1,-0.19264847735864166,0.32444048196661157
Adig,1.208007689365107,-0.760563251677499
Adipoq,0.3914626718798227,0.0
Adipor1,0.33714183598213765,-0.05411488329242431
Adipor2,0.2893628125549945,-0.06841715166401663
Adk,-0.025047820413263366,-0.03408737185856836
Adm,1.8425421304892886,-0.7422502924857368
Adm2,0.47652920703648416,0.0
Adnp,1.1628070775244383,-2.1304741030049255
Adnp2,-0.4420300192226776,0.7715858601379786
Ado,-0.002740098538501101,-0.07410002882962807
Adora1,-0.2276918942447601,0.4878578620720191
Adora2a,0.0335661673208727,-0.12754684007017758
Adora2b,0.3812011221707454,0.6493162079618333
Adora3,-0.45375967844864995,0.9476130507607845
Adpgk,0.9518283776800809,0.6427617461484942
Adprh,-0.2280358936880944,0.10133662664510901
Adprhl1,0.16611034194091978,-4.606763114885462
Adprhl2,-0.07332604824379096,0.8228990848317554
Adprm,-0.07407084902040495,-0.4221176783956295
Adra1a,-1.0176867418510591,-1.162640009475008
Adra1b,-1.5656646023072156,-2.607996023705838
Adra1d,0.46623528169873363,1.0470769117509007
Adra2a,2.3612678534660856,-4.093813090583247
Adra2b,-2.4548032674885487,-1.7407135218617857
Adra2c,0.07421702120449436,-0.6303711157286056
Adrb1,1.2650333152576732,-0.6448458699651063
Adrb2,0.11954227764192815,0.6314823191051655
Adrb3,-0.2875793792168305,-0.17809219788261144
Adrm1,0.0009938939059885854,0.1042588789397243
Adsl,0.12237200915003044,0.211407602367629
Adss,0.16324748492364982,0.2900738510781231
Adssl1,0.21929444453051872,0.16587467849067217
Adtrp,-0.0771686710497832,-1.6455393114981516
Aebp1,-0.7457997147090012,0.2682652420249214
Aebp2,0.23396541768942036,-0.45079620729050873
Aen,0.3465115963699681,0.021775101798302998
Afap1,-0.03159653195528023,-0.26049420871532547
Afap1l1,0.28945437913829863,0.37564990716335345
Afap1l2,-0.9652879403012546,-0.7591663218589852
Afdn,0.43071382835042726,-0.9837691508735134
Aff1,0.10828716383248427,-0.25243699322739666
Aff2,-1.147340266833107,-1.6538850514091505
Aff3,0.16835105303077746,-0.4701085487257606
Aff4,0.1363422191271404,-0.2546381576383556
Afg1l,-0.10404113896053335,-0.8644288454342544
Afg3l1,0.14505212589223504,-0.032791943119429234
Afg3l2,0.9544745929641376,0.10339793248361673
Afm,0.11743523839310666,-1.109715909905578
Afmid,-0.25809060289272345,0.4204880879699271
Afp,0.025529478194734168,1.136433247542561
Aftph,-0.3690812902522129,0.27298640397767393
Aga,0.09181074680415158,0.5837524744805336
Agap1,0.7368834157850959,-0.9957789300507152
Agap2,0.04256612902046264,0.987331838840416
Agap3,0.6820133543290794,-1.50135990713978
Agbl1,-0.7284866239869774,-1.1447149935872394
Agbl2,0.5138141235645008,-0.9100043156467779
Agbl3,0.15722366773285668,-1.767981589895987
Agbl4,-2.0408611298267423,-1.5162704431691318
Agbl5,-0.17575469325255177,-0.16393660345749694
Ager,0.42216347691504374,-0.7676262588667884
Agfg1,0.524000652825233,-0.4343355123301258
Agfg2,-0.07477104473985996,0.20435348372740592
Aggf1,0.5118380148269281,-0.6786896635899105
Agk,-0.08158476475753318,0.23588563854556988
Agl,0.13707588517776514,-0.0007022907038773951
Agmat,-0.6954735844038571,1.2229227231194981
Agmo,-0.03148466943907913,0.8347610542862274
Ago1,-0.11547197277409893,-0.09450305935637715
Ago2,0.2830347368513344,0.2027005601636791
Ago3,-0.16278952898465882,0.12470708327291824
Ago4,0.19933278789432407,-0.297733113925279
Agpat1,-0.32844422946468654,-0.3482144797021096
Agpat2,0.20697069496952736,0.7544662716422508
Agpat3,0.5100979426592325,-0.9090135913935988
Agpat4,-0.2875923575214685,0.38690804859255223
Agpat5,0.6197042504337169,-0.14527158824720487
Agps,0.1984876623199039,-0.09043923763334583
Agr2,1.9932251260581495,-3.0549489404916432
Agr3,0.0,0.0
Agrn,0.4733041471255106,-1.3218259799441938
Agrp,0.1810996865794503,0.5854550875655478
Agt,0.6120104080757383,-2.924098918782912
Agtpbp1,2.137379043863712,-0.533662009977748
Agtr1a,0.028937276013609403,-2.002879151116566
Agtr1b,0.0,0.0
Agtr2,-1.595228596339826,-1.7796250239505143
Agtrap,-0.04428137232314455,0.04845873070355822
Agxt,0.0,0.0
Agxt2,0.0,-0.7282243797812842
Ahctf1,0.5280512887981264,-0.08946008315724718
Ahcy,0.06363502350656347,-0.06463667263748363
Ahcyl1,0.15272739297448013,-0.7472974970541202
Ahcyl2,0.548249722195834,-0.9033836965839654
Ahdc1,-0.9173171967536637,0.07745341961367025
Ahi1,0.3652435345512366,-0.8826833725706198
Ahnak,1.3250916346919457,-0.2359545329958852
Ahnak2,2.230073111719439,-1.3681364082796108
Ahr,2.057536117828082,-0.8381894017900606
Ahrr,1.2756019798674458,-0.9827779175990532
Ahsa1,-0.27860034018572755,0.23689332200790503
Ahsa2,0.27081858836270634,0.3588687908786863
Ahsg,0.0,0.0
Aicda,0.0,0.0
Aida,0.7709253207672742,0.1278742081665527
Aif1,-0.44698896075498773,1.506726590240552
Aif1l,1.2258917243362921,-1.0727849776222795
Aifm1,-0.08536559765718721,-0.036762194890355815
Aifm2,0.03034625927244683,0.059994100303734754
Aifm3,-0.4690881206111852,-1.053963022057487
Aig1,0.20187573725068475,-0.2847499234750117
Aim2,-0.5832560685217292,0.7531757416458369
Aimp1,0.25938549972699576,-0.2778976747400357
Aimp2,0.18679672237347233,0.063785771394123
Aip,0.15105259144722183,0.0007614990447422088
Aipl1,0.7415610689154093,-0.8465554793745067
Aire,0.9723679050769996,-0.9144851526492497
Ajap1,1.2301110692965986,-1.2071867940287735
Ajm1,-0.1923509882771537,0.6341450261921358
Ajuba,-0.3272206839586316,0.7080390028511019
Ak1,-0.7386112751035565,0.5969376605229577
Ak2,-0.15837416469682353,0.398209213928725
Ak3,-0.19709665916851726,0.18046848451534458
Ak4,-0.16828113158405067,-0.8023535938129402
Ak5,-0.7169699707793411,-0.36435185592335095
Ak6,-0.04445212093692419,0.16952394807200832
Ak7,-0.9425911904428097,-0.817943063833403
Ak8,-3.790130669412651,0.33166681245478413
Ak9,1.514477216383507,-1.0888683002534818
Akain1,0.5872750140974103,-0.9443153298829481
Akap1,0.197383598264798,-0.5109645407696242
Akap10,-0.17145007068595497,0.16671207001882848
Akap11,-0.13568294106849166,-0.6945727427874893
Akap12,-0.04422789770777946,-0.5696606865394127
Akap13,-0.7712849325533941,0.9383808148198067
Akap14,0.8724488798256689,-0.44656908196376366
Akap17b,0.7492834229218603,-0.9079511860093117
Akap3,-0.4518310505307288,-0.041981571564157605
Akap4,0.0,0.0
Akap5,-0.5198886372327589,-0.7675134868176414
Akap6,-0.37275399339542936,-0.7051012254415667
Akap7,1.2397426846715565,-0.7915480547334175
Akap8,-0.34149018284275634,0.22022069785101195
Akap8l,-0.10149109893797892,0.152935460850955
Akap9,0.6705947579491713,-0.5309153134127165
Akip1,-0.4378210671767473,0.7723975605201812
Akirin1,-0.41078836628326343,1.0616198569220074
Akirin2,0.6511490952944108,-0.14767939617776982
Akna,-0.15680535580744603,0.48558875928915235
Aknad1,1.1246726758275214,0.0
Akp3,0.0,0.0
Akr1a1,-0.07202722890864699,0.5529965830898771
Akr1b10,-0.2726862722956511,0.7365153957616641
Akr1b3,-0.21338734500088385,0.8545009232052809
Akr1b7,0.5553908421441962,-1.9105900668676261
Akr1b8,3.084302753473296,-2.0542927659100103
Akr1c12,-1.0900204346779363,-0.21739493654927422
Akr1c13,-0.7222009662008722,1.066399702603066
Akr1c14,0.2596206110488338,-1.2793455386736292
Akr1c18,0.0,-1.3343804930745182
Akr1c19,0.2667182082057698,0.0
Akr1c20,0.0,0.0
Akr1c21,1.1124478332071122,-0.1382133571772225
Akr1c6,0.0,0.0
Akr1cl,-0.36011097499585953,0.09345774390563999
Akr1d1,0.0,0.0
Akr1e1,0.2728176625400369,0.3049782314117593
Akr7a5,-0.057261977175549816,0.41114413586547727
Akt1,0.056424387495495054,0.30786138661301443
Akt1s1,-0.04385121572300221,0.46803642726227856
Akt2,-0.23505785860061224,0.03387658487270606
Akt3,0.39154398844185145,-0.6202766822673436
Aktip,0.04892780551371345,-0.4903383557680119
Alad,0.8909381066810553,-0.680660231727515
Alas1,-0.4229350356457964,0.6199341085065129
Alas2,-0.9401119634894659,-3.1548062594864366
Alb,0.4911339092435685,-1.1843939082730852
Albfm1,0.03600465554126364,-0.8248902033194456
Alcam,-0.5097974296357215,-0.841950571495147
Aldh16a1,-0.09382782595178263,0.48628779616042195
Aldh18a1,0.04023516368371993,0.5706243527519579
Aldh1a1,1.3965039651890887,-1.3447401034850044
Aldh1a2,-0.5507100067167867,-1.405202567619469
Aldh1a3,1.5122894774136846,-0.7595271212230843
Aldh1a7,0.4433090939756337,-4.318438403590401
Aldh1b1,0.15858246042342472,1.5782004434430013
Aldh1l1,0.8828948470761464,-0.13528137616996183
Aldh1l2,0.48012412245704184,-0.638270956963404
Aldh2,-0.17875985637334146,0.5579309529197403
Aldh3a1,8.552984069664173,-4.337009162893086
Aldh3a2,-0.14126208196524104,0.5520131405533331
Aldh3b1,-0.24139249988783895,1.2214102658423762
Aldh3b2,-0.49905970288596935,-2.1571301473323476
Aldh3b3,-0.2154087266458899,-0.16094797514971793
Aldh4a1,-0.04926220550950333,0.042452991283411734
Aldh5a1,-0.07574421619374316,-1.4804746925103558
Aldh6a1,-0.042995359904711705,0.20192134932834094
Aldh7a1,0.04227054397322405,-0.10562664748538353
Aldh8a1,0.9878677026734127,-0.2152727868316063
Aldh9a1,-0.16935408011388375,0.3311374338175703
Aldoa,0.12544327053719861,-0.5506812533616898
Aldoart1,0.23956468343679047,0.5578020063661224
Aldoart2,0.22888442284205604,0.5832741223427662
Aldob,1.6312729047996066,-1.6923253795936506
Aldoc,-0.024581779716834617,-0.6218862551591489
Alg1,-0.15346409478115675,0.43078356453625766
Alg10b,0.4874082142965648,-0.6627529217709007
Alg11,-0.21477220699696886,-0.11985574609152749
Alg12,0.15470943364894651,-0.146452871178246
Alg13,-0.5010342554806639,-0.8189375128017984
Alg14,0.28805953398121886,0.33349293872586117
Alg2,-0.540709197283249,-0.1621759435160648
Alg3,-0.044960579087495844,0.5759044589918059
Alg5,-0.1490461657652986,0.7498276864112192
Alg6,-0.3469933803642018,0.030275337813067793
Alg8,-0.11178028122998285,0.7142369992591124
Alg9,0.4913548075830043,0.9064846013386294
Alk,-0.8776561468825737,-3.290540858755543
Alkal1,0.0,0.0
Alkal2,0.44717610507617467,-1.9526986874722811
Alkbh1,0.3153186148649709,-0.2860030434535865
Alkbh2,-0.2826531730887645,0.3184033000649453
Alkbh3,0.31216584682904625,-0.21664565594489993
Alkbh4,-0.09173368087333245,-0.2949596656099125
Alkbh5,0.7777613834582393,-0.8712858651120694
Alkbh6,0.33857785383232475,-0.4571282786667794
Alkbh7,0.4630100248404876,-0.5328446946621419
Alkbh8,-0.7100577606500114,-0.2226110259249623
Allc,0.0,0.0
Alms1,0.12200399228493808,-1.0366357034503668
Alox12,-1.0705705224624573,0.6136932604086707
Alox12b,-2.0347299579390743,0.46249495815349206
Alox12e,0.0,-2.6149629251284185
Alox15,0.27650582241559674,3.5027475552460565
Alox5,0.2201191911897986,0.9207279742350956
Alox5ap,-0.15944197031137897,1.256345852666385
Alox8,0.42807392816688683,-0.5879875485004504
Aloxe3,2.571092071229451,-0.7684264211010055
Alpi,0.0,0.0
Alpk1,0.053848647677150474,1.0005859205391232
Alpk2,0.878569988616551,-0.2970015565889197
Alpk3,0.2845894020596218,0.7647052162746251
Alpl,0.5239435062151347,-1.115315227102494
Alppl2,0.0,0.0
Als2,-0.5122714629617029,-0.3103514900493458
Als2cl,0.4691429963593299,-0.031998622453921044
Alx1,0.0,0.03139868930337952
Alx3,0.0,-0.34915265822807906
Alx4,0.7425910918060035,-1.6937941897162319
Alyref,1.9976197324095182,-1.6674297695378808
Alyref2,0.2788238852241278,0.37923609119368695
Amacr,0.4293234114822191,-0.5390022823871412
Ambn,0.8254963767689556,-0.018105000301670282
Ambp,-0.9495977581214422,-0.7838510832952927
Ambra1,-0.3361567053662675,0.2700386598759863
Amd1,0.1645304609838334,-0.19373878739387784
Amd2,1.0095874259159872,-1.274605391958843
Amdhd1,0.9553931452691113,-1.27566062725472
Amdhd2,-0.04154455569754667,0.7847580248519339
Amelx,0.0,0.0
Amer1,0.1529016297968262,-0.30247788756274474
Amer2,1.1863908592058223,-0.7756364838974132
Amer3,-1.5540006091325793,-2.053968001741815
Amfr,0.5873623528876202,-0.10979856180237668
Amh,-0.23690106472386616,0.0
Amhr2,-0.614995272213898,-0.5636009795494759
Amigo1,0.6997221805490259,-1.9047222970402062
Amigo2,0.9220566186782531,-0.3476130223032925
Amigo3,0.1536437280401497,0.7029828460591059
Ammecr1,0.9062096456949158,-1.5626362575474975
Ammecr1l,-0.2798749515617587,0.17028667586955848
Amn,-0.6068748951391454,-1.7262524766129939
Amn1,0.07749992435930331,-0.5694121700563333
Amot,0.2301712303136787,-0.57412357871682
Amotl1,0.2863256843303823,-0.18721635129424996
Amotl2,0.07776467215584404,-0.909892633960065
Ampd1,0.48423157574135567,0.0
Ampd2,-0.6933626056645554,-0.05752249219417749
Ampd3,0.10410382239767557,0.1063052613968285
Amph,-0.4129309233235201,-0.7488306571423706
Amt,-0.15013385558515502,-0.805023780131604
Amtn,0.0,-0.9168022497796275
Amy1,0.08474418456009492,-0.5157233610503411
Amy2a1,-0.4682678221951381,0.0
Amy2a4,-0.7812065266904704,-2.740961243796251
Amy2a5,-1.3450905137731055,-0.8188248862867971
Amz1,-0.7661073822414366,1.0273955713907945
Amz2,0.5744227271256435,0.019994095134489243
Anapc1,-0.5418728531171624,-0.05517272884851465
Anapc10,0.3253470641234184,0.040262921765471305
Anapc11,0.24017914501666482,0.23610476908776867
Anapc13,0.4273014715447676,0.6576211594458066
Anapc15,0.11912578988220268,0.6593569784629238
Anapc15-ps,0.0,0.0
Anapc16,0.38493160101091917,-0.2429407939039443
Anapc2,-0.390997340506015,0.2961787133203959
Anapc4,-0.10065801762585558,-0.21423952178268912
Anapc5,-0.06588265931705983,0.22360182747937074
Anapc7,-0.21575067729641795,0.11530148192674083
Ancv1r,0.7300411892566994,0.39733753613432565
Ang,-0.3385956873749798,1.0116729610237272
Ang2,0.0,0.0
Ang4,0.0,0.0
Ang5,0.0,0.0
Ang6,0.0,0.0
Angel1,-0.04824952737549104,0.22810041772701517
Angel2,-0.12079694376200578,0.0210485252819943
Angpt1,-3.3696449988874666,0.34525867657802545
Angpt2,1.6905326773510323,-3.1142802465648534
Angpt4,-0.9520001343676006,-2.630885556552347
Angptl1,0.7664864111843288,-1.1866360606671469
Angptl2,-0.8372534138434524,-0.7093186419200457
Angptl3,-0.8132577631208395,-0.3232526272553624
Angptl4,-0.7495252318752512,-0.6492521713313275
Angptl6,0.7993600000361258,-0.5660677233450038
Angptl7,-1.8113156519096005,-0.2559639289596851
Angptl8,-1.228127366345024,0.0
Ank,0.4716434151708562,-0.44921595171619266
Ank1,-0.663969304535696,-0.282161299913394
Ank2,-0.566477183636465,-0.48114501736375814
Ank3,0.16387117940939433,-1.0055161309310456
Ankar,0.2667182082057698,0.0
Ankdd1a,-2.0274556033563655,-1.2621446601018476
Ankdd1b,-0.7234652550200142,-2.584129027632272
Ankef1,0.3245334580321746,-0.16985234451600562
Ankfn1,-4.190338880123763,1.2192991296626596
Ankfy1,-0.3201400375442418,0.9259955070759833
Ankhd1,0.6685638600578319,-0.007045565387898023
Ankib1,-0.029489366574068754,-0.8664938378305704
Ankk1,0.15157709879796633,-1.6616395409729616
Ankle1,-1.9092263401648317,-0.6325181592102851
Ankle2,0.13326615280885967,1.1205204194265193
Ankmy1,-1.2629966895152025,0.7488265611899265
Ankmy2,-0.217614242229768,-0.2578297256565456
Ankra2,-0.2460943424536577,-0.16947073319554384
Ankrd1,-1.5673320696144084,0.0
Ankrd10,-0.5530769556378239,0.17398119224151287
Ankrd11,0.43941784170688614,-0.1924310286892812
Ankrd12,0.22667146252538828,-0.7655734931459008
Ankrd13a,0.17406005734909158,0.1391916576335568
Ankrd13b,0.8296138635261965,-1.6404495145356082
Ankrd13c,0.2083776218009632,0.10476780124897189
Ankrd13d,-0.9461635495311818,-0.3968617708286626
Ankrd16,-0.4282599075813245,0.6392094280448966
Ankrd17,0.16385602101756724,-0.6200743024902202
Ankrd2,0.5790764424375487,-0.908931699106119
Ankrd22,0.0,0.0
Ankrd23,-0.5521582947343147,-0.2806139460062198
Ankrd24,0.1637492005325063,0.08428514818611887
Ankrd26,0.05248537094326089,-0.28168653658482157
Ankrd27,-0.2967411320348212,-0.17170065718256922
Ankrd28,0.4423246498118676,-0.08077607766993111
Ankrd29,0.1216356332330939,-0.2681363575108069
Ankrd31,-0.5254713296142575,-0.7861144377469595
Ankrd33,0.44426357119452753,-1.0115738456175993
Ankrd33b,0.3203265718597823,-0.6634967648241563
Ankrd34a,-0.6490060146567522,-0.6291227641913881
Ankrd34b,0.7292839739417767,1.321922761893255
Ankrd34c,-1.100089832417713,-3.768099566164241
Ankrd35,-0.9388332632170622,-1.7126512393357602
Ankrd36,0.0,0.0
Ankrd37,0.13078611996747114,-1.1032802743992765
Ankrd39,0.13390579515513323,0.09049538814026015
Ankrd40,0.01656006183123715,-0.818272919387498
Ankrd42,-0.4119081890204592,-0.9903375858718553
Ankrd44,-0.6072108148095676,0.5458185225713024
Ankrd45,0.0033014232619086314,-0.3461128657793733
Ankrd46,-0.43215333858135274,-0.20257051312403185
Ankrd49,0.12238106120112313,-0.27014952543664705
Ankrd50,-0.052235156774338876,-0.5365410002924413
Ankrd52,0.08104310171751905,0.9392529750749334
Ankrd53,-1.3093493221761099,-1.8869960216555401
Ankrd54,0.35503059935209613,-0.3438413067921591
Ankrd55,-1.3969036836649042,-0.3803174390578459
Ankrd6,0.1650026590473832,-0.7556245869624512
Ankrd60,-0.23690106472386616,0.0
Ankrd61,0.4744319693999448,-3.0805286865039716
Ankrd63,0.5247954152371275,0.0
Ankrd65,0.0,0.0
Ankrd66,-0.04712494680288137,-0.36285864419580016
Ankrd7,0.0072791140069835,-0.7286878711972827
Ankrd9,-0.19931915919762577,0.18222873852674315
Anks1,0.2246644462003271,-0.5174246691455888
Anks1b,-1.8919969269030013,0.5034639006899901
Anks3,-0.14049818206859044,-0.12255752251531149
Anks4b,-0.4491378379083082,0.03798528194717263
Anks6,-0.06492510291887488,-1.6151784112257452
Ankub1,1.0426892947572475,-1.277666160071574
Ankzf1,-0.10033888173437155,-0.167644858532066
Anln,0.3721665364439035,-0.7596808053610564
Ano1,-0.06840678937738609,-4.125413555097201
Ano10,0.2732638851983502,0.18410889348334258
Ano2,-0.0843558905473678,-0.9636295433209501
Ano3,0.4548667893721685,-1.056550526536716
Ano4,-0.17110077833207793,-0.1802125230129592
Ano5,0.7251844043202929,-2.1177902815210086
Ano6,-0.24792267919746713,0.6100900365347517
Ano7,0.48877957377252557,0.31212857471421174
Ano8,-0.556456093980783,0.5459850066334493
Ano9,0.0,0.0
Anp32a,0.5225899627664781,-1.1576955403945917
Anp32b,0.5825142226375588,0.056592201333376835
Anp32e,0.21058638372122118,0.18364081608278404
Anpep,-0.8920082750914884,1.7542718059684002
Antxr1,0.17652352046975395,-0.6117785221554541
Antxr2,0.5958861039078496,0.3687190385494308
Antxrl,-1.7068721695280729,-1.1744241517601512
Anxa1,2.2249642818726496,-0.5551836464538624
Anxa10,0.0,0.0
Anxa11,-0.025098406554827868,0.5606681118786891
Anxa2,0.5400762093144618,0.6978269953540597
Anxa3,-0.5081811852775768,1.1088350463165604
Anxa4,-0.3372662145093912,1.0613233271228086
Anxa5,0.46200754735080096,0.5774960644424922
Anxa6,-0.24527985247626205,0.2974851566682801
Anxa7,0.31265218202001144,0.3060798402556557
Anxa8,0.22690699715684315,-2.3270278536602156
Anxa9,-1.5506788800225397,0.8640527291407389
Aoah,0.3749372111587572,1.2157789244941526
Aoc1,0.0,-0.5863532064420514
Aoc2,0.16614372389984577,-0.5765542020974639
Aoc3,-0.4862394109287136,-2.642725752891229
Aopep,0.16938815409259966,-0.2227955575391274
Aox1,2.114713654853154,-1.137338213880652
Aox2,-0.3786674845885971,-0.5863532064420514
Aox3,-0.6972733594873769,1.1598726660868603
Aox4,0.0,0.0
Ap1ar,0.7923293083930858,-0.5914808399185487
Ap1b1,-0.6062562118155128,0.06694137950584889
Ap1g1,-0.39930881627149084,0.36831452934313624
Ap1g2,-0.24822542627386213,0.6916385488101504
Ap1m1,-0.3057964550492436,0.13036156025364853
Ap1m2,-1.540112030720818,-0.8297790165490995
Ap1s1,-0.2663103718519011,0.16197482303718047
Ap1s2,-0.40303750349167267,1.1753687849245331
Ap1s3,-0.7250705513481206,-1.858815289258805
Ap2a1,-0.5742878398917348,0.32012518589637295
Ap2a2,0.16556952141378112,-0.09036127720782439
Ap2b1,-0.35249297338273067,0.37591333653846704
Ap2m1,-0.47446304852117294,0.27375935755184955
Ap2s1,-0.20102078944620771,0.15285552884286702
Ap3b1,-0.43932847859394464,0.7152548446387907
Ap3b2,-0.2858844441387802,-0.8333055045401423
Ap3d1,-0.07878116258198808,0.09017756600728788
Ap3m1,-0.31203739227041183,0.7724352070519878
Ap3m2,-0.31258884929368413,-0.3097996128670317
Ap3s1,0.396966920412118,-0.0018623957554115833
Ap3s2,-0.14827454807850415,-0.0535430494152056
Ap4b1,0.09037560958234891,0.2793392263601042
Ap4e1,-0.3252127738331687,-0.09152187772391862
Ap4m1,-0.10350262781962627,0.2961836341030084
Ap4s1,0.021044926654365526,-0.39590499557596814
Ap5b1,0.10738345185956355,0.6789904526192281
Ap5m1,-0.07846614310682476,-0.15461905802880338
Ap5s1,0.04205546348694433,-0.31914909675686154
Ap5z1,-0.6936143198848956,0.6122785836122073
Apaf1,-0.4904969161389854,1.0573869774661784
Apba1,0.20107579679659082,0.21847663447204546
Apba2,-0.4537687920000639,-0.42231418657584996
Apba3,-0.2243518981777246,0.049518704094886346
Apbb1,-0.35683823443917717,-0.9230729065822629
Apbb1ip,-0.35925155430148514,0.9901965632148286
Apbb2,-0.21388430005736048,-0.1676626235527099
Apbb3,-0.6596596917404085,-0.5186482500039862
Apc,-1.7575608851750193,-0.3642194928845548
Apc2,-0.9729614946918357,-0.7428253136274474
Apcdd1,-0.2605668304550388,-3.489509270704331
Apcs,0.0,0.0
Apeh,-0.07569245831771632,-0.3951180449305909
Apela,0.010151615045780993,-2.4514902639119365
Apex1,-0.026999902471265713,0.37906091354871485
Apex2,0.17003218084667537,-0.6144863035588681
Aph1a,-0.24981068747052682,0.6918077763202337
Aph1b,0.42498929236203686,-0.6650554534331015
Aph1c,-0.23460438618193002,0.6972198821400788
Api5,-0.37788946575264326,0.3873399248890781
Apip,0.11525851010399002,-0.03251955498729586
Aplf,-0.7927362704172127,0.19292253350898925
Apln,0.41813203819894573,-4.472258314146626
Aplnr,-0.24395742894523398,-2.300925528024763
Aplp1,0.21691144010538999,-0.35599566913349
Aplp2,-0.555768818951142,-0.4027668650055176
Apmap,-0.3124482448391426,-0.029943632585785807
Apoa1,-0.18748829830547997,-1.5630623706924331
Apoa2,0.8625473924209208,-0.3985109587696867
Apoa4,0.0,0.0
Apoa5,0.0,0.0
Apob,-0.3952526554163063,0.0
Apobec1,-0.2636498079018672,1.3651290701315624
Apobec2,-0.7221266534144783,-1.784337862979677
Apobec3,-0.19426011479544236,1.042447389685849
Apobec4,-0.36731632036003237,-1.4988374102012583
Apobr,-1.1022115924266895,1.0512891567258098
Apoc1,-0.4065661769615305,1.3870416048472345
Apoc2,0.6770792281469848,2.6799522527538455
Apoc3,-0.8693855541540487,-0.4427166047663706
Apoc4,0.31832797664043344,1.0185985702848281
Apod,-0.2746702535115051,0.19626302613127944
Apoe,-0.24473158296319397,1.0737770815117074
Apof,0.0,1.5510284935453886
Apoh,1.5812411952904832,-2.548105501434282
Apol10a,-0.768854833307285,1.0032698213890912
Apol10b,-0.6403363007195108,-1.7091565572909826
Apol11a,0.0,-0.8794622111534157
Apol11b,-0.7220505437796997,-0.5819922927158527
Apol6,-0.6155472858518753,0.25892921909308275
Apol7a,0.0,-0.5343389841738989
Apol7b,-0.730053420485143,-0.5712119124578723
Apol7c,-1.4626628465653613,-0.6992123658176433
Apol7e,0.9123284448400009,-1.3424320961936864
Apol8,-0.7427902882392035,-4.009362872452478
Apol9a,-1.000210334885999,-0.38113505649757107
Apol9b,-1.4384478632547695,0.1332923664350334
Apold1,-0.09433411851259965,-0.8430319471017818
Apom,-0.14054117222913987,0.8680290746387083
Apon,0.0,0.0
Apoo,0.7709004568566531,-0.7343682180698625
Apool,0.2031854740588166,-0.1085307349280189
Apopt1,0.4312695253031542,-0.19454988814773522
App,-0.04925717249795625,-0.037371339329650866
Appbp2,-0.39815273667599804,-0.0678373488367221
Appl1,-0.20198087003592313,-0.13478868656967258
Appl2,-0.4813007679438055,0.058219625025323296
Aprt,0.07785091252736187,0.5358325293098538
Aptx,0.09070097804789157,0.09852365443412303
Aqp1,0.4928579624705396,-0.6044533095004194
Aqp11,0.2002127262733442,-1.0689025727240011
Aqp12,0.23452371786357948,0.0
Aqp2,0.9921596224005419,-0.8281152584349183
Aqp3,-0.11194927638282731,-1.934265676225929
Aqp4,0.4910259163432116,-0.8498130017812091
Aqp5,3.9051696650370546,-1.0851731720605824
Aqp6,-0.41694325052668635,-1.4201178275399045
Aqp7,0.14235591918279633,0.017112451871074352
Aqp8,0.8565323501187116,-0.5231910912048338
Aqp9,2.11845869369916,-2.6708204306682277
Aqr,0.1670763242297859,0.02004921772524426
Ar,1.4439265363562228,0.29101992128633314
Araf,0.0447372805174151,-0.11795397399613172
Arap1,-0.4751166058592613,1.0242719636601478
Arap2,0.41061841486234396,0.24653368178720125
Arap3,-0.7345214830983195,0.7940942265240114
Arc,-1.9748974566575255,-4.077073239007543
Arcn1,-0.3755824032861934,0.4643845641808113
Areg,-0.4548801245105478,-3.091426844018887
Arel1,-0.6048792967340617,0.18905076566011125
Arf1,-0.1685301408645401,0.2899028421765788
Arf2,-0.17459859355167318,0.25183513957727754
Arf3,-0.04089231137514204,0.7379364781182804
Arf4,0.05549200398879961,0.2928025444387998
Arf5,0.4917977792242887,0.125990847075375
Arf6,0.6592773277593906,0.44983334457427393
Arfgap1,-0.33425878802257714,-0.06283409170762155
Arfgap2,-0.173294046505859,0.2940533147359847
Arfgap3,0.09196135654302218,0.16864924647972046
Arfgef1,0.6134966783180058,-1.1569109288447166
Arfgef2,0.15094499406113293,-0.5128138851592894
Arfgef3,-1.5070574148197142,-0.12484329986875586
Arfip1,-0.19432515109379622,0.48353215208204503
Arfip2,-0.09107665418556365,-0.5746389372506364
Arfrp1,0.047720696716146094,-0.11021529569791433
Arg1,2.010385008888626,-0.6469651610516385
Arg2,0.4967110185813777,-0.6770698840523437
Arglu1,0.03223522573036419,-0.19950675309898713
Arhgap1,-0.49302553585552644,0.3777350959571226
Arhgap10,0.17671847720143585,-0.9204038045541143
Arhgap11a,-1.0811873707870276,1.7966846753749177
Arhgap12,-0.6218448971971249,0.11976018705170866
Arhgap15,0.1748832124277584,0.8338122680530091
Arhgap17,-0.2397568182284271,0.7060186371529937
Arhgap18,0.29020937120958124,0.7691129400021186
Arhgap19,-0.6918393824898992,1.3359946280480415
Arhgap20,-0.7197445140356944,-1.8461941321911066
Arhgap21,-0.18942382530579494,-0.6878412443629287
Arhgap22,-0.24000159381732367,0.6400091680447755
Arhgap23,1.512169113577948,-0.9957036058768196
Arhgap24,-0.10942317955208658,-0.48035557173671073
Arhgap25,-0.5035984768594801,0.9946290322873388
Arhgap26,0.11315549459090235,-0.3622260674340456
Arhgap27,-0.6000666128221397,1.0222723831956362
Arhgap28,-0.582306729120817,-2.11064441501885
Arhgap29,0.3248338806455582,-0.7963390277775311
Arhgap30,-0.7041506994337183,1.4484599034453716
Arhgap31,-0.21469532830118965,0.3412151893128996
Arhgap32,0.9370340784728786,-1.25482939315639
Arhgap33,-1.2064688541244184,-0.6262195938448558
Arhgap33os,-0.44678382169875286,0.3985688724631767
Arhgap35,0.0713198905273007,-0.21739328283501536
Arhgap36,2.159903046732485,-1.2035992240927178
Arhgap39,-0.10698039708228535,0.6392060010441032
Arhgap4,-0.7110760269238785,0.8749374668420273
Arhgap40,-0.0016201281825805047,-1.9550915878030288
Arhgap42,1.4449934614256676,-0.7067365957530534
Arhgap44,-0.34986083872690443,-0.31125679302437526
Arhgap45,-0.5787813544930884,0.9071197470920538
Arhgap5,-0.1051339743349633,0.23792872804095566
Arhgap6,0.6566511002606132,-0.24480690150866113
Arhgap8,1.7482975936393204,-1.4139245016886217
Arhgap9,-0.8896053873178271,1.6725695776670353
Arhgdia,-0.38520132634551985,1.0616811152570804
Arhgdib,-0.7540843827163233,1.2469994671571545
Arhgdig,1.2212366825912593,-0.9540196656454958
Arhgef1,-0.10267147143620292,0.6410656624052997
Arhgef10,0.534211561483648,0.00375248702783626
Arhgef10l,-0.3634741825623031,0.5524848795323791
Arhgef11,-0.19107739915770594,-0.020239478404931788
Arhgef12,0.814425275507352,-1.3351788814861152
Arhgef15,-0.24737284535006765,-0.8050733781091512
Arhgef16,0.7497086507787323,-3.246245469996898
Arhgef17,-0.6212860320201958,-0.5854989524928076
Arhgef18,-0.6403485084223703,-0.015709597080709514
Arhgef19,1.9099505197322046,-2.142440615933679
Arhgef2,0.21753706240761694,0.45983764126002846
Arhgef25,0.5822897400716718,-0.6960227067696367
Arhgef26,-0.028310014732898736,-0.3363941003107769
Arhgef28,-0.7255564221047193,-1.9439263330435734
Arhgef3,-0.39653682975783155,0.5720909258393565
Arhgef33,-1.4514752542883766,-3.1620140729041126
Arhgef37,-1.044749190245911,-0.3466281234027928
Arhgef38,-0.869494679982368,0.0
Arhgef39,-0.3445325603724685,-2.3232209658832987
Arhgef4,-0.3495932060700113,-0.11134384819123433
Arhgef40,-0.6908712240589612,0.9025428672293785
Arhgef5,-0.020156539624723635,-0.9913480798483647
Arhgef6,-0.31035151781000536,0.7367363501865203
Arhgef7,0.07309778741453776,0.23790667022747058
Arhgef9,-0.8636099655565932,-0.6269721919891573
Arid1a,0.1912785221242057,-0.26571952207550353
Arid1b,0.0004668994539152038,-0.07644887935580336
Arid2,0.02596618795978145,-0.017110422516003254
Arid3a,-0.19415316904292013,0.3116639669435948
Arid3b,0.19689392076697132,-0.4435154238064918
Arid3c,-0.13584289405634342,-0.4686992913894714
Arid4a,-0.042989992569369306,-0.12822156061851864
Arid4b,0.014942944241383316,-0.24025302847404184
Arid5a,-0.2644942233457037,0.6577448058664181
Arid5b,0.18452443452270373,-0.02593468763156004
Arih1,0.3569934345913097,-0.7173641510957598
Arih2,-0.32126180597263954,0.2964033336322771
Arl1,0.25751564434430385,-0.018848222599720188
Arl10,-0.09942360155444696,0.05479599275150093
Arl11,-0.4684091423453065,1.3103137858059135
Arl13a,-0.10415678514393845,-0.573508792524899
Arl13b,0.8143828953543455,-0.840561020794123
Arl14,0.0,0.0
Arl14ep,-0.02546509959697829,0.5090179490087987
Arl14epl,0.0,-1.9859820170139897
Arl15,-0.7698108861982274,-0.33201454610355796
Arl16,0.09361934476907408,-0.21446092355405888
Arl2,0.3300824501800097,-0.37928916840129645
Arl2bp,0.5111723754109221,-0.1865729079777534
Arl3,0.7134522063588484,-0.6977259514104013
Arl4a,0.24157805626866669,-0.6279200884552143
Arl4c,-0.11992811151698568,0.010398988528283581
Arl4d,0.19853770745299926,-0.8624525057032812
Arl5a,0.8310501876290992,-0.6140525616300057
Arl5b,-0.10624849849348017,-0.19394463991631028
Arl5c,-0.36318585063876974,1.3534918242055287
Arl6,2.1664688756386337,-0.7387803132044102
Arl6ip1,-0.021689361534329876,0.08483011417171227
Arl6ip4,-0.1529176450355827,0.26696618127094673
Arl6ip5,-0.35258180017663676,0.5650264578157582
Arl6ip6,-0.3348119753871046,0.23545473531261862
Arl8a,0.09374539431971218,0.1256234182316769
Arl8b,-0.25763378461055275,0.9416790889528635
Arl9,0.23470500194728794,-0.6499712118988201
Armc1,-0.1495152098949486,-0.1447994393184402
Armc10,-0.3161438034060282,0.12237449440848103
Armc12,0.0,0.0
Armc2,0.345479099854634,-0.9765042473324179
Armc3,-0.4868348105216578,1.108109459917241
Armc4,-0.3567848041086102,-1.565226770781599
Armc5,-0.2388917313073442,0.7741504842138376
Armc6,-0.20474435175271566,-0.022562331234542654
Armc7,-0.07393811833402175,0.39245892371818414
Armc8,-0.19003174191063188,-0.23683236405187102
Armc9,0.04823902234942601,-0.3910244719175857
Armcx1,-0.2695974085173809,-0.5435094189648684
Armcx2,-0.17980067557629376,-0.6576454797490374
Armcx3,-0.035816285827527494,-0.07937548817462492
Armcx4,-0.5004661432137167,-0.5529454752594933
Armcx5,-0.22761778101047803,-0.163426056749163
Armcx6,0.03056114825342604,-0.9281494529119296
Armh1,-2.0182893739572063,-2.679267506383361
Armh2,-0.546531710192555,0.0
Armh3,-0.2603098206062686,-0.12617626922969905
Armh4,-0.7574804889103337,-0.7357592940634214
Armt1,-0.24394856251801933,-0.26993829899783606
Arnt,-0.37623624343884465,0.2485604037772795
Arnt2,-0.5513312320964712,-2.2741290229941873
Arntl,0.05204860194186267,-0.39012227665867627
Arntl2,0.5998044595039476,-1.0483756999701512
Arpc1a,-0.18689575247065449,0.26991260112358617
Arpc1b,-0.8139550356711869,1.400342935138104
Arpc2,-0.3427599992770407,0.9437059593434434
Arpc3,-0.32863429162325275,1.0730793423844478
Arpc4,-0.4018466353970549,1.069947777459534
Arpc5,-0.40470577508158634,1.1634020731012384
Arpc5l,-0.10714806249491282,0.4837536824395361
Arpin,0.8537696901822773,-1.0462149675086936
Arpp19,0.15217035518022115,0.647125960453895
Arpp21,-0.13468945874113114,-3.1926515309109043
Arr3,0.8908610665554217,-0.8877678080365108
Arrb1,-0.5384894211295492,0.45279191248732786
Arrb2,-0.13628451420554555,1.599300534207929
Arrdc1,-0.3456250987542475,0.4365280897589603
Arrdc2,-0.055256484499476954,0.2608088097316683
Arrdc3,-0.19451301186937364,0.1514598309802615
Arrdc4,-0.9927714864322326,1.2955160167507938
Arrdc5,-0.6972733594873769,-0.34915265822807906
Arsa,-0.13464030573938146,0.5680254849208222
Arsb,-0.5965541389734188,0.950189863384832
Arsg,-0.3952493064052618,-0.21197960964008722
Arsi,1.7072391382494798,-0.5707508782276465
Arsj,-0.22102554912656647,-4.440541660551802
Arsk,-0.1596149866797738,0.5623055643196686
Art1,0.0,-0.345790212076149
Art2b,3.220567266926665,-0.9051854649517783
Art3,-0.43545330803954485,-0.2775930444236234
Art4,1.1642434721639714,-1.0453679492107837
Art5,0.0,0.8994381048407226
Artn,-0.3263558009771934,-0.9658276193187707
Arv1,0.13858900853335854,-0.34735187221723596
Arvcf,-0.447018018623325,0.32742710797984387
Arx,0.0,0.0
Arxes1,-0.5474421951255302,-0.8207158984536509
Arxes2,-0.33211247094670426,-0.3723338227436237
As3mt,-0.3354351547611234,0.4439411735759151
Asah1,-0.39757474125219616,0.9086487059024755
Asah2,-0.03196573116786805,-0.15714510842741092
Asap1,-0.36921168536460236,0.17967360211701866
Asap2,0.8259031704730395,-0.19899265095076313
Asap3,-0.9651987963801663,0.41297166003715624
Asb1,0.06866235316686975,-0.5349691093466973
Asb10,-0.3669911083780715,0.4466164601370046
Asb11,0.7300411892566994,0.6519775400992571
Asb12,-0.4682678221951381,0.3047227099552944
Asb13,-0.013058154684427947,0.0205308678569871
Asb14,1.3665952207512457,-2.233803552025864
Asb15,-2.0899656202356933,1.7073565306812881
Asb16,0.664845959483704,-1.0933108101043656
Asb17,-1.1413943075099073,-0.21283904559181435
Asb18,0.010779057657388513,-0.5212317564251352
Asb2,-0.34767353360185105,1.3919963612150799
Asb3,-0.08990971277596138,0.42906744263241947
Asb4,-1.6403419566285233,-1.2039492820460707
Asb5,-0.7060722194961049,-0.3671882668269859
Asb6,-0.18119390197717244,0.4331878175404249
Asb7,-0.19059814843673095,-0.22315611205866226
Asb8,-0.4020431252518719,-0.029203616766858786
Asb9,0.0,0.0
Ascc1,0.05530480784267944,-0.30346875539183316
Ascc2,-0.2212187236886809,0.3005257485877628
Ascc3,-0.023286269332759346,0.2563998827969094
Ascl1,-0.6499755683781365,-0.09068683049833526
Ascl2,-0.6211637953351281,1.2879504907006267
Ascl3,0.5895901541853781,-1.5695967909553754
Ascl4,0.2838286082669159,1.411615650727616
Ascl5,0.0,0.0
Asdurf,0.0,0.0
Asf1a,1.2809411492389406,0.5999410651644181
Asf1b,0.8840374146793302,0.5285976314672958
Asgr1,-0.618089058706103,-1.3001890254333608
Asgr2,0.8251701714015698,0.2880391965589173
Ash1l,0.5318669087457799,-0.6771342228745247
Ash2l,-0.58004792079638,0.6774164397714788
Asic1,-0.8502140504026707,-0.2286734915625841
Asic2,-1.5316582954472402,-0.47159508247082016
Asic3,0.4821005593920127,-1.4437983079223242
Asic4,-0.38246276112119837,-0.3800583463224001
Asic5,0.0,0.0
Asl,-0.43015072256858744,0.2226370866579206
Asmt,0.0,0.0
Asna1,0.1419471457165482,-0.23641914579398104
Asns,0.5558834947738642,-0.7329053698510695
Asnsd1,-0.026385568794623282,0.12583603580031166
Aspa,0.5725889917759721,-0.95359799080651
Aspdh,1.6963446381644272,-0.35141236322260316
Aspg,1.1761589224338818,0.0
Asph,-0.4209940711819833,0.4959984451390902
Asphd1,1.4940403684687693,-1.919800701865329
Asphd2,0.5382757864021528,-0.7922565091291789
Aspm,-0.2757926070886585,0.5224602096710589
Aspn,2.3534424967764775,-3.65788135138372
Asprv1,1.4685673246919588,-1.9184993052980306
Aspscr1,-0.16039275511677253,0.18938761063302678
Asrgl1,0.5061741834402156,-0.7314958983189932
Ass1,0.9931457341660774,-0.33105414294309554
Aste1,-0.058597931908141554,-0.10849396274938794
Astl,0.0,0.0
Astn1,-1.0587489882748553,-0.5141890550919381
Astn2,-1.7971434543108762,-1.3606162876971566
Asxl1,-0.18587653336336274,-0.5953135714789877
Asxl2,-0.06571249447357452,-0.24763170581891458
Asxl3,-1.1832246644064286,2.431943017126155
Asz1,0.764491279528241,0.0
Atad1,-0.185863992878053,0.14803895601779615
Atad2,0.10354881859909426,1.0743402448049117
Atad2b,0.38746960814711784,-1.0114885974541572
Atad3a,-0.17748801037077477,0.3961961902957807
Atad5,-0.5065797485123147,-1.225335285165583
Atat1,0.3120984928508648,-0.17811505450065646
Atcay,-1.2642528596750573,-0.31396699971372044
Ate1,0.4077478049068173,-0.5811060305087778
Atf1,-0.3024240159376106,0.9029631307295212
Atf2,-0.25808769008743404,-0.08678900639867493
Atf3,1.0371043620212745,0.8968361399170917
Atf4,0.4490252460480182,-0.03613703479944874
Atf5,1.8238286397895878,-0.029688942010733577
Atf6,-0.3071408354012828,0.3526707223367396
Atf6b,-0.5734439568498058,0.3350588439264257
Atf7,0.14875256003654158,0.1409273305545753
Atf7ip,-0.41244933783946536,0.31746039761261
Atf7ip2,-0.24238518653275654,-0.760563251677499
Atg10,-0.009496527540326483,0.23448105133201835
Atg101,-0.04629080086433568,0.045063919209054504
Atg12,-0.11534966245577039,-0.2073506319592724
Atg13,-0.5938184125671224,-0.4737374341198972
Atg14,-0.33255078838779717,0.2542954117843692
Atg16l1,-0.07546247717450605,0.12016134661620548
Atg16l2,0.0727522477469229,-0.5030294985936674
Atg2a,-0.08279621331996978,-0.004823892084251824
Atg2b,0.062125291357224555,-0.24982500047314105
Atg3,0.3756936184023534,0.42141507629817454
Atg4a,0.18913213779990024,-0.138580979557398
Atg4a-ps,0.0,-0.6521623894425989
Atg4b,-0.13964501405886054,-0.1456178543012392
Atg4c,-0.06723798924052282,-0.13183818289853022
Atg4d,0.23177388338575966,-0.25454840211564544
Atg5,-0.06321005030924987,0.2938065776403924
Atg7,-0.22137508143151052,0.2862098829144504
Atg9a,-0.6445369027084205,-0.330051031766601
Atg9b,2.1978626699862107,-0.001915087228815615
Atic,-0.07492665784413433,0.48594719514623996
Atl1,-1.2215967671771137,-0.10410020968206801
Atl2,-0.47314096727997246,0.4980160105963858
Atl3,0.2965476891576504,0.22884893569075082
Atm,-0.3063577676586462,-0.14279935965152468
Atmin,0.015098412661275873,0.1361265793196278
Atn1,0.26784306131678015,0.17201090559264554
Atoh1,0.0,0.0
Atoh7,-0.2886667306812227,-1.881736596969148
Atoh8,-1.5416952671978552,-0.7777738286450808
Atox1,-0.2520787521802266,1.0233270735371267
Atp10a,0.12212191526752925,-1.5727355208563116
Atp10b,0.02958814101522922,0.1512630055403219
Atp11a,0.6849694333128102,-0.9945198337929035
Atp11b,-0.37700490997098335,-0.48598890209696144
Atp11c,-0.15309621816081354,0.6706144997225554
Atp12a,0.0,0.0
Atp13a1,-0.1833863920559775,1.109644680382079
Atp13a2,0.335427476130123,0.17698999881704935
Atp13a3,-0.049580456637439596,-0.7446746559545616
Atp13a4,-0.9598785226622599,-1.3734210692872617
Atp13a5,1.177797765167735,-1.3998918983997592
Atp1a1,0.34395049603738315,0.39528818494776274
Atp1a2,0.5709133706326917,-0.7512502960200624
Atp1a3,-0.5514789204426567,-0.44607171246322785
Atp1a4,-0.5865961063965863,0.0
Atp1b1,-0.5735199810594889,0.3342053681356987
Atp1b2,-0.1553677024804454,-0.4812100429956825
Atp1b3,-0.1475748433790809,0.5650714257713183
Atp1b4,0.6657345141943098,0.8880167312903076
Atp23,0.2195165391769125,0.5855146048036586
Atp2a1,-0.05964186205015798,-2.049887901739518
Atp2a2,0.2598492384870621,-0.15657273439868824
Atp2a3,0.1369084578737496,-0.0073078266479367215
Atp2b1,-0.053413176538441576,-0.12520657529676704
Atp2b2,-0.7028233217624784,-0.5342269897935576
Atp2b3,-2.412319592143279,-0.08392622297914887
Atp2b4,-0.5554337764261046,0.09297965628422222
Atp2c1,-0.4512507015062308,0.5938057349896386
Atp2c2,0.7679022754456841,-0.8428465799418304
Atp4a,-1.3254483892396975,-2.1081239740412547
Atp4b,0.764491279528241,-1.0740145918574333
Atp5a1,-0.0737185698647771,0.022792203867732397
Atp5b,0.11811081774264487,-0.24196269125634728
Atp5c1,-0.014743274843771914,-0.08391357486106088
Atp5d,0.17911529732808873,-0.06234392049115556
Atp5e,0.35822572599445657,0.59190211878302
Atp5f1,0.05318223658803234,0.06723550958460223
Atp5g1,0.4869239815163944,0.03821602423083448
Atp5g2,0.1546963326833879,0.5390189794751539
Atp5g3,0.41843582112483446,-0.4486662637010834
Atp5h,0.37199986121916595,0.06373168653758121
Atp5j,0.37024045776752956,0.11434232474184469
Atp5j2,0.3712305726462226,0.13086497667089603
Atp5k,0.6471189122321324,0.08075607307728916
Atp5l,0.43910960741120064,0.045676491501788874
Atp5md,0.5564808567854058,0.0038987172226043754
Atp5mpl,0.7651854523538582,-0.25511408549448156
Atp5o,0.24278239583804684,-0.186894481000202
Atp6ap1,-0.3616462767177424,0.47090079286126674
Atp6ap1l,0.8817794572830979,-1.2961647858634708
Atp6ap2,-0.20165013805950593,0.060762434107852314
Atp6v0a1,-0.43873484813547314,-0.07648919734962334
Atp6v0a2,-0.48921236659553813,1.1078095338388074
Atp6v0a4,0.04684542637861355,-1.2174837095808286
Atp6v0b,-0.03517500980032473,0.1685277411211672
Atp6v0c,-0.2054098535828679,0.08025696398227566
Atp6v0d1,-0.11882326866377113,-0.0241526071905529
Atp6v0d2,-1.041807302859886,2.125987878225789
Atp6v0e,-0.07960293018854259,0.9152685139657386
Atp6v0e2,0.03042160104709879,-0.7770832835201702
Atp6v1a,-0.7423261203276628,-0.6105777504610952
Atp6v1b1,-0.4939629061233979,0.0
Atp6v1b2,-0.48271842718028424,-0.15167809129135534
Atp6v1c1,-0.311685294153218,0.2509331011396494
Atp6v1c2,-1.2997451531656454,-0.42825807938474547
Atp6v1d,-0.2178146626160764,-0.18573606533750286
Atp6v1e1,-0.2982967527324032,-0.15868826856205942
Atp6v1e2,0.0,-1.2922475570288512
Atp6v1f,-0.07052927670206621,0.38262365541168997
Atp6v1fnb,0.1269619733318632,-0.3180779616264499
Atp6v1g1,0.009332851820076371,0.2655897653190511
Atp6v1g2,-0.644752453164033,-0.5344793537476971
Atp6v1g3,0.0,0.0
Atp6v1h,-0.17311225284914755,-0.05496740381445342
Atp7a,-0.4852003691895135,0.9891683744368205
Atp7b,-0.2234740982954868,0.5011676719644838
Atp8a1,-0.3414200504704876,1.0210436161832384
Atp8a2,-0.43715560653151364,-0.21360264244303195
Atp8b1,-0.1426803137451227,-0.8954929299590442
Atp8b2,-0.25447936872566146,-0.37758287459903084
Atp8b3,0.7964231937974522,-0.9034895398670932
Atp8b4,-2.2909717236114955,1.3411323262134673
Atp8b5,0.7135570215198643,0.3002879122809996
Atp9a,-0.07741851734064831,-0.7717509069520609
Atp9b,-0.5451495950980956,0.4727903953519217
Atpaf1,0.08018105602977954,-0.09355779122300767
Atpaf2,0.19943791295169788,0.41223651395316274
Atpif1,0.08266048871992382,0.3014376310241378
Atpsckmt,-0.32456761759334185,0.35353802632395137
Atr,0.4499393154061444,-0.07807791989231916
Atraid,-0.0035999098104753102,0.17319471685369692
Atrip,0.027096615898395626,-0.27553139723220355
Atrn,0.022110270981682945,-1.1493367951139195
Atrnl1,0.21015474466631456,-1.110952523987355
Atrx,-0.26688625449523506,-0.21878370203244124
Atxn1,0.07323539247871835,-0.8092346290901702
Atxn10,-0.40300454204972525,-0.08163262679921957
Atxn1l,-0.03164617988893781,0.14605099858808224
Atxn2,0.3162928091266952,-0.2582939981505543
Atxn2l,0.0820796251714313,-0.03694464843201395
Atxn3,-0.9259615609591165,0.43456328627566343
Atxn7,0.9954445091502029,-0.8842524026988876
Atxn7l1,-0.13582879230980538,0.5761050692077454
Atxn7l2,-0.34745824630904654,-0.12402689552309454
Atxn7l3,0.12329539762288722,-0.36710254887347205
Atxn7l3b,-0.09981518197689176,-0.1604324651141571
Auh,0.018525095057700725,-0.38115886501540786
Aunip,-2.4343534725815017,1.042027963869943
Aup1,-0.17725033769939813,0.6023909166956507
Aurka,-0.11723315137887091,0.5617692819630458
Aurkaip1,0.374668333693176,0.06640610011578474
Aurkb,-0.1938803425273461,0.16272383820082936
Aurkc,-1.1342265455347045,-0.7282243797812842
Auts2,-0.31865787972331283,-0.5179178070586961
Aven,2.3245807202168187,-1.2198035209499256
Avil,0.6149588324647736,-2.939003487542722
Avl9,-0.07402981854454715,0.2989276925459716
Avp,0.47652920703648416,0.0
Avpi1,0.7218337812963185,-0.5043966906364243
Avpr1a,-0.02856900060385381,-1.278753741862416
Avpr1b,0.0,0.0
Avpr2,-0.6415639017744299,0.5686861642659506
Awat1,0.0,-0.21283904559181435
Awat2,2.432092538709626,-2.006556835508594
Axdnd1,0.7554675806933027,-0.4856250536740787
Axin1,0.48532708782111733,0.07975997609442054
Axin2,1.6289626547587597,-0.8455417443508271
Axl,0.31424471499439477,1.3149441781593136
Aym1,-0.7061250217188033,0.0
Azgp1,0.0,0.0
Azi2,-0.23727934843770448,-0.009829795991306511
Azin1,-0.6428861385190121,0.3899240424580359
Azin2,-0.11694291140474711,-0.25343207926866373
B020004J07Rik,0.3678025766408618,0.0
B020011L13Rik,0.0,0.0
B020031M17Rik,0.22888442284205604,0.0
B230118H07Rik,0.4952163750105374,-0.5664560135102761
B230217C12Rik,-0.14914791098631497,-0.25655957676496044
B230219D22Rik,-0.16801489523206214,0.3230858873684266
B230307C23Rik,0.5159243723773699,0.030846327997393175
B230359F08Rik,-0.23690106472386616,0.25082299571856037
B2m,-0.19126611631349455,1.2851916222464315
B3galnt1,-0.5057239409280818,0.1423344254482597
B3galnt2,-0.37979202832267056,0.15353446520987113
B3galt1,0.3561822468106399,-1.4875875347554972
B3galt2,0.23886699741636086,-0.8989995491994964
B3galt4,-0.07851778091563055,0.0773937938103817
B3galt5,-0.5962531112469112,1.0760506474952631
B3galt6,0.4226186042347244,-0.0796470389472761
B3gat1,1.4398172829326024,-1.1508158201421725
B3gat2,0.5470326056834596,-0.4360689357365555
B3gat3,0.3573786096968803,-0.5789768477761168
B3glct,-0.6357586300600193,0.1567035059787809
B3gnt2,0.695496822017521,1.1742591425957833
B3gnt3,0.6991144638763416,0.45474910498758536
B3gnt4,1.292535998059072,-0.6121079291414706
B3gnt5,1.5055327840720345,-3.562933979751748
B3gnt6,-0.06948344328505618,-1.8910520532994113
B3gnt7,-0.31382768166250763,1.562921943826587
B3gnt8,0.22530067147324395,0.9803404873183137
B3gnt9,-1.4917887857924912,-0.007578187951823523
B3gntl1,-0.45815540781954933,0.2541213591676925
B430305J03Rik,0.3491597242966735,2.330167693693374
B430306N03Rik,0.25056405691097794,1.0096352824314856
B4galnt1,-0.7638762929023688,1.332575368369593
B4galnt2,0.27920816711858765,-0.5060750104864157
B4galnt3,0.0,0.25325806877877893
B4galnt4,-0.2543976856278247,-0.8870121454357092
B4galt1,-0.2547663259878199,1.205290160366463
B4galt2,0.8964966030797408,-0.3621613172837064
B4galt3,0.17687595193200423,0.09579848596571239
B4galt4,-0.06014517152163812,0.5780431075413119
B4galt5,1.2568571052186233,1.112986021469962
B4galt6,0.29682258380310955,-0.00677962593937842
B4galt7,-0.19188059540818259,0.4351277766303312
B4gat1,0.023433812431646217,-0.06216523705934307
B630019K06Rik,0.4266627084822012,-0.8986114249114632
B830017H08Rik,0.5171416904626,0.0
B930094E09Rik,-0.5304363896107809,1.0124447033768518
B9d1,0.6918036406036192,-0.7301814717472652
B9d2,-0.04024337070318751,-0.14882092237433575
BB014433,0.0,0.0
BB287469,0.0,0.0
BC003965,-0.028433605492285352,-0.006173803806674982
BC004004,0.05692227207514655,0.06860091570896643
BC005537,0.7027744993174423,-0.46788799013407534
BC005624,-0.09530918108185915,0.16935316647662546
BC016579,0.0,-1.4557517597698335
BC017158,-0.30548164670584654,0.08253499040515422
BC024063,0.25587996013522485,-1.0218576006095974
BC024139,0.0,0.0
BC024978,0.2933032464216456,0.1229047236916383
BC025920,0.6725677778396779,-1.1061752600052754
BC028528,-0.20067329501304343,0.7752336783124587
BC029722,-0.12974449545791167,0.28058833120034343
BC030500,-0.16745157032332258,-0.5538620825145584
BC030867,1.899996497123822,1.3114002893788355
BC031181,0.11370728389131024,-0.179872659304948
BC034090,0.011099154270853617,-1.28402596112206
BC035044,-0.5463320388135173,0.9996261841239402
BC035947,-0.016388649057788918,-1.8237429334533974
BC048403,0.6260842389386747,-0.19543765167141913
BC048507,0.01874457811075153,0.06653536544438832
BC048562,0.0,0.0
BC048671,0.0,0.0
BC048679,1.6042635601623751,0.0
BC049352,-0.2071324896865958,0.19588594749787536
BC049715,-0.22248195081299116,0.25700338286147684
BC049762,0.8993696773472835,-0.37064765104631103
BC051019,-0.8793934550722511,-0.642695455036387
BC051142,-0.07399671048335854,0.02977847604263051
BC051665,0.0,0.0
BC052040,0.21594172368965925,-0.4799836737668679
BC053393,0.9750277614400283,1.0357279050225205
BC055324,0.41666771710700257,0.03187739135605394
BC061212,0.0,0.0
BC061237,0.3399821154983063,1.66740463867932
BC067074,-0.12140435623248003,-1.5134181080198088
BC080695,0.0,0.0
BC107364,0.23452371786357948,-0.5610629989077554
BC147527,-0.15391746047441401,1.2246306993334084
BX088531.1,-0.6653365874662673,0.0
BX571804.1,0.0,0.0
Baalc,-0.592059453626113,2.045777156213922
Baat,0.982969581314354,-0.7258821920464246
Babam1,0.03749893300006235,0.08816990496395327
Babam2,0.18220743273813866,-0.07575415449145062
Bace1,-0.08598870416925486,-0.7591480922803093
Bace2,-1.1629421939462548,-1.8235478389733224
Bach1,-0.5502184441902234,0.5295179443157778
Bach2,-0.31187552177922306,0.31648878771668976
Bad,-0.026737315844181708,0.3930888269488779
Bag1,0.6183334585809996,-0.2083176018484103
Bag2,-0.17666269744896468,-0.4098929309857109
Bag3,0.9966560236946114,0.801071628420658
Bag4,-0.16829526524297478,0.27251542412541596
Bag5,-0.025491260067019184,0.009412980047684982
Bag6,0.22981906512813843,-0.21076719013889544
Bahcc1,0.76841729265157,-1.2845916319437105
Bahd1,-0.060330024156796114,-1.1186354614913716
Baiap2,-0.40954704496305716,-0.37108813226760873
Baiap2l1,0.4714292854256845,-0.8759598068953132
Baiap2l2,0.38982698162531815,-0.5807837317988369
Baiap3,-0.6566125485055823,0.015676047914229052
Bak1,-0.10393788583792363,0.2590674203092802
Bambi,0.24414282642039709,0.02580274839745922
Banf1,0.3554965440306539,0.23652239801859487
Banf2,0.0,0.0
Bank1,-0.10175737249427819,0.43516125070144085
Banp,0.08226229815176289,-0.27908197250600786
Bap1,-0.4344581519959192,0.11592740734268858
Bard1,0.7540609587447253,0.648914701054867
Barhl1,0.0,-0.44656908196376366
Barhl2,0.14485288450682088,-0.3562288536220839
Barx1,0.0,0.0
Barx2,0.0,0.0
Basp1,0.01619012571772238,0.4402353492343032
Batf,-0.037852092887739275,0.7164374322845859
Batf2,0.5811137871950631,1.2411923924393617
Batf3,-0.22988048833945207,1.3802204378100322
Bax,0.08021754503966783,0.6937270309108463
Baz1a,-1.2370404935702464,0.9244622341660298
Baz1b,0.3211544074244035,-0.6431361007126402
Baz2a,0.4526089366803152,0.06619765485389806
Baz2b,0.05455186126844502,-0.5234393954189436
Bbc3,0.06664629152625423,-0.021472033828737302
Bbip1,0.37487848082066577,-0.10132170666740414
Bbof1,0.4238304640372297,-0.518068268576882
Bbox1,0.3678025766408618,-0.5231910912048338
Bbs1,-0.44242424587974405,-0.2947792871063779
Bbs10,-0.44051245067421974,-0.3328447719434138
Bbs12,0.4697335114471084,-1.2239146401124614
Bbs2,-0.17975956408027294,-0.5408279278663262
Bbs4,0.5109752162874095,-0.9124970121010065
Bbs5,0.019305284612711304,-0.4891220123737128
Bbs7,0.11482909263220975,-0.7280527620567181
Bbs9,0.21913992461267284,-0.585724560085092
Bbx,-0.04828887508024238,0.4258745318545394
Bcam,-0.2342304541233151,-0.535022669244448
Bcan,-0.5144842669048701,-2.3216235025059033
Bcap29,0.007024882069559979,0.7445855393001608
Bcap31,-0.23454831518369268,0.46068640891136603
Bcar1,0.429926312933091,-0.7377029403874573
Bcar3,-0.30124933955438404,-0.19585928919556927
Bcas1,-2.3030334243967214,-0.5231910912048338
Bcas2,0.038745824647152816,0.02578884576923457
Bcas3,-0.22419155248532796,-0.08366908482666346
Bcat1,0.005008579806176527,-0.8947171719597211
Bcat2,-0.04732332884047352,0.37977526364830005
Bccip,0.1121510309129139,0.21802730131328651
Bcdin3d,0.4181780554420058,0.2614001675744593
Bche,1.0059092921375665,-1.9596467540820814
Bckdha,-0.5898296330704795,0.33051931000728096
Bckdhb,-0.2542716714004918,0.294344942908662
Bckdk,-0.23536004754161155,0.4139423295363862
Bcl10,-0.09808560749933726,0.7328463342719918
Bcl11a,-0.34248897946139767,-0.4137479982672829
Bcl11b,0.5040340986456395,-2.4687098454548515
Bcl2,0.7899941815173932,-0.719848963502713
Bcl2a1a,-0.4032153429467069,1.4384607006636934
Bcl2a1b,-0.2629311088251942,1.497454540791752
Bcl2a1c,-0.22082010532603893,0.25082299571856037
Bcl2a1d,-0.25935059966326435,1.5663578798558948
Bcl2l1,-0.09611364796170463,0.18678170029367358
Bcl2l10,2.100010146364183,-1.6054951128229917
Bcl2l11,-0.41205764079329477,0.9870172707144835
Bcl2l12,-0.05553772685188996,1.1531951888335685
Bcl2l13,-0.5059063775132131,0.2945177099630669
Bcl2l14,0.9080888195606565,-1.2434531027944442
Bcl2l15,0.6317981261872008,-2.1408830242619787
Bcl2l2,0.5443090366987473,-1.355942572686775
Bcl3,4.872749124595485,-0.45251948524359253
Bcl6,0.44791830903983154,1.0075553027050965
Bcl6b,0.35282634528781776,-3.6455405338625178
Bcl7a,0.0015229716307381125,-0.4118202386006313
Bcl7b,0.06547442168764306,0.08778109401706402
Bcl7c,0.906458310961396,-0.202918541022302
Bcl9,-0.41008055759898276,-0.057521697562496144
Bcl9l,-0.08897246696381167,0.16359282661349894
Bclaf1,-0.2689830935614026,-0.05556799021430692
Bclaf3,0.05082713853813203,-0.1898067984095313
Bco1,0.4269742290436471,-0.345790212076149
Bco2,-1.0723268535206554,1.1354472704826133
Bcor,-0.25828084802680884,0.3401257573276393
Bcorl1,-0.21152124048253995,0.43875080845574654
Bcr,0.28727738268875136,-1.0510786149121394
Bcs1l,0.13735247935341732,0.18545529535554195
Bdh1,-0.4259801318259697,-0.5642495059918788
Bdh2,0.9851268108183344,-0.7487672625197073
Bdkrb1,0.09966890976517373,0.5026182242245034
Bdkrb2,-3.3832109195288798,-1.2525055893728467
Bdnf,0.45850116850865863,-1.6819455676756156
Bdp1,0.19855344228869498,-0.22238471013030825
Bean1,1.388472988266774,-2.955745146264585
Becn1,-0.4685666810191851,0.6998696365339097
Begain,1.542697254545386,-0.7543398937164412
Bend3,-0.34281701621940996,0.20761668406455502
Bend4,0.5034659579103602,-0.17103431108351597
Bend5,-0.4434028835601467,-0.12203840744859562
Bend6,-0.08314411627868878,0.38294768732972884
Bend7,-0.024933099767547873,-0.6594133113128402
Best1,-0.8499221815316167,0.3342469716048386
Best2,-1.0122723667793538,-2.2085406643906538
Best3,-0.81831696849203,-0.839168164638866
Bet1,-0.09195778128730403,0.4491253878473973
Bet1l,0.14450516480213693,0.05451369451413868
Bex1,0.17784607217849313,-0.6214877245232522
Bex2,-0.07666642087028563,-0.7199488579376982
Bex3,-0.17559726835534128,-0.4771719354670605
Bex4,0.39440434129173063,-0.4686948498898156
Bex6,-2.301520718382381,1.1777778000727106
Bfar,-0.01109170031304707,-0.02064145731804956
Bfsp1,4.394376286710748,-1.6448070856914825
Bfsp2,3.955292150404312,-1.9522604038705547
Bglap,0.0,0.0
Bglap2,0.0,0.0
Bglap3,0.6317284061110842,-0.7761725718608421
Bgn,0.8499596467545647,-0.9550080039720061
Bhlha15,-1.621906454227429,-1.2774537993527666
Bhlha9,-0.9321810324212575,0.07646531544068669
Bhlhb9,-0.46944107591857964,-0.16767335480287215
Bhlhe22,-0.05395114554695102,-0.2604646300911151
Bhlhe23,1.306812651468639,-0.04358922040962376
Bhlhe40,0.3917421851348699,-0.3957133783532125
Bhlhe41,0.15345765484043739,0.558421349492928
Bhmt,-0.3567848041086102,-0.5734825749726202
Bhmt2,0.2091022013687427,-0.7055946184120332
Bicc1,0.21862265909614864,-3.2828656109185492
Bicd1,0.3354421899976554,-1.0543793854569987
Bicd2,-0.17617209351705299,0.6165543029405995
Bicdl1,0.8028340766551505,-1.308902796708038
Bicdl2,-0.44678382169875286,-1.3649052780987532
Bicra,0.0034491103854357164,0.4034459748604249
Bicral,-0.010774443554662838,0.5546579110382446
Bid,-0.08762488440372529,0.9695844720363169
Bik,0.8898547443350218,0.10810694071607596
Bin1,-0.5364761081012226,0.7483207002498169
Bin2,-0.7686431914593399,1.295739824836124
Bin3,0.02723587677866135,0.4980367649057911
Birc2,-0.1891199895603446,0.02803540854540465
Birc3,-0.26190881877221805,0.7712169061937324
Birc5,-0.1166264745833816,-0.14083236120515696
Birc6,0.43981071529320914,-0.16691310308148744
Birc7,3.2775214674537234,0.0
Bivm,-0.2282299566264605,0.011094346505119645
Blcap,-0.2781293732479977,-0.08785958141078076
Blk,-0.13369708537698077,0.0
Blm,-0.834258300076149,-0.6086636988667911
Blmh,-0.25783745886800524,0.11482293146562306
Blnk,-0.23899341701559962,0.8274650887560391
Bloc1s1,0.5000694658919027,0.27023141419156005
Bloc1s2,0.010919909258676697,0.07342292972469089
Bloc1s3,0.21481546496485127,1.011723813969624
Bloc1s4,1.0669780886864646,-0.002890650004765405
Bloc1s5,-0.17274307512589182,0.43564456523480644
Bloc1s6,-0.1960327273832263,0.2453487478563119
Blvra,-0.16450511775464705,0.5862324471101914
Blvrb,-0.22316037808608513,0.9517758658852031
Blzf1,-0.05660137904199658,0.04268820845537746
Bmerb1,-0.6799301958108313,-0.7269361988675413
Bmf,-0.8689320821468947,1.5576271541230398
Bmi1,0.519688446245123,-0.4649915745541424
Bmp1,2.9563111120865235,-1.1345818284501172
Bmp10,-0.22082010532603893,0.0
Bmp15,-0.6650341140616431,-1.8371428517808743
Bmp2,0.23878849007194258,0.5608286673561977
Bmp2k,-0.6002878934923004,0.558362701831868
Bmp3,-1.7302104435838368,0.7642079042341514
Bmp4,0.10588577195853421,-2.737399243333763
Bmp5,-0.5244836192337985,0.6287436982760095
Bmp6,0.9652017243415858,-1.3087649132971784
Bmp7,-0.9588126452354624,-0.6563595121313073
Bmp8a,0.6780644255176265,0.0
Bmp8b,-3.847766772038753,-0.2433383008541412
Bmper,-2.061978593822917,-3.040696527505089
Bmpr1a,-0.06102400791928986,-0.6347700638887712
Bmpr1b,0.7008351693356074,-0.10796889525556086
Bmpr2,0.12641034930190642,-0.23982146221382905
Bms1,-0.35556267558680155,0.11738299571131705
Bmt2,0.6782634495159163,-1.5109714707644857
Bmx,-0.4468339393638683,-2.33297089537598
Bmyc,-0.310526000117445,0.6921259423460384
Bnc1,-1.0942272324644178,-2.080587314794322
Bnc2,-1.5613702485143994,-0.07447547747389294
Bnip1,0.13965369013250317,0.09572048836988856
Bnip2,-0.417446257492637,0.42162278225141314
Bnip3,-0.44112747021343424,-0.12058139840373094
Bnip3l,-0.17271124190212284,0.22279602493121686
Bnipl,-0.3965326301398431,-0.2587852185597347
Boc,-0.5937341607418363,-1.7607001767477755
Bod1,0.6911728381850057,-0.8954731932808615
Bod1l,-0.10724232687992519,-0.22097019818670205
Bok,-0.15840365990392513,-0.6201650329585577
Bola1,0.7358926538998354,-0.16234298597152197
Bola2,0.3476645852029794,0.5261814454201605
Bola3,0.7406719919605775,0.39121929331685656
Boll,0.2667182082057698,-0.4914324764285688
Bop1,0.02011403443901827,0.32408832245160646
Bora,0.03638584004483647,-1.4023443453951732
Borcs5,0.21322593147611002,-0.15303382432192159
Borcs6,0.14010446000578014,-0.1915723995976535
Borcs7,0.1790248872723783,0.2578019677450527
Borcs8,0.1860013157813185,-0.20711359557249942
Bpgm,0.34166733667175464,-0.45880029207371287
Bphl,-0.07395282798208491,-0.05325573757759017
Bpi,0.0,0.0
Bpifa1,-0.3681752925118766,0.0
Bpifa2,-0.9121211999077907,-0.7235137641554098
Bpifa3,0.0,0.0
Bpifa5,0.23452371786357948,0.0
Bpifa6,0.7315351555641978,0.0
Bpifb1,-0.3493402176101932,-0.2218593794753994
Bpifb2,0.0,-0.2152727868316063
Bpifb3,0.0,0.0
Bpifb4,0.0,0.0
Bpifb5,-0.23690106472386616,-1.0612418327878113
Bpifb6,1.8488335624999643,-2.646987334478555
Bpifb9a,0.0,0.0
Bpifb9b,0.0,0.0
Bpifc,0.0,0.25082299571856037
Bpnt1,-0.3103145001425691,0.038855188812213726
Bptf,0.6126923272721694,-1.0010452882167407
Braf,-0.21317261539475219,-0.3536370106207354
Brap,0.4237797684925173,-0.5708877614507166
Brat1,-0.28536213403271304,0.3806776466279711
Brca1,0.08092711572930966,-0.7665126371453965
Brca2,0.5768984867179228,-0.6530136641111444
Brcc3,0.2189850996330307,0.24969187033043028
Brd1,0.26637760180920544,-0.35580287644292596
Brd2,-0.1434871749344282,0.2660478776199806
Brd3,0.0403092186396794,-0.5512779244164321
Brd3os,0.06439476875615391,-0.2546656410160093
Brd4,0.49170304403845044,-0.035063849367832134
Brd7,-0.08682520455013787,0.4466608260816347
Brd8,0.2695471874153821,-0.3316756571539603
Brd9,-0.04211843605459009,0.11236191389070349
Brdt,-2.154144742628877,-0.5027170557755367
Brf1,0.19565742222551563,0.4264961199272541
Brf2,0.17727787679068374,-0.004002930377171587
Bri3,0.4076285160741291,0.1988153524973013
Bri3bp,0.2878989820942106,0.4275530881322567
Bricd5,0.013475696196166148,0.060783877267913344
Brinp1,-1.4436283046672855,-0.3529695666168955
Brinp2,-1.289968663507822,-0.8957633815844961
Brinp3,-1.3171617560328084,-1.3175336018323316
Brip1,0.3701443158573472,0.5028119464003593
Brix1,-0.2755703033911203,0.4266007474820359
Brk1,-0.3328074139470161,0.9007164627607818
Brms1,-0.16496108810143895,0.3489727696636642
Brms1l,0.0818104972928797,-0.32475814562052463
Brox,-0.49994049991370204,0.654881239864018
Brpf1,-0.42583282105618636,0.39839501592387094
Brpf3,0.12246614900816954,-0.36331740925607114
Brs3,0.0,0.0
Brsk1,0.4964492156353746,-2.3431441164675073
Brsk2,0.7155768376746066,-0.8064893630161389
Brwd1,0.21226055389338683,-0.47533833329411657
Brwd3,0.40448256666701,-0.3685451154545314
Bscl2,-0.38584838978041347,0.3085444539346547
Bsdc1,-0.31879550572070414,-0.05253421217460108
Bsg,0.23701857792043235,-0.31919530859784473
Bsn,-0.19998078292215382,-0.8076590449806123
Bsnd,4.028882981841724,-4.795643852308041
Bsph1,0.6748867181163857,-1.3809912187450935
Bsph2,0.0,0.0
Bspry,-0.2467942836759418,-0.44822442388843164
Bst1,3.2195277001677978,-0.8991849881546878
Bst2,0.5616494810454284,1.1500594440335359
Bsx,0.0,0.0
Btaf1,0.5954394786873802,-0.5388175975692082
Btbd1,0.2401405820975384,-1.1367734560629579
Btbd10,-0.15004899397589888,-0.48184297947955557
Btbd11,-0.24644255569277274,-0.3763544706978408
Btbd16,0.3835179785215188,0.6542034401226426
Btbd17,-0.5404391147752193,-1.3487297763435317
Btbd18,-2.8069318191858263,-0.41766994359845366
Btbd19,-0.24135390581156457,1.3076149211659542
Btbd2,0.7367361031788473,-1.107268505081647
Btbd3,0.04537285317021578,-0.2780451627329654
Btbd35f1,0.0,0.0
Btbd35f10,0.0,0.0
Btbd35f11,0.0,0.0
Btbd35f12,0.0,0.0
Btbd35f13,0.0,0.0
Btbd35f14,0.0,0.0
Btbd35f15,0.0,0.0
Btbd35f16,0.0,0.0
Btbd35f17,0.0,0.0
Btbd35f18,0.0,0.0
Btbd35f2,0.0,0.0
Btbd35f20,0.0,0.0
Btbd35f21,0.0,0.0
Btbd35f23,0.0,0.0
Btbd35f24,0.0,0.0
Btbd35f25,0.0,0.0
Btbd35f26,-0.22915837926285726,0.0
Btbd35f27,0.0,0.0
Btbd35f28,0.0,0.0
Btbd35f29,0.0,0.0
Btbd35f3,0.0,0.0
Btbd35f4,0.0,0.0
Btbd35f6,0.0,0.0
Btbd35f7,0.0,0.0
Btbd35f8,0.0,0.0
Btbd6,0.5968711410651544,0.19730642964548473
Btbd7,0.2212479614573759,-0.09010401393217293
Btbd8,-0.7274624779151271,-0.3457573175983466
Btbd9,0.10050364063766715,0.03285079994073037
Btc,3.093017122962511,-2.055441280330257
Btd,-0.2903600886446007,0.6107343042723024
Btf3,0.28124090953591185,0.34470296984706117
Btf3l4,0.07115459826878734,0.2927605210172395
Btg1,0.44455171576382746,0.060711477226760735
Btg1-ps1,0.0,0.0
Btg1-ps2,0.0,0.0
Btg2,0.19893254544851224,0.21611943371819642
Btg3,0.7654356848759445,-2.421605962971016
Btg4,-1.5724234591146482,-0.8996795105829688
Btk,-0.5239844500480775,0.9352746277226203
Btla,1.3837090907369674,1.8864513734397343
Btn1a1,0.7259517742267889,-3.1839988121938108
Btn2a2,0.3754544065188601,-0.760563251677499
Btnl1,-2.7149716653082714,1.2327133465582427
Btnl10,0.0,0.25555345956664705
Btnl2,-0.03482672763300387,-1.310289918270449
Btnl4,0.0,0.9021914480168023
Btnl6,0.0,0.0
Btnl9,0.28623567160431085,-0.2152727868316063
Btrc,-0.19632847537651266,-0.5190461407445621
Bub1,-1.5536999648759071,-0.1975022766746748
Bub1b,1.1433753114850767,-0.652287828401974
Bub3,-0.08216322047619329,0.08841528378408015
Bud13,-0.24705780724937831,0.2048171752953305
Bud23,0.08984627954809277,0.6211262940350437
Bud31,0.055137015951599366,0.06105724540596569
Bves,1.410004241552293,-3.104440609404304
Bysl,0.20314857070580494,-0.2222575393716113
Bzw1,-0.47756574986082434,0.7488468260454493
Bzw2,0.24024514133646946,-0.628581403418675
C030006K11Rik,0.10080947565850185,0.4033507974700026
C130026I21Rik,-0.20626524162225657,0.6300051307873948
C130050O18Rik,-0.42450060280286905,1.0302441982201955
C130073F10Rik,0.27308607007591623,-0.4569204579033296
C130074G19Rik,1.8004112314764544,-0.5623716560415186
C130079G13Rik,0.0,0.0
C1d,-0.011290077285353917,0.07842095958275941
C1galt1,-0.2943682899909259,0.2657464729019967
C1galt1c1,-0.004838803395468716,0.11396721718051417
C1qa,-0.26273282223170114,1.3479789351412457
C1qb,-0.31310200444531233,1.2413497371643452
C1qbp,1.1961695190940524,0.7160817619450128
C1qc,-0.23594024938321922,1.2563363339777087
C1ql1,-0.38446217162978336,0.16846008945658308
C1ql2,-1.5313585884591276,0.7277673930577979
C1ql3,1.1511566816956575,-0.9475055326919701
C1ql4,-0.23690106472386616,-0.2152727868316063
C1qtnf1,0.5730700894670235,-1.7565163550862826
C1qtnf12,0.20414950724583214,-0.8044788944426884
C1qtnf2,-2.0730621134995433,1.0216887586560295
C1qtnf3,1.8284499652593291,-2.594553275197054
C1qtnf4,-0.46655143700382684,-0.6858771074621481
C1qtnf5,0.23967515055275346,-1.6066088086356913
C1qtnf6,-0.7575471993044394,0.1473630305742497
C1qtnf7,-3.477264964277648,-3.2644241821901816
C1qtnf9,0.5936593183250324,-0.7282243797812842
C1ra,1.3287409057591102,0.7599480456816048
C1rb,0.0,0.5026182242245034
C1rl,0.11612166044548466,0.8267003637193806
C1s1,1.4139623188533368,-1.388980349742721
C1s2,-0.19553032551445615,0.0
C2,-0.41207484201411226,0.001493437833840261
C2cd2,0.9991192145385845,0.5354796135682847
C2cd2l,0.5264981555001693,-0.42250040282273105
C2cd3,0.15856597045640974,0.00042747895984796003
C2cd4a,0.0,0.0
C2cd4b,-1.1735387254151988,-0.9102463126043936
C2cd4c,1.679513059787311,-1.7284923091333533
C2cd4d,-0.1505645881709643,-0.5729140089004834
C2cd5,0.06448755733742573,-0.7333973660954491
C2cd6,0.27275448108787437,-2.5648362842619763
C3,0.2740550859517512,1.9879679839036477
C330007P06Rik,-0.3439610338603458,-0.007529474757745902
C330018D20Rik,0.013495906615599296,-0.10221220304094558
C330021F23Rik,-0.12496266528765254,-0.026335638986886067
C3ar1,0.09308159306980457,1.1720119725002789
C4b,0.6416396811274314,2.2261902999758068
C4bp,-1.0333303122080044,-1.9049909672576213
C530008M17Rik,0.7842553871647011,0.3620666750228292
C5ar1,0.28151590840890606,0.9794516802309499
C5ar2,-0.36389817847109285,1.1108100473298048
C6,-0.4303635001439723,2.641699269938922
C7,0.0,-0.2152727868316063
C77080,-0.1392033755955806,-1.190078787196768
C87414,0.6489768881051818,0.0
C87436,-0.16208094222820257,0.09693174571832586
C87499,0.0,0.0
C87977,0.0,0.0
C8a,-0.44678382169875286,0.0
C8b,0.0,0.0
C8g,-0.5202136374031783,-0.003096698640026041
C9,0.0,0.0
C920008G01Rik,0.0,0.0
C9orf72,-0.403311910889391,0.39720417195048263
CAAA01077340.1,0.0,0.0
CK137956,0.19351997010439442,-1.2058762916080177
CN725425,0.6953110130231894,0.0
CT867961.1,0.0,0.0
CT868697.1,0.0,0.0
CU019598.1,0.0,0.0
Caap1,0.6083998644683364,-0.49634434169339325
Cab39,0.4007898660438709,-0.7777859193746046
Cab39l,0.2638084665194871,0.1040886653560289
Cabcoco1,0.36186260150605154,-1.2528498697837773
Cabin1,-0.37791460850876213,0.6114913472712686
Cables1,0.008968638195224088,0.22836476720275556
Cables2,-0.1629527895271936,-1.2033514617967782
Cabp1,0.07568581616331738,-0.6973811842533699
Cabp2,0.2585935799691734,-1.4925157267941476
Cabp4,0.5494310248524243,-1.189526215695297
Cabp5,0.48769098683757406,-0.5747544777551337
Cabp7,0.33678946410821853,-1.3460900382623313
Cabs1,0.0,0.0
Cabyr,0.5442286788111792,-1.2254274660709683
Cacfd1,0.19276434604408266,0.34727145990723507
Cachd1,0.6121684348233787,-0.002439642473204273
Cacna1a,0.9137447957504348,-0.3045361058453402
Cacna1b,-0.5158357306147474,-0.016348588233086936
Cacna1c,-0.09489087941308139,-1.3185840395594521
Cacna1d,-0.2250046943396793,-0.20807549291615146
Cacna1e,-0.7409844744793004,-0.3695750771105626
Cacna1f,0.08142064596236942,-0.9390516613290121
Cacna1g,-0.017152509686612305,-1.86547258412096
Cacna1h,0.3477185270048615,-1.1427574386631978
Cacna1i,-0.947087229266689,-0.12641068918017062
Cacna1s,0.4660068343618491,0.12584697782437626
Cacna2d1,-0.02277242726250961,0.17124108127911697
Cacna2d2,0.21180948365437313,-1.2138779990012498
Cacna2d3,0.6678416564813627,-0.7886027913007894
Cacna2d4,0.06526947997623722,-1.0653547808563282
Cacnb1,-0.5171031801055515,-0.24003848880412537
Cacnb2,-0.011509953288010522,-0.753338900254672
Cacnb3,-0.6463250584364975,-0.18321121279158348
Cacnb4,-0.6042949096439809,-0.12067380978198194
Cacng1,0.07780921960705567,-0.2218593794753994
Cacng2,-0.7678494860633212,-0.15723897991936653
Cacng3,-1.0789452408730185,-0.5050951430552448
Cacng4,0.4245509188259762,-1.5603901673626854
Cacng5,-0.7726241408202128,-0.5269060117418274
Cacng6,0.0,0.0
Cacng7,-1.0265752288225962,-0.5376019746399514
Cacng8,0.11241580377981641,0.5926077889622224
Cactin,-0.16604869898677954,0.6553147968040047
Cacul1,0.2034261973312912,0.29013859440729917
Cacybp,0.15977974713581133,-0.3737272633965052
Cad,-0.48530107291177416,0.10982505123039665
Cadm1,-0.35027795823623364,-0.2212792831128727
Cadm2,0.9235572353447346,-1.7364261479645187
Cadm3,-0.4337936917418137,-0.9914976537176532
Cadm4,0.5958166236904012,-0.37366730440507556
Cadps,-0.18840639519970814,-1.0605140471238315
Cadps2,-0.4549095943164101,-1.1491321777539536
Cage1,-0.8144544346093374,-0.5810090502929572
Calb1,-0.6127341201513286,-0.020129469779588405
Calb2,0.044821760723312565,-0.634173975852077
Calca,2.3710281180796464,0.9838764358515686
Calcb,0.6103283569546322,-0.9471933600591128
Calcoco1,-0.45837195546261356,-0.3594799766532031
Calcoco2,0.0,0.400578209308994
Calcr,1.818916400072979,0.6031149566989544
Calcrl,-0.4730183987057899,0.5597662659477649
Cald1,1.346534660683945,-1.161411526117945
Calhm1,0.0,0.0
Calhm2,-0.10225054390690502,0.8539741984366973
Calhm3,-0.3567848041086102,0.0
Calhm4,0.0,0.0
Calhm5,-1.1654407548204642,-2.09769509399562
Calhm6,0.055097268177371816,0.7472999058971341
Calm1,-0.0032602960839192008,-0.01793472433325327
Calm2,-0.250435714512367,0.02157902746240481
Calm3,-0.2564529672532867,-0.3586605871998003
Calm4,0.0,0.0
Calm5,0.0,0.25325806877877893
Calml3,1.3266320892129466,-2.6035799163587265
Calml4,0.020278293953315263,-1.7839929153828722
Caln1,0.11093988243323949,-0.43056138777638076
Calr,-0.16829831974924936,0.5367780212924238
Calr3,0.5718221276187778,0.6715959865857322
Calr4,0.36425402596335266,-2.2213786177062245
Calu,-0.23853758781755907,0.10441127265875494
Caly,-0.5035689181668239,-0.4061649166370067
Camk1,-0.4757377315284437,1.1236613489900265
Camk1d,-0.29943799143267924,0.8879813573147608
Camk1g,-0.48424316827243086,-0.9454947441230575
Camk2a,-0.9003697771363193,-0.023554072209012844
Camk2b,-0.26721454825595714,-0.5819264131835045
Camk2d,-0.015963583048083763,-0.10443032742276515
Camk2g,0.22335799858241145,-0.24339063115800919
Camk2n1,0.35727365522609844,-0.08962513385083781
Camk2n2,0.8777385229790031,-1.474967293004413
Camk4,-1.4487300194511157,-0.9375679213229065
Camkk1,-0.2729283829112692,-0.31567738779227383
Camkk2,-0.11569802446147293,0.4947358270933453
Camkmt,0.1356083302709532,-0.2516476236644287
Camkv,-0.9836590794789615,-0.4981115465552026
Caml,0.0936888887975389,-0.37018590979017674
Camp,0.0,-1.207720506991138
Camsap1,-0.2556230218442135,-0.7866657184950636
Camsap2,0.17942707061850882,-1.2940135294814095
Camsap3,0.0802502285813862,-0.6382832936551388
Camta1,0.009904909740351187,-0.18332966803973427
Camta2,-0.4695778458235811,0.1048839743982608
Cand1,-0.5331208250271438,0.4860228813064822
Cand2,-0.2165391108261172,6.02565487710649e-05
Cant1,-0.5342244217267211,0.206576301887063
Canx,-0.13486877300889333,0.6535589042714225
Cap1,-0.17257867621148648,0.8989362204159299
Cap2,0.39919961955733996,0.3639359857952389
Capg,0.22877584043214405,1.154671069420992
Capn1,-0.41639754448661126,0.9750693627551081
Capn10,-0.05659187785098041,-0.14833144637980666
Capn11,-1.8602536061673245,0.8025088016877744
Capn12,0.8844836981537751,-1.1316174802742334
Capn13,0.22888442284205604,0.0
Capn15,-0.37890018354289445,-0.7236728796508132
Capn2,1.188456045380926,0.33814404991214
Capn3,-0.6364235587443243,1.1756249301890183
Capn5,-0.5383687915747437,-1.3422001610673995
Capn6,-0.3140336577200564,-3.8874950131565855
Capn7,-0.4747540638981871,0.37052807493626894
Capn8,0.1194969482422924,0.0
Capn9,0.6489768881051818,0.0
Capns1,0.49816789694361674,0.23800071305917214
Capns2,-1.8672835002012311,0.5094641199979972
Caprin1,-0.42765978749102374,0.7794370240925392
Caprin2,1.0885131263270642,-0.937484362141979
Caps2,0.7523589812432379,-1.097321206280375
Capsl,1.031100836359781,-0.11845761730786908
Capza1,-0.3986072230893125,0.9286495316261938
Capza2,-0.3894989144990859,0.987085913060108
Capza3,0.6748867181163857,0.742593407954928
Capzb,-0.44255700207938453,0.743610867534823
Car1,0.2525493049906953,-0.5190358266168631
Car10,0.07349434993383497,-0.8701197573357788
Car11,-0.35526744987454606,-0.4515093677161559
Car12,0.6932833201237445,-7.387432531991351
Car13,0.7295652822850842,-0.5061727991837968
Car14,0.5385598608585322,-1.4445457112805293
Car15,-0.6769447899723144,-1.7632034936783558
Car2,-0.009173320212461533,-0.6210328270544245
Car3,-0.8302849336172455,-1.9643500965048384
Car4,0.35107617878755004,-0.5424920564665401
Car5a,0.3834495609875179,-0.7453559946008483
Car5b,0.7468418859377461,-1.5609086012622928
Car6,2.5846171692850914,0.0
Car7,0.2803318448405605,-0.1919093132630154
Car8,0.6949285214786709,-0.611811377566708
Car9,1.6373818549855903,1.4913564897214266
Card10,-0.33694261500436173,0.08178213583447835
Card11,0.4425367967204963,-1.045009897967108
Card14,0.48663588694560433,-0.7450368869484874
Card19,0.037868002699671166,0.5704944130439937
Card6,-0.5055320909523324,0.764745828634716
Card9,-0.6920934542224835,1.027777723879952
Carf,-0.7589043233243356,0.08932127630857778
Carhsp1,-0.03858675510900156,1.0082415829821763
Carlr,-0.22154292407881304,-0.2511233056775106
Carm1,0.6183448862475842,-0.9116502889233269
Carmil1,0.06779030134989306,0.00640007387785424
Carmil2,-1.0817074031755425,-0.3652400396135489
Carmil3,-0.22609776407521842,-1.9998178944094098
Carnmt1,1.0649748220304547,-0.4047719142944217
Carns1,-0.6582545746889918,-1.0460756691636481
Cars,-0.07372644269704409,0.09383965953735895
Cars2,0.6641907166576351,0.24303000476700376
Cartpt,-0.31043426953777953,-0.9774581756973681
Casc1,0.7442369959378929,0.6953772596257499
Casc3,0.2773188419504944,0.19006985002869037
Casc4,0.755088624018299,-0.6526569386627727
Casd1,-0.29365701103320774,-0.7493660490120444
Cask,-0.3450787469816401,0.29507528254426774
Caskin1,-0.368922936353548,-1.551187436194013
Caskin2,-0.07962369731853691,-1.6645863237290612
Casp1,-0.007683709853566256,1.1437497438012816
Casp12,1.3200234231277408,2.325108696455361
Casp14,0.0,0.0
Casp2,-0.47009009395358525,0.4576348815678912
Casp3,-0.42835612076315854,0.19363476379390576
Casp4,-0.33411690701927377,0.9970927815150343
Casp6,-0.5051759620821716,0.5766193271729927
Casp7,0.07786520634590666,-0.29182017403624094
Casp8,-0.3296515670435234,0.9918766975996789
Casp8ap2,-0.27549681002546045,-0.10355665421371008
Casp9,-0.3274301972611866,0.5293384914519699
Casq1,1.1928140230747002,-0.4187615118088961
Casq2,1.1517308843460814,-2.1286492993685604
Casr,1.3770778956859613,-0.7282243797812842
Cass4,0.1480791539567914,-0.0060183139841072375
Cast,-0.23952270776022466,0.7760590368974718
Castor1,-0.21500036555470992,0.8581896670667586
Castor2,-0.8640719023323111,-0.11061742664273311
Casz1,0.557914145575765,-1.553115982642625
Cat,-0.36522655251208924,0.5246261245906947
Catip,-0.07012145915756118,0.2645202793587176
Catsper1,0.0,0.0
Catsper2,0.26589963210415846,-2.1763629631775356
Catsper3,0.8208726387002941,1.186759526522681
Catsper4,0.08848319712588282,-2.5180896030951097
Catsperb,0.0,0.0
Catsperd,1.0248182930135474,-2.996303492995225
Catspere1,0.0,0.0
Catspere2,-0.4354475286793775,-0.589288777288731
Catsperg1,-2.2079343077161546,-0.8145439323375778
Catsperg2,0.0,0.0
Catsperz,-0.7676433608646116,-2.705577757282282
Cav1,1.513072198925446,-0.6825246149315287
Cav2,0.8972139353250839,-0.35779345621278225
Cav3,-0.7992683216397618,-1.0987314714063625
Cavin1,1.2161205273624862,-0.4754580806144446
Cavin2,0.3957409599135424,-2.227461709387299
Cavin3,0.23021927681797383,0.016049990356187926
Cavin4,-0.12530880150632628,-0.6801283551267265
Cbarp,0.8602380923371653,-0.6577445801191235
Cbfa2t2,-0.0454151003865384,-0.40117819401499943
Cbfa2t3,0.6240592062745236,0.0061310287808318265
Cbfb,0.24525409117506847,0.6663025114469576
Cbl,-0.39651707592657104,0.6809443498021857
Cblb,-0.2558124001845936,0.13417216200546278
Cblc,0.4678442022770503,-1.5666461965798315
Cblif,0.0,0.0
Cbll1,-0.008127695584491335,0.1920827552966049
Cbln1,0.5052358960080428,-0.326732623243827
Cbln2,-2.092579384128671,1.7437037036299508
Cbln3,0.41376434037708965,-0.4604494347773729
Cbln4,-0.21252835282345117,-1.015485595615595
Cbr1,-0.2865763860265371,-0.18736924257103027
Cbr2,-1.1018608152497649,-0.4133142127903682
Cbr3,0.03341027304021971,1.0685276018744192
Cbr4,-0.008944008670123793,0.13225524967773694
Cbs,0.8148235604560803,-0.47621660656005904
Cbwd1,0.4463395894623483,-0.9426177898454045
Cbx1,0.22195667571847189,0.06337980926348585
Cbx2,-1.0932528000143131,-0.2366093207241553
Cbx3,0.14007369955589333,-0.29873004527154734
Cbx4,0.042116335404093874,-1.2594124263208366
Cbx5,-0.2991216113409827,-0.0978491445248153
Cbx6,-0.8157330987229283,-0.3670499960588156
Cbx7,0.8843790915437566,-1.171812665035997
Cbx8,-0.34531515145646097,-0.1609812368309509
Cby1,0.06422554381981982,-0.5221170364213137
Cby3,0.45922967172757323,-1.6824350399394246
Cc2d1a,-0.32880086529675445,-0.07630865715956858
Cc2d1b,-0.13537546546986512,0.39862654167230005
Cc2d2a,-0.32644949366613574,-1.2060504353329327
Cc2d2b,0.5881379987442473,-0.42811183242342066
Ccar1,-0.5144501680669595,-0.23884779385168642
Ccar2,-0.5257929032709328,-0.08287027747908127
Ccbe1,0.4762279909935492,-3.499242962221907
Cccd201,1.0544396154438078,-1.3039383224085284
Ccdc102a,0.5456118194744137,1.4736006002647395
Ccdc103,1.3686768172711874,-0.5926912155848942
Ccdc105,-0.060793264102565026,-1.1135847317282832
Ccdc106,-0.3033764490908304,-0.31556346193847773
Ccdc107,0.45993552740264754,-0.31983202058722426
Ccdc110,0.19657813728856588,-0.44656908196376366
Ccdc112,0.5680516562643572,0.5845377865668757
Ccdc113,0.8078841284156058,-1.2249215303242984
Ccdc114,0.5483264176868285,-0.11922174167007249
Ccdc115,0.12132300615248504,0.04624650399951413
Ccdc116,0.4746564256773178,-1.6575256281245139
Ccdc117,0.75575144258036,-0.6429780240153873
Ccdc12,-0.057378377971332384,0.17971967068820227
Ccdc120,-1.0346168152874355,-1.3569070137798889
Ccdc121,-0.4196480460121148,0.6554494477255334
Ccdc122,0.15053748751777718,-0.15748804910016112
Ccdc124,0.2819447213301469,-0.1472683212045709
Ccdc125,-0.0022387649032884482,0.8962270961524865
Ccdc126,0.20582011459771365,-0.6875382592129426
Ccdc127,-0.3872228446184298,0.2612834888883633
Ccdc13,1.6951297708202797,-2.3150504746993295
Ccdc130,0.0388366663863291,0.47716469375737347
Ccdc134,-0.0047553579270456225,-0.0054306509441737205
Ccdc136,1.1091570002409163,-1.1162725536470788
Ccdc137,0.14423026166719133,-0.2032024971923203
Ccdc138,0.03150452718848662,-0.7421955604726493
Ccdc14,0.03275013926513104,0.11100516484896872
Ccdc141,0.5677657357522907,-1.186928608284882
Ccdc142,0.2293884861366431,0.48931172397744405
Ccdc144b,0.812094747785463,-0.2619029411189864
Ccdc146,0.7065876569804306,1.5226151114228426
Ccdc148,0.7656611904839963,-0.9037194989149899
Ccdc149,0.011696488087406642,-1.1838278112491416
Ccdc15,0.4878887732761852,0.46912864382621855
Ccdc150,1.0745081492141426,-1.3297724211478732
Ccdc151,-1.0582273661736816,-1.0212729999190238
Ccdc152,-0.3852107107942411,1.9080448880117031
Ccdc153,0.0,0.0
Ccdc154,0.0,-0.4569204579033296
Ccdc155,0.38853890609549424,-2.4023752795048563
Ccdc157,-0.41521435100514736,-0.1878580650228745
Ccdc158,-1.5830847824578795,-1.9055216027909028
Ccdc159,-0.1918582307071679,-1.639937217124869
Ccdc160,-0.3009041213758743,-1.2231854526948527
Ccdc162,1.0272078289187192,0.05864938119690999
Ccdc163,-0.5263170829504,-0.13000680707951418
Ccdc166,0.019858301165040615,0.009187214196407112
Ccdc167,0.10043315579846457,-0.05508430586074908
Ccdc169,0.9034033110892434,0.6341902664134733
Ccdc17,-0.05018341155731143,-0.039555291124695025
Ccdc170,-1.9858980384313392,-0.884428092947912
Ccdc171,0.5836865604910821,-0.11453563964373092
Ccdc172,0.6200651260325509,-0.6868404649911545
Ccdc173,0.8953723709946741,-0.5401523133528734
Ccdc174,-0.07175058205275242,0.021590351025473353
Ccdc175,0.06500823667814792,0.034829130466714986
Ccdc177,1.3852974383757646,-1.8031434083563802
Ccdc178,0.23452371786357948,0.0
Ccdc18,-1.3979445063155418,-1.4152425093371201
Ccdc180,0.8042150205056897,-0.9207638862157594
Ccdc181,0.3394704481822277,-0.20099311830289857
Ccdc182,0.0,0.0
Ccdc183,0.5231633858597864,-0.8920469804826775
Ccdc184,-0.9267739228037284,-0.017810124858243626
Ccdc185,0.0,0.0
Ccdc186,-0.11160638755177033,-0.05652632430145843
Ccdc187,-3.7421432807859847,-0.6949428703042281
Ccdc188,0.0,0.0
Ccdc189,0.34649420208921633,-1.8600710638533071
Ccdc190,0.4183636864206829,-0.2152727868316063
Ccdc191,0.44763498911401634,-0.559257657246067
Ccdc192,0.2381146214355523,-1.546545584454464
Ccdc194,1.9606610623021705,0.0
Ccdc22,-0.5493479678934072,0.4831458364474237
Ccdc24,0.011306470127872004,-0.9952206235010195
Ccdc25,0.11774921750333256,-0.08265113212328501
Ccdc27,0.021060380578297455,-0.858567848763059
Ccdc28a,-0.529872848516721,-0.7513523510639963
Ccdc28b,-0.5236923328181522,-0.20725279828256582
Ccdc3,0.36845953641165563,-2.436812192545186
Ccdc30,0.09238009553108739,-1.4142179031839257
Ccdc32,-0.12367344728004426,-0.3433884928254862
Ccdc33,0.07515109079028992,-2.6447945696900397
Ccdc34,0.6738630067815787,-0.6538243108201769
Ccdc36,-0.9918009223635869,2.0539746332862183
Ccdc38,0.06468230522221452,-0.7855072164895294
Ccdc39,-0.5780821439400023,-0.7777010823295338
Ccdc40,-1.3075423365368186,-1.2353483375919843
Ccdc42,-0.6684282267481674,-0.916070889550666
Ccdc43,-0.2614186874619566,0.7066571791218532
Ccdc47,-0.3289532430504529,0.16882398100193186
Ccdc50,-0.5289149855183783,1.0795318551596083
Ccdc51,0.10673018646806653,0.011783454455072118
Ccdc54,0.0,0.0
Ccdc57,-0.5708190535249109,-1.1222647451504253
Ccdc58,0.6116582210779988,0.212392485694191
Ccdc59,0.49020364773035574,-0.10576941229754766
Ccdc6,0.3779295957772444,-0.01181155695550018
Ccdc60,-0.08356682816330174,-2.094264872051643
Ccdc61,0.1418799234672381,0.43235092522659535
Ccdc62,0.20742332281833598,0.03939195489682401
Ccdc63,0.6248682912808956,-1.2459591135993824
Ccdc65,-0.755420774817332,-0.5232817594106329
Ccdc66,-0.33906457639258925,-0.4502938148171012
Ccdc68,0.49984656810116856,-0.6285606987324166
Ccdc69,-0.05452621977772232,-1.0453676441705424
Ccdc70,0.0,0.0
Ccdc71,-0.021405353737311117,0.633614746170899
Ccdc71l,1.4976645793900296,0.1452140963379236
Ccdc73,0.2062537514622962,-0.45813495792694336
Ccdc74a,-1.522773591005541,-3.762643903000782
Ccdc77,0.11061196627829517,-0.3451441964725035
Ccdc78,-0.038630141857570965,-0.015427390786088568
Ccdc7a,-0.44456710590874715,-0.46003378712518933
Ccdc7b,-0.683684886422619,-1.38906387642153
Ccdc8,-0.6641620520222364,-0.4056651363466006
Ccdc80,-1.5448397337061053,-1.2895551653788804
Ccdc81,-1.0321379679222256,-0.8502516466075858
Ccdc82,0.021266879461563803,0.10349716410489762
Ccdc83,0.0,0.0
Ccdc84,-0.11859467753602093,0.13161425620008416
Ccdc85a,-1.725511378300121,-0.5891437895274496
Ccdc85b,0.10411418905108327,0.23696146290300568
Ccdc85c,1.4314988382736757,-1.048771403083295
Ccdc86,0.2882097499278782,0.7114338862285461
Ccdc87,-1.6810590901151672,-3.6328381882517355
Ccdc88a,0.8347772527317687,-0.0699035201211391
Ccdc88b,-0.4170447333268186,0.46085332989653516
Ccdc88c,0.1613693714868356,-0.7147019462452509
Ccdc89,1.7562178902099488,-3.1955804996358848
Ccdc9,-0.1573502157363844,0.2658178376279441
Ccdc90b,0.3095641159745366,-0.01787307551284556
Ccdc91,-0.35379489108361994,-0.08547023595130554
Ccdc92,1.025223791633227,0.03455786101357905
Ccdc92b,1.7175055338642249,-1.299806014316455
Ccdc93,-0.1407547691202211,0.6251284877169123
Ccdc96,-0.6325826996516772,-0.6124653543266803
Ccdc97,-0.21461705454547086,0.10482765406968575
Ccdc9b,0.5931263259741675,-0.7984468525475883
Ccer1,0.0,0.0
Ccer2,1.905736287161108,-0.9452956517135211
Cchcr1,-0.19709314150080015,0.2201953775562826
Ccin,0.0,0.0
Cck,-1.125139429460055,0.41249884235294765
Cckar,1.4602907725621246,0.07703724063125539
Cckbr,0.4559843018149463,-0.2860646661610451
Ccl1,0.0,0.0
Ccl11,1.1192659459128784,-0.908931699106119
Ccl12,0.6598184092559745,2.0331788388642433
Ccl17,0.6494304123180172,0.6330176977430519
Ccl19,1.5686519955248697,-1.7505882128592827
Ccl2,0.8436744827733396,2.2950828477212575
Ccl20,0.0,0.0
Ccl21a,1.380801658401821,-1.663126169769582
Ccl21b,0.0,0.0
Ccl22,-1.3910013198824487,2.004038340199578
Ccl24,-1.7563142095447466,-0.4598030803154671
Ccl25,0.06320423506409334,-0.41071109049915755
Ccl26,0.0,0.0
Ccl27a,0.5341011210315703,-0.7149026701294714
Ccl28,2.264492460134531,-1.505143389763815
Ccl3,-0.018602894288861194,1.2429491766367695
Ccl4,0.29378779799019483,1.817357011507653
Ccl5,-0.7650270287390892,2.142831081010936
Ccl6,-0.2336978598998094,0.8995147772964103
Ccl7,0.9475871200660357,1.6738761543228344
Ccl8,1.7033494742357491,2.465104495459903
Ccl9,-0.5816652483506388,1.5636018286301088
Ccm2,-0.025974575483337148,0.4420842062640524
Ccm2l,-0.18065755001527517,0.07677280398092545
Ccn1,0.6122519159732782,-1.2059275042871986
Ccn2,0.4961756739002361,-0.9558704212322402
Ccn3,-0.6648742427536904,0.0
Ccn4,0.1050890675955003,-1.124640089254756
Ccn5,3.596253719776951,-0.09832966250951869
Ccn6,1.6992344442977392,-2.198600115642142
Ccna1,-0.46409139838539204,0.6514012050275544
Ccna2,0.41304835277278773,-0.340153782670205
Ccnb1,-0.11084490870796682,-0.9940591486557766
Ccnb1ip1,0.7099170870600979,-1.0314166637549813
Ccnb2,-0.37226608424823393,1.50433115998983
Ccnb3,-0.3567848041086102,0.39733753613432565
Ccnc,0.30964065683368247,-0.03208619719981165
Ccnd1,0.4719875357971155,0.7482731661178939
Ccnd2,1.3309429625404299,0.5413451804531846
Ccnd3,0.208251549775472,-0.27804956043492624
Ccndbp1,0.15737480617175592,-0.6015467861246648
Ccne1,-1.52855335481692,-1.245092915451003
Ccne2,0.2090964926749459,-0.11364152663427962
Ccnf,-0.4943395566511306,-1.173600138641099
Ccng1,-0.046139206071103445,0.19969896594843384
Ccng2,-0.4153943394464097,1.0158485723813158
Ccnh,-0.024979019784618472,0.25137103657126225
Ccni,-0.01647945208496715,0.6667845906310248
Ccnj,0.38359651287111873,0.144019216718962
Ccnjl,1.5005068491382563,-0.15651283117567072
Ccnk,0.8830713230388261,0.0598940604467435
Ccnl1,0.3141937886548991,-0.3078513861600829
Ccnl2,-0.025672428385549395,0.11716652640996728
Ccno,0.09412645221820615,-1.093681620784582
Ccnq,0.43286859650733334,-0.017784570267998845
Ccnt1,-0.08982389648293498,-0.47501378693747753
Ccnt2,-0.22859261921251672,0.11032794883760921
Ccny,1.009809273510248,-0.7993564496997436
Ccnyl1,0.58915360405254,-1.3928154690979913
Ccp110,-0.3241945000531494,-0.34261788362131895
Ccpg1,-0.3580390620881406,0.3810347332833359
Ccpg1os,0.6618859350346851,-0.69840275893874
Ccr1,-0.05032532975804038,0.9069527402967275
Ccr10,-0.6977454415636988,-0.7989826105575193
Ccr1l1,0.7971797274258376,0.7675636924940363
Ccr2,0.6773089391801594,4.297796651324252
Ccr3,-1.5646352422697722,0.922573231021691
Ccr4,0.0,-0.04537906863204494
Ccr5,-0.4043743782147988,1.1805113799137974
Ccr6,1.2682046540174507,0.5247802841555922
Ccr7,0.7251397147800653,-1.4483626593534524
Ccr8,-0.2157296162909558,0.4945670573698504
Ccr9,0.8937257814876789,-1.5295746710160136
Ccrl2,0.17105852825637058,0.8599854734577796
Ccs,-0.2917690421938186,0.005670796966992242
Ccsap,0.346709472183762,0.1175883919904015
Ccser1,0.18431019905135315,-0.5266603007194215
Ccser2,0.13073936309388934,-0.5551061957988708
Cct2,-0.16030379059823296,0.16266671351943174
Cct3,0.04463050987256878,0.11462707122048066
Cct4,-0.024772055288858397,0.10580140580122332
Cct5,-0.05536419184885055,-0.017885727673741414
Cct6a,0.19218802568787297,-0.06319679483668672
Cct6b,-0.7486615997644464,-1.8155959391977743
Cct7,-0.05268028052253193,-0.019996248808119788
Cct8,-0.2698596092128156,0.39286628448049754
Cct8l1,0.4499574244787121,-0.5835986013263491
Ccz1,-0.003353956092091437,0.30333391891019446
Cd101,-0.756994533837597,1.751735428147403
Cd109,1.4721742268014677,-0.25468291341269955
Cd14,-0.09397457633631845,0.9219685257792047
Cd151,0.0363121712909944,-0.4648702157719846
Cd160,-0.36308551172281067,-1.8722219265674664
Cd163,0.13554876281444095,0.2853198570456801
Cd163l1,0.2956370359742702,-0.2152727868316063
Cd164,-0.08803854063550531,0.5936143288166491
Cd164l2,-0.5404188586859576,-0.23923849835417021
Cd177,3.330671384174856,0.8331846747959788
Cd180,0.023279539440641983,0.8698002983440496
Cd19,-1.6516566587391888,0.11611225702400718
Cd1d1,-1.0202443608838232,0.7153781049840786
Cd2,0.5239737262892792,-1.9227830413577436
Cd200,0.011654730195854057,-0.6957140658602992
Cd200r1,-0.6423633480444364,0.7165232394170182
Cd200r2,0.0,-0.2218593794753994
Cd200r3,0.6134157855684634,-1.0030015923504623
Cd200r4,0.6822872003015181,0.7500883454466418
Cd207,1.672174421171632,-0.21283904559181435
Cd209a,0.34396606136064634,1.4424419342375607
Cd209b,-1.3473782521696536,0.0
Cd209c,0.5585941905771676,-0.6053796407668868
Cd209d,0.8216870535417651,0.12014070057217108
Cd209e,-1.1474459117074416,0.0
Cd209f,-3.0326533500223762,-2.502256996060307
Cd209g,-1.3411676643463328,-0.8544465658646387
Cd22,-0.15814631113118338,1.641182990019872
Cd226,1.15975204425451,-0.21158114599128708
Cd244a,-0.2748549127515103,2.030964967087778
Cd247,-0.4668665526667688,0.15151345309548914
Cd248,0.6999793719374408,0.7280539286752865
Cd24a,2.7134021532854504,-1.1939599911563352
Cd27,0.374550049205828,-0.07686848458209283
Cd274,0.3863311138708809,1.176992414886632
Cd276,-0.001023508588354538,0.26018918517870304
Cd28,-1.147774139371771,-1.1642004963657575
Cd2ap,-0.10383993339478614,-0.08084972045789662
Cd2bp2,-0.4210980583529036,-0.520059994119066
Cd300a,-0.39501476257567525,0.6259163305860707
Cd300c,0.3784797939537612,-0.434341208485438
Cd300c2,-0.5217759121233332,1.2926445393596246
Cd300e,-2.772435519114772,0.0944035531597649
Cd300lb,-0.3313324334802239,3.1249318588973827
Cd300ld,1.414876036877632,0.6634419908737819
Cd300ld2,1.3738067680972734,-1.5536938658082333
Cd300ld3,1.7827245419579407,1.464162086258641
Cd300ld4,1.9330909763148325,0.5409110192817985
Cd300ld5,0.2849363360130903,-0.652463723095428
Cd300lf,-0.06889240080708792,2.4445794243317156
Cd300lg,-1.5078799244376824,-1.359649253395228
Cd302,-0.18998702323465544,0.7213740955573762
Cd320,0.710234312024399,-0.3762269434547534
Cd33,-0.44729944900350205,1.2223685600116792
Cd34,-0.5908651760276129,1.12345913536282
Cd36,0.3846273094365138,-0.31274751900017783
Cd37,-0.2495729968350684,1.075067493270815
Cd38,-0.2738185784689229,0.6688351853440366
Cd3d,-0.0709389102578406,0.9871596909459801
Cd3e,0.07714540805113179,-1.0019373923763735
Cd3eap,0.0196614484724158,0.5147035858520237
Cd3g,-0.26455068557475814,-0.33410977505750994
Cd4,-0.41389602711788775,-0.1300066277432652
Cd40,1.0377393953810126,0.8386279884785441
Cd40lg,-0.5721935307545001,0.15829085242119023
Cd44,0.962426927592567,0.9860888466661599
Cd46,0.2960381613673402,-0.47167127728034064
Cd47,0.19776545490852016,0.611167381452681
Cd48,0.0643902034088697,1.1535732149554665
Cd5,-0.7133899266026731,0.12199995476036873
Cd52,-0.2926585743696304,1.6550173640705488
Cd53,-0.2794759042180708,1.0084108664019986
Cd55,0.389334520642477,0.3358073443973746
Cd55b,0.0,0.0
Cd59a,1.5534102326309593,-0.7252647128573599
Cd59b,1.2487993649676699,0.6632054236620837
Cd5l,0.42086848808507726,4.231098553616535
Cd6,-1.0663226436648463,-1.0225456301106315
Cd63,0.41821506518819795,0.9475588251371612
Cd68,-0.12174955287654754,1.0154303946796777
Cd69,-0.3569864763407624,2.3235667191638463
Cd7,1.7106935096336988,-0.22811131071996327
Cd70,-1.6786956184390438,0.12130239581465241
Cd72,0.5839506766745579,1.47756202425769
Cd74,2.2185683624350805,0.8036750601293701
Cd79a,-0.10073180895657674,0.49883265801114396
Cd79b,-1.2174428359172147,0.8621530824593595
Cd80,0.10641141482531502,0.4354608548321739
Cd81,-0.1391362982050559,0.9952451444367263
Cd82,-0.2895994154104784,0.7517558505751456
Cd83,0.08376969073357365,0.8858396438809564
Cd84,-0.4552133771005078,1.282666306145579
Cd86,-0.40849863084928195,0.9717974218137932
Cd8a,-0.645295411110828,0.2588858442357571
Cd8b1,-0.2611788264221131,0.12643260166872938
Cd9,0.29624199250361727,0.7328110849523739
Cd93,0.4535919714238883,0.5550468426881157
Cd96,-1.0089744892392316,-0.6369922200517582
Cd99l2,-0.3481095221765198,0.1250726491061318
Cda,1.1687125772122489,-2.024403431236511
Cdadc1,-0.09085133889806052,-0.1568889199620802
Cdan1,0.3246281842797325,0.30088727630850887
Cdc123,0.1575532573632774,-0.03427174644018294
Cdc14a,0.12296972968625042,0.09145809434831165
Cdc14b,0.6792423691861051,0.07526614106151008
Cdc16,-0.016016477818602937,0.37092200519039764
Cdc20,-0.3262093221953508,1.0645469171844812
Cdc20b,-0.997121104828121,-1.6005619329485201
Cdc23,-0.04165435326006417,0.057405375641570444
Cdc25a,-0.6854353578915138,0.22233711987156912
Cdc25b,-0.007957408012607914,-1.1286466310162409
Cdc25c,-0.079454494753322,-3.250078222970868
Cdc26,0.14276479817530507,0.2438453314554021
Cdc27,-0.5400307837809457,0.24741655735299162
Cdc34,0.7903924519916465,-0.5685634905395496
Cdc34b,-1.600656785164321,-1.884143555330116
Cdc37,-0.3652847254533995,0.49362489628360073
Cdc37l1,0.23094525174203362,-0.13925189035047225
Cdc40,-0.2895427248356768,0.30126460812495104
Cdc42,-0.18276018869429933,0.726269036229187
Cdc42bpa,0.6732158943624569,-1.058337717035478
Cdc42bpb,-0.2824406273240099,-1.1991126471278566
Cdc42bpg,0.947244269948742,-1.9915616365917979
Cdc42ep1,1.1939263017083857,-0.8638638266999203
Cdc42ep2,0.32506886186206785,-0.2777338872919701
Cdc42ep3,0.24675774987562704,0.268594559416373
Cdc42ep4,-0.6317089776392617,-0.12700721670554138
Cdc42ep5,2.5100975491920807,-2.5196731473987093
Cdc42se1,-0.24518070302261918,1.0441327412165649
Cdc42se2,-0.34984276854767415,0.26303041539351213
Cdc45,-0.27816336337121683,-1.3856539545652389
Cdc5l,-0.02019389399939797,-0.014097204558314758
Cdc6,-0.5177852637042557,1.3565781999226072
Cdc7,-0.3243392725152141,-0.8975490603955469
Cdc73,0.3476462157541391,-0.7570651846677876
Cdca2,0.3066028992772978,0.3708002942051598
Cdca3,-0.02493768496947446,0.2743130118264512
Cdca4,-0.25082838573662336,0.3835489056745871
Cdca5,-1.9623500389755186,1.183301225639442
Cdca7,-0.5405898359818622,1.2190037126737092
Cdca7l,-0.044766599300578136,0.9025009659327399
Cdca8,-0.5192213941612991,0.902190109471328
Cdcp1,0.0,0.0
Cdcp2,0.0,1.1715522518054802
Cdh1,0.7479968754596271,-0.7963170921311225
Cdh10,-1.3257645133150024,0.3943535856406859
Cdh11,-0.3569525704451699,-0.5351963832125275
Cdh12,-0.9902523278218656,-0.6350168458468861
Cdh13,0.4499684058484821,-0.4755496242161117
Cdh15,-0.09010784639304648,-2.1037011161800043
Cdh16,0.020941097249331353,-1.4373384870761527
Cdh17,-1.6715552106020932,-2.207783300922433
Cdh18,-0.622831540107506,-0.8208015759299867
Cdh19,2.430549415368726,-1.3115613422384649
Cdh2,0.43220647701727977,-0.597048547528253
Cdh20,-1.690266198432103,0.9754212263675228
Cdh22,-0.011911283013922969,-0.17417502049776612
Cdh23,-0.28033734219914486,0.706137243174668
Cdh24,-1.8854189974800253,0.42455667702671196
Cdh26,-0.6293185281872592,0.5048761324852925
Cdh3,-1.5368672590672094,-5.486469346286881
Cdh4,-1.1860634345409693,-1.2179852227882169
Cdh5,-0.5707568176128763,1.3935348944058044
Cdh6,-1.1742163152639327,-0.7359675020419187
Cdh7,-1.2040726628644673,-0.8085797615856407
Cdh8,-1.117432229532568,-0.6479247773499299
Cdh9,0.32193016052609735,-1.987712385886697
Cdhr1,0.11266549662067149,-0.9818001343547049
Cdhr2,-0.6241370782583623,-0.6868404649911545
Cdhr3,-0.5708693973538397,-0.16017358003500348
Cdhr4,-2.618448978607952,-0.6313419604913513
Cdhr5,1.3485754576951134,0.0
Cdip1,-0.20248898795471604,-0.3566055850147052
Cdipt,-0.10384327035773566,-0.031069282730815218
Cdiptos,-0.5954851327936019,0.37224054383789174
Cdk1,-0.5732106545561155,1.222790669576387
Cdk10,0.09821007469181886,0.10300237420883995
Cdk11b,0.04342224993155064,-0.14361545820342592
Cdk12,0.18660111016655279,0.07389224374589354
Cdk13,0.42538081528626037,-0.8871653810054037
Cdk14,-0.5910878023922432,-0.4932547803546736
Cdk15,-1.835395300487578,0.855230049340606
Cdk16,0.7201775144682454,-1.7868286033624088
Cdk17,0.077957453181833,-0.5840699667476832
Cdk18,-1.0538491766645084,0.7685168104666111
Cdk19,0.08959968398044715,0.48573149873749344
Cdk2,-0.40145495113878127,0.9579624373227986
Cdk20,0.08356792279845848,-0.16555062388673747
Cdk2ap1,0.1372023463457399,0.14761692305998597
Cdk2ap2,0.38004052883109907,-0.0029706443634420765
Cdk4,-0.1665139809650853,0.45797629805381135
Cdk5,-0.10652919592643606,-0.1648138442974325
Cdk5r1,0.5097272539632138,-0.15208528711765457
Cdk5r2,1.302029321367336,-1.886446850027792
Cdk5rap1,0.14574051567783286,0.17000994683415271
Cdk5rap2,-0.43994648020271754,-0.03400753071915297
Cdk5rap3,-0.20150768371109962,0.1029112815183133
Cdk6,-0.20059186999902323,0.8965752334632011
Cdk7,-0.03250678374332239,0.38751130025512204
Cdk8,0.7433857139002695,-0.6700577509717265
Cdk9,0.15184107990568307,0.44992176853071264
Cdkal1,0.027446112952073776,-0.35292106102459186
Cdkl1,-1.905935219184554,0.29263491538398334
Cdkl2,0.19967657950144346,-0.35619723067474407
Cdkl3,-0.13754352808147274,-1.5449161214149285
Cdkl4,0.89005947096038,-0.39221074461234817
Cdkl5,0.6396120036707362,-1.8777911019107902
Cdkn1a,0.5998786660676743,0.3098793636420343
Cdkn1b,0.4886968737140398,-0.08272536224410043
Cdkn1c,0.11301793562596707,0.4718475271734439
Cdkn2a,-0.08262200940442338,0.0
Cdkn2aip,-0.24562875402389928,0.2204279314223001
Cdkn2aipnl,-0.16120039822379617,0.32750087862730837
Cdkn2b,1.6830188624918758,1.2331899650792897
Cdkn2c,1.6109200821752676,-0.2322640136184173
Cdkn2d,0.015611057405680029,-0.18462940625687985
Cdkn3,0.6393371606996991,-0.14952932821060116
Cdnf,-0.7824431444686102,0.34206346806526033
Cdo1,-0.36588723333311357,0.0232916346326677
Cdon,0.7115278927894586,0.06007163959410189
Cdpf1,-0.06805618906885336,-0.15653351474865396
Cdr1,-0.27034297647148176,-0.8478877139537797
Cdr2,0.6541349108328376,-1.8812104414693422
Cdr2l,0.9305601527936629,-2.0991975177670765
Cdrt4,-0.28889888827442867,-0.34915265822807906
Cds1,0.8773945747235707,-1.3181480132912657
Cds2,-0.11172289734197527,-0.24867632216058055
Cdsn,3.22350548071851,-2.496771735071362
Cdt1,-0.04143487403745105,1.0912155225266833
Cdv3,-0.032134030707799965,0.5868782300937436
Cdx1,0.0,0.0
Cdx2,0.0,0.0
Cdx4,0.0,0.0
Cdyl,0.3685348199503897,-0.35659331911552794
Cdyl2,-0.5242088439057984,-0.11659975639638187
Ceacam1,-0.6486273502553885,0.6763817882347425
Ceacam10,-0.580449942934639,-0.7763804269118914
Ceacam11,0.0,0.0
Ceacam12,-0.07080360219135373,-0.08669737006668121
Ceacam13,0.0,0.0
Ceacam14,0.0,0.0
Ceacam15,0.0,0.0
Ceacam16,-0.6241370782583623,-0.5796507832705338
Ceacam18,-0.5510990879093423,1.0439839252533276
Ceacam19,-0.6870978291584173,0.7032484328350376
Ceacam2,-0.6391925709132353,-0.2560175115609191
Ceacam20,0.0,0.0
Ceacam3,-0.6868896269107649,-0.2218593794753994
Ceacam5,0.0,0.0
Ceacam9,-1.1967544461821156,2.126490163201894
Cebpa,-0.40699482266810616,0.7573711783398842
Cebpb,-0.0697580548523895,1.7090555570311357
Cebpd,2.3746286869728435,1.5810654120473373
Cebpe,-0.5962074996852326,-0.2152727868316063
Cebpg,-0.05861514571446769,0.5960686521917413
Cebpz,0.1869690855363597,0.0713522883346549
Cebpzos,-0.07639501829609152,0.4978821427568132
Cecr2,0.7848562912490404,-1.9860855422937442
Cel,0.0,0.0
Cela1,0.9577536422079911,1.1818453487815272
Cela2a,-0.6716587327444767,0.0
Cela3a,0.0,0.0
Cela3b,0.0,0.0
Celf1,-0.05129903205615882,0.4671436090263743
Celf2,-0.3790098049588,0.510307406917148
Celf3,0.3983171397232752,-0.51277977443171
Celf4,-0.6267531647613538,-0.45422686716942984
Celf5,0.16589236317760125,-0.16838398994713355
Celf6,-0.8374060450125196,-0.07011570006847734
Celsr1,-2.147525099856951,-0.5332582545093651
Celsr2,0.20426449360089194,-1.517685573308742
Celsr3,0.5094384744879621,-0.9732271163079274
Cemip,-2.182295546143786,0.35490260374981286
Cemip2,-0.04660924172938685,0.2971319069568459
Cend1,-0.5092524949389432,-0.917057232473633
Cenpa,0.0597918061969418,0.07398360420041517
Cenpb,0.3704086198447598,-0.20107034337642204
Cenpc1,0.36955936979113524,-0.3768580129182535
Cenpe,-0.22510435859127043,-0.06791671467094673
Cenpf,-0.8316809403965317,0.48159139383659433
Cenph,0.7534212820574289,-1.470700126241435
Cenpi,0.531823679620433,-1.011615120106553
Cenpj,-0.6093321439686479,-0.3485061531262241
Cenpk,0.34539215561921655,0.5773335292630799
Cenpl,-0.15053181849288944,0.9177259738656884
Cenpm,-0.19773766369830614,0.3473976258948692
Cenpn,-0.19056666896546393,-0.8654990960339157
Cenpo,-0.30809350005911185,-0.19319922848654691
Cenpp,0.056770025382798295,-1.9947770739003277
Cenpq,0.37976084500143337,0.30203484575948014
Cenps,0.5049306367494113,0.31666799285586755
Cenpt,0.2078528333020362,-0.639739972155823
Cenpu,0.09218011710408991,-0.9130383079922364
Cenpv,0.6060507642686099,-0.48960136152567024
Cenpw,0.2719861300296422,-0.16943347017985566
Cenpx,-0.04907379325588934,0.9966782498254254
Cep104,-0.6234383923528668,-0.17616837660721352
Cep112,1.1994720242573447,-1.2618483063567858
Cep120,-0.224620235626098,-0.22000296666905683
Cep126,1.96274639284987,-2.392520640260427
Cep128,-0.20954230418623876,-0.23592357604821856
Cep131,-0.5780790564041896,-0.3368481752922543
Cep135,-0.2999771977797243,0.09780466956335676
Cep152,-0.38989098354066876,0.6349646376198255
Cep162,0.4383644993391922,-0.25478319457900866
Cep164,0.6807650358549289,-1.3342402778955744
Cep170,-0.45840908177006945,0.901970455145582
Cep170b,0.14999871261030862,-1.1315346542786315
Cep19,-0.14746112833533154,-0.6655479857967013
Cep192,-0.014013454692037186,0.40305586860617915
Cep250,-0.4212838480507397,0.39979713135576134
Cep290,0.8281030749000635,-1.2340787920166996
Cep295,-0.026954685856676264,0.28195557349426537
Cep295nl,-0.14696742800600426,0.35213028039575434
Cep350,-0.151604660766683,0.06952383413833019
Cep41,0.28201378315458037,-0.03724260294779658
Cep44,0.0420454238833603,-0.636130825738606
Cep55,-2.447648810950962,0.5294743652216578
Cep57,0.22893919587215628,-0.3016654831261061
Cep57l1,0.2866701549250843,-1.0418581023032631
Cep63,0.2529916350326751,0.5002010710125493
Cep68,-0.6123153922504816,0.698214933595608
Cep70,0.1504596080691396,0.03151579971573959
Cep72,-0.028062361740140318,-0.481900183890275
Cep76,0.4268875762079043,1.0273123770398964
Cep78,-0.22939404576613232,0.994310362612155
Cep83,0.052824409255533666,0.6058009587420345
Cep85,-0.8775685209011073,0.7992996754487205
Cep85l,0.7529208112183028,0.6275392895293992
Cep89,0.21029887699550898,-0.4390187646183623
Cep95,-0.028330623180363723,-0.1865304888870991
Cep97,-1.0158544408387504,-0.7391627812489947
Cept1,-0.4360854754931882,1.066601844701438
Cer1,0.09608750881083283,0.0
Cercam,-0.8883268553648138,0.6420653769250855
Cerk,0.13411151253842846,-0.08006992095467247
Cerkl,1.443397004137763,-1.0787471627325713
Cers1,-0.8240968317943764,0.008434909491544573
Cers2,-0.22316879037713733,0.5926098456843363
Cers3,1.6577957450962229,0.3562292243977856
Cers4,-0.2702398269296893,-1.096950548193666
Cers5,-0.49258497450142613,0.08298322093862609
Cers6,-0.13489794764261198,0.2555598700371817
Ces1a,0.9467184402072512,0.0
Ces1b,0.0,0.0
Ces1c,0.0,0.0
Ces1d,1.3307643601150425,-2.899006849081526
Ces1e,0.0,0.0
Ces1f,0.0,0.0
Ces1g,0.0,0.0
Ces1h,0.0,0.0
Ces2a,0.0,0.0
Ces2b,0.5323396374136724,-0.8466886612171596
Ces2c,0.0,0.0
Ces2e,-1.9216272967041432,-1.1679980844486355
Ces2f,0.7229770990432964,-1.5302039572258215
Ces2g,0.0,-0.6400851675862522
Ces2h,0.0,0.0
Ces3a,0.0,0.0
Ces3b,0.0,0.0
Ces4a,-0.5234226061380082,-0.2152727868316063
Ces5a,0.43975649837357234,-0.728365730243534
Cetn1,0.23452371786357948,0.0
Cetn2,0.06909530587632773,0.017279421393530114
Cetn3,0.07012662623196597,0.12036930179169758
Cetn4,1.865183410014736,-0.5751693321196933
Cfap100,1.0931069997230474,-2.8057711162040406
Cfap126,1.175957658399423,-0.7422237354780572
Cfap157,-0.8380318002978786,-0.24311972727481201
Cfap161,0.9707539447347896,-1.2222653324413963
Cfap20,-0.1952757536917442,-0.3463440948386296
Cfap206,0.42537489688163976,-0.7542098083074267
Cfap221,-0.35306826211593656,-0.778132804240629
Cfap298,0.5778671528312209,-0.6076269162550556
Cfap299,-0.5904410475100995,-1.1471606523032123
Cfap300,-0.8240679723034319,-0.23683249041529564
Cfap36,0.3446796716100824,-0.22643961685118263
Cfap410,0.2614997729473618,-0.18079060598277863
Cfap43,-1.0055897307684245,0.7867463249671713
Cfap44,0.4094253288127979,0.07412324482606913
Cfap45,-0.732772774896854,-0.549015531725952
Cfap46,1.6055559868162832,-2.8482533662969027
Cfap47,-0.7565389278486365,-1.317456352851345
Cfap52,1.5663839246606654,-1.942723159284243
Cfap53,2.300397691483782,-2.667427455227205
Cfap54,0.2668754564028255,-0.7600572697828607
Cfap57,-2.5910151050073944,-1.4153045516579559
Cfap58,-1.6803181353285175,0.33874651165842184
Cfap61,0.09417191746918974,-1.0351545196043812
Cfap65,0.22888442284205604,0.0
Cfap69,-0.9825050376109523,0.806834806961966
Cfap70,-0.3269293563091056,-2.4646928332233067
Cfap73,0.0,-0.2152727868316063
Cfap74,-0.2811300612889802,0.5585953720620811
Cfap77,-1.218590401768129,-1.5307213486405953
Cfap97,0.6742384257386007,0.10450482937354799
Cfap97d1,0.0,0.0
Cfap97d2,-0.834589942385743,-0.2278918836107353
Cfap99,0.10416130615343877,-0.2392516984407409
Cfb,-0.9869373888144475,2.180848282795332
Cfc1,0.0,-0.21283904559181435
Cfd,0.0,0.0
Cfdp1,0.03133075698322152,-0.18358452904688072
Cfh,-0.5844743432972255,1.15899332239022
Cfhr1,-0.22082010532603893,0.0
Cfhr2,-0.7637995713755785,-0.6199602634949726
Cfi,5.317216435517093,-1.4983192391154094
Cfl1,-0.5516387209905922,0.8415865311599795
Cfl2,0.7846150878037115,-0.2657139616546047
Cflar,-0.5350031540540048,0.6486977372455858
Cfp,0.4622024948035275,1.2610364516523038
Cftr,-3.1024581335342067,-2.6911455873187133
Cga,0.0,2.332572347356912
Cgas,0.2872817884941412,1.1857569044779108
Cggbp1,0.22004003753783863,0.3239123442157741
Cgn,-0.36085192032800784,-1.1146043644121866
Cgnl1,0.06436952166309595,-1.2134881331368668
Cgref1,0.6014427615822076,-0.2464668918301225
Cgrrf1,0.22391011635106572,0.2615429221837413
Ch25h,1.5550136844189897,1.5813253808359953
Chac1,0.6580141524718099,-2.4344897574713404
Chac2,0.5785387796105574,-0.3634225456487936
Chad,-0.7620895441738194,1.4111777374423946
Chadl,-0.8854711156762871,-0.8098689352671062
Chaf1a,-0.4500776856468214,-1.2384335761435468
Chaf1b,-0.613386297416274,0.5313646770704477
Champ1,-0.4116675213530776,0.18899984772000522
Chat,-0.8976006007996755,-2.340682462613737
Chchd1,0.47191755154094395,0.2986167299922329
Chchd10,0.950327742463239,-0.23253628370123103
Chchd2,0.535375951628259,-0.1332575673998342
Chchd3,-0.006257065241596749,-0.3945308798498086
Chchd4,0.20974314339164835,-0.17991379909035032
Chchd5,0.36825682761829626,-0.40730420857279803
Chchd6,0.2702793614572112,-0.7484302229141981
Chchd7,0.05651422083664137,-0.012467366486649922
Chd1,0.16434071389657312,-1.028480553451658
Chd1l,-0.36407331768222484,-0.2584913922212042
Chd2,-0.08386402648591584,0.035482697485873516
Chd3,-0.4772722299046457,-0.752428062352859
Chd4,-0.3048359939231471,-0.11919833068251329
Chd5,-0.17604437207417334,-1.085899072026045
Chd6,0.37696518494780307,-0.535365318330161
Chd7,0.26591082800682386,-0.40906858275394775
Chd8,-0.032684896446188105,0.21542441848544058
Chd9,-0.6606931638081548,0.537394285240282
Chdh,1.333195617067596,-1.652425746830005
Chek1,0.2744296090422935,-0.4341581177193463
Chek2,0.27147039258310013,-0.08251601298167
Cherp,0.01046657323833955,0.2797269065502075
Chfr,-0.4053574885083613,-0.025385007119588465
Chga,-0.8517464045147154,-0.3076936360314697
Chgb,-0.40139529793327,-0.3905423687042173
Chia1,1.2283789808740924,-0.5819922927158527
Chic1,0.0165602357422987,-0.5156242581852464
Chic2,-0.050875384824783154,-0.2233472202776472
Chid1,0.17543580222047161,0.014391812224117118
Chil1,2.8641812495391203,0.14718953045512606
Chil3,3.1052145038132712,0.9575800611747667
Chil4,0.0,0.0
Chil5,0.595533118386139,-1.7204130933397361
Chil6,0.0,0.0
Chit1,1.0226062488386778,-0.2218593794753994
Chka,0.6261395916384647,-0.5598943213270537
Chkb,-0.11932199872534177,-0.03682888573776921
Chl1,1.707193618599426,-2.830144080549048
Chm,0.06844257570572232,-0.019871780883029544
Chml,-0.05585134709374007,0.2995768523718336
Chmp1a,-0.1987436437746446,0.6393648134815137
Chmp1b,-0.3357338914471448,0.6751550004570586
Chmp2a,0.3184324914406318,0.06942971471675818
Chmp2b,-0.24710203328190694,0.25542874231538804
Chmp3,-0.35918177325329204,0.1347016286886369
Chmp4b,0.851151155079994,-0.411294113290241
Chmp4c,0.43707193172334424,-1.738577158164496
Chmp5,0.1402267339838339,-0.0798799874678302
Chmp6,-0.09670173377922175,0.36281620826449235
Chmp7,-0.24762478495364704,-0.06639787422513344
Chn1,-0.463317751783908,-0.5315852508671544
Chn2,-0.09449874293744287,1.4427004352363912
Chodl,0.06958791224370575,-0.07917247063067556
Chordc1,-0.30523271527204976,0.0640430243297736
Chp1,-0.3823631751462262,0.2671495662395582
Chp2,-0.8775441404401931,-0.5309497020339613
Chpf,0.9264508549011365,-0.17799338680084986
Chpf2,-0.42676775833937164,0.6017195474035884
Chpt1,0.311344784698111,-0.18822144610792968
Chrac1,0.44824118459575324,-0.06122919836135132
Chrd,0.5335425235165414,-3.0543131885122796
Chrdl1,1.6535361719500026,-0.47211117787178125
Chrdl2,0.0,0.0
Chrm1,-2.09616291387594,-0.16761711360889642
Chrm2,-2.3369913611709148,0.4516239227660037
Chrm3,-1.4114128818902376,-1.7708873396543083
Chrm4,0.1667513137597525,-0.1371285681979033
Chrm5,0.04642338766377252,-1.2043597582583847
Chrna1,1.0084449318035515,-0.3027644999852326
Chrna10,0.0,0.0
Chrna2,-0.5315518529139096,-3.3251284000910823
Chrna3,-0.9207358393031342,-1.0439883901689306
Chrna4,-0.4161032892431864,-0.7618026359141687
Chrna5,0.11986269460563936,-3.2539059540441224
Chrna6,-1.4044936224524989,-0.39763740403921943
Chrna7,-1.96832861046913,-0.1080572781579745
Chrna9,-0.7545535838158223,0.0
Chrnb1,0.35075413729336624,-1.5202683492071607
Chrnb2,-0.7789176755236769,-0.8800863736364608
Chrnb3,-1.0965934015682173,-0.20333083733694934
Chrnb4,0.4708589221641395,-1.8050526678227783
Chrnd,0.0,0.0
Chrne,-0.22915837926285726,0.0
Chrng,-0.7388522828431112,0.0
Chst1,-0.23007767035015547,0.6754236201070434
Chst10,-0.39257478191980866,-0.06615253973724755
Chst11,0.7452900831199054,0.006542694278287797
Chst12,-0.04363000383344229,0.4711026723616012
Chst13,0.0,0.0
Chst14,0.09209243132623257,0.8676435249275638
Chst15,-0.21728992775294742,0.3272625566823901
Chst2,0.31773230965807997,0.05795469477330606
Chst3,0.6090523218408084,-0.9864675961032994
Chst4,0.0,0.0
Chst5,0.23452371786357948,0.0
Chst7,-0.08150958661424923,0.7877556950522742
Chst8,0.6018969411270989,0.29286286913334436
Chst9,0.22801956697967807,-1.2092760679504337
Chsy1,0.6013078414121455,-0.011308323173231827
Chsy3,1.1596536270124729,-1.2409356372350846
Chtf18,0.926523890507525,-0.6307362106618166
Chtf8,1.7089231420490227,0.5422182267105953
Chtop,-0.14170312830456666,-0.11575941907490872
Chuk,-0.11327148259427489,-0.04748895345809423
Churc1,0.4041947736013576,-0.0818653316443747
Ciao1,-0.11283128348240368,0.012116951142441934
Ciao2a,-0.05975208270646881,0.6878171509922026
Ciao2b,0.12940338564688503,0.1308433355369356
Ciao3,-0.17679595982823315,0.17601182979966445
Ciapin1,0.032778036515100695,-0.1633975848108431
Ciart,0.07925351209072673,-0.498074806557133
Cib1,-0.1370118975269996,0.49899213614748206
Cib2,-0.2029932904375391,0.6658406269655757
Cib3,0.0,0.0
Cib4,1.2793196700462537,0.0
Cic,0.0732775745359362,0.12643918550616995
Cidea,0.39344765746014065,-2.038780037340051
Cideb,-0.19019085456359175,-2.275897496313201
Cidec,0.0,-0.5713360304052288
Ciita,1.4687703021381733,0.2595402907590092
Cilp,-2.2363455092542313,-1.9519879379160012
Cilp2,-2.1345839593025757,-1.1638963987301914
Cinp,-0.1342157942136808,0.16855531946502822
Cip2a,0.6811056880998221,-0.08558150655043661
Cipc,-0.2256236651873298,-0.4790900504501998
Cir1,0.1823796262186672,-0.3118520594909189
Cirbp,0.1558789757698129,-0.32630894203631655
Cisd1,0.20121816669750103,-0.5115962471882369
Cisd2,0.2125191842414651,-0.1563383800821061
Cisd3,0.5859663029462183,-0.3732680690940615
Cish,1.1275089755804029,-0.7290150442216756
Cit,0.19842872404716516,-0.21062080734136757
Cited1,0.16850620260657578,-0.12840434493547104
Cited2,0.4668744245309515,-0.2982960646994073
Cited4,2.4685052935398955,-1.6932317703765398
Ciz1,-0.41999439080458245,0.19593412319182235
Ckap2,0.2102098000578847,0.35310101019125195
Ckap2l,-0.32975145566834474,-0.11888626567663341
Ckap4,0.8445173693050076,-0.36676753313811705
Ckap5,-0.49079105298732273,-0.04662169904932156
Ckb,-0.47480851462445095,-0.20008284625171235
Cklf,-0.12950579840489773,0.587335677264953
Ckm,0.7830910725174829,-1.426514689482456
Ckmt1,0.06915878933474495,-0.9970462331282608
Ckmt2,1.8647130601301045,-0.7399845587422559
Cks1b,0.1750510821388387,0.6712207545522304
Cks1brt,-0.6572806856765137,0.5509601588349207
Cks2,0.2563650289965427,0.7842771251191838
Clasp1,-0.2908054934777091,-0.5496787178836655
Clasp2,-0.2922697290385958,0.30680139026110176
Clasrp,-0.07922136518516165,0.36701945050203655
Clba1,0.2153474424063866,-0.5826926650746538
Clca1,0.7400366148451987,-1.7737867095903272
Clca2,0.0,0.0
Clca3a1,0.5141973519946639,-0.6356712013718484
Clca3a2,1.7757664184686808,0.21445016838846764
Clca3b,0.0,-0.5819922927158527
Clca4a,-0.48016876947433335,0.0
Clca4b,0.0,0.0
Clcc1,0.0806541019985545,0.4627042463817901
Clcf1,-0.48556103318224686,0.686105814736945
Clcn1,-0.7439956023797913,-2.8731660824867338
Clcn2,-0.37794928084711543,-0.31808528830080895
Clcn3,-0.06318969096066063,-0.52434461329476
Clcn4,-0.39225086566691125,-0.03767180460614128
Clcn5,-0.4341090468228064,0.9598668020017023
Clcn6,-0.2645185707335145,0.18487523488661495
Clcn7,-0.43022531255981455,0.3240561122962937
Clcnka,0.23452371786357948,-3.0384634298529556
Clcnkb,0.0,0.0
Cldn1,-1.0406282704866143,-1.5928773353452375
Cldn10,0.8339528082634531,-0.99580387834177
Cldn11,-0.5752862191103779,-0.05160112243585513
Cldn12,-0.4183701791599148,-0.4541444286989851
Cldn13,0.0,0.0
Cldn14,0.0,0.0
Cldn15,2.1077618763963133,-0.8060731161314086
Cldn16,0.0,0.0
Cldn17,0.4183636864206829,0.0
Cldn18,0.7315351555641978,0.0
Cldn19,0.23025097121363292,-2.5673349547072264
Cldn2,0.5551247993205823,-2.2787546909240524
Cldn20,-0.546531710192555,-0.4569204579033296
Cldn22,0.0,0.0
Cldn23,0.7247895963796527,-0.3751839510556909
Cldn24,0.0,0.0
Cldn3,1.2413821449998035,-1.6610148165774414
Cldn34a,0.0,0.0
Cldn34b1,0.0,0.0
Cldn34b2,-0.5325893203936113,-1.2054091948367531
Cldn34b3,0.0,0.25082299571856037
Cldn34b4,0.0,0.0
Cldn34c1,0.11081542542975953,-0.40147561814605837
Cldn34c2,0.3678025766408618,-0.5190358266168631
Cldn34c4,0.0,0.0
Cldn34d,-0.48016876947433335,0.0
Cldn4,0.0,-0.5343389841738989
Cldn5,1.0806870238913397,-0.6047304259292545
Cldn6,0.0,0.0
Cldn7,-1.4540707348887087,-2.010702130256041
Cldn8,-0.6502689175364248,0.0
Cldn9,0.8143865474203665,-0.884428092947912
Cldnd1,-0.19163940309857352,0.35434617020902337
Cldnd2,0.0,0.0
Clec10a,0.1869095271521859,1.3976003704492133
Clec11a,0.10817841159189978,-1.593408431241735
Clec12a,0.6805874215400323,2.241382899215438
Clec12b,1.0307367854627578,0.557204871014656
Clec14a,0.3672135716788141,-4.0826571455319325
Clec16a,0.06987348929371784,0.16781349520393718
Clec18a,-1.462967432393227,-2.0995639252273985
Clec1a,0.3706832104805926,-0.9746686431790126
Clec1b,1.0065886309145702,0.30369624662016736
Clec2d,1.3184483488383223,1.110342125407165
Clec2e,-0.9827483950811349,-2.3764504183053012
Clec2f,0.16477082630480466,0.0
Clec2g,0.2667182082057698,1.1025382654666471
Clec2h,0.0,0.0
Clec2i,0.3376343695106012,0.9492186655966144
Clec2l,-0.14234925474303317,-1.3531137307309784
Clec3a,0.0,0.0
Clec3b,-0.03494739734945562,0.5269107157639779
Clec4a1,0.24378579612985263,0.986057922575581
Clec4a2,-0.21931846733603955,1.2307190208675411
Clec4a3,-0.04788975983644406,1.2158301100527371
Clec4a4,-2.1897550582645624,-0.5566595306554888
Clec4b1,2.047817290856546,1.2113338630807426
Clec4b2,0.0,0.0
Clec4d,1.7688190781916973,-0.2794913352885531
Clec4e,1.0042452141007834,4.545147298461685
Clec4f,0.22888442284205604,-0.4569204579033296
Clec4g,0.29316481549468176,-0.4569204579033296
Clec4n,-1.374020147532109,1.6548785187745372
Clec5a,-0.4734794478238129,1.1528763663904105
Clec9a,-0.2581122950040202,-1.9830383642484892
Clgn,-1.0853197763778564,-0.1761691253370854
Clhc1,0.08848510837550871,-0.4690502929314022
Clic1,-0.26949069043958573,0.9479978918934648
Clic3,0.5041973760891807,-0.4710619687264179
Clic4,0.28932993847194943,0.8999627379976811
Clic5,1.3542575437044198,-4.20289622615449
Clic6,1.4917726686423753,-2.5539402730705882
Clint1,0.1689527082132276,0.01873143058006832
Clip1,-0.33240241560996253,0.3686537702761594
Clip2,-0.32283502717579715,0.5251984738867854
Clip3,-1.0182930778413475,-0.33466414287109103
Clip4,1.849367238941329,-1.3900161067183188
Clk1,-0.2446314073531326,0.13951533990596765
Clk2,0.6909491636076632,0.04539314492318702
Clk3,-0.33954630536866226,0.1718444814834008
Clk4,-0.15163782884652832,-0.0734795667749335
Clmn,-0.9685226296794074,-0.5243300262522617
Clmp,-0.5244756209005921,0.44343541537949793
Cln3,-0.13637872252293803,0.7673009932590453
Cln5,0.32738501859057045,1.068730915184812
Cln6,0.29986688397739414,0.4881321766380431
Cln8,0.01666261000334579,0.7498804957343523
Clnk,-1.2815076497524704,-1.4570373850091956
Clns1a,-0.12617706252278005,-0.001842730678601967
Clock,0.07310257298331635,-0.757374771615396
Clp1,0.01462489418291213,0.043283782486094324
Clpb,-0.22756127533967607,0.10367342296740034
Clpp,0.4777148956416042,-0.48273951113318425
Clps,0.0,0.0
Clpsl2,0.0,0.0
Clptm1,-0.28655566218486683,0.23862859819882942
Clptm1l,0.7396564821821308,-0.1578681436437197
Clpx,-0.18380824128157158,0.15017349004520497
Clrn1,1.314163579293126,-2.0336174585705864
Clrn2,0.0,0.20508542122970996
Clrn3,0.8959988064525524,0.0
Clspn,0.5939145115162372,0.8312420720959848
Clstn1,0.6707527757325344,-1.06027160616817
Clstn2,-0.4550540132097858,-3.674936660635288
Clstn3,-0.14579365716738124,-0.8937741342060956
Clta,-0.4342680836414132,0.6783120976804238
Cltb,0.20204984118672797,-0.4272117069234209
Cltc,-0.3691378236548353,0.5510378797210631
Cltrn,0.3843696520737616,-1.7192321467199587
Clu,1.0729242816741031,-0.9802539055341928
Cluap1,0.13351122201075505,0.008446820458287263
Cluh,0.005402641380563011,0.5938182335239688
Clvs1,-0.5075465885045443,-1.1270019347810125
Clvs2,0.11984497410492612,-2.602754852592293
Clybl,0.04639615142105136,-0.45240677075868874
Cma1,-0.7272850551284353,0.0
Cma2,0.0,0.0
Cmah,-0.3005298073332572,1.1793544345804357
Cmas,-0.01586976023038389,-0.7944819828818348
Cmbl,1.0371174510925272,-1.360922403462446
Cmc1,-0.11235649694376804,0.702461162756995
Cmc2,-0.19750593777890746,0.362146091010473
Cmc4,0.04056875717939068,0.40112246996246803
Cmip,-0.6562779472961822,-0.5658576723436557
Cmklr1,0.2850764843035787,0.775891660491407
Cmpk1,-0.2877215966994484,0.6352597469493979
Cmpk2,0.7119676172534852,-0.3953644917281487
Cmss1,0.05388351367516009,-0.22144658772610004
Cmtm1,-0.3493402176101932,-0.46617036917961563
Cmtm2a,0.0,0.0
Cmtm2b,-1.1205050701938442,0.2517475928686984
Cmtm3,-0.41008101994807333,1.3578992191845778
Cmtm4,0.2528665580688578,-1.2802128204744223
Cmtm5,0.4918037892681495,-1.002618114963906
Cmtm6,-0.41710649786551635,1.2233424835227868
Cmtm7,-0.45982030422589304,1.299700519094337
Cmtm8,-0.3341678805635002,0.14073155131310244
Cmtr1,0.2356040416509675,-0.03170563886445876
Cmtr2,-0.30116103715117504,0.4582285719372621
Cmya5,-1.761630305044629,0.420213235948836
Cnbd1,0.0,0.0
Cnbd2,-0.697002125817864,0.301020667632967
Cnbp,0.09466718469631807,0.33113165209540263
Cndp1,0.9073943616062805,-1.2578882131674698
Cndp2,-0.26505586878764476,0.6574717086603439
Cnep1r1,0.2189965018627884,0.26548226105305517
Cnfn,0.0,-0.345790212076149
Cnga1,0.4976485434315183,-1.0496545956212433
Cnga2,-1.9590415637405092,0.0
Cnga3,-0.13545118792070632,-0.7664929702708942
Cnga4,0.2854434010346718,1.1784632038488472
Cngb1,0.6650664306147558,-1.3186963746358167
Cngb3,-0.08331869380803525,-0.5860245317086505
Cnih1,0.3841207637990802,-0.24987337494147432
Cnih2,-0.855740601019253,-0.16933716722604597
Cnih3,-0.13241247120990884,-0.4294376921765055
Cnih4,0.3439224638862317,0.11775826889057939
Cnksr1,-0.18690359826530134,0.19574279720918053
Cnksr2,-0.15304988941186526,-0.5837204802189166
Cnksr3,0.7508516300081141,0.38415666546217686
Cnmd,0.3313068033593938,-1.3847572274244229
Cnn1,-0.6781583682696872,-0.5175026351742185
Cnn2,-0.16926381522206313,0.8092831341379352
Cnn3,0.6615684095862928,-0.8763750869088476
Cnnm1,-0.18334869056048575,-1.093925921159701
Cnnm2,-0.2368619365394551,0.6676976795142391
Cnnm3,0.44332299821458143,-0.34349866735285506
Cnnm4,1.3106881880729357,-0.2459598503732643
Cnot1,-0.5133821623600383,-0.030230752022092133
Cnot10,-0.09430619833310949,-0.27837039836450295
Cnot11,0.9389859978379747,1.01798369128071
Cnot2,-0.20109280571127108,0.3413314439175039
Cnot3,0.017225297508963067,0.1535076550199772
Cnot4,0.1421899815232699,-0.3528636604664932
Cnot6,0.7099294743229496,-1.6339479606714953
Cnot6l,-0.26247587434524355,0.18466843365404095
Cnot7,-0.0017010450705168267,0.21709936781425476
Cnot8,-0.23141136097354753,0.47451498571878226
Cnot9,-0.3911084681281167,-0.062130010779714695
Cnp,-0.18581181869463137,0.6041697099104457
Cnppd1,-0.1335677835714204,0.6736352070198848
Cnpy1,-1.0020452793790635,-0.659408127555578
Cnpy2,0.016655026592140132,0.20384637225384772
Cnpy3,-0.1874692911645255,0.3983178559005527
Cnpy4,-0.3092240499694192,0.4573663829594903
Cnr1,-1.0986421473670305,-0.6109186279777159
Cnr2,-0.016122275906729655,1.0426354552196386
Cnrip1,0.3585457860479693,-0.9122756472582765
Cnst,-0.23000092365930946,-0.748707939336624
Cntd1,-1.1635865464952158,0.5684629536038082
Cntf,1.434994062765277,0.0641990800395913
Cntfr,-0.10626359543765496,-0.23066944647978005
Cntln,0.619922259437244,-1.1453669037749092
Cntn1,-0.06653786345176549,-0.3811275622698602
Cntn2,-1.3934459474091065,-3.486363406640625
Cntn3,-0.20089223806867684,-0.6823704633163792
Cntn4,-0.36513379993093764,-0.3110588307239013
Cntn5,-0.6037287477531095,-2.396244511221796
Cntn6,-0.6431094832075273,-0.6272828042388383
Cntnap1,-0.8621725811113681,-0.9526377524996708
Cntnap2,-0.011065461016475098,-0.5464181776997545
Cntnap3,-5.339888056722675,0.5630321682933772
Cntnap4,-1.0650789855992393,-0.23916493867137145
Cntnap5a,-0.6772468640743936,-1.1098001472558723
Cntnap5b,-1.6144134156000067,-2.695801502910917
Cntnap5c,-1.257225441257928,-2.5854787019635186
Cntrl,-0.42967204189708497,0.5542572963699826
Cntrob,-0.31166436978452516,-0.3575921792439951
Coa3,0.3079931335212702,-0.1094179441938703
Coa4,-0.1159120794888917,0.5937664521417023
Coa5,-0.23922310880211128,0.4829883724263322
Coa6,0.4286818552744309,-0.021943402346889407
Coa7,0.07565016663919977,-0.6740601940169899
Coasy,-0.3046272827157299,0.36556301721515716
Cobl,1.163793969929638,-0.948343934990838
Cobll1,-0.817599433862056,-2.5739894410668387
Coch,-2.676073638359952,-0.48943022286604787
Cog1,0.0939715470028375,0.18854055930961522
Cog2,-0.2326138275881071,-0.026034549911901905
Cog3,0.09161585774844916,0.5087947061310114
Cog4,0.12187101979278658,-0.04273178257408894
Cog5,0.09710229008944715,-0.019404595517924506
Cog6,-0.20002365631177987,0.14939251513516183
Cog7,-0.21119429197670136,0.046386428503057076
Cog8,-0.32515193655568986,0.6509127736460467
Coil,-0.3388532229684955,0.12872825556395817
Col10a1,-3.041434661833228,0.2538932976668984
Col11a1,-0.12060972879988618,-0.985939045747493
Col11a2,-1.5550148247480595,-2.7194268964615267
Col12a1,0.5895489760411499,-3.785646352812091
Col13a1,-2.8403797088976837,-2.424543715650612
Col14a1,0.5284448377448729,0.6188174383234717
Col15a1,-0.5693821288924443,0.43358333187151654
Col16a1,-2.0503305399463065,-2.790852514392758
Col17a1,-3.666885101075513,-1.0871053152448487
Col18a1,-0.2979299078468536,-0.7493873219059672
Col19a1,2.097014703218907,-2.380707515065018
Col1a1,-1.4115488793992217,-1.171537413813458
Col1a2,-0.8012923382099828,0.9474527616669945
Col20a1,-1.018216227506855,-1.3486473270920705
Col22a1,1.7522234519147122,-3.4876981118471937
Col23a1,-0.027624650488670355,-0.42192379419527803
Col24a1,-4.102994010649844,-2.076297700367385
Col25a1,-0.6610632776980365,-0.8136563396824945
Col26a1,-0.348913109582508,-0.6608605150433053
Col27a1,0.3966605605942135,-0.2373499476040557
Col28a1,0.2667182082057698,-0.7989989260292407
Col2a1,-0.41450780722443525,-0.8032502488242876
Col3a1,-0.4211158573424765,-0.8928281554343487
Col4a1,0.2880241885290218,-1.108506915826771
Col4a2,0.5388590789882031,-0.7091429333987538
Col4a3,2.119869173721023,-3.102617839460451
Col4a3bp,0.32487629695713327,-0.12445122236749917
Col4a4,1.8018269094074126,-2.6446920768326176
Col4a5,-0.14103162770019306,-2.9155105611409864
Col4a6,1.3698597180489154,-0.8963139685034891
Col5a1,0.6186744237963211,-1.0053505608700952
Col5a2,-1.8682491618974053,-2.34929920793357
Col5a3,-0.9994284237157691,-3.692452330453912
Col6a1,-1.16486329195072,-0.3459601774078642
Col6a2,-0.7631508400598621,-0.349354437936201
Col6a3,3.745305919483355,-0.6450721024555413
Col6a4,-2.399221121763321,-0.337531983230412
Col6a5,0.24755827185862034,0.0
Col6a6,-2.4510079132719134,2.0185734183982555
Col7a1,1.7487658837738023,-2.5163268983155027
Col8a1,-1.6380030548288733,-1.9915744477314359
Col8a2,-2.0112070194726717,-4.671684159873776
Col9a1,-1.8910546866407802,-0.7798610334029625
Col9a2,-1.4906211091563115,0.4804811391391439
Col9a3,-0.08467881732073845,-1.4986093190313028
Colca2,-0.3239650877152793,-1.6938600753404698
Colec10,1.239151167517837,0.0
Colec11,-1.300495961655518,0.5275294740378353
Colec12,-0.31448069969081516,0.04931087329720363
Colgalt1,0.18714952447138167,0.4076812509507004
Colgalt2,-0.48129790312594967,-0.38951189574108014
Colq,-1.163456023292448,0.0194188285040513
Commd1,0.3760603678427241,0.02959926863461959
Commd10,-0.03329467813274434,0.4659554111456341
Commd2,0.18069675769673843,0.33665455368954333
Commd3,0.07772626692474205,-0.03783275484857285
Commd4,0.0775212591912684,0.22899160472162094
Commd5,0.04265976532545679,0.18582299117178636
Commd6,-0.024082777437868685,0.25186602943843006
Commd7,-0.12628359591142413,0.7523121752602488
Commd8,-0.6164395954801858,1.0881154161394218
Commd9,-0.13530293500746637,0.48889380722689246
Comp,-1.4970687506922618,-0.17404380668433372
Comt,-0.21192042855575366,0.4517628250070036
Comtd1,0.0011915645764233318,0.6804344018935975
Cop1,0.5795667483532743,-0.7521065599492296
Copa,-0.5867356186739574,0.3611526544287731
Copb1,-0.20570697059969234,0.48859048604368915
Copb2,-0.26605448541899257,0.3572369657862957
Cope,0.017884869228089073,-0.04530920022556728
Copg1,-0.7792336063644871,0.032134623941303175
Copg2,-0.21861582725606965,0.354135218715518
Coprs,0.15255280167441043,-0.3293059609702045
Cops2,-0.027076013365764595,0.07249985746262588
Cops3,0.05043277269132318,-0.2813196146247545
Cops4,-0.08164702409154145,0.22382669860422588
Cops5,0.24690621073213848,-0.32906296209115027
Cops6,0.09211865571534261,0.0649372787804019
Cops7a,0.11650478210759552,-0.09725511328742265
Cops7b,-0.2165725542525827,0.0799680828334175
Cops8,0.09032903962314442,-0.09625012546550415
Cops9,0.34650281323819243,0.3176175298369426
Copz1,-0.06298296993206165,0.2685700450604429
Copz2,0.1009209631247483,0.7838941399567991
Coq10a,-0.12566713276086627,-1.05353511993963
Coq10b,0.08292785566363747,-0.3143557511442765
Coq2,0.2476584739239982,-0.8850054823658624
Coq3,-0.06993475098436797,-0.43562188512893485
Coq4,-0.24295362732360815,-0.8894562154618235
Coq5,0.05130063873437152,-0.2434359700825759
Coq6,-0.185481702327003,0.04301908470318061
Coq7,0.3515054190936304,-0.6075949141731289
Coq8a,-0.4600004501060031,-0.4759025614915764
Coq8b,0.2212335203951401,0.06961526812719399
Coq9,-0.00791736958388789,0.13562863220423793
Corin,-1.8697025853494387,-0.2152727868316063
Coro1a,-0.4776693666358103,0.9888044321928575
Coro1b,-0.4784328396399591,0.7080313294485254
Coro1c,-0.48892496290529763,0.6525486436352246
Coro2a,-0.7038025923998967,1.704009720716238
Coro2b,-0.11273596456485357,-1.0570419063346108
Coro6,0.8164402214776478,-2.000285221159468
Coro7,-0.40052647842368216,0.654208050293045
Cort,0.4183636864206829,-0.9073032776880369
Cotl1,-0.43275152384204496,0.8230966842426213
Cox10,0.1320218980365926,0.23629474037698905
Cox11,0.11879012408733747,0.13808457096520854
Cox14,0.6069105826694514,-0.44012285885913727
Cox15,-0.09716786898421326,0.36293478642752497
Cox16,0.3935497166711528,-0.0629041302316331
Cox17,0.5124250316902046,-0.06138224276017823
Cox18,0.15000767508063095,-0.07125070698432268
Cox19,0.20825061959033775,0.3978284127115703
Cox20,0.30950658271358833,0.12130925042067098
Cox4i1,0.16225643237337373,0.18411160014228933
Cox4i2,1.277833672081366,-0.11854078595481443
Cox5a,0.21565289351710426,0.21645368616944438
Cox5b,0.5919297839169051,-0.03481751451819903
Cox6a1,0.31669054639420935,0.1596542639536409
Cox6a2,0.4141529240288344,2.6053904206417133
Cox6b1,0.1673615567353508,0.45571847392857556
Cox6b2,-0.03525886178190252,-0.1946730691158054
Cox6c,0.4415481485670245,-0.15514355537003865
Cox7a1,0.9373598060347867,0.1467727533581007
Cox7a2,0.5069131018865498,0.11928462612292634
Cox7a2l,-0.09258942686476956,0.35613217372365114
Cox7b,0.42127744604975703,-0.01359765062307261
Cox7b2,0.010406304173933206,-0.4569204579033296
Cox7c,0.37894327634413116,0.11164396483795969
Cox8a,0.34477591325860324,-0.016771806207840356
Cox8b,-0.4806647912021047,-3.1289208689043755
Cox8c,0.0,0.0
Cp,1.061286597722054,-0.029964581060438533
Cpa1,0.0,0.0
Cpa2,-0.06331969451011243,-1.7633967051264445
Cpa3,-1.2432229015774927,0.0
Cpa4,0.5280110924720168,-1.1053890330589144
Cpa5,0.0,-0.5231910912048338
Cpa6,0.6399254830683185,-0.5688007701013484
Cpb1,0.0,0.0
Cpb2,0.23452371786357948,-0.3549410807821696
Cpd,-0.22040067925492401,-0.006896036793316185
Cpe,1.0843700079016827,-0.9480973335861442
Cpeb1,0.5037340096692979,-0.19642368208749517
Cpeb2,-0.22546609560266084,0.13702805916686245
Cpeb3,0.206863346097796,-0.30114593125519296
Cpeb4,-0.4995443713156167,0.028820464855421335
Cped1,-0.36369724885272614,0.020861213187830074
Cphx1,0.0,0.25555345956664705
Cphx2,-0.22915837926285726,0.0
Cphx3,0.0,0.0
Cplane1,-0.27095716071375087,-0.783826417247985
Cplane2,-0.7808504637062574,0.22588649405709216
Cplx1,-0.39810306923304495,-0.8136590032887909
Cplx2,-0.577638743550267,-0.4855083990667861
Cplx3,-0.22471875720639645,-0.5564323942107805
Cplx4,0.7749745608844041,-0.7699795229764934
Cpm,-0.36379615662334874,-0.48251437330155245
Cpn1,0.6895952939581382,0.6831530125266871
Cpn2,0.7737155555556836,-0.21283904559181435
Cpne1,-0.6928188193284157,0.30192710958576896
Cpne2,0.32526485333077293,1.3934564290367293
Cpne3,0.019136928907483863,0.6745615824692912
Cpne4,-2.7650777614573716,0.6451858444131275
Cpne5,-0.9954394975547931,0.1023685604291682
Cpne6,-1.4902880893844603,-0.2840389589936301
Cpne7,0.6818070617428802,-0.6744899757151988
Cpne8,0.15980340007314098,-0.5027371093026023
Cpne9,0.17471092885458184,-1.9907064643060641
Cpox,0.9716697331650366,-0.5555945453976872
Cpped1,-0.30965863524533077,0.004202453434110964
Cpq,0.02167400955675447,0.10274084679542028
Cps1,0.0,0.0
Cpsf1,-0.106052781342731,0.2500777871659938
Cpsf2,-0.23911119765771538,0.09489991964891864
Cpsf3,-0.26068819897128037,0.17429758042099408
Cpsf4,-0.5175409643245779,0.4155751331434612
Cpsf4l,1.590004341307822,-0.6355754596684677
Cpsf6,-0.4593329182213939,0.4346768606852649
Cpsf7,0.2468373603635623,-0.10475286481840662
Cpt1a,-0.09352348240070896,-0.6367001215181407
Cpt1b,0.2511306343287183,-3.1690719842283865
Cpt1c,-0.5258163152441213,-0.087136842257161
Cpt2,0.05948957559460588,-0.5543039936968306
Cptp,-0.0276342498980231,-0.2284561529800282
Cpvl,-0.6241370782583623,-1.2247018862043926
Cpxcr1,0.0,0.0
Cpxm1,-0.6592532210021558,-2.884883739816174
Cpxm2,-1.2469519581949342,-5.0371832612873995
Cpz,-2.017634597774283,-0.29618957145483105
Cr1l,-0.23764271807359094,0.5814251326324005
Cr2,0.7229970897740232,-1.017247759178365
Crabp1,-1.1034128592240169,-0.63268235731468
Crabp2,-0.19380290378302067,0.18712903422110472
Cracr2a,-0.9222901600326976,0.5359789729620177
Cracr2b,-0.7287485157809428,0.9821041273850932
Cradd,-0.10891458219842498,0.3288763446139935
Cramp1l,-0.09021237443215924,-0.09359762397488325
Crat,-0.5063922437392545,0.717583776196971
Crb1,0.0860477430099742,-0.7857015920891293
Crb2,0.8925855230285444,-2.273407300388535
Crb3,2.944020284180288,-2.597323151155681
Crbn,-0.08417957022016687,0.12845804857001752
Crcp,0.12322223236528984,-0.024266057590812906
Crct1,0.0,0.0
Creb1,-0.24937044949642484,0.46548792717837095
Creb3,-0.015674029631137287,0.22103552119953918
Creb3l1,-0.1595403954009269,0.8267564951990902
Creb3l2,-0.615748227506872,0.5500656516289446
Creb3l3,-2.374097425370161,-2.209407886584879
Creb3l4,0.9403278279036638,-1.7547701312621884
Creb5,0.4998282362693729,0.13739622480598612
Crebbp,0.018999617911527267,-0.31987574264418583
Crebl2,0.6124549561601356,0.31818515632389577
Crebrf,-0.07498491082958836,-0.08898325288570597
Crebzf,0.7016083815700558,-1.025879927369723
Creg1,-0.33111714445040974,0.973315126047483
Creg2,-0.0020901325513600355,0.2615826687806635
Creld1,-0.23077190185649776,-0.15207477086551258
Creld2,0.015042566825934856,0.42450216866724233
Crem,0.26320248117743006,-0.24737413273676268
Crh,-0.6925642812825608,-1.3356926197294436
Crhbp,-0.3518209974593889,-1.0417475759384835
Crhr1,-0.6625731705187512,-0.24071946220122875
Crhr2,-0.3961261628750883,-2.1519634541976007
Crim1,0.8807624405758707,-1.3107015807421751
Crip1,1.081772117980229,1.353714358644143
Crip2,1.1191613505784321,-0.9650850474519146
Crip3,0.7546702612014178,-3.1827063571317122
Cript,0.14049126449621063,-0.2513825052799241
Crisp1,0.0,0.0
Crisp2,0.0,-0.5863532064420514
Crisp3,0.0,0.0
Crisp4,0.0,0.0
Crispld1,-0.5560294595693653,-0.4414153204550786
Crispld2,-0.43530773802546285,-0.8488327235432198
Crk,0.3726373939647871,-0.3954694586375904
Crkl,-0.2083259460200484,0.08962224969990906
Crlf1,0.5753062265437068,-0.8481018574696781
Crlf2,-0.48506782575888074,1.1546889333415562
Crlf3,-0.2769250712683302,0.2566411619612996
Crls1,1.0094140767993158,-0.8840008264863819
Crmp1,-0.7767160137567028,-0.4056048175494684
Crnkl1,-0.2906672552397662,-0.015086767021781355
Crnn,0.0,0.0
Crocc,1.1884599855697253,-1.9805365573613951
Crocc2,-1.0689177348579038,-4.109643489059875
Crot,0.029666782833533745,0.1829570378774079
Crp,-1.5855151349312522,-1.7120218915398042
Crppa,0.17984438731043095,-0.8611257536540595
Crtac1,-0.10131060721573615,-0.07207290726524462
Crtam,-0.3948150146741962,-0.34915265822807906
Crtap,0.5818848091133715,0.943077016913108
Crtc1,-0.13523630857218016,-0.6798416724576501
Crtc2,-0.18562356623656484,0.46873555099997155
Crtc3,0.9003888674436871,-1.2765388180054327
Crx,0.17431789328628788,-0.7986991691196579
Crxos,0.4191965649233085,-1.4745116288054296
Cry1,0.43001631806041285,-0.26594839657957436
Cry2,-0.4970407533441783,-0.4391804845465508
Cryaa,8.149370861824437,-1.2125590446246823
Cryab,4.745293627775903,-0.9995004353234318
Cryba1,7.7826969140797475,-1.2019196812052222
Cryba2,7.506016737521677,-2.0299332907842462
Cryba4,2.0211733238126186,0.6807387498203861
Crybb1,0.3075853732040823,1.0057448830312374
Crybb2,8.69649678829824,-2.600789553103974
Crybb3,5.1503776889984,-1.8459644034559197
Crybg1,0.8700529241311479,0.8704780115235575
Crybg2,0.8710266159818678,-0.42879843911897364
Crybg3,0.2250003882040037,-0.15606891981444448
Cryga,2.4006483365016633,-0.34207211236867896
Crygb,7.209865883432383,-0.5485290062263606
Crygc,7.430435378579016,0.14513299778368838
Crygd,6.056708418616508,-1.1878888978755138
Cryge,4.400969687160333,0.7982531804914748
Crygf,4.692038075826606,0.0
Crygn,3.411875991113348,-0.21084987329769467
Crygs,8.084483308732924,-1.744542521354449
Cryl1,-0.3542463587751268,0.7128772744606593
Crym,2.249032822429168,-0.8360096544108888
Cryz,-0.29360345148766953,0.08843096991929045
Cryzl1,0.15949441488216998,-0.17133797849340482
Cryzl2,0.5112712635865755,0.990536214854087
Cs,-0.04721926897312123,0.24420458229146114
Csad,0.006205399766441744,-0.04144152681204716
Csdc2,-0.5373312066610598,-0.9817535840108995
Csde1,-0.19548992587940361,0.2508297911957946
Cse1l,-0.2521362268156757,0.20305439540404002
Csf1,0.4423135760992203,1.0114226153631076
Csf1r,-0.4535407061483703,1.10462590369535
Csf2,-0.3567848041086102,1.1968220529546514
Csf2ra,-0.13043163955766346,1.651180922780334
Csf2rb,-0.6357238502925036,1.3575260740794626
Csf2rb2,-0.6265044673308982,1.29830561159892
Csf3,0.0,-0.34915265822807906
Csf3r,-0.43471964123610185,1.1558238703494865
Csgalnact1,-0.5120028605356843,-0.9159200576147342
Csgalnact2,0.2989645605883826,-0.11738035766407684
Csk,-0.4599120245275099,0.9215111163695795
Csl,1.0019651462026664,-0.8772456147578771
Csmd1,-0.31154203724058505,-0.13769872976952335
Csmd2,0.31370760506166473,-1.0714476751879571
Csmd3,1.0587286782412129,-0.4624891400153395
Csn1s1,0.22888442284205604,0.0
Csn1s2a,0.0,0.0
Csn1s2b,0.0,0.0
Csn2,0.0,0.0
Csn3,0.6079213026515624,0.3985688724631767
Csnk1a1,-0.21086287349789679,0.5916663562309488
Csnk1d,-0.25450120577461277,0.6095063506650114
Csnk1e,-0.4133676797526533,0.41904139414376473
Csnk1g1,0.10872785967302612,-0.7732312071270844
Csnk1g2,0.4032642281427048,-0.40044998013283095
Csnk1g3,0.8809028429968624,-0.9107964548004412
Csnk2a1,0.5182353589730084,-0.1428688555161326
Csnk2a2,1.0175276352583182,-0.11952880791551479
Csnk2b,0.14761701251807224,0.1315334307013316
Csnka2ip,0.0,0.0
Cspg4,1.237880942545333,-2.1642472921584632
Cspg5,0.9388204065157275,-0.9783102942381552
Cspp1,0.6593417181889105,-1.5937813246181545
Csrnp1,-0.1858766734493411,1.1635655021274385
Csrnp2,-0.44604856210199095,0.034776563419061546
Csrnp3,-0.608024864239411,-0.5570513211745691
Csrp1,0.4654243412569814,-0.5833720329464525
Csrp2,0.1415692129110182,-0.734156760907557
Csrp3,0.930774661062638,-3.604243472169315
Cst10,0.0,0.0
Cst11,0.0,0.0
Cst12,0.0,0.0
Cst13,0.0,0.0
Cst3,-0.25570930168366246,0.8699014572683481
Cst6,0.9840581704540234,0.2732944962772521
Cst7,-0.23878111631187693,2.3938629689013755
Cst8,0.0,0.0
Cst9,0.0,0.0
Csta1,0.8517729556039354,-1.1510428618753574
Csta2,0.03755982894291254,1.4219821949705274
Csta3,0.0,0.0
Cstad,0.06439043057423799,-2.693411925113474
Cstb,0.1849942748603084,0.8157704514081825
Cstdc1,0.0,0.0
Cstdc2,0.0,0.0
Cstdc4,0.6463556419289538,-0.4017777123869348
Cstdc5,1.66747375497043,-1.2578527483293087
Cstdc6,0.0,0.0
Cstf1,-0.1911113655863943,0.2564792776717759
Cstf2,-0.5022013548099942,0.3117841702416051
Cstf2t,-0.25627402684922274,0.059818917352291834
Cstf3,0.10074651177173699,-0.2838693600479374
Cstl1,-0.6707030263736362,0.2972396595845194
Ctag2,0.0,0.0
Ctbp1,0.7021182546918174,-0.8180980659028432
Ctbp2,0.5274400142115159,-0.6698650363742669
Ctbs,-0.5727471030677052,1.064334961738762
Ctc1,-0.5783546512632434,0.9616146346124808
Ctcf,0.5841911857943565,-0.37032231300558394
Ctcfl,0.5527985790496626,-0.3943709161581106
Ctdnep1,0.2489261796465536,0.5044605171671135
Ctdp1,0.14074876718561402,-0.439502634061987
Ctdsp1,0.3964970933692227,0.1565654868927755
Ctdsp2,-0.0591484731244325,-0.5417369131139829
Ctdspl,-0.38169635790877976,-0.539653473896589
Ctdspl2,-0.15472482308001645,-0.10608263924252626
Ctf1,0.10500572907330263,-2.781696399850111
Ctf2,0.7341450940124372,-0.1114738298347584
Cth,-0.24192488900720477,-3.9240375500270073
Cthrc1,-0.7294646463634074,-0.1856395945617617
Ctif,0.7929463405394497,-1.1170274417046313
Ctla2a,1.2171816480380775,0.20310263362580905
Ctla2b,-0.2190408934122221,1.576356903472579
Ctla4,0.42942696578322626,-0.42267688545765497
Ctnna1,0.009611203022153347,0.005710079932821799
Ctnna2,-1.0474475223787802,-0.7403126456994737
Ctnna3,0.8412131256646802,-0.9213484895396786
Ctnnal1,-0.26177496624007723,0.42065324750349475
Ctnnb1,0.055637044611311026,0.4383660363572961
Ctnnbip1,0.10896621566998199,-1.1636624809981972
Ctnnbl1,0.049581481540466044,0.18116275940426796
Ctnnd1,-0.2783489299932782,0.5105363753105365
Ctnnd2,-0.13424993393696738,-1.503306338826781
Ctns,-0.29408971494388503,0.7624140477045813
Ctps,0.14955869558535007,0.017985878369167096
Ctps2,-0.5708176045459137,0.4791134856032855
Ctr9,-0.39597727293346274,-0.10189236569157423
Ctrb1,0.0,-0.2152727868316063
Ctrc,0.0,0.0
Ctrl,0.5359956280122953,0.48613906953094377
Cts3,0.0,0.0
Cts6,0.0,0.0
Cts7,0.0,0.0
Cts8,1.0067175881898267,-1.2953255841533182
Ctsa,-0.45454691101492806,1.0304586081657199
Ctsb,-0.30100806047904527,1.0978002645739
Ctsc,0.0456352213253588,1.1433111851015099
Ctsd,-0.28221456865335526,1.152849895796134
Ctse,-0.4536665547046903,2.169875997516429
Ctsf,-0.6197924494014391,0.22279454371533802
Ctsg,0.7300411892566994,0.0
Ctsh,-0.20937215358067363,1.2428644147904908
Ctsj,0.0,0.0
Ctsk,-0.23776209735037224,-1.0938851540010548
Ctsl,-0.7650452528583465,1.1170061228931587
Ctsll3,0.0,0.0
Ctsm,0.0,0.0
Ctso,-0.009941338781562337,0.33534023750565645
Ctsq,0.0,0.0
Ctsr,0.0,0.0
Ctss,-0.49689296256166315,1.4900666330555943
Ctsw,0.09578521927675343,-0.6653705564072827
Ctsz,-0.11902985857225623,1.0003918608802476
Cttn,-0.29413812430806097,-0.9494606155074514
Cttnbp2,-0.33360494362433535,-0.680650113198114
Cttnbp2nl,-0.5033702902448773,0.8413741304165754
Ctu1,-0.1660822863316076,0.31786014174998023
Ctu2,0.5764904706354361,-0.3527804483756807
Ctxn1,0.6766114735331339,-0.8341895659976828
Ctxn2,-0.44947040144563744,-2.589471304500089
Ctxn3,1.0770608730357774,-1.6356394172969844
Cubn,-0.0097127152092078,-1.3195955868407712
Cuedc1,0.9564334396276406,-1.0313093214459386
Cuedc2,0.014847141894597016,0.06367721457146658
Cul1,-0.48308802617219726,0.38652231749970767
Cul2,-0.37051208060078267,0.2284725461036512
Cul3,0.7213354056554042,-0.7099313599824466
Cul4a,-0.16700489235541127,0.031743435442603385
Cul4b,-0.5757596814783792,0.2886238025364616
Cul5,0.04925338377208455,-0.3663472366076057
Cul7,-1.0143124329720496,0.2523522988434177
Cul9,-0.12998149016033267,-0.38853762485093846
Cuta,0.13560246572355084,0.5669506597039877
Cutal,-0.7899040010898037,-2.88671549843541
Cutc,0.019369673761033823,0.17073704941219958
Cux1,-0.747528616034165,0.553640381241614
Cux2,-0.7779287581122629,-0.7202318296573322
Cuzd1,0.23452371786357948,0.0
Cwc15,0.336717168121595,0.013779360491685821
Cwc22,-0.08439273392089675,0.8683830948504667
Cwc25,-0.2661826166093597,0.26066834039757225
Cwc27,0.053806920855066664,0.07662118429485965
Cwf19l1,-0.4919928680772667,0.1206809485891931
Cwf19l2,0.19558107212384357,-0.37698435816607656
Cwh43,0.7540427551864661,-1.5751261590958465
Cx3cl1,-0.9954448627695207,-0.41160888043163624
Cx3cr1,-0.45351336091025374,-4.16624197217495
Cxadr,-0.02162337922397306,-0.4575976959680581
Cxcl1,2.344905661645603,-2.2126940215659805
Cxcl10,0.44733440178882766,0.7637253027847191
Cxcl12,1.1056996110287258,-0.2852343238631807
Cxcl13,2.302225651649004,1.3387582443798038
Cxcl14,-0.7919490239997282,0.5371201945482564
Cxcl15,0.3654252297805751,-1.155474867688473
Cxcl16,0.14309530181803964,1.2031733264149995
Cxcl17,0.5130416253393815,0.2998393931234613
Cxcl2,1.5705765160664802,-0.21818783250424545
Cxcl3,0.4678442022770503,0.0
Cxcl5,0.23452371786357948,-0.6868404649911545
Cxcl9,-1.0500686317189278,1.1561457543047453
Cxcr1,0.0,0.0
Cxcr2,1.2824753720642148,-0.7289087437208268
Cxcr3,-1.4502269741516747,0.7817109316003279
Cxcr4,0.13929439744479266,-0.5067299175142201
Cxcr5,-1.9385212903284503,3.2840218942013575
Cxcr6,0.7480292833443212,-4.516150335186762
Cxxc1,-0.48430542448090463,-0.05359213532951834
Cxxc4,0.5937337704757493,-1.2932884926245158
Cxxc5,-0.4863888583254887,0.65314155365221
Cyb561,-0.4438224060612521,0.08147145046421844
Cyb561a3,-0.4794315028686462,0.9136298713451989
Cyb561d1,-0.41248422830193654,0.39216315790980794
Cyb561d2,-0.06378589245360367,0.31980955489373564
Cyb5a,-0.18699096049235564,0.5648513921456786
Cyb5b,-0.3211536146664038,0.24530960380384847
Cyb5d1,-0.4107847893337109,0.1823916265327128
Cyb5d2,-0.21650294794001823,-0.1489283083918007
Cyb5r1,0.6309726510673208,0.2958539828108169
Cyb5r2,0.37183700180349977,-1.7288061416678133
Cyb5r3,-0.24767868688696382,0.328102748724314
Cyb5r4,0.0033745737252814934,0.5932727690321098
Cyb5rl,-0.6185267890205095,0.26391162037948135
Cyba,-0.3349577054988071,1.3399050249642084
Cybb,0.45204095943394584,1.3015260768725945
Cybc1,-0.19459828938907364,0.8275613398481632
Cybrd1,0.7891347975637748,-0.7435026037611774
Cyc1,-0.1551467359630152,0.06078002218833056
Cycs,0.24186008289984073,-0.020873204405916113
Cyct,0.0,0.0
Cyfip1,-0.33999098514688164,0.9423886935308214
Cyfip2,-1.0707747142595796,-0.08131657492091904
Cygb,0.0709405570672974,-0.31793224617488924
Cyhr1,0.05537274294145611,-0.41095431316150766
Cylc1,0.0,0.0
Cylc2,0.0,0.0
Cyld,-0.1809000749181493,0.3132813823352425
Cym,-0.1030274377558924,-0.21334322545991868
Cyp11a1,-0.7701986164447159,-0.7743242332682216
Cyp11b1,0.9322120777470556,-1.595965362817264
Cyp11b2,0.0,0.0
Cyp17a1,0.0,0.0
Cyp19a1,0.0,0.0
Cyp1a1,-0.5325893203936113,-2.7839980368654658
Cyp1a2,0.2667182082057698,-0.21283904559181435
Cyp1b1,1.2157616777424396,-1.2245709270574832
Cyp20a1,0.2492880029979645,0.23404238294966717
Cyp21a1,0.4183636864206829,0.0
Cyp24a1,0.8851079923907309,-0.34915265822807906
Cyp26a1,2.6748763198806063,-1.2410015501939062
Cyp26b1,0.11223899928345338,-2.7997753870469433
Cyp26c1,1.4510657547270753,-1.0173834236543606
Cyp27a1,-0.12398474578065333,0.5566730583856216
Cyp27b1,0.23452371786357948,-0.13074826865278777
Cyp2a12,0.0,0.0
Cyp2a22,0.0,0.0
Cyp2a4,1.3532438782809026,-0.5231910912048338
Cyp2a5,0.0,-0.9483995435059211
Cyp2ab1,-2.390296543704695,-1.1401849884290163
Cyp2b10,0.0,0.0
Cyp2b13,0.3678025766408618,0.0
Cyp2b19,-0.22915837926285726,0.0
Cyp2b23,0.0,0.0
Cyp2b9,0.0,0.0
Cyp2c23,0.0,0.0
Cyp2c29,0.0,0.0
Cyp2c37,0.0,0.0
Cyp2c38,0.04589810287973087,0.0
Cyp2c39,-1.236865023933011,0.0
Cyp2c40,0.0,0.0
Cyp2c50,-0.22915837926285726,0.0
Cyp2c54,0.0,0.0
Cyp2c55,0.0,0.0
Cyp2c65,-0.7248439514175806,-0.24431098970421622
Cyp2c66,0.0,0.0
Cyp2c67,0.0,0.0
Cyp2c68,0.0,0.0
Cyp2c69,0.0,0.0
Cyp2c70,0.0,0.0
Cyp2d10,0.0,0.0
Cyp2d11,0.0,0.0
Cyp2d12,0.0,0.0
Cyp2d22,1.4915953511714282,-1.24491914385451
Cyp2d26,0.0,0.0
Cyp2d34,0.0,0.0
Cyp2d40,0.0,-0.7235137641554098
Cyp2d9,0.0,0.0
Cyp2e1,0.7088825824325973,-1.4604831122441202
Cyp2f2,0.0,-3.8223630744607804
Cyp2g1,0.0,0.0
Cyp2j11,0.0,0.0
Cyp2j12,0.0,0.0
Cyp2j13,2.561575788298305,-0.06974754599509003
Cyp2j5,0.0,0.0
Cyp2j6,0.9057303187426493,-0.25231553174186594
Cyp2j7,0.0,0.0
Cyp2j8,0.0,-0.7823045699674847
Cyp2j9,0.9400647405417013,-0.5142244333856993
Cyp2r1,0.37029139120345445,1.065381401390204
Cyp2s1,-0.7508073998232474,-3.4323160660839696
Cyp2t4,0.6579436173224104,-1.0014835237962347
Cyp2u1,0.09015966970414446,-0.1740673873027596
Cyp2w1,0.0,0.5026182242245034
Cyp39a1,0.6852093450609384,-0.5561217104204452
Cyp3a11,0.0,0.0
Cyp3a13,0.0,-0.2218593794753994
Cyp3a16,0.0,0.0
Cyp3a25,0.0,0.0
Cyp3a41a,0.2667182082057698,0.0
Cyp3a41b,0.0,0.0
Cyp3a44,0.0,0.0
Cyp3a57,0.0,0.0
Cyp3a59,0.0,0.0
Cyp46a1,-0.7854875509731745,-0.3118402036523067
Cyp4a10,0.0,-0.11845761730786908
Cyp4a12a,0.0,0.0
Cyp4a12b,0.0,0.0
Cyp4a14,0.5636374491960636,0.0
Cyp4a29,0.0,0.0
Cyp4a30b,0.0,0.0
Cyp4a31,0.0,0.0
Cyp4a32,0.0,0.0
Cyp4b1,0.009271511431077961,-1.6668200472073311
Cyp4f13,-0.17545923013044273,0.421174144036339
Cyp4f14,-3.320803318904647,-2.8231077003764273
Cyp4f15,1.4261624174921619,-1.79500894505034
Cyp4f16,0.26232223775248187,0.10250372153143417
Cyp4f17,-0.06022070964795301,-1.1480383747249059
Cyp4f18,0.3432980841739024,1.9330683290465736
Cyp4f37,-0.6229277578001255,-1.6682425920370978
Cyp4f39,0.0,0.0
Cyp4f40,0.0,0.0
Cyp4v3,-0.0771795731087952,0.8058210017464482
Cyp4x1,-0.09791772467086801,-0.24676742517343975
Cyp51,-0.13159271157567254,0.3989702674353346
Cyp7a1,0.0,-0.3886351608734172
Cyp7b1,-0.4819854044074008,-2.180550349795075
Cyp8b1,-0.6870978291584173,0.0
Cypt1,0.0,0.0
Cypt12,0.0,0.0
Cypt14,0.0,0.0
Cypt15,0.0,0.0
Cypt2,0.0,0.0
Cypt3,0.0,0.0
Cypt4,0.0,0.0
Cyren,-0.2800460280284085,0.46632471817240617
Cys1,0.3699194236982777,0.10499691881719908
Cysltr1,-0.3358547091789674,0.9112946155457191
Cysltr2,0.0034101352682753827,-0.7499112385943452
Cysrt1,-0.4314084347995688,-0.8450883271611711
Cystm1,0.8479290166057627,-0.8885227216426923
Cyth1,-0.33247953706302624,0.02760209027260707
Cyth2,0.25718662968651707,0.462133362279058
Cyth3,-0.455282076714731,0.2967265621406572
Cyth4,-0.41635937474932483,0.9466484804785935
Cytip,0.16028339447684825,1.21011459166317
Cytl1,0.11105939816844013,-0.5231910912048338
Cyyr1,-0.22273410668811344,-2.8522412944327717
Czib,0.16833337383529567,0.23207062405394652
D030056L22Rik,0.7265861438418355,0.32604608514489897
D10Wsu102e,0.18084199044944071,-0.3146208294546078
D11Wsu47e,0.26281747964974933,-0.0019425999577595832
D130040H23Rik,0.16112985352880926,-0.30945992976703884
D130043K22Rik,-1.7247970834513802,-1.9772567489835189
D13Ertd608e,0.0,0.5832741223427662
D16Ertd472e,0.493040981069516,-0.684603651815765
D17H6S53E,-0.0890160072839592,-0.09007467509568379
D1Ertd622e,0.05634116459586558,0.7351667564393658
D1Pas1,0.0,0.0
D230025D16Rik,-0.2067699075641265,-0.23316673167154534
D2hgdh,-0.1892325645776527,0.4019926994141727
D3Ertd751e,-0.07274627043148918,0.00057617101263574
D430019H16Rik,-2.3041312047652855,-0.036171939126877994
D430041D05Rik,-0.5985731665544263,-0.09658687080425832
D430042O09Rik,0.5199724618115376,-0.9697886980229011
D5Ertd577e,0.0,0.0
D5Ertd579e,-0.40621178494839505,0.07494526565189652
D630003M21Rik,-2.2891673033997186,0.591614997473088
D630023F18Rik,-0.17901483754453817,0.8059903487090363
D630039A03Rik,0.5590753188138751,-1.576959648440179
D630045J12Rik,-0.49019574474985284,-1.5842812275428013
D6Ertd527e,-1.4486450919701688,-1.644132067494446
D6Wsu163e,-0.1428393847956002,0.5453619729374211
D7Ertd443e,-1.0394053357505602,-0.8538689081574296
D830030K20Rik,0.08934464745650583,0.1607448085989569
D8Ertd738e,0.07671162255104846,0.5786866618659889
D930016D06Rik,1.05519776727699,-0.7963187078247618
D930020B18Rik,-0.48016876947433335,0.0
D930048N14Rik,0.18970821768073254,-0.04229714822255026
DXBay18,0.0,0.0
Daam1,0.017632050078637107,-0.5742049787455752
Daam2,0.5422750897959769,-1.5860790955501152
Dab1,-0.26120051879567185,-0.5691484758258198
Dab2,0.06996045010955676,1.0392243674846195
Dab2ip,0.1234291577025779,-0.44653795471723257
Dach1,0.4135667163636567,-1.5006685491986378
Dach2,-0.1305960101470749,-1.5214744532721767
Dact1,-0.013947789707549063,0.007646148107077089
Dact2,-3.88884423563133,-0.09709527328104528
Dact3,1.1037202593348798,-1.5097694101976584
Dad1,0.2543461021386335,0.2918139140812297
Dag1,0.02650796590023141,0.313389993019042
Dagla,-0.6849911297188029,0.46645658601360473
Daglb,-0.3080230934976047,0.9281943077744508
Dalrd3,0.44807235150378055,-0.7007176864432587
Dand5,0.1737899621651593,-0.3595521443798715
Dao,-0.4354723120241149,0.0
Dap,-0.21512657272575275,1.0771657970787878
Dap3,0.2575062983620935,-0.5868066045030762
Dapk1,-0.6482439840041287,-0.16006396778240095
Dapk2,-1.5398043774687478,0.38820307259032916
Dapk3,0.4435801654841329,0.4718342921615122
Dapl1,1.082691818205837,-0.8913857231243476
Dapp1,-0.4372286088550297,0.8596312107285922
Dars,-0.00877635257744025,0.5999571282881142
Dars2,-0.09345629692584723,0.4051276872644074
Daw1,0.0,-0.21283904559181435
Daxx,0.2981541917876065,0.3094200954768489
Dazap1,0.2227706859039742,0.2948966788262428
Dazap2,-0.24506116318528726,0.7686941353115841
Dazl,-1.1464494901675244,-0.1648803656313116
Dbf4,0.025256516709048604,0.6134278117194771
Dbh,1.9553992374593674,-0.2152727868316063
Dbi,0.8301383317011659,-0.3424776499695419
Dbil5,-0.10283033535006014,0.17177496075625198
Dbn1,-1.2998215838491127,-0.0789982298300167
Dbndd1,-0.12253601771887102,-0.5926942204889407
Dbndd2,0.6895498573365444,-0.26160584116553665
Dbnl,-0.41588063597498603,0.7260992962393544
Dbp,0.31794297323620935,-1.0594584597602168
Dbr1,-0.45148268062303565,-0.07661804679740669
Dbt,-0.37939930789572074,0.5809702095905944
Dbx1,0.0,0.0
Dbx2,-0.3493402176101932,0.0
Dcaf1,-0.21096953493550252,-0.45284162858200716
Dcaf10,0.302363421856537,-0.7688643316430799
Dcaf11,-0.23605553857304606,0.09889657829854315
Dcaf12,-0.389865334571315,0.5510767433049377
Dcaf12l1,-0.684064006047473,-0.545490537847634
Dcaf12l2,-1.6870057972728376,-0.9534474888987121
Dcaf13,0.15127760062089557,-0.04364679841285124
Dcaf15,-0.29905199388879566,-0.13703446339712233
Dcaf17,-0.3151504491241006,-0.1683199033941314
Dcaf4,0.035828512644956234,-0.38091422782683715
Dcaf5,-0.642078935596377,-0.19837388325484184
Dcaf6,-0.129906585251498,-0.34162590265004766
Dcaf7,-0.7717619880523685,0.15274293522435478
Dcaf8,-0.4111431051478913,0.024869151138963375
Dcakd,-0.44546227776610436,0.1382477400249904
Dcbld1,0.24688221882991446,-2.2678187466875626
Dcbld2,0.37026673107588604,-0.19726516208123357
Dcc,0.16665350493080666,-1.3601630070384019
Dcdc2a,-1.3623053204826068,-3.939820886344649
Dcdc2b,0.08761146477818471,-0.4143050971229574
Dcdc2c,0.39452845239657375,-0.1698979821929001
Dchs1,-0.5934895153167972,-1.450454916350938
Dchs2,-0.08746986136880763,1.3886663506387815
Dck,0.1635440862558024,0.5862782934577844
Dclk1,-1.188226076509265,-0.3242211784726656
Dclk2,-0.6081442743772172,-0.19632803742907345
Dclk3,0.2852146825794968,-1.6951626780759508
Dclre1a,0.5511760529862846,-0.08647273213593554
Dclre1b,0.17119222940100975,0.28715920948880225
Dclre1c,-0.2810590112582627,0.3190873972091435
Dcn,-0.5501113682938739,1.3545082790527871
Dcp1a,-0.1374441567500373,-0.22901920688362587
Dcp1b,0.1323249387854215,0.16511472318933684
Dcp2,-0.14819538754819916,0.49291293275438086
Dcpp1,0.0,0.0
Dcpp2,0.92632207085749,0.0
Dcpp3,0.0,0.0
Dcps,0.8016036332583507,-0.006657190668196478
Dcst1,0.12322840451869332,-0.18058695735838715
Dcst2,-0.5865961063965863,-0.18129239408999176
Dcstamp,0.8210822069066865,-2.036315268541072
Dct,0.18144373126982494,-1.8435950603840716
Dctd,-0.24550919547764316,0.1659937455089331
Dctn1,-0.5106601090297129,-0.21397940016860595
Dctn2,-0.19858849834876935,0.06317639875503644
Dctn3,0.2255939121920587,-0.07317264643834953
Dctn4,-0.03244215974696729,0.027274607777570736
Dctn5,-0.28739847901332105,0.22871214805034157
Dctn6,0.5080176012050863,-0.35457145484021524
Dctpp1,-0.2233209139080774,0.6907340521635259
Dcun1d1,-0.26785112684771484,0.33939775668020644
Dcun1d2,0.30435868368410013,-0.3727035218099797
Dcun1d3,-0.04276224922827687,-0.7415363566968995
Dcun1d4,-0.3589461894071757,-0.034838378211762944
Dcun1d5,0.3043182480387463,0.18280302983153618
Dcx,-0.08478619814753863,-3.5507266322480415
Dcxr,-0.3326566924244698,0.8992804414164919
Dda1,0.061365926195906084,0.187742607361697
Ddah1,0.22098850044478802,-0.28796808314563727
Ddah2,-0.03216809095894568,-0.05653052666033709
Ddb1,-0.369622423941923,-0.1747599163814897
Ddb2,-0.07574582154597032,-0.6106772174579946
Ddc,2.983175658904795,-1.5976820541825099
Ddhd1,0.2804559546526946,-1.5065432945963586
Ddhd2,-0.19816544942262304,-0.11768246981837294
Ddi1,-0.712696693397576,-2.1076394618043324
Ddi2,-0.32948780781878817,0.6732692722779081
Ddias,2.158065960864988,-1.2936084449545788
Ddit3,0.4880699923959604,-0.3423161844190936
Ddit4,0.0926251469424475,0.7371055449101247
Ddit4l,0.4677880786945705,-1.9376152839661547
Ddn,-1.5744254509512787,0.48177749177672125
Ddo,0.48592748453332835,-1.305288284438979
Ddost,-0.10116358005310033,0.6946314526729935
Ddr1,0.10366570381130913,-0.49080827468044497
Ddr2,-0.7784438274983927,-2.3090596628326576
Ddrgk1,0.03369746705265797,0.06344416203396541
Ddt,0.4446342522161455,-0.12101503778446876
Ddx1,-0.14112128053254835,-0.07295694980669687
Ddx10,-0.1794125941396949,-0.3619402437022572
Ddx11,-0.5542608355309993,-0.3585457152785274
Ddx17,-0.020858296652633612,-0.14020679564747063
Ddx18,0.3610287346242842,0.19698410194131633
Ddx19a,-0.09114611986092047,-0.5620148324707479
Ddx19b,-0.7934650164892911,-0.32097724994523347
Ddx20,-0.08136880445966632,0.6380764551252796
Ddx21,-0.2650770715672568,0.3178987198619758
Ddx23,0.5467465016563988,-0.306072248216136
Ddx24,-0.06668978794179736,-0.05000957342442547
Ddx25,-0.9105477811172253,-0.475703951375559
Ddx27,-0.29225510660021214,0.3291195007113821
Ddx28,-0.008141289874355806,0.2234823162354882
Ddx31,-0.31957737807258546,0.385986710011883
Ddx39,0.07420038259947148,0.3703671478501267
Ddx39b,-0.3620691021130682,0.45398468968288697
Ddx3x,0.07477785226635447,0.37732572983897583
Ddx3y,2.6140585121775963,-8.389628001504237
Ddx4,-1.5023568099618099,-2.855519061940443
Ddx41,-0.08731179469945971,0.03594169416723503
Ddx42,-0.5069789663537012,0.16813382578890668
Ddx43,-0.2940112407501343,0.24101406081855048
Ddx46,0.10525881537865445,0.16345108857480994
Ddx47,-0.1457302649679626,0.34284552433045334
Ddx49,-0.013729654538598979,0.39842829628091536
Ddx5,0.020559970523194693,-0.15417129896415283
Ddx50,-0.12013673671854264,-0.012526336403078986
Ddx51,-0.6487402324854088,1.3747548333235997
Ddx52,0.06564461820522816,-0.03988580726798219
Ddx54,-0.30793999211127954,0.5189015587418204
Ddx55,0.40138812469172436,-0.5513560781220033
Ddx56,0.08860538098205595,0.35835079111690504
Ddx58,0.7695257456559013,0.9692655459087955
Ddx59,0.23945836149671607,0.3492014025492427
Ddx6,-0.22866495349149396,0.14438237333395243
Ddx60,0.17585307224973512,0.18784614354537332
Deaf1,0.5403680203602717,-0.12009467990050737
Decr1,-0.10602599075782848,0.2729367658730304
Decr2,0.13235983346820213,-0.06333927316184429
Dedd,-0.31061938524300103,0.24866673501723824
Dedd2,0.0581858601417764,0.2402854600542046
Def6,-0.672557783538771,1.2963353874746524
Def8,-0.45559917295645214,-0.07519174164254316
Defa17,0.0,0.0
Defa2,0.0,0.0
Defa20,0.0,0.0
Defa21,0.0,0.0
Defa22,0.0,0.0
Defa23,0.0,0.0
Defa24,0.0,0.0
Defa25,0.0,0.0
Defa26,0.0,0.0
Defa27,0.0,0.0
Defa28,0.0,0.0
Defa29,0.0,0.0
Defa3,0.0,0.0
Defa30,0.0,0.0
Defa31,0.0,0.0
Defa32,0.0,0.0
Defa33,0.0,0.0
Defa34,0.0,0.0
Defa35,0.0,0.0
Defa36,0.0,0.0
Defa37,0.0,0.0
Defa5,0.0,0.0
Defb1,0.9593364477499535,-0.8119391554664651
Defb10,-0.23690106472386616,-0.1957460862452033
Defb11,0.7918297402007262,-0.9618368364659706
Defb12,0.0,-0.2152727868316063
Defb13,-0.23690106472386616,0.0
Defb14,0.0,0.0
Defb15,0.2667182082057698,-0.34915265822807906
Defb18,0.0,0.0
Defb19,0.0,0.0
Defb2,0.3981432424216762,-1.3514164492329244
Defb20,1.239151167517837,0.0
Defb21,0.0,0.0
Defb22,0.0,0.0
Defb23,0.0,-0.2218593794753994
Defb25,0.0,0.0
Defb26,0.0,0.0
Defb28,0.0,0.0
Defb29,0.0,0.0
Defb3,0.0,0.0
Defb30,-0.7673518155185939,0.0
Defb33,0.0,0.0
Defb34,0.0,0.0
Defb35,0.4183636864206829,0.0
Defb36,0.0,0.0
Defb37,0.0,0.0
Defb38,0.0,0.0
Defb39,0.0,0.0
Defb4,0.0,0.0
Defb40,0.0,0.0
Defb41,0.0,0.0
Defb42,1.0211192001448954,-0.7999089115946161
Defb43,0.0,0.0
Defb45,-0.48016876947433335,0.0
Defb46,0.0,0.0
Defb47,0.15400568204582754,-0.2218593794753994
Defb48,0.0,0.0
Defb5,0.0,0.0
Defb50,0.0,0.0
Defb6,0.0,0.0
Defb7,0.0,0.0
Defb8,0.0,0.0
Defb9,0.561506020216078,-0.9769449282781533
Degs1,0.010854898596933893,0.012643186261357187
Degs2,1.00924100404165,-0.868794869627588
Dek,0.3821508889875904,0.5441318590055975
Dele1,-0.18025555880931954,-0.5292013999638456
Dennd1a,-0.1524868542652449,0.3158917964853192
Dennd1b,0.6742797922893864,-0.6779014970824111
Dennd1c,-0.453284266024383,0.6258101996622027
Dennd2a,0.3034754792316434,-0.36486781987076533
Dennd2c,0.14099153424327682,1.0469703974831308
Dennd2d,0.48413581818226525,-0.6291128919614284
Dennd3,-0.3760877777648295,-0.15350999296903023
Dennd4a,-0.2914671364658119,0.42573773538181925
Dennd4b,-0.3116250661201896,0.49462752018796863
Dennd4c,-0.6867579310067828,-0.0009072382679438107
Dennd5a,0.3224533014617812,-0.03578243932070535
Dennd5b,0.10232891907870112,-0.440004364208642
Dennd6a,-0.005085224673052835,0.4139166456534653
Dennd6b,-0.831679132030203,-1.3257106313867233
Denr,-0.022170114355294146,0.4424679140691996
Depdc1a,-0.5893869669273464,-1.1905005527464114
Depdc1b,1.1409824498196692,0.5432506168404374
Depdc5,-0.4440285537311759,0.4666814176417322
Depdc7,-0.278876672423916,0.6666917625895064
Depp1,0.9793449404065511,-0.023658312948128923
Deptor,-0.11149178100823853,-0.34574196002421864
Dera,-0.03950204149812819,0.3610253966376966
Derl1,-0.14641054284380495,0.8379982738800393
Derl2,0.00778602277336482,0.799329245968103
Derl3,-0.8134738424720274,-0.2339810857080158
Des,0.8530215170524591,-1.9423065573253138
Desi1,-0.09357738158290729,-0.3204357917249059
Desi2,0.13331410020111534,0.17196226635099876
Det1,0.038534487434894515,0.30773647469301224
Deup1,-1.2937479701092163,-0.8297790165490995
Dexi,0.1781409995409593,-1.0384990579136977
Dffa,-0.15695530153463721,0.4398458898201696
Dffb,-0.986555659787502,-0.21017188841777923
Dgat1,-0.6685223809287386,-0.25871377144273033
Dgat2,-1.1001644753558244,1.2892813460396724e-05
Dgat2l6,0.0,0.0
Dgcr2,-0.41540023501330303,0.08981138271724731
Dgcr6,0.3680939435440962,-0.22286851698381227
Dgcr8,-0.25654131809917047,-0.4209874627428434
Dgka,-0.07351685426201904,0.4974188105195996
Dgkb,-2.305358685110665,0.6444545824179873
Dgkd,-0.28948094820297143,0.30120379836874633
Dgke,-0.16803051334227703,-0.4734056948430201
Dgkg,0.04759120448912668,-0.7604690711864714
Dgkh,-0.5992423327542511,-0.8902994392147416
Dgki,0.02433554113861902,-1.2696440811425909
Dgkk,-1.2286351591116162,0.0
Dgkq,-1.6720916395803567,0.7231382782787268
Dgkz,-0.4212114475177007,0.9182523804800695
Dglucy,0.10264751203719413,0.5739807696384904
Dguok,0.05295344469928054,0.4609920446717908
Dhcr24,0.38888603763402685,0.9385016008106817
Dhcr7,-0.20527909341288364,0.4370817630279511
Dhdds,-0.09862896757605633,-0.02529231130565357
Dhdh,-0.2781222346025434,-0.08737271142876324
Dhfr,0.6672424416022427,-1.826521534947699
Dhh,1.9820810967036486,0.7582964613181025
Dhodh,-0.1283824835252041,-0.2324492899731716
Dhps,0.32192086068480386,-0.5909715623902798
Dhrs1,0.16164869995204256,-0.06283733774649747
Dhrs11,-1.2021982432385858,1.0169921321316533
Dhrs13,0.24402193599946642,0.0286903326744552
Dhrs2,0.0,0.0
Dhrs3,0.3128362750593645,0.47356547075489175
Dhrs4,-0.38670292241480375,0.8594825739254661
Dhrs7,0.25127141538016495,0.14429101981670378
Dhrs7b,0.08426191040382491,0.18267975448149798
Dhrs7c,0.0,0.0
Dhrs9,0.07677168908788312,-0.2218593794753994
Dhtkd1,0.14641109736257807,-0.8515904689443055
Dhx15,-0.21355173517621573,0.2827450191215437
Dhx16,-0.1271234265587129,0.41463490681647563
Dhx29,0.17961343238869176,-0.03840594290162613
Dhx30,0.018445736442899374,-0.2727955820773662
Dhx32,0.11740198269540514,0.6689364701077132
Dhx33,-0.2680260402180412,0.30653511243547626
Dhx34,-0.25981365696040015,0.22930344460091945
Dhx35,-0.009966379982236262,-0.4139699565112984
Dhx36,0.2396964024442383,-0.7344095701129962
Dhx37,0.19985510387153127,0.17993211685829458
Dhx38,-0.3841828146544888,-0.05914662295861817
Dhx40,-0.31777010852942134,-0.1511615798703101
Dhx57,-0.3554392547452334,1.1345306243302673
Dhx58,0.015518906351744022,1.1796962834659226
Dhx8,-0.3448585184518205,-0.07430532734980311
Dhx9,0.012451429769361866,0.2195185597259144
Diablo,-0.2576779510631617,0.24249968646986986
Diaph1,0.3203190893253538,-0.6821101957225286
Diaph2,-0.19625330930824525,1.0475451028681402
Diaph3,1.1156772161102104,-1.5571964275871526
Dicer1,0.591201208486904,-0.5865782705948028
Dido1,-0.16164475250907628,-0.2456019424902589
Dimt1,-0.07398958699476132,0.07902179289838784
Dio1,0.035366674417822375,-1.4395605628610935
Dio2,-0.5336214265872146,-0.927642227784852
Dio3,1.341579221874802,-0.5051984946520167
Dip2a,0.16899859382301052,-0.22918150587265895
Dip2b,-0.07324363748348084,0.2519629218800805
Dip2c,-0.48550664497651574,-0.25022235330168296
Dipk1a,-0.24740351220463275,-0.023231352898809732
Dipk1b,0.23373172786459762,-0.9165493092009296
Dipk1c,1.0245508713247737,-0.2829851800591525
Dipk2a,0.5847463498891523,0.6492707163899212
Dipk2b,-0.8512184756765827,-0.38682517651218684
Diras1,-0.9652618523684424,-0.15733571064413887
Diras2,-0.482442178955127,-0.3786411087166748
Dis3,0.4850708099836254,0.2976626194228267
Dis3l,-0.007283090174507123,0.2141218782324099
Dis3l2,-0.08055077509172115,0.13342994326443502
Disc1,0.29254391532695934,0.6000389173436291
Disp1,0.12791001924710876,0.4009677621756005
Disp2,-1.1135184204300312,-0.25953984272003083
Disp3,-0.74001434082329,-0.9311323352385719
Dixdc1,-0.12046818841546347,-0.6470255549857029
Dkc1,-0.008422858164262692,0.29398218100678797
Dkk1,0.9225470968330688,0.0
Dkk2,-0.011511283147944251,-1.1140249026391418
Dkk3,-0.218525504632904,-0.5686329768572556
Dkk4,-0.48016876947433335,-0.21283904559181435
Dkkl1,0.13038776230411386,-2.0672719428507276
Dlat,-0.36548356398395754,-0.09044479828574303
Dlc1,0.45081360099484336,-0.8640631830495646
Dld,-0.037928744018216776,-0.11980061286580401
Dlec1,-1.133777510012358,0.8322325599814753
Dleu7,1.2185525162794062,-0.9272288102619903
Dlg1,0.5192131418923456,-0.6390980661523908
Dlg2,-0.8837348901740789,-0.4589680581094644
Dlg3,-0.6233327843184728,-0.1138058443404546
Dlg4,0.1875541446862492,-1.1759739237928954
Dlg5,0.17266997076843627,-2.760110193829725
Dlgap1,-0.0625984375637767,-0.5069750420432975
Dlgap2,-0.1986109151368094,-2.6327616335429207
Dlgap3,0.09736831846866068,-0.7268140103854419
Dlgap4,-0.13354776829285875,0.3119993561870942
Dlgap5,-2.2154335273197927,0.6261415085482192
Dlk1,0.7725555970442581,-0.2152727868316063
Dlk2,-1.3247710214356356,-1.6262256782514726
Dll1,-0.359472269635714,-0.49757279166087454
Dll3,-1.190052469091143,-0.3739740981906592
Dll4,-0.2603067241237502,-4.680481620124333
Dlst,-0.23104826766660835,0.23796249811621273
Dlx1,0.0,-0.2152727868316063
Dlx2,0.0,-0.34915265822807906
Dlx3,1.2557057599527366,-0.6922751110626821
Dlx4,0.0,-1.5671301860229114
Dlx5,0.0,0.0
Dlx6,-0.34061559498014937,-0.13513288926753098
Dmac1,0.5905541402389325,0.35178658397328455
Dmac2,-0.09303852762754872,-0.6704023960450662
Dmac2l,0.34711360420768855,-0.10722215800530144
Dmap1,-0.042379957344806485,-0.09835246555898003
Dmbt1,0.5553908421441962,0.25082299571856037
Dmbx1,0.11847019285129123,-3.064018911903768
Dmc1,2.450196563024459,-0.8061801817171366
Dmd,0.3546843306735177,-1.62950534539379
Dmgdh,-0.5566653599967437,-1.1632437653430412
Dmkn,0.0,0.0
Dmp1,0.9362503546887699,2.558872914715397
Dmpk,-0.6178750697359057,0.11455454773620843
Dmrt1,0.0,0.0
Dmrt2,0.0,0.0
Dmrt3,0.0,0.0
Dmrta1,-0.011583291325560685,-0.3233631437109221
Dmrta2,1.5517968240064568,0.2517475928686984
Dmrtb1,0.07683006584247254,0.20732158095506747
Dmrtc1a,0.06232357213901718,-1.960820938005933
Dmrtc1b,0.0,0.0
Dmrtc1c1,0.0,0.0
Dmrtc1c2,0.0,0.0
Dmrtc2,0.007363461862900156,0.5082984490340398
Dmtf1,-0.37570026161714765,-0.3434525176103218
Dmtn,-0.396743038671028,-0.6020867461079433
Dmwd,0.7083959906963928,-1.169527544678627
Dmxl1,0.42068919540569993,-1.217501512033131
Dmxl2,0.911264761227013,-1.1064388060806287
Dna2,-0.8830418912155142,0.8777277077509069
Dnaaf1,-2.59481731884979,-2.568242351449732
Dnaaf2,0.034458649301022604,0.07862850578806935
Dnaaf3,-0.20078337569269067,1.0011713508712337
Dnaaf4,1.0114542815484686,-2.351753956303887
Dnaaf5,0.4922665354923055,0.5243372317928259
Dnah1,-1.5371497447680147,-1.2118603727987658
Dnah10,-0.13435992982263611,-2.0633356978526005
Dnah11,-0.6898636619878924,-3.112153601302725
Dnah12,0.9705906547375205,-1.715552643940709
Dnah14,0.15990364766973997,-0.08958261205656015
Dnah17,-0.34163879767704763,0.306001716883908
Dnah2,-1.7747942819270106,1.9412240667718388
Dnah3,0.256451468825172,-3.112207985771063
Dnah5,-0.9308423340873841,0.0
Dnah6,0.3707010355832483,-2.7201483093719316
Dnah7a,0.19453580917854563,0.10940451429655074
Dnah7b,1.0647396372663769,-1.3391623411870768
Dnah7c,-1.2610131582972195,-1.1574135646574883
Dnah8,1.3250580317177674,-1.4380574135627209
Dnah9,0.2043836207787102,-1.521676380785081
Dnaic1,1.307910801708407,-2.1782157406753577
Dnaic2,-0.8525346333685775,-0.5680193636699613
Dnaja1,-0.3317043023230557,0.23726677439168498
Dnaja2,-0.27086710832362293,0.2990014082990289
Dnaja3,-0.045676173893591354,-0.02261905553967125
Dnaja4,0.18359623279793436,-0.028365123913199675
Dnajb1,0.24703041710411355,0.07213771971401073
Dnajb11,-0.3010858971045032,0.5255737185770109
Dnajb12,-0.3785770407463236,-0.1065792305289115
Dnajb13,-0.9189929729761062,0.7050982851519825
Dnajb14,0.2049767514580516,0.08459809640389793
Dnajb2,0.6261352082293463,-0.4498235619771389
Dnajb3,0.865618834170379,-1.0200460073614677
Dnajb4,-0.23400552202334524,-0.3763690829255619
Dnajb5,-0.5924492581500918,0.5277482625378198
Dnajb6,-0.13754170488136808,0.08965906968377979
Dnajb7,-0.5835124957245252,-0.28393147507276595
Dnajb8,-0.030048419636412693,0.14666634434427855
Dnajb9,-0.022573817701424304,0.13640433940876306
Dnajc1,0.02097744616653152,0.5157532864618499
Dnajc10,-0.05435795089750961,0.23104888632721376
Dnajc11,0.039794130113742554,-0.0347518384207266
Dnajc12,0.19938811057426165,0.11292084674852276
Dnajc13,-0.31559786639472165,0.5761416866675759
Dnajc14,0.01048285738044541,0.05252781083800251
Dnajc15,0.3755503509737217,0.4840808873237563
Dnajc16,-0.45726234351510264,0.6181821831683543
Dnajc17,-0.3166480701928922,-0.1328446283974456
Dnajc18,-0.16320682839482004,-0.03604692380080898
Dnajc19,0.26421848997661,0.18946578646516876
Dnajc2,-0.3119681705612134,0.32373159111808825
Dnajc21,0.3018710911403213,-0.9621195544859216
Dnajc22,1.7511585757258046,0.07241243146770282
Dnajc24,0.16244192422738735,0.26009550844085805
Dnajc25,0.5178656933214976,-0.33429676050489654
Dnajc27,-0.7797029833838032,-0.2578955384485617
Dnajc28,0.060967168419702844,-0.6718166234700131
Dnajc3,-0.2534866627197818,1.2148273514141703
Dnajc30,-0.23946809080735498,-0.04774581349972529
Dnajc4,0.23529289332160808,-0.12933253348136908
Dnajc5,-0.6398433649082005,-0.04637526059542907
Dnajc5b,0.3754544065188601,0.0
Dnajc5g,0.0,0.0
Dnajc6,-0.6686280260254822,-0.34245348256912855
Dnajc7,-0.13384989686210247,0.03344479338392681
Dnajc8,0.08309093370554166,-0.009031959016093438
Dnajc9,0.4874960102685204,-0.5607882086800036
Dnal1,0.004180537236842419,-0.7387451815704047
Dnal4,0.21757725435488595,-0.16325860926158775
Dnali1,2.7641329188312853,-1.0910359081319128
Dnase1,0.315052959474194,-1.5249800491079402
Dnase1l1,0.5386609022344633,0.34411601220362265
Dnase1l2,-0.6887675838856677,-2.649987490751708
Dnase1l3,0.08305971134455348,-0.5497629409369615
Dnase2a,-0.18483060754043734,1.039061269022186
Dnase2b,1.6638751757841503,0.0
Dnd1,0.822419398274211,0.8134219903740698
Dner,0.07721332476718956,0.18136658944835737
Dnhd1,-0.6819796914638907,-0.7599940021062253
Dnlz,0.08989753602966388,0.4729839171335577
Dnm1,0.32047725781621494,-0.628353043294366
Dnm1l,-0.2838953417080283,-0.28805707065985864
Dnm2,-0.45901825925520967,0.7432838055213598
Dnm3,-0.626504774422207,-0.7313080336431916
Dnmbp,0.5134271949359857,-0.028490540119751273
Dnmt1,-0.495189811275738,0.2471302234126469
Dnmt3a,-0.9895258659738939,0.3365801607713319
Dnmt3b,0.8530299369899357,0.6428590136530188
Dnmt3c,-1.2156386550060378,-3.7714616984304934
Dnmt3l,0.0,0.0
Dnpep,-0.20165430185309496,-0.0733157235519517
Dnph1,1.395537885750521,-1.0173492771848283
Dntt,0.37020207704120933,0.912274410430337
Dnttip1,0.6527570777247114,1.032329429460515
Dnttip2,0.3795054643383988,0.07841995779658006
Doc2a,-2.6804823965422733,0.928918259277487
Doc2b,1.548249754479424,-1.5807325521029831
Doc2g,-0.3924445272309951,-1.524277612683787
Dock1,-0.16593148786211565,0.22557097982135943
Dock10,-0.5373668349501184,1.016554739216211
Dock11,-0.6348191036692299,1.1797097541124018
Dock2,-0.4981302810113597,0.9288419843508287
Dock3,0.4935176994998791,-1.3825732906402886
Dock4,0.05985077105889047,0.6348907795812373
Dock5,-0.28528230423879464,-2.3860718999517845
Dock6,0.047284189148523836,-0.6021545289151806
Dock7,-0.30480494261517244,-0.5733659335875299
Dock8,-0.02602043954163591,0.5484861108598569
Dock9,0.3323895225922815,-0.30808462554402816
Dohh,0.0670172683293071,0.48425068414377925
Dok1,-0.18014034122852607,0.9656106069908148
Dok2,0.8802612044315463,0.8403906463957913
Dok3,-0.271347284127625,0.7752297966425505
Dok4,-1.1780594896079055,-0.3675321885224667
Dok5,-0.3355584531621192,-0.9606714999353336
Dok6,-0.7823158152945417,0.27648036653920904
Dok7,-0.667636640079432,-2.061815617577954
Dolk,0.1980442936296889,-0.11517615662112135
Dolpp1,-0.4338415293724722,0.18689453107611875
Donson,0.10850626953016285,-0.8215908533005392
Dop1a,0.4510276714913033,-0.8508537638566462
Dop1b,0.1362195714755554,0.09497630284645986
Dot1l,0.429108813253519,-0.8591890679945671
Doxl1,0.0,0.0
Doxl2,0.0,0.0
Dpagt1,-0.2026150409266645,0.35069931183854486
Dpep1,0.0,0.0
Dpep2,-0.5557856555365639,-0.10972749575074836
Dpep2nb,-1.6996581809972164,-0.38873289707749875
Dpep3,-0.2154087266458899,0.0
Dpf1,-0.5691961778969672,-1.1145152653288486
Dpf2,-0.3871653411430547,-0.09611872904378949
Dpf3,0.39879405575204707,-0.7898438678150708
Dph1,-0.20370319358078248,0.20020222143017286
Dph2,-0.12433990201481926,-0.08206918177266154
Dph3,0.6039304442340079,0.01827395174405666
Dph5,0.09756621503157348,0.11491858340839656
Dph6,0.47566410703656636,-0.06113378959221727
Dph7,-0.4382068269400783,-0.07885010284330463
Dpm1,0.21704061936874375,0.18522376120023765
Dpm2,0.13504535403192897,0.1653804414422062
Dpm3,0.47996576624038756,0.3817534694947122
Dpp10,-0.7746059502616287,0.4830047473855661
Dpp3,-0.5069140974400881,0.37688375657592843
Dpp4,2.03796800863872,-1.1889712626253353
Dpp6,-0.9971938196710006,-0.0948865087441888
Dpp7,0.005685677965640679,0.7009856256802394
Dpp8,-0.6716091538525273,0.6757449477071109
Dpp9,-0.36260165988864124,0.2537916265728146
Dppa1,0.0,0.0
Dppa2,-0.11878715681056029,-1.5511936219369091
Dppa3,-1.014814652892354,0.3018210313056392
Dppa4,0.0,-0.35820978814101395
Dppa5a,-1.0438826332670275,-0.42811183242342066
Dpt,-1.7533942863000938,0.040119695699556424
Dpy19l1,0.2902430072647064,0.033651457015608344
Dpy19l2,0.0,0.0
Dpy19l3,0.07376080410846875,-0.803379136173799
Dpy19l4,-0.5333901352145922,0.9471194278971424
Dpy30,0.5699466330038394,-0.3583636212240666
Dpyd,0.26130006168369224,0.22491395369653588
Dpys,-0.9144985467680773,0.05810988275709228
Dpysl2,-0.1928018769004911,0.3820519592680185
Dpysl3,-0.009632565504812618,-0.9815976260480976
Dpysl4,-2.4356504078132595,-0.015882639665512954
Dpysl5,-1.2856211695847897,-0.6389503764399524
Dqx1,-1.0484438133851768,1.0777449560210446
Dr1,-0.1352517850307322,0.45937149299900426
Dram1,0.5830744839433315,0.6205896647518099
Dram2,-0.45447312187062394,0.7988772731008371
Drap1,0.46868844304905544,-0.07214200921461256
Draxin,-1.013205893267199,-1.3421513716946711
Drc1,-2.3597054822152614,-2.4951384786466666
Drc3,0.3363733364474193,-0.5805597928479909
Drc7,0.0,0.0
Drd1,-0.9292911461950979,-0.7510090047789646
Drd2,2.515956282871614,-1.758118037119174
Drd3,0.0,0.0
Drd4,0.46736429789997125,-0.2760462869384597
Drd5,-1.1126858452476505,-0.9877894335805104
Drg1,0.05235321479801236,-0.002563806207442454
Drg2,-0.038996608110567266,0.03285566768569126
Drosha,-0.31905801330114336,-0.5579362051707282
Drp2,-2.270730542312518,-1.9185040662307964
Dsc1,0.0,-0.21283904559181435
Dsc2,-1.0849222376627248,-2.950630621065102
Dsc3,-0.5325893203936113,-1.8054654603281652
Dscam,-0.40311655708582084,-0.7114882559202167
Dscaml1,-0.042079788873017776,-1.0323126771055335
Dscc1,-0.548210060499283,0.8661317579060541
Dse,-0.24977012987655023,0.6563494828299739
Dsel,-0.5152373187644717,-0.05807120266131527
Dsg1a,0.8345820840413776,-2.5223889052449255
Dsg1b,-0.22032226961128676,-1.3172108900696928
Dsg1c,0.0,0.0
Dsg2,-0.5559950696724023,0.3931996901944439
Dsg3,0.0,-2.871302371756628
Dsg4,0.0,0.0
Dsn1,0.3711475980904355,-1.0164189174616816
Dsp,0.14698247131482287,-0.9412009693996266
Dspp,0.0,0.0
Dst,-0.35605698537899144,-0.15750986614360762
Dstn,-0.10171257171284331,0.1688034193961805
Dstyk,-0.13149451004771784,-0.212843153800792
Dtd1,0.17685127929508582,-0.38017327775422594
Dtd2,0.5166706435292525,-0.3070546528189393
Dthd1,-0.23690106472386616,-0.21283904559181435
Dtl,1.145786837636849,-0.6428642815808274
Dtna,-0.6903702985666769,-0.18517559392734384
Dtnb,-0.8743189394992914,-0.24024923928737962
Dtnbp1,-1.22649356573098,-0.47440704513363663
Dtwd1,0.0787079256998453,-0.15692554863350594
Dtwd2,-0.01430078199208129,0.6327004978909052
Dtx1,-0.06332590596600962,-1.8576410753103962
Dtx2,-0.13893246659958436,0.4334412057214685
Dtx3,-0.30611441789154803,-0.4346117738744102
Dtx3l,0.03958440551693343,0.9536786667674217
Dtx4,-0.41856461491989094,0.7649843409315817
Dtymk,0.15162498370437127,-0.12603299060070405
Duox1,0.1408119545389892,-0.8090016038216296
Duox2,0.0,0.0
Duoxa1,2.4333723110177785,1.2641064828919162
Duoxa2,0.0,0.0
Dupd1,-0.5936858688324763,0.25555345956664705
Dus1l,-0.24890386918364094,0.2969747226908144
Dus2,0.12365273343048422,-0.38148942846010847
Dus3l,-0.010405327344960469,-0.22195735381683335
Dus4l,0.805731503514223,-0.6899324524146841
Dusp1,-0.13095589452567769,0.7177408657572979
Dusp10,-0.47502647833207945,-0.07825820629710378
Dusp11,-0.10531913989120234,0.07367453901430743
Dusp12,0.1437165269711027,0.26334451905640854
Dusp13,1.1652798010302443,-0.32162761616348945
Dusp14,0.6740865163776455,-0.9857541482293399
Dusp15,-0.4135740979176794,1.5132716052202069
Dusp16,0.5700764233803604,0.2274491948498465
Dusp18,-1.3066037932126306,-0.986465170822779
Dusp19,0.005399468364306159,0.7895010737821639
Dusp2,-0.28704495795421314,-0.14397404684860593
Dusp21,0.0,0.0
Dusp22,-0.17673547684985458,-0.08351575807651557
Dusp23,0.07204594228730521,-0.21404117700447234
Dusp26,-0.4264175765830345,-0.5148857763002397
Dusp27,-1.9355308926492576,0.33620000534886163
Dusp28,0.2840342740198878,-0.5870229307272741
Dusp3,-0.2066868236282211,0.3414166796870397
Dusp4,-0.393622270067028,-0.4339994111791894
Dusp5,2.490415994544409,-2.2273535193365754
Dusp6,-0.33049722823980154,0.7661692818508978
Dusp7,0.187137298860943,-0.28673872150941193
Dusp8,0.6329012370948917,-0.805705440683516
Dusp9,0.01921666643526465,1.729239649533409
Dut,0.776295735115724,-0.9355891953981992
Duxbl1,-2.7559099354887358,-1.00395944795625
Duxbl2,-3.8959188533869,-2.9850972360086043
Duxbl3,-3.276528456178566,-3.212954145468779
Duxf3,0.5741354202549478,0.0
Dvl1,0.9173417611704648,-2.0332028486393767
Dvl2,-0.2687340541847085,0.42591671227957306
Dvl3,-0.11277157111275216,-0.2216781036062443
Dxo,0.1375925053145508,0.43838520244567114
Dydc1,0.0,-0.21283904559181435
Dydc2,-1.8953287358427775,-1.4359007213215254
Dym,-0.1370791454412732,0.08319463223356038
Dynap,0.0,-0.21283904559181435
Dync1h1,0.1431547397126529,-0.3999052526104112
Dync1i1,-0.771860478308593,-0.31639225372703095
Dync1i2,-0.020046446946889063,0.23157659020368726
Dync1li1,0.04405671737257677,0.004146371361445134
Dync1li2,-0.6675889203060272,0.029044392786381934
Dync2h1,0.33532059057583297,-0.9158011769666086
Dync2li1,0.23081131190889081,-0.9038060653811684
Dynll1,0.4181235871952129,0.02387337227622055
Dynll2,0.5635751000863856,0.7775616463123569
Dynlrb1,0.25806974132694194,-0.14017387962730687
Dynlrb2,-2.045037237806194,-1.093136090590256
Dynlt1a,-0.20851488291066111,-0.23034543529767149
Dynlt1b,-0.25175394030654985,0.5023137701132043
Dynlt1c,0.24731747462212184,-0.052033242951370795
Dynlt1f,-0.18955412049579223,0.683627086718614
Dynlt3,0.014269885440509,0.35179812842797986
Dyrk1a,0.3709492409041797,-0.7409300184706638
Dyrk1b,0.09536747346899421,-0.6207934821113419
Dyrk2,0.5038866640249076,-0.7902715367134547
Dyrk3,-0.7117681371273403,-1.4163210038987453
Dyrk4,-0.4126184244137461,1.1665764255902742
Dysf,0.9238836707968066,-1.866657815288959
Dytn,-2.041848129088243,-2.3013652516366503
Dzank1,-1.2623582895466594,0.07317477002458794
Dzip1,-0.26164808621557256,-0.8737524002395842
Dzip1l,-1.0665140260089592,-0.7301203476928855
Dzip3,-0.15412396975515463,-0.054209880257817034
E030018B13Rik,0.3025380905030164,-1.1404520462356547
E030025P04Rik,0.0,0.0
E030030I06Rik,0.2444236278495353,-0.9054358904119599
E130114P18Rik,0.5964647764618016,-0.8999966373574662
E130116L18Rik,0.0,1.0919451968197418
E130208F15Rik,0.0,0.0
E130218I03Rik,-0.41038328662294,-0.16942082146118054
E130308A19Rik,0.4027582450977274,-0.8228476762139678
E130309D02Rik,0.38044522326760255,0.9963094142792119
E130311K13Rik,-0.6390077334309119,0.3742796486424522
E230025N22Rik,-0.9705418903737866,-1.3199510677581219
E2f1,-0.06876992887186173,1.3577021116762076
E2f2,0.1079138994112947,0.6166868478610965
E2f3,0.014816371269201767,0.7304905376439361
E2f4,-0.05259187940811927,0.5465932552928106
E2f5,0.8688839122837768,-0.2542113751636004
E2f6,1.4761650671436515,0.03018695634625601
E2f7,0.11433869975554689,0.1810146206243397
E2f8,-0.8175766046165096,1.7493434194049247
E330009J07Rik,-0.03964788680970788,-0.14243753959756944
E330014E10Rik,0.8768724758035196,0.0
E330017A01Rik,0.0,0.0
E330021D16Rik,-0.21273351568324328,0.1959626753384407
E330034G19Rik,-2.1732565280581406,-1.049848651887224
E430018J23Rik,-0.20548806942676467,-0.48915956572380015
E4f1,-0.23091713747604992,-0.2209846206504853
ETV3L,-2.92706924975713,1.039428787832907
Eaf1,-0.2588315581166274,0.8535421294377361
Eaf2,1.5024108315512295,-1.0984753461103622
Eapp,0.3116963774906871,0.31562445242284376
Ear1,0.0,0.0
Ear10,0.0,0.0
Ear14,0.0,0.0
Ear2,-1.3832387755162436,1.4201111857731492
Ear6,0.22888442284205604,-0.3886351608734172
Ears2,-0.009338149775881988,0.4890758524470247
Ebag9,-0.0042677855968236145,0.22410482584563596
Ebf1,-0.4597716951056192,-1.145454907314729
Ebf2,-0.17945730464209753,0.031622556585857886
Ebf3,-0.1670728614196415,0.591862648505435
Ebf4,0.3102102875753321,-1.9890701847952963
Ebi3,-0.3879780118720788,0.826340486527144
Ebna1bp2,0.03062118107516021,-0.10983416141722024
Ebp,0.2584622547152584,0.42043978603488874
Ebpl,0.47640946847545784,-0.5515562159252063
Ecd,-0.25701539455311107,0.17367332472986874
Ece1,-0.9857685172226418,-0.34151811158086964
Ece2,-0.4727891210655901,-0.17749324404914724
Ecel1,0.5764367716160401,-2.1127445630836745
Ech1,0.02075842214470569,0.5023047533109661
Echdc1,-0.1536445896936769,0.3291602997426004
Echdc2,1.40673633257299,-1.973098105158635
Echdc3,0.6070438728011833,-0.6147809332101284
Echs1,-0.1639231308701543,0.4571830401727066
Eci1,0.2830429950505309,-0.20624269918811677
Eci2,-0.13736213627526084,0.21684125422051537
Eci3,0.22928887708372303,-0.8772319323922058
Ecm1,0.3796077643241933,0.9897122428221063
Ecm2,2.3168051795425084,-1.3725589462139132
Ecpas,-0.5221762675103854,0.257937087845038
Ecrg4,1.1754758461980899,-2.0284952703445436
Ecscr,-0.791942821970407,0.5343385773939815
Ecsit,0.4010373579611386,-0.004621004780190674
Ect2,-1.043519518994552,-0.003259083124704354
Ect2l,0.8673709373953873,-0.9997739369643186
Eda,0.7683626862993247,-4.2004270605879785
Eda2r,0.3678025766408618,-2.5661743466398956
Edar,0.0,0.0
Edaradd,3.0260303341721015,-0.5769549567080148
Edc3,-0.3647282375782588,0.24600791824634527
Edc4,-0.25881792272793724,0.021367909451599942
Eddm3b,0.0,0.0
Edem1,-0.17193882419325313,1.1302224766719497
Edem2,-0.4725008265736719,1.0652433231400593
Edem3,-0.31062641561648263,0.9026502475465392
Edf1,0.0269983619304206,0.5098756203679109
Edil3,-0.1828438691360894,-0.8744079121616029
Edn1,-0.29072520440958094,-0.5156348556037456
Edn2,7.167183810118828,-3.186582337799196
Edn3,0.7298012784185168,1.4106268662943764
Ednra,1.1254275173147814,-1.0402419334056683
Ednrb,-1.2568745959165586,0.01312235406569684
Edrf1,-1.0158462507096608,-0.7072039461223447
Eea1,0.4227837791103415,0.44021158747049505
Eed,-0.007198296265244153,0.4403691976375992
Eef1a1,-0.33738320593280235,1.0491616753678432
Eef1a2,-0.31010930026407735,-0.7728057666193067
Eef1akmt1,0.21246043527163394,-0.06277936953416585
Eef1akmt2,0.09669487991226688,-0.3771352094988334
Eef1akmt3,0.9199064115181486,-0.5803623059232845
Eef1akmt4,-0.42906103250486183,0.9192126865827905
Eef1aknmt,0.06467694063789331,0.45456484346754245
Eef1b2,0.12342055342926272,0.4182182964102754
Eef1d,-0.0054460195776346865,0.8719224627816615
Eef1e1,-0.3011684515486639,0.28597158452548044
Eef1g,0.20403027558584697,0.25462007717290547
Eef2,-0.2603301006431522,0.35321427391271065
Eef2k,-0.11421798329314825,0.9069387350759452
Eef2kmt,0.5094069110574644,0.04197619306289013
Eefsec,0.015969253931274352,-0.06624178528313429
Eepd1,-0.08528196527920429,-0.06404902659154033
Efcab1,-0.533822363854406,-0.0005663889128930677
Efcab10,0.004278350693928679,-1.9552933519262283
Efcab11,-0.6259991025911287,-1.7832943015829268
Efcab12,-0.8671936126279043,-2.3499274594169828
Efcab14,-0.11354425929064682,0.2086276256545414
Efcab2,0.035514134581939416,-0.3296011053538521
Efcab3,0.0,-0.5819922927158527
Efcab5,-0.5821718843198154,-3.5672161480104982
Efcab6,0.018462359030668618,0.2468660574265349
Efcab7,-1.0779499226838407,-0.7131833963463965
Efcab8,0.3026142123728035,-0.44656908196376366
Efcab9,-0.8312488625762627,-0.5478014672791772
Efcc1,-0.09912860522716738,-0.8770077882479375
Efemp1,0.8533759113273831,-0.7226111855506598
Efemp2,0.22605409574387814,0.1345584724601565
Efhb,0.6377794584094856,-0.932921513610296
Efhc1,-0.8189105626550113,0.9899172143039667
Efhc2,-0.6935701060851276,-2.6564468080069537
Efhd1,0.5347763663997167,-1.1956692416292434
Efhd2,-0.10362240188882765,1.589749366169933
Efl1,0.1380333722158369,-0.0022967493526913074
Efna1,1.320268933636311,-0.12784207190882224
Efna2,1.0237140885397227,-0.28117483300266866
Efna3,0.016438956325868226,-0.47424027349514386
Efna4,-1.1899133840322345,-1.1910528368378772
Efna5,0.038432470320025836,-1.0183011162686295
Efnb1,-0.004374723713041817,-0.20306141178205728
Efnb2,0.5462708037232105,-1.3486492071239375
Efnb3,-0.9382251354956974,0.12743762279616533
Efr3a,-0.429925412829542,0.35104831550592586
Efr3b,-0.15561129818370567,-0.501276069944236
Efs,-1.4419021397803098,-2.3116913211389543
Eftud2,-0.3038901699476675,0.09346322472233659
Egf,0.2525045976147071,-0.6759489599956376
Egfem1,-0.28494799096938284,-3.4666996108657253
Egfl6,-1.4772558825064546,-1.918587110287704
Egfl7,0.32145392992634925,-0.13989312843800228
Egfl8,-0.3709613129283271,-0.4341480089374121
Egflam,-0.246386329465917,-0.7730015058510649
Egfr,-0.264841293273701,-0.6607369294866476
Egln1,0.8445422431671883,-0.5218834068450926
Egln2,-0.16065455242368287,0.14720471304774385
Egln3,0.2937524569489103,0.9701590184695013
Egr1,1.410166980073643,1.103579438079203
Egr2,0.21949832194771446,1.9801068174155594
Egr3,1.2764344870261533,-0.6136292556103424
Egr4,0.3361059154073399,0.24694940168715707
Ehbp1,0.07852198568427937,-0.43099277860555407
Ehbp1l1,-0.5982868014418248,1.1144931607436153
Ehd1,-0.2599800811541133,0.47745759833582646
Ehd2,0.38657682841868013,-0.6921940183872355
Ehd3,-0.7084977311042291,-0.8714888357803687
Ehd4,-0.5256361369768303,1.065143648293665
Ehf,1.5430007881561782,-4.075242630304473
Ehhadh,-0.5469705931688624,0.2936150597611782
Ehmt1,0.08294907135194052,-0.07556394980768211
Ehmt2,0.038116532783393,0.035180012461692556
Ei24,0.1287207341471408,0.36801713963706284
Eid1,0.7686509490745674,0.035050731732413354
Eid2,1.6193854843927324,-0.7979582587961014
Eid2b,0.3310842429210332,-0.19793825187177383
Eid3,-0.4150700625358126,-0.2740517397432898
Eif1,0.37104440876397504,0.20622336689830156
Eif1a,0.4032708746474647,0.31038828421189635
Eif1ad,0.11602394249436365,0.3496432433037686
Eif1ax,-0.18583053962685625,0.09206343710976661
Eif1b,0.13916708096125419,-0.0818904445116786
Eif2a,-0.09541803360303014,0.042868921588047115
Eif2ak1,-0.3111578773719046,0.39302818802395123
Eif2ak2,0.33853947419300034,1.1688251079925145
Eif2ak3,-0.4964787918096798,-0.6519700167144356
Eif2ak4,-0.38684690972785596,-0.2786216347080508
Eif2b1,-0.1573725154984551,-0.3870462096330467
Eif2b2,0.15582516403843094,0.18370155326295468
Eif2b3,-0.04479838138121828,-0.032194103781998606
Eif2b4,-0.12707711011898581,0.13118741460418804
Eif2b5,0.4838714258635628,-0.19351260952878313
Eif2d,-0.4600371986164298,-0.10709712808409044
Eif2s1,0.08460001008240248,0.5663200255987988
Eif2s2,0.25523621537936947,0.2534888392954784
Eif2s3x,0.10546974092419248,0.32369901724607253
Eif2s3y,1.8976377140897798,-6.5958653089068715
Eif3a,-0.3617735299710958,0.3776972475512288
Eif3b,0.34140669703969984,1.2823738974536134
Eif3c,0.05004362748277558,0.3262629464397655
Eif3d,-0.03379006860454581,0.07980260119981963
Eif3e,-0.15369070851022393,0.19930846750369824
Eif3f,0.5394842585127151,0.35749947416903716
Eif3g,0.32876522613930703,-0.01564345471092743
Eif3h,-0.1057813834899779,0.39339839576489766
Eif3i,0.002580907923434239,0.23285206938859737
Eif3j1,-0.027785591166832546,0.6214593421242576
Eif3j2,0.2771001822433874,0.9906083166853978
Eif3k,0.04269681694509053,0.25195763144572325
Eif3l,-0.14408110438252741,0.5318708097085523
Eif3m,0.0610333945238235,0.34974913533215535
Eif4a1,-0.11692812803871888,0.4067087312988189
Eif4a2,-0.18424769621933734,-0.14374570783386353
Eif4a3,0.0499030255136077,0.2437264778565762
Eif4b,-0.20717846761725234,0.36572752310811296
Eif4e,0.028051007568588915,0.10515797621290801
Eif4e1b,0.3754544065188601,0.0
Eif4e2,-0.3525127264879515,0.6769025396152095
Eif4e3,0.49176995059992024,0.5501530121732596
Eif4ebp1,0.39379104972618073,1.2858093826518697
Eif4ebp2,-0.1684056136548584,-0.025318264085738562
Eif4ebp3,2.028121504570812,-0.06714952447010969
Eif4enif1,0.02131219993009914,-0.5775703909091536
Eif4g1,-0.2570690123084969,0.207332115026011
Eif4g2,-0.4872728189247084,0.245082410578096
Eif4g3,-0.19202806959146201,-0.42957819476034587
Eif4h,-0.1524606651792375,0.2681074072781495
Eif5,0.11718988743268888,0.7789192663855342
Eif5a,0.19756476353556174,0.42979920620714296
Eif5a2,-0.18879172269758548,0.003636406620161736
Eif5b,-0.06544156005745982,0.03098753847343616
Eif6,0.13408639634941721,0.3602376469668638
Eipr1,-0.39485956858774784,-0.06275676526753315
Elac1,-0.2759197745140458,0.11552502405505649
Elac2,0.08628735400179721,0.018544933543555686
Elane,0.0,0.0
Elavl1,0.358361381904329,0.0966155411105909
Elavl2,0.6799742555967434,-0.74548101669048
Elavl3,-0.560922982898866,-0.8293483308359431
Elavl4,-1.120926701803615,-0.6213625112783614
Elf1,-0.014752821552132644,0.9294518806216061
Elf2,-0.04446255485288475,0.38061325142776603
Elf3,1.654865203825131,-1.1489015880095983
Elf4,-0.5370735398605238,1.262706951274307
Elf5,0.6152573005379738,-0.26352573954752057
Elfn1,0.7785619171511566,-1.3150521722787092
Elfn2,-0.13178228666148684,-0.6564419421871346
Elk1,-0.272117700716457,-0.3429780006083316
Elk3,-0.3682428045527022,1.2333902766018294
Elk4,-0.28274155684985125,0.2869674979680923
Ell,-0.23206946566700282,0.36157807262140906
Ell2,-0.8455533234363637,0.9669341293230502
Ell3,-0.7746856711810164,-0.7435398663901598
Elmo1,-0.39071906044632065,0.752764219284332
Elmo2,-0.5411390948914399,-0.09609595613615696
Elmo3,-0.8702145554525975,-0.7274073396373977
Elmod1,0.1118784115920537,-0.7441728121808531
Elmod2,-0.20583949780712274,-0.0011683384402676467
Elmod3,-0.11113955345182447,-0.3502798976549304
Elmsan1,0.09861658967285081,0.15476430198311597
Eln,-1.3207615167414728,-1.1658192304528274
Eloa,-0.3379737324306742,0.5361507542816888
Elob,0.45870281663958146,0.13358180317321988
Elobl,0.8013453632776204,-0.8640510885841057
Eloc,0.15648552332374166,0.2152690810850313
Elof1,-0.031618961286387304,-0.07014446269806385
Elovl1,-0.12666250984272942,0.6336931415553515
Elovl2,0.5691719563377831,-0.8972550724552875
Elovl3,1.7511565469515546,0.0
Elovl4,0.17406146073414952,-0.5263140367959345
Elovl5,0.05517109532064168,0.20434437607592848
Elovl6,-0.3934482141373472,-1.1498858484884877
Elovl7,1.8514021955745896,-0.38548904705716946
Elp1,-0.24557680160443418,-0.09165546108534883
Elp2,-0.27107561300428173,0.2595488081092938
Elp3,-0.23271684956613115,-0.37246760763224884
Elp4,-0.17543425861032347,-0.2128874088874202
Elp5,0.09129232499473261,-0.17461721800264307
Elp6,0.2848241618978875,-0.6586887131249535
Emb,-0.2723415295253133,0.09490673280684447
Emc1,-0.3265747610352232,0.1314182045978196
Emc10,-0.19147599070040222,0.45216882846470696
Emc2,0.21201642365041984,0.17113159047108262
Emc3,-0.13383358717175042,0.416399868383154
Emc4,0.3218410226312969,-0.33539208366125806
Emc6,0.05896661675884296,0.336034860314685
Emc7,0.21912251589707488,-0.2112581475550961
Emc8,0.030870223811543696,0.034397659556455906
Emc9,-0.04980639764034045,0.14109199950886442
Emcn,0.22618527541724465,-3.6235770751845484
Emd,0.44328951998723376,0.7936380123520816
Eme1,0.6348349285750441,-0.8710994922822302
Eme2,-0.03686463612706703,0.009307792447348362
Emg1,0.31849986144522724,0.14225280475524116
Emid1,2.0907839088562823,0.18261934594148244
Emilin1,-0.7376266124396853,1.3670656069385654
Emilin2,1.2277770646082429,2.295552701125372
Emilin3,-0.2154087266458899,-0.8150630087038713
Eml1,0.5750090335218854,-0.9858224700780571
Eml2,0.14770725604622204,-0.09772728711801815
Eml3,-0.1791550927193093,-0.3723519653222276
Eml4,-0.6140195914695017,0.10762941612820143
Eml5,0.3769771391277903,-0.9240594268728053
Eml6,-0.0020669222182974067,-0.11636391139381708
Emp1,0.9174574824738162,-0.2353490553655022
Emp2,0.6082177220329212,-1.2329427790829053
Emp3,0.2087063869660284,0.9794225157115282
Emsy,-0.31295709582120956,-0.7459866044428605
Emx1,0.0,0.0
Emx2,-0.3567848041086102,0.0
En1,0.3822586798994121,0.0
En2,0.6227869795317643,-1.1053890330589144
Enah,0.7103657327598754,-1.5525040740427336
Enam,1.6801997392215413,-1.6181895827349413
Enc1,-0.49661610711301307,0.793602470454152
Endod1,-0.25956306213324787,0.8680400795518199
Endog,0.6095394914819856,-0.172667294942892
Endou,1.9571303116366554,-1.1384558952291592
Endov,-0.5817045459108598,-0.07825874755954487
Eng,-0.37980383671282425,0.6830872817607574
Engase,0.24992758698351025,0.33694103770887374
Enho,0.8604500435304407,-1.595130658740426
Enkd1,0.5549821725944142,-0.5628345454873793
Enkur,-0.31097372157014425,-3.4256561895234663
Eno1,-0.030506796424406346,-0.40982414743965023
Eno1b,0.15753600119194822,-0.3265875644161298
Eno2,-0.4126913950527218,-0.3112916084591859
Eno3,-0.03348111661449238,0.2956354717907086
Eno4,-0.08720853270251805,-0.6184979926317098
Enoph1,-0.11112531799811443,0.08582567515521689
Enox1,0.5261495826769735,-1.082392135766126
Enox2,-0.7145977220242754,-0.26294030201922336
Enpep,-1.466966050948229,-3.6012143788575997
Enpp1,-0.5813137929182819,0.8109736578561861
Enpp2,-0.3173992069382976,-2.4541463313544885
Enpp3,-1.8163421307514387,-1.4121974634797771
Enpp4,0.6051338843209084,-0.23364060465955028
Enpp5,-0.4749858218328651,-0.25035637683547485
Enpp6,0.4344265669338896,-0.23249977604078875
Enpp7,0.0,0.0
Ensa,-0.1520193200891331,-0.20592177868597794
Enthd1,-0.5234226061380082,0.0
Entpd1,-0.3716844356716642,1.2008593038844797
Entpd2,0.9502448059945161,-1.9200088710623469
Entpd3,-2.120626500595943,0.576662166126269
Entpd4,-0.4279714648946431,0.19886926447936837
Entpd5,0.23149140101224397,0.22492207704254774
Entpd6,-0.0568698020298104,-0.07427014823556455
Entpd7,-0.5267543669713053,-0.006471620847428028
Entpd8,0.0,-0.5343389841738989
Entr1,0.14970153933239239,0.7263678716001714
Eny2,0.22298206051437575,0.051919587331861194
Eogt,0.056011240520280836,0.5507373896168204
Eomes,0.7095994062758946,0.47659651914411594
Ep300,-0.22800825318572926,0.36288630518880716
Ep400,-0.17686176826978262,-0.23552642762892795
Epas1,0.7443399865911644,-1.041722329629458
Epb41,-0.11625962493407016,-0.34730450240878774
Epb41l1,0.15798555072099774,-0.41434076239037054
Epb41l2,-0.2859698331821807,0.1284341490536285
Epb41l3,-1.1536718633017244,-0.018793256167830563
Epb41l4a,-1.0630057307468386,-0.04447433493599462
Epb41l4b,-0.4726614454769713,-1.884267257567683
Epb41l5,-0.16297599029595666,-0.9799927592384314
Epb42,-0.5664961500143303,-0.3299458144535309
Epc1,0.2117043974589219,-0.7241762007666743
Epc2,0.05971638421266512,-0.49780497560024184
Epcam,0.4672527971053225,0.6918103362884886
Epdr1,0.43525476402286856,-1.328845922534354
Epg5,-0.4760894703769267,0.0592024080290372
Epgn,0.0,0.0
Epha1,-1.721641435259781,1.9216427320845444
Epha10,-0.3440753540472157,-1.3513911989983196
Epha2,0.03156549972766065,1.010959144489732
Epha3,-0.8183677654651547,-1.180552552583448
Epha4,-0.2939212639995965,-1.0230265205069706
Epha5,0.2424485784298991,-0.827889726934826
Epha6,-1.716225540747919,0.7641960104123591
Epha7,-0.22106271087509377,-0.6245130877430203
Epha8,-0.13169892187123544,-0.7125525423196688
Ephb1,0.8802047904354531,-1.5440706126820798
Ephb2,0.06523066183631165,-0.6865852645474257
Ephb3,0.4444481655511803,-2.724988353756114
Ephb4,-0.051071975219488586,-2.124511343592581
Ephb6,-0.48472938259071796,-0.9827354583322894
Ephx1,0.3376391756626802,-0.071702746784295
Ephx2,0.32513059359707164,-0.8180707759254435
Ephx3,2.115591878932736,-2.2834497426451077
Ephx4,-1.1346320464389041,-0.06376753720371298
Epm2a,0.6425079103998916,-1.1499820990213507
Epm2aip1,-0.4965251275354401,-0.4238409606041458
Epn1,0.03524303603604739,0.2840909624059851
Epn2,0.031217384375652912,-0.6057837216352002
Epn3,0.5116462144804004,-0.8432265817509288
Epo,-0.9914546485396885,0.0
Epop,0.9582993872473118,0.0676480592564177
Epor,-0.839596737440095,-0.28316159776698235
Epp13,0.0,-0.27878552460725187
Eppin,0.0,0.0
Eppk1,0.140793879622515,-2.206342832711513
Eprs,-0.22858729386154764,0.15875952629224166
Eps15,-0.5720731407347817,0.8829554823093737
Eps15l1,-0.20082738523462318,0.053668384440506145
Eps8,-0.1762133370929817,-0.19835465149951936
Eps8l1,-0.838716862162288,1.5226629043421944
Eps8l2,1.5201553971591553,-2.891870727201529
Eps8l3,-0.4697257448602947,-0.4823702900639786
Epsti1,0.002459507132789085,1.4531872759414108
Epx,0.0,0.0
Epyc,0.0,0.0
Eqtn,-0.4157451996728453,-0.6364470764468422
Eral1,-0.04894255773961831,0.328350082970843
Erap1,-0.12828213846085035,0.9210134107104846
Eras,0.0,0.0
Erbb2,1.1813900804588675,-0.6492158106727803
Erbb3,0.13433860564264855,0.38801188542546594
Erbb4,0.3339348236603934,-0.9369353250686796
Erbin,-0.3549630913052617,0.8480969946418391
Erc1,-0.11065654847530304,-0.37178659343429565
Erc2,0.2782764899723027,-0.8920067903348015
Ercc1,0.2966912629344538,-0.2057747562450274
Ercc2,0.23947772065037398,-0.6317251583358736
Ercc3,-0.5285109498107765,0.37986450266088134
Ercc4,-0.41733717358581046,0.02172359948682434
Ercc5,-0.36193582242635713,-0.1376309792924868
Ercc6,-0.3912807989671876,-0.26430146060144644
Ercc6l,-0.26650446466839384,0.4457410759173186
Ercc6l2,0.6728957441027719,-0.15259968129518509
Ercc8,0.2770961247293382,-0.4119263671298876
Ereg,0.0,0.0
Erf,0.1726698967248277,1.545403411963279
Erfe,0.5248843759236088,-0.5190358266168631
Erg,-1.0474309717342547,-3.051424548319019
Erg28,0.041244414837292354,-0.13105025849186447
Ergic1,0.03225878691313788,0.6511086235209618
Ergic2,-0.4706793967546439,0.38565151394121777
Ergic3,-0.040895581189573704,0.16445836890632926
Erh,0.19073390916930855,0.2708053105198278
Eri1,-0.4398063286962053,1.5214637261075925
Eri2,-0.5429100971570833,0.022746792738981725
Eri3,-0.3235421023012197,0.17387076174019178
Erich1,0.38155731309138385,-0.18565569450112385
Erich2,-1.0264152086681446,-1.6473766681189423
Erich3,-1.104790985977779,-0.6816758139987629
Erich4,-0.08991859340904329,-0.34915265822807906
Erich5,0.43466807446782596,-1.8278374103683213
Erich6,0.3156672352585175,-1.4345884175789982
Erich6b,0.0,0.15346556599642436
Erlec1,0.5757566026568703,-0.6717311686593366
Erlin1,-0.16500414317049916,0.6741983316350684
Erlin2,-0.36793931019730763,0.17985879161898488
Ermap,-0.3930087956451702,0.41932241173715123
Ermard,0.2258356685048426,-0.016912715411757873
Ermn,-0.047576248134476806,-4.149235183416945
Ermp1,0.10059723640747364,1.09861981834867
Ern1,0.24851007399459135,0.6997288275539173
Ern2,0.0,0.0
Ero1l,0.22723406966890813,-0.0739299984126518
Ero1lb,-0.3936979102791671,0.44377158827669305
Erp27,0.35843543689626856,-0.9759562845201927
Erp29,-0.23993720808899255,0.6461856236873178
Erp44,-0.16457746335787782,0.46576636366636137
Errfi1,0.12424938427915322,0.39805512185538383
Erv3,0.0,-0.09496721635758865
Esam,0.4899320723730032,-0.8127766500664961
Esco1,0.07959585855535778,-0.16640754058193785
Esco2,0.46958705629703523,-0.16663935691028264
Esd,0.3340087476605884,0.2717337656276211
Esf1,0.2166966858546413,0.026606483839447748
Esm1,-0.4882880441093145,-0.852519351242976
Esp1,0.0,0.0
Esp15,0.0,0.0
Esp16,0.0,0.0
Esp18,0.0,0.0
Esp22,0.0,0.0
Esp23,0.0,0.0
Esp24,0.0,0.0
Esp3,0.0,0.0
Esp31,0.0,0.0
Esp34,0.0,0.0
Esp36,0.0,0.0
Esp38,0.0,0.0
Esp4,0.0,0.0
Esp6,0.0,0.0
Esp8,0.0,0.0
Espl1,-0.6670276039236267,1.5463021889149733
Espn,1.4721648272646837,-0.48733484988240505
Espnl,-2.1670965263473008,-0.5231910912048338
Esr1,1.2551495891359084,-0.14607684748680416
Esr2,3.0097152658075665,0.0
Esrp1,-1.7476185179425623,-2.19056677029815
Esrp2,0.902088961486055,-0.2335432864545539
Esrra,0.5684879771408857,-0.32415369335823296
Esrrb,0.9378592400901393,-1.3268468697106979
Esrrg,-0.39442703378329824,-0.6068848075057005
Ess2,-0.28070733503252043,0.1641612306817155
Esx1,0.0,0.0
Esyt1,-0.08693514565337956,1.0231405141129777
Esyt2,1.1649677965988001,-0.418747713060835
Esyt3,-0.7554063244838432,-2.7089785842266196
Etaa1,0.21981945573284545,-0.7686624155287944
Etd,-0.4682678221951381,0.0
Etf1,0.2028878020371323,0.5895351783889886
Etfa,0.08816604861613087,0.19325947141603628
Etfb,0.18267253484221335,0.16010530091620367
Etfbkmt,0.4535405332474127,0.3325709567671309
Etfdh,-0.14193416655368374,0.3222279200186229
Etfrf1,0.1466292187686289,0.08694751536743972
Ethe1,-0.19547711443891203,0.7512868670801041
Etl4,-0.23554505407633286,0.3484909177301505
Etnk1,0.27524612999065745,-0.6939503963787175
Etnk2,0.5473400264726376,-3.208232765236408
Etnppl,1.1942406976399065,-2.9841860241434093
Ets1,-0.7367514683876397,1.0605604876392007
Ets2,0.4708624254835936,0.7845299600125948
Etv1,-0.552113051134981,0.5748391170605807
Etv2,0.664845959483704,0.0
Etv3,-0.05152449866677422,0.6076296378520123
Etv4,0.5345142956757076,0.4353284270769451
Etv5,-0.2925159410579905,0.7837204672579432
Etv6,-0.23144055238973493,0.8165642215425937
Eva1a,-0.9415659221457391,-0.6421244676917981
Eva1b,-0.9169822217321695,1.1608068899987085
Eva1c,1.6604314677024794,-0.6874199953975024
Evc,0.16141242152443525,-4.129647987481304
Evc2,-1.2382717923756434,-0.6783256675767877
Evi2,0.36396340427465823,1.1340002556009878
Evi2a,-0.24439617430120997,1.0285919471374747
Evi2b,-0.03233951706310023,1.0421185192835196
Evi5,0.4021394287684217,-0.5591737792873612
Evi5l,-0.3982462979024781,-0.6805270856493735
Evl,-0.3483494636499458,0.6436855728289785
Evpl,-0.7121135416265192,-0.44027093667341344
Evx1,0.0,0.0
Evx2,0.0,0.0
Ewsr1,-0.19273077574239927,0.08477924918016377
Exd1,-1.9347347372725885,-0.025664068952412578
Exd2,-0.17888097264974157,-0.6581488811359169
Exo1,-0.8108323054473887,0.22552070763555676
Exo5,0.2339587182291165,0.33252484409710625
Exoc1,-0.18437115860763242,0.02731218204476704
Exoc2,-0.16467196076522939,0.35392633540456053
Exoc3,-0.19351737785880374,0.12351211705658827
Exoc3l,-1.2667571238026625,-0.07033673060361689
Exoc3l2,-1.1128713958536351,-2.2760515187912853
Exoc3l4,0.8228308951808563,0.9361817600137243
Exoc4,-0.48871054316293616,-0.06720769567333917
Exoc5,-0.7646391904025442,1.3855837435437817
Exoc6,-0.35416159394676505,0.6586361406516854
Exoc6b,-0.05833767583620464,-0.2313672562289284
Exoc7,-0.3335908955084186,0.19494206059537866
Exoc8,0.3042920275904999,-0.11842316801255137
Exog,-0.665612892296453,0.18208285212922348
Exosc1,0.24835798951611743,0.0531514695926667
Exosc10,-0.00012901604382520304,0.11397756276551085
Exosc2,0.5469008321585687,-0.5889255052061895
Exosc3,0.3419197450872442,-0.06381910923033729
Exosc4,0.2474841963288288,0.021931727981979066
Exosc5,-0.12436926006370541,0.6068529813982213
Exosc6,0.0,0.0
Exosc7,0.26051879752069595,-0.39539025741903444
Exosc8,0.05333392595647091,0.11931046650813926
Exosc9,-0.0032788897419848695,0.43025677031543097
Exph5,0.3265179403305929,0.4793844405835106
Ext1,-0.02260209343429942,-1.4649978911654324
Ext2,-0.21317578543234106,1.2580743909661862
Extl1,0.35324836560359874,-0.8349460195383189
Extl2,0.14559152705102107,-0.3338823867663958
Extl3,-0.3324523093086267,0.7251881568283256
Eya1,0.040574731475146564,-0.9976947107541552
Eya2,0.2674343777513375,-2.0020461533795544
Eya3,-0.5356070338029699,-0.1610342191357237
Eya4,-0.18760723587586625,1.688898771820206
Ezh1,-0.05211710284066662,0.04438163117520588
Ezh2,0.18717936840425065,-1.019687753712569
Ezr,0.5333848882095165,0.16995139203862308
F10,0.6310210643975402,3.331715665000225
F11,0.3678025766408618,-1.2898239006726377
F11r,-0.4729954727443815,1.1663030596878023
F12,-0.22082010532603893,0.8388275819094133
F13a1,0.04220007362950007,0.9807012061546114
F13b,0.0,0.0
F2,-0.8367566171699585,-0.025519383264435813
F2r,-0.15585910961848004,-1.1767413161762716
F2rl1,1.9387330863029377,-0.976564887854863
F2rl2,0.6718296115318314,-2.2205514761725142
F2rl3,-0.26836065864721226,-0.9867702199743138
F3,0.8423007462306096,-0.7135066728090198
F5,0.15830771115316367,-1.951753569587801
F7,-0.5592891220028741,2.656802109465903
F8,-0.7314157425421097,-4.450418357176627
F830016B08Rik,0.6339500660629396,-1.0506662579634378
F830045P16Rik,1.3658814602298222,0.46312142186982574
F8a,0.10750019461913762,0.4704075693595513
F9,-0.8470073800587956,1.063274522779583
FQ976806.1,0.0,0.0
Fa2h,-0.9464156447818397,-0.6014486740285576
Faah,0.0685339158425915,-0.6374819737257464
Faap100,0.0579938172948804,-0.24855037351788845
Faap20,0.16584252750008588,0.3706482260373871
Faap24,-0.17765577978876834,0.8256019858762844
Fabp1,0.0,0.0
Fabp12,0.9108372417224668,-1.1243413948364456
Fabp2,0.0,0.0
Fabp3,-0.6022648951855967,-0.13897620717501447
Fabp4,1.3828658416946427,-0.9560209540388227
Fabp5,1.370888222452793,1.1231403150261077
Fabp6,-0.07868750791550466,0.0
Fabp7,2.058507313458705,-1.9912093356192662
Fabp9,1.1255156630591339,-0.35820978814101395
Fadd,-0.20677846592875415,0.1851125173575623
Fads1,-0.345531418167365,0.2140192279816624
Fads2,-0.3551695139301927,-0.3954040918945516
Fads3,0.22942854458259632,-0.34013357700758107
Fads6,0.1297733349624588,-0.5784492092996985
Faf1,0.8810522592297314,-0.9688077693519315
Faf2,-0.009574206696679965,0.2235881090997598
Fah,0.9118206258462971,-1.5889406694974273
Fahd1,0.2413117339876205,-0.5246601829323305
Fahd2a,-0.7989108615174914,0.12337547567544327
Faim,0.3827393215449799,-0.47367393521933465
Faim2,-1.0367315685423861,-0.13072894648696298
Faiml,-0.2154087266458899,0.1469846923295718
Fam102a,0.5340771390454275,-0.5830611485426065
Fam102b,-0.33954065817477996,0.7259794120573773
Fam104a,0.25544508328995263,0.21620065779855935
Fam107a,0.8448742554031448,-0.5007246289247833
Fam107b,-0.42283859699972304,0.26399774289447286
Fam110a,-0.21873749086080707,0.4689740394713038
Fam110b,-0.3499778795783861,-0.33848739389462423
Fam110c,1.9900009185661236,-0.7653448745380669
Fam111a,-0.2902731438835726,0.9865080167855069
Fam114a1,-0.5234144129112357,0.1778903895228554
Fam114a2,-0.018684498352895318,-0.17129869927183705
Fam117a,-0.01618671173591224,-0.648284516061608
Fam117b,-0.14307422496130506,0.3350570906597685
Fam118a,-0.22619572576686764,0.17373367813284624
Fam118b,0.19670330839401373,-0.2198573991951278
Fam120a,0.20420118781871466,-0.44084600574636035
Fam120b,-0.03355118224604858,-0.22641006766935767
Fam120c,-0.6565543289223612,-0.2034892713963945
Fam122a,1.0324902115641486,0.39940273964834816
Fam122b,-0.07416430491275783,0.07771453394084649
Fam122c,0.0,0.0
Fam124a,-0.2023635246029034,-1.4499783171767202
Fam124b,-0.3010106310302347,0.7984319591292208
Fam126a,-0.8139028754631195,0.5306477551195972
Fam126b,-0.625174792394052,-0.12338670172631971
Fam129a,0.17860637961657666,0.4456253697309034
Fam129b,-0.001059324693237329,0.7257178696644253
Fam129c,-1.8228775126865333,-3.2204486918184303
Fam131a,-0.3576274904505965,0.09760510211012274
Fam131b,-1.0715583041509165,-0.24630423383946543
Fam131c,1.0140682037400266,-2.7574894424664715
Fam133b,0.24961457436475598,-0.7921127137179376
Fam135a,-0.31967887455881083,0.2960561597692397
Fam135b,-0.058388243616112945,-0.9341460039531206
Fam136a,0.061829705473448016,0.07513885086518712
Fam13a,-0.389751965230575,-1.8339601238073886
Fam13b,0.1410007683932779,0.30631925315807784
Fam13c,-0.32557559670893,-1.1484438798794656
Fam149a,-0.050508896348214094,-0.12547393169163712
Fam149b,0.21724215280624115,0.34406005443441323
Fam151a,0.0,0.0
Fam151b,0.27830346162658515,0.44003363127869477
Fam155a,0.09931898830011754,-1.232387976663948
Fam160a1,0.43075490130162386,-1.4021706614866334
Fam160a2,0.05771782299318495,-0.4171621032353219
Fam160b1,0.14803987012658837,-0.9037761196199146
Fam160b2,-0.4234908631076344,0.12099253046983982
Fam161a,-0.0016965150766203863,-1.3538494124028375
Fam161b,0.14980515732898247,-1.478628998439791
Fam162a,0.6380147804538012,0.027587621908752524
Fam162b,0.0,0.0
Fam163a,-0.7054959734459132,-0.7001528261405117
Fam163b,-0.5895227355829009,-0.6878281008303002
Fam166a,-1.0165871206378803,-0.33088684364695853
Fam166b,-1.763338004321795,-0.703185346819145
Fam167a,-0.08826050780520944,1.2643773499597812
Fam167b,-0.5667466842721378,1.1590781230392189
Fam168a,-0.28894040539814725,-0.3658622008559931
Fam168b,-0.02799142157193657,-0.15754281433633466
Fam169a,0.5710276386436988,-0.8802975388400363
Fam169b,0.22806962263701536,-0.42058089242175356
Fam170a,0.0,0.0
Fam170b,-1.8944299906307285,-0.35820978814101395
Fam171a1,0.12575860188672472,-2.194119620289406
Fam171a2,-0.7322198893538777,0.1607837587027896
Fam171b,0.460920605564775,-0.6020400129491623
Fam172a,0.4628800108439677,0.2711769790532017
Fam173a,-0.2613791564394745,0.4424967413614951
Fam174a,0.19819990920729502,0.6343323958779141
Fam174b,0.12237441422984041,-0.2975488824712045
Fam177a,0.2240377030472711,-0.3255795774561392
Fam178b,0.14057851345076955,-0.83203081150821
Fam180a,0.0,0.0
Fam181a,-2.52692688532489,-0.9380442089763004
Fam181b,-0.08847506121707571,-0.9787625146520389
Fam183b,-0.5861476277938826,-0.17591808397525632
Fam184a,0.09966670134240463,-1.3753636005396945
Fam184b,-0.4481311516169688,-0.9468746515272111
Fam185a,-0.2908412241577585,0.13481496819652694
Fam186a,-0.9160739261114843,-0.993361549817603
Fam186b,1.306944854027148,-1.3955995183888552
Fam187a,-0.21843870569319757,0.3985688724631767
Fam187b,0.41659788209330095,-1.7410101957659698
Fam189a1,0.19883591385925659,-0.7766271138206893
Fam189a2,0.6620569623158108,-1.16394812417085
Fam189b,-0.1523065050455319,-0.8676018343481511
Fam192a,-0.1320416336742909,0.10014243786616106
Fam193a,1.2670997882527075,-0.7688931787491953
Fam193b,0.20712867772216992,-0.6261884525482024
Fam199x,-0.06904360455952663,-0.44789392064389766
Fam204a,0.11106891856579892,0.1430943610336115
Fam205a1,0.03875649223091915,0.39957258665851003
Fam205a2,1.4436896139368611,-0.14944018031667272
Fam205a3,-2.9588911555325055,-2.4221835529940576
Fam205c,-1.923818461029775,-0.5750437849169963
Fam207a,-0.4491557886330604,0.25457069299564417
Fam209,-0.7331273461389347,-0.15122731927535726
Fam20a,0.15569074862750254,-0.16076697950222396
Fam20b,-0.27897387357242565,0.012954417351302538
Fam20c,0.23932553039111681,0.9356588844902127
Fam210a,-0.06915851406989582,-0.11038740038318551
Fam210b,-0.3754019068832388,0.11077567676223232
Fam214a,-0.2922294492106108,-0.4936172141795403
Fam214b,-0.5544000301473933,0.44789420316960893
Fam216a,0.3932120998183226,-0.6220581380812646
Fam216b,0.0,0.0
Fam217a,1.1102678538739224,0.9702207151580169
Fam217b,-0.6336356996354278,0.5450022422031395
Fam219a,0.312909122993255,-0.7450179226032505
Fam219b,-0.08947149493066853,0.4578732493099906
Fam220a,0.08349219847913947,0.39095362692743674
Fam221a,-1.9262407119998404,-2.940888449584085
Fam221b,0.46626223916686804,0.3035389105861732
Fam222a,1.0139509198537038,-0.12318780692917652
Fam222b,-0.17322624473344383,-0.02709141566541895
Fam227a,0.42328081753728153,-0.0040781886383198795
Fam227b,-0.6790833121532239,0.0
Fam228a,-0.2737942944364917,-2.858244381881634
Fam228b,1.6400069421118824,-1.3404410545489656
Fam229a,-1.1776576647789148,-1.1660646928603593
Fam229b,0.5655654239980858,-1.4132749147312236
Fam234a,0.06228996490098737,0.2790851895965272
Fam234b,-0.8316433764758422,0.07794444361676867
Fam240a,0.0,0.0
Fam240b,-0.5865961063965863,-1.0799969950495265
Fam241a,3.9657532652709495,0.2146407885007191
Fam241b,0.6355355974836847,-0.3558349818233699
Fam243,0.0,0.0
Fam24a,0.26112048039059427,0.0
Fam24b,-0.23690106472386616,-0.34915265822807906
Fam25c,1.7203892702261228,0.0
Fam32a,-0.24256870052168011,0.39593030824888054
Fam3a,-0.267607031087822,0.5086965007009141
Fam3b,-0.5234226061380082,-0.4569204579033296
Fam3c,0.12867698634165237,-0.23036522288253103
Fam43a,-0.6101069937508719,-0.19578481820040405
Fam43b,-0.8109825660883674,1.1020250500525286
Fam45a,0.09714754885934518,0.026743695226180364
Fam47c,0.0,0.0
Fam47e,0.8254963767689556,0.086876119011704
Fam49a,-0.3891248396599831,0.226272988907688
Fam49b,-0.3328807078854741,0.2059287195495081
Fam50a,-0.3748507016244691,0.4222155871068427
Fam50b,0.5247954152371275,-1.0272119422980714
Fam53a,-0.367021931294806,0.5807796589869856
Fam53b,0.14907028387739452,-0.5393057212955537
Fam53c,-0.37070443276264875,-0.1920653526548648
Fam57a,-0.6184733224572057,-0.5864302410007962
Fam57b,0.3360908514526848,-1.0128770469297894
Fam71a,-0.22915837926285726,-0.2218593794753994
Fam71b,-0.6403363007195108,0.0
Fam71d,-0.6882098038613864,-1.0290170883929584
Fam71e1,-0.05491262696651056,-0.5814564531663811
Fam71e2,0.0,0.0
Fam71f1,0.0,0.0
Fam71f2,0.017834057297782202,-2.7659750716970324
Fam72a,-0.7514494274649772,0.19755600096110015
Fam76a,0.113593033161278,-0.09750479923891753
Fam76b,-0.6336513090312952,0.6727210585939982
Fam78a,-0.09026127009591534,0.3993939648490592
Fam78b,1.0857904230647994,-2.7768796366794835
Fam81a,-2.5788492530327303,-2.7046236507056434
Fam81b,-0.22915837926285726,-0.345790212076149
Fam83a,0.761539647390522,-0.39698932611715776
Fam83b,-1.0020452793790635,-0.34915265822807906
Fam83c,0.291574306860932,-2.9445064580574574
Fam83d,-0.5382087472239521,-1.0510080266432884
Fam83e,2.8444790341737214,-3.268781585947468
Fam83f,1.1148524660647605,-0.22611197283074702
Fam83g,-0.1530884220292439,-0.4827671330057832
Fam83h,0.3171409481816996,-2.08573951837623
Fam89a,0.8438993165067963,-0.023680255792079663
Fam89b,-0.19878075218923108,2.552347530785201
Fam8a1,0.623217780242979,-0.8641396361072964
Fam90a1a,0.0,-0.4427166047663706
Fam90a1b,1.2804414134208542,-1.2877194322071952
Fam91a1,-0.02515543255153574,0.42664345454656605
Fam92a,-0.17593088118501932,-0.2228444208017244
Fam92b,-2.698465152771978,0.2479169270139434
Fam98a,-0.25588308275442984,0.17244142125185746
Fam98b,0.5466300242797457,-0.1835616419565662
Fam98c,0.5430186975183151,1.4273275558328073
Fan1,0.2892318104919305,-0.47680722389335184
Fanca,0.877943932037188,0.4433013051525343
Fancb,0.5723047667789931,0.3628552699913232
Fancc,-0.26947911390319845,-0.36861287554591726
Fancd2,-0.45596353687134084,-0.14655567231644628
Fancd2os,0.7432569831597219,0.0
Fance,0.29785869670153176,0.1490580985784966
Fancf,0.9969416026004723,-0.4687097893177725
Fancg,0.0962413563549589,-0.4129203698145396
Fanci,-0.7204623191728832,-0.11958516188256318
Fancl,-0.1099635681597455,0.9526182877382494
Fancm,-0.37128484184226274,-0.9811062754469724
Fank1,0.7800239313917472,-3.348649691669723
Fap,0.9725565096973168,-2.182621845982112
Far1,-0.1016764587558523,0.2270714792134605
Far2,-0.5073577513690628,-1.160367300879499
Farp1,-0.04643404371207094,-0.9343161218967149
Farp2,-0.2593980198795034,-0.25137865025164885
Fars2,0.01792489922540419,0.2858645656503942
Farsa,-0.13713128872575808,0.009974029205540802
Farsb,0.1780101149682931,0.18686279718832743
Fas,1.6606647876119753,1.8215716543355462
Fasl,1.5721074387857434,0.5492810629495167
Fasn,-0.675033667641534,-0.05849610981964659
Fastk,0.007902097516947038,-0.06846405852377124
Fastkd1,-0.18728011368474107,0.21429652865006155
Fastkd2,-0.047847485604027185,0.40017109611592616
Fastkd3,-0.08298221966820662,-0.6922482744127922
Fastkd5,0.07741218687778328,0.45630878579227385
Fat1,-0.3706370543030246,-1.942952987104034
Fat2,0.5086093235703585,0.06483340787352576
Fat3,-0.7447559218826694,-0.6567025837719793
Fat4,-0.6560163608292529,-1.5851973466597649
Fate1,-0.3493402176101932,0.5048761324852925
Fau,-0.09256051332006798,1.0743561277713987
Faxc,-0.2048403369140308,-2.4987371802169616
Fbf1,-0.6753001685134699,-0.1627551967266161
Fbh1,-0.45013990830256034,0.8485345137001428
Fbl,-0.04466630800464877,0.8341800013611085
Fblim1,0.2113441676465122,1.3264417333463019
Fbll1,0.3053181111265215,-3.034033486796084
Fbln1,0.24857635141855638,0.39408049858356087
Fbln2,-0.8531193623668623,-1.0988889057011155
Fbln5,0.6840647759613869,-2.6890051633992273
Fbln7,0.520645986396568,-1.0121382112987733
Fbn1,-1.2490484396777735,-2.345130137142564
Fbn2,-2.3516884534052154,-2.9417301338967023
Fbp1,0.9705381207044104,0.9896189306467427
Fbp2,0.4183636864206829,-0.8047788701047776
Fbrs,0.3362927384965557,0.10510816216095176
Fbrsl1,0.2762642992214719,0.21935138649400265
Fbxl12,0.1087632879201621,0.2880121296857485
Fbxl13,-0.21284583984186878,-1.0481626618954683
Fbxl14,0.3908329423787267,0.32142323507017867
Fbxl15,0.13007557290856564,-0.16109234610042567
Fbxl16,-0.33163107936815805,-0.2505848620497435
Fbxl17,0.5475410528298283,-0.324528217702726
Fbxl18,-0.3573337849541023,-0.2939856095466489
Fbxl19,0.274802484819646,-0.3684986922579334
Fbxl2,-0.08232912977465467,-0.7990170754973374
Fbxl20,0.2436418266598821,-0.027507568338661414
Fbxl21,1.157537871435661,-2.9317388399839754
Fbxl22,0.08574239650655979,0.3144287967147408
Fbxl3,0.027282948361413872,0.48758360375381393
Fbxl4,-0.09171256904140179,0.32809297314608976
Fbxl5,0.06008540046058819,-0.04356222377466601
Fbxl6,-0.12918052760488052,0.6157938912527285
Fbxl7,0.6604329894349914,0.5257644069496359
Fbxl8,-0.06888634728414544,1.0453824665296247
Fbxo10,-0.35854436037823767,0.13311652549680986
Fbxo11,0.5075627297183125,-0.6692078114609448
Fbxo15,1.032352392770349,-0.633573161571908
Fbxo16,-1.0631981621288444,-1.8388727257776516
Fbxo17,0.6617840469514764,-0.4383660054408587
Fbxo2,0.5699173185961808,-0.8030808036815493
Fbxo21,-0.4209956381657509,0.1205992975551311
Fbxo22,0.06911161609598615,0.022767051393364213
Fbxo24,1.8736890031825002,-1.5003520760879838
Fbxo25,-0.3186805105288073,-0.33039801651837486
Fbxo27,0.21250241003123627,-0.8915530922711437
Fbxo28,0.4272058637045886,-1.3165647446742659
Fbxo3,-0.5769524219193496,0.195089753834516
Fbxo30,-0.0005440550850082104,0.47974279103310913
Fbxo31,0.5841691477712123,-0.6129387636331263
Fbxo32,-0.9244397354561027,0.35118037190171236
Fbxo33,0.11495659926977275,0.0018839660800678004
Fbxo34,-0.25090182888000356,0.3110944999801415
Fbxo36,0.047639562290357595,-0.13753006517895372
Fbxo38,-0.46413613504471307,0.2074677530499578
Fbxo39,0.0,0.9870208950926029
Fbxo4,-0.2056154880860248,0.8849865287022745
Fbxo40,-0.47163790112188275,-1.229034577119379
Fbxo41,0.1707277394865523,-1.3851225412171235
Fbxo42,-0.21960105431662136,0.15403043903878455
Fbxo43,0.6582251034122142,0.9110287469342881
Fbxo44,-0.22324688537828408,-0.7810685637368842
Fbxo45,0.23476910328262246,-0.8709211823974243
Fbxo46,-0.3058396108121606,0.2834697633146419
Fbxo47,-1.2030448874722608,-0.2903704900990838
Fbxo48,-1.3251535157799323,-0.7094188361849709
Fbxo5,-0.2627694390806532,-0.04595370261857923
Fbxo6,0.06533585925568275,0.5175722209901767
Fbxo7,0.052877105689184134,0.19441601157197574
Fbxo8,0.22616805261516149,0.03325738466078221
Fbxo9,0.6656753716733164,-0.20145157956448934
Fbxw10,1.6968664031544058,0.6292590570444352
Fbxw11,-0.202786615612915,0.6295040646835233
Fbxw13,0.0,0.0
Fbxw14,-0.48016876947433335,-0.5343389841738989
Fbxw15,-0.2154087266458899,0.25325806877877893
Fbxw16,0.0,-0.2218593794753994
Fbxw17,0.007826909611463151,0.6117023496547667
Fbxw18,0.0,0.0
Fbxw19,-0.07370925503834336,-1.3682262473398465
Fbxw2,-0.024892354109958603,0.6778455480807573
Fbxw20,0.6103283569546322,0.0
Fbxw21,-1.1820339626732599,-2.7756302512162057
Fbxw22,0.0,0.0
Fbxw24,-0.45529429972774627,-0.7399845587422559
Fbxw25,0.0,0.0
Fbxw26,0.3754544065188601,0.0
Fbxw27,0.0,-0.5980407018310337
Fbxw28,-0.3567848041086102,0.0
Fbxw4,-0.3047400854771034,0.9374844469946435
Fbxw5,-0.35824656392918364,-0.14283693696890154
Fbxw7,0.3002213443389561,-0.7560870254160914
Fbxw8,0.16762222667153281,-0.6127114007502339
Fbxw9,-0.39158674232994883,0.046007565121946925
Fcamr,0.24977167079180695,-1.5514401391206476
Fcer1a,1.1461299928783812,-0.7941589372733192
Fcer1g,-0.1648076135093426,1.1669555006028673
Fcer2a,1.82532367776452,-1.2597554479642121
Fcf1,0.33322027846059754,0.5597908061472872
Fcgbp,0.7409750167963232,0.1838387719536252
Fcgr1,-0.11115224633550547,1.4328803122986589
Fcgr2b,-0.2136603619484383,0.9957256444484877
Fcgr3,-0.645827763338616,1.125535076564132
Fcgr4,0.12552874220298627,1.3865379132697786
Fcgrt,-0.5612858396127614,0.5914872647306062
Fcho1,-0.11653292024883655,-0.6138739331054293
Fcho2,-0.1358796797598103,0.7858827256531971
Fchsd1,0.2305629897427739,0.36609977522378756
Fchsd2,-0.48392597222547984,0.6459779034349609
Fcmr,-1.0800700065639148,0.8707599475149143
Fcna,-4.332293833499694,1.2515384092019648
Fcnb,-0.3567848041086102,0.0
Fcor,-0.09888076913914645,-1.2612452957247458
Fcrl1,-0.47580150441896585,0.9619502987062329
Fcrl5,-0.2337441043315586,0.006512006014344152
Fcrl6,-0.3493402176101932,0.0
Fcrla,-0.35331413776052467,0.4263666349831411
Fcrlb,0.232477223685291,0.6950329636833628
Fcrls,-0.7955127560823314,1.3563602361806506
Fcsk,-0.019684266726033073,-0.2757535954227137
Fdft1,-0.2277022111819722,-0.12198948372972751
Fdps,-0.13650344059224295,-0.11250793411231541
Fdx1,0.2576439498347973,0.022833898540151054
Fdx2,0.22753339711540477,-0.189985895556525
Fdxacb1,-0.05002086938849892,0.40849463548112475
Fdxr,-0.21778084212734683,0.10673957374601173
Fech,-0.4910564549981018,0.33358191184655617
Fem1a,0.2776124253297567,0.7924054831413283
Fem1b,0.021058909211248533,0.30836533724603754
Fem1c,0.0662191429538126,0.07601292358838307
Fen1,-0.128002850393921,0.2969725896261757
Fer,0.18335974678871558,-0.07698860419165499
Fer1l4,0.22888442284205604,0.8680290746387083
Fer1l5,-0.8481346127321432,0.04364940093840097
Fer1l6,0.5069861230631947,-2.9850106655593196
Ferd3l,0.0,0.0
Fermt1,0.10835391452460758,0.25325806877877893
Fermt2,0.7875078011763232,-1.1801122250482434
Fermt3,-0.44957399685229404,1.0752610100003697
Fes,-0.3171256025693854,1.0183072637276265
Fetub,-0.30581068760755414,-1.6870116551715544
Fev,0.0,0.0
Fez1,-0.8878780932727839,-0.503405056451582
Fez2,-0.2025079750297838,0.6426578517534303
Fezf1,-3.192290227143584,-1.7425172938220561
Fezf2,-0.24485254299013448,-0.4892610766554544
Ffar1,-0.2154087266458899,-0.5225793446739819
Ffar2,0.0,-0.883491642401978
Ffar3,0.0,0.0
Ffar4,1.2773690955037034,-0.2811734496175018
Fga,0.0,0.0
Fgb,0.22888442284205604,0.0
Fgd1,1.0525997935654674,-3.803144584776473
Fgd2,-0.4337505118916596,0.9762596742291141
Fgd3,-0.36022109635034205,0.9739466578999192
Fgd4,0.23980768693854237,-0.4428305433853197
Fgd5,0.913937748577176,-1.8824879944665804
Fgd6,-0.8761639428199004,-0.04399670668021649
Fgf1,-0.32441407309447,-0.9208024550649867
Fgf10,-1.1124688772607474,0.2551871788002531
Fgf11,-0.4761444566998563,-0.9790827668066715
Fgf12,-0.19994980887964076,-0.7016760874595391
Fgf13,-0.6552871680412142,-0.4195811226860311
Fgf14,-2.066727839777265,0.40023413662574114
Fgf15,2.126738625033129,-2.875110786131991
Fgf16,0.0,0.0
Fgf17,0.0,0.0
Fgf18,2.23237960797893,-0.2244565648785073
Fgf2,2.8369298593361414,-0.09318343474718827
Fgf20,-0.3681752925118766,0.0
Fgf21,0.0,0.0
Fgf22,-0.33063922206789,-1.4729729764689878
Fgf23,-0.07469217467750855,0.9382047616739491
Fgf3,-0.38215486277701105,1.969986387270163
Fgf4,0.0,0.0
Fgf5,3.0446687849116407,-0.49088550824517974
Fgf6,0.0,0.0
Fgf7,-1.2336566387433414,-0.8974908904635257
Fgf8,0.0,-0.5619917038198934
Fgf9,0.15935096824610717,-0.8314072227243141
Fgfbp1,-1.3885599064795908,-1.922682274901657
Fgfbp3,-0.27798435170146707,0.6562300933401177
Fgfr1,0.269847569177343,-0.49693141386040374
Fgfr1op,-0.10847342737918453,-0.2556464319520053
Fgfr1op2,0.06406622444196586,0.18880698078229408
Fgfr2,-2.6117763846255477,-1.0580051645990354
Fgfr3,3.007655402166305,-2.5248541115135286
Fgfr4,-1.5158876038933518,-3.8258192463691856
Fgfrl1,-0.07437242477186956,-2.411079495805593
Fgg,0.22888442284205604,0.9311020228608052
Fggy,-0.11984979260047446,0.6055247624768985
Fgl1,-2.0044351792106037,-1.8415889502761948
Fgl2,0.5558527674087372,1.7705186227765832
Fgr,-0.149091442552308,1.5540911140571856
Fh1,0.09729561758380534,-0.08336460783543487
Fhad1,-0.09394073327808794,1.2031687312701251
Fhdc1,-0.2955004737480209,-0.8144385236136245
Fhit,-0.3748901359418504,-0.47173754024627446
Fhl1,-0.4831783650118773,-1.0858214477520782
Fhl2,0.6355646630518645,-3.225866890665547
Fhl3,-0.5553832993812922,1.0050554498286415
Fhl4,-1.8852389433843322,-1.8956234641997258
Fhl5,0.6777010155779252,-0.43509287212245606
Fhod1,-0.6557198156765178,-0.29198290691913087
Fhod3,0.5237108090243918,-1.347025906795512
Fibcd1,-0.9229875338314386,-1.5540911540272226
Fibin,0.900255861559152,-3.3075159226361954
Fibp,-0.13073585731185133,-0.0743876898775433
Ficd,0.07466867818115297,-0.049010157125689346
Fig4,0.040236442332140854,0.2812978918474691
Figla,-0.6241370782583623,-0.35820978814101395
Fign,-0.6332042170319205,-2.776794797432335
Fignl1,-0.4170909622545196,0.1620914855865525
Fignl2,-0.6904477606130408,1.1556025226561215
Filip1,-1.7271773699192199,-3.1526190020267606
Filip1l,-0.9210797860552269,-1.0104266884772937
Fip1l1,-0.4515135257163916,0.05404410378579705
Fis1,0.20148926420492508,0.011981116457127072
Fitm1,-1.4238590835435496,0.07537740405172566
Fitm2,0.028888718618688358,-0.698513496655476
Fiz1,0.04598573172453335,-0.15689503361054769
Fjx1,-0.26596879848501476,-1.2467048553602436
Fkbp10,1.0591356245487997,-0.8302575519350448
Fkbp11,0.8890473183037519,-0.9751738947294912
Fkbp14,0.16277048889396717,-0.2007139285958921
Fkbp15,-0.6475014314568099,0.4271772527013944
Fkbp1a,0.07819194497728787,0.5085700001318436
Fkbp1b,-0.06860137681365952,0.3092968357649353
Fkbp2,0.28940538548765105,0.48529336562476466
Fkbp3,0.20656960664322277,-0.19139994676388739
Fkbp4,-0.03867147764011136,0.35557637892012117
Fkbp5,-0.7192883131179446,0.8724690312328338
Fkbp6,1.3800300503581868,2.773252359224992
Fkbp7,0.08173259006479583,0.6600485920912869
Fkbp8,-0.23693945815476525,-0.11461708725828679
Fkbp9,0.23278660696371745,0.5510673525853633
Fkbpl,-0.5189579765960435,0.13217356955869253
Fkrp,-0.03891005600456765,0.7746484020479869
Fktn,0.1242987221016687,-0.5574175587825749
Flacc1,-0.22915837926285726,-0.7496117710055052
Flad1,0.011699427255788208,-0.1432218894110786
Flcn,-0.254264559578818,0.041561591816908106
Flg,0.3822586798994121,0.0
Flg2,0.0,0.0
Fli1,-0.07403027919099081,0.7043562241844885
Flii,-0.11355479581214922,0.40553852172373084
Flna,-0.5113389660935503,0.40782819017009864
Flnb,-0.03583223612916342,-0.11930383185663374
Flnc,0.5836643854805788,0.3393271905637514
Flot1,-0.0002672564884953488,0.4760605098482653
Flot2,0.27658707747336386,0.26538340120699644
Flrt1,-0.08460801730142986,-0.7602480473096707
Flrt2,-1.5335467973622023,0.22556419496632962
Flrt3,-1.3998782805589478,0.09100829189744175
Flt1,0.7283029499453306,-0.8457606805765039
Flt3,-0.2668527695881755,0.32455128839822134
Flt3l,0.27827984871010436,0.42809370914944633
Flt4,-1.919814230794226,0.3158327728824073
Flvcr1,0.33922936922232516,-0.014275575620382952
Flvcr2,-0.589783071655563,-1.5351887164097908
Flywch1,-0.44913715957600786,-0.5075277075395412
Flywch2,-0.4927095605807752,-0.5975484727327505
Fmc1,1.027663667056446,-0.30832988550459817
Fmn1,0.7079949702365216,-0.9785921052354158
Fmn2,0.5664879715845901,-1.587595023265349
Fmnl1,-0.5903487772326503,1.0235640699711954
Fmnl2,0.5419208163301903,-0.19054305752930922
Fmnl3,-0.3932946027242714,1.689528469006019
Fmo1,0.08185345252568688,-0.11108328365492959
Fmo2,-2.131659971255096,0.21857989897898333
Fmo3,0.0,-1.5722917415139483
Fmo4,0.0,0.0
Fmo5,-0.3458946149151405,1.2376363663236365
Fmo6,0.0,0.0
Fmo9,0.3678025766408618,0.25555345956664705
Fmod,-0.5818362934749253,-0.44231458611158025
Fmr1,0.24158794936290562,-0.07042515256722659
Fmr1nb,-0.8782259532502432,-1.1148254758032232
Fn1,0.19956742643273273,-0.2179958408893068
Fn3k,0.13162421876321329,-1.4949453839426834
Fn3krp,0.12465888426088156,-0.5548829588495066
Fnbp1,-0.22447282263141943,0.38735988103792707
Fnbp1l,0.03921314232421835,-0.07750924828544381
Fnbp4,-0.016210938768933758,0.2574205980097055
Fnd3c2,0.22888442284205604,0.0
Fndc1,-0.17553348800096025,-2.9933504009347303
Fndc10,0.049910293363985225,-0.5465236868140977
Fndc11,-0.5865961063965863,-1.6239379538224186
Fndc3a,0.056715536460350435,-0.30586080452599695
Fndc3b,-0.14730488702662115,0.8146690058060315
Fndc3c1,0.0,-1.250266353987396
Fndc4,1.3233502163998807,-0.07812785644137143
Fndc5,0.2849406797443814,-1.2553572799178063
Fndc7,-2.0866440349727955,1.767532722261275
Fndc8,-0.3893419336948485,-1.8737325581191828
Fndc9,0.5983017779091273,-2.323002715662483
Fnip1,0.0549252948959591,-0.318961593532455
Fnip2,0.15653959948944696,0.0019245104091023535
Fnta,-0.021187586455528873,0.42068729829640183
Fntb,0.5114037915117056,-0.3149222292881486
Focad,0.2349709236066655,-0.49424579537362945
Folh1,0.26766865957868546,-1.9798523518914024
Folr1,1.465721326911546,-1.3966469688810772
Folr2,-0.10169486657435556,1.173992448008379
Fopnl,0.17390463010512747,-0.16997423935439926
Fos,0.048877565865890205,0.05278206833026644
Fosb,1.1793909318560307,-0.3040818524289457
Fosl1,2.0489188063371975,0.6456422265950914
Fosl2,0.3690354243887404,0.8478690411951106
Foxa1,0.0,0.0
Foxa2,0.0,0.0
Foxa3,0.0,0.0
Foxb1,0.0,0.0
Foxb2,0.0,0.0
Foxc1,1.5400858159481794,-0.9410819642476722
Foxc2,0.4678442022770503,-0.6868404649911545
Foxd1,1.2209637599185794,-1.107887416947618
Foxd2,0.0,-0.4427166047663706
Foxd3,0.0,0.0
Foxd4,0.0,0.0
Foxe1,0.0,0.0
Foxe3,0.0,0.0
Foxf1,-0.3786674845885971,-0.4986968234461746
Foxf2,0.7757757654271087,-1.4326123710121252
Foxg1,1.5633778714447475,-0.43128700542450743
Foxh1,1.7470996151016625,-0.8310541794839245
Foxi1,0.0,0.0
Foxi2,0.27568068187748684,-2.046887637496967
Foxi3,0.2524354756311604,-1.454073420040531
Foxj1,-0.6014819599856229,0.05773376755116244
Foxj2,-0.010283274205228565,-0.24058928640017285
Foxj3,0.22572431200417675,0.044911762330031024
Foxk1,0.15307822558579254,-0.9477157343779439
Foxk2,-0.04116791173865231,0.08024051603066695
Foxl1,0.0,-0.2152727868316063
Foxl2,0.7569419354252042,0.7380928728527395
Foxm1,0.30730815119748467,0.5457768807586114
Foxn1,0.0,0.0
Foxn2,0.17313238188835633,0.2907762179986797
Foxn3,0.13132511139662384,0.15724814354271466
Foxn4,0.0,-0.44656908196376366
Foxo1,0.5413996261729324,-0.5178766165036262
Foxo3,0.300378522155075,-0.617492885405543
Foxo4,0.8800015231513401,-0.24907543261772647
Foxo6,0.8463941966100836,0.09271995045471515
Foxp1,-0.26566955908690204,0.596049311065487
Foxp2,0.6855690442344837,-1.6230367724734727
Foxp3,-0.1213480216664351,0.6141475031154457
Foxp4,-0.14706645672376784,-0.3376554706025292
Foxq1,-0.43433853313282167,-1.8427129709454548
Foxr1,0.32551576772369906,0.730453562692289
Foxr2,-0.16501190195929372,-1.8908310877030672
Foxred1,-0.4842451809381547,-0.08687556222473702
Foxred2,-0.169594919084048,-0.3385442976080597
Foxs1,2.63760198317525,-1.2604883472653197
Fpgs,-0.06973326349740816,0.47298463888643383
Fpgt,-0.5055077049026622,-0.8107309082958842
Fpr-rs3,0.0,0.0
Fpr-rs4,0.0,0.0
Fpr-rs6,0.0,0.0
Fpr-rs7,0.0,0.0
Fpr1,1.0222042835023712,3.692706759491176
Fpr2,-0.0532394987241096,2.1402226101901123
Fpr3,0.0,0.0
Fra10ac1,0.09606014048834943,-0.3475887142589862
Fras1,0.959201845946204,-3.4920565451497776
Frat1,0.007351193194081063,-0.4564208413240918
Frat2,1.9106699611764353,-3.1463544954092573
Frem1,-0.5344977615783248,-0.7479724519165698
Frem2,1.1823787861816815,-5.107996065647337
Frem3,-2.839291528123618,-1.8887686856354944
Frg1,0.12920054636850686,0.07465224739914156
Frg2f1,0.48923760639163216,-0.0663535053856883
Frk,0.5575476217085629,-0.1359289014036329
Frmd3,-0.11491220463948615,-0.6928957893207208
Frmd4a,-0.16800874632903628,0.5869474327192137
Frmd4b,-0.3094255863871105,0.2788427842345307
Frmd5,-1.2872024020749553,0.4675235421538364
Frmd6,0.1847941734467664,-0.3652591046908249
Frmd7,-3.2503732231624056,-0.12508876697751403
Frmd8,-0.5232352473454132,1.0847229874629036
Frmpd1,0.299174146730941,-1.1145604197169323
Frmpd2,-0.6708821822528304,-0.9378885055981492
Frmpd3,0.0045064261385094895,-2.4040286637342314
Frmpd4,-0.48199964337979484,-2.1220240336471496
Frrs1,-0.40986058868402786,0.8763056055190859
Frrs1l,-0.1201462669272928,-0.9475827100057153
Frs2,-0.09986261780411887,-0.08310398612165493
Frs3,-0.41714171558394497,-0.916344938730612
Fry,-0.007890686816356407,-0.6095386307201416
Fryl,0.5621186782433192,-0.8174470699803091
Frzb,0.5367003675785682,-0.7182791666995723
Fsbp,0.7905510308150987,-1.6291911946818685
Fscb,-0.5592891220028741,0.0
Fscn1,-0.6474982844485684,0.5154120017945232
Fscn2,0.5848031079558602,-0.8489922600606832
Fscn3,-0.24060408603754288,0.6207825741731471
Fsd1,-0.06691031587994622,-0.19110744910128918
Fsd1l,0.4580540144801617,-0.6263047914640847
Fsd2,-0.7413608560188476,-1.813236151174174
Fshb,0.0,0.0
Fshr,0.0,0.0
Fsip1,-1.0672317174659982,-0.8095838540147412
Fsip2,-0.45529429972774627,0.0
Fst,-0.8412370159889255,0.9032802595111378
Fstl1,0.5434653794394002,-0.7711217176871621
Fstl3,1.328780525808428,-2.09941087438095
Fstl4,-1.6635949568847401,-0.179285853608393
Fstl5,-0.5979988450607223,-0.5638654060585662
Ftcd,0.22888442284205604,0.8977480190936792
Fth1,-0.24405961324968573,1.1282280377466787
Fthl17a,0.0,0.0
Fthl17b,0.0,0.0
Fthl17c,0.0,0.39733753613432565
Fthl17d,0.0,0.5817979171121072
Fthl17e,0.0,0.0
Fthl17f,0.31302972326882883,-1.3216454752213864
Ftl1,-0.2060089043530553,1.1357961316602427
Ftl1-ps1,-0.22695025745895947,1.2738658307617658
Ftmt,0.0,0.0
Fto,-0.31120411099533385,-0.3592260032229877
Ftsj1,0.07666584460156045,-0.2518836827725366
Ftsj3,-0.4224146154531443,0.466020279339622
Fubp1,-0.03985658570994488,-0.22634966747089358
Fubp3,-0.39405845489223523,0.5996580613442024
Fuca1,-0.10044368558273753,0.7264373160898376
Fuca2,-0.29439712801311835,0.6505699783693064
Fundc1,-0.10256771320667113,0.39497146106955583
Fundc2,-0.07480255905077371,0.10615833623865001
Fuom,0.6271690714981615,-0.9786974355395595
Furin,0.42513642350234626,-0.028868482340820734
Fus,0.065193290210102,0.2795607253827246
Fut1,0.0,0.0
Fut10,0.5049511499656205,-0.5841734160880332
Fut11,0.07623546074673904,1.135991882860214
Fut2,0.9254940630728701,0.8819609962039303
Fut4,0.34001502467426725,1.2844903556870833
Fut7,-0.6209908972600937,0.7510258492966342
Fut8,-0.40842351700978696,0.6293488820238569
Fut9,-1.0776389548836498,-0.17933433916598318
Fuz,0.1027130878529725,-0.40636491134552166
Fv1,-0.7826229627402723,-1.2868590440482075
Fxn,0.6383760701846573,-0.5031138080473063
Fxr1,-0.10170235506991432,-0.1670366293067218
Fxr2,0.2629192661938937,-0.48433584057590284
Fxyd1,1.1818493166791857,-0.5872789216258019
Fxyd2,0.6478256240585569,0.3562954555926847
Fxyd3,2.795153748451864,0.5325402797252767
Fxyd4,0.06663849753628792,-0.5401833068821751
Fxyd5,0.4832956865409468,1.230058620965174
Fxyd6,-0.0806029869806757,-1.0853802308770462
Fxyd7,0.3758426700301536,-1.4983766415767512
Fyb,-0.5998365176554099,1.1549879774766438
Fyb2,0.7540427551864661,-0.2218593794753994
Fyco1,0.8846873606158745,-0.9331740474038472
Fyn,-0.21692902825048055,-0.2609344969288072
Fyttd1,-0.5012736934219433,0.24637567394789706
Fzd1,0.8646994453114383,-0.47993032800953905
Fzd10,-0.45794328806194784,-1.3471345559237395
Fzd2,0.6393585963751522,-1.214200081548039
Fzd3,-0.5462554156244632,0.10677311648046484
Fzd4,-0.5560855041758206,0.004114075134138417
Fzd5,1.523511779015437,-1.7260900069842577
Fzd6,-0.336255115128254,-1.9993090232900599
Fzd7,-0.25014512016703616,0.5398553066405682
Fzd8,-1.0615122644807458,0.10635052854525195
Fzd9,0.8103823723692958,-1.7770949784302092
Fzr1,-0.11232286412176329,0.8358088451687937
G0s2,0.35659098923625177,-0.383727494198137
G2e3,0.2068254110853296,0.4975650304089019
G3bp1,-0.3583253783452722,0.644370876026187
G3bp2,-0.2073334616514586,0.45155721457254216
G430095P16Rik,-0.6711663492472884,0.7551025418239519
G530012D18Rik,-0.13847828433413145,2.322327082606925
G6pc,0.0,0.0
G6pc2,0.0,0.0
G6pc3,0.11947265719348366,0.24312670477679
G6pd2,0.5636374491960636,0.0
G6pdx,-0.09876577725222901,0.17520055481229768
Gaa,-0.2855011836986865,0.21044853367867056
Gab1,-0.3868811890728612,-0.15051840403932992
Gab2,-1.0711331305650003,1.1121852955984899
Gab3,-0.16801347174368342,0.8718508595980552
Gabarap,0.06497853788619246,0.7506176042844057
Gabarapl1,0.1571872572410502,-0.4331817124472437
Gabarapl2,0.0017121943606941414,-0.03842454040400867
Gabbr1,-0.16111824317591683,-0.18718001043079724
Gabbr2,0.030267280421833576,-1.3909749855847249
Gabpa,-0.33487497608517636,0.5542142581392664
Gabpb1,-0.13064251476069977,0.3873792815604489
Gabpb2,0.42640662477981195,-0.27465090211356014
Gabra1,-0.27144096635735515,-0.6989128538126224
Gabra2,-0.729695737491916,-0.9888561007456831
Gabra3,-1.2687330405113748,-0.7086061893233637
Gabra4,-1.4950099144727433,-0.9939280992997901
Gabra5,0.5821688540996575,-2.823877638769586
Gabra6,0.0,0.0
Gabrb1,-0.8664521339015643,-0.5676843852468423
Gabrb2,-1.0504166261258714,-0.31408425622675296
Gabrb3,0.11896422189184896,-0.9287375649186416
Gabrd,-0.9605551367476988,-0.5716153567046032
Gabre,0.6411236234728217,0.10659362553120344
Gabrg1,-0.6968624584737304,-0.2017935638838928
Gabrg2,-0.39132352737136067,-0.7973491525107317
Gabrg3,0.9052707467873695,-1.451247801370159
Gabrp,0.0,-2.0935395284257536
Gabrq,-0.5981591560687778,-2.5892502682385254
Gabrr1,0.1803826766853902,-1.268439211349392
Gabrr2,0.7005009005316776,-1.1116256605464514
Gabrr3,-0.27158297084999816,-1.5640516494694197
Gad1,-1.4966244208577226,0.0260676146528116
Gad2,-1.358220836482305,-0.11731554466448202
Gadd45a,0.5018276292785586,-1.0061278046783162
Gadd45b,1.8038936061453539,0.579916327370932
Gadd45g,0.7207252904686587,-0.17625233507127813
Gadd45gip1,0.25930686820454873,0.15321172442079245
Gadl1,-0.8011518023358972,-0.2852937511014053
Gak,-0.30611439275570795,0.43677231138049066
Gal,3.289320100783312,-1.8326095800910798
Gal3st1,-1.1182078369530668,-2.611307536918019
Gal3st2,1.2817175676835582,-0.9873390746425676
Gal3st2b,0.46060348849321375,0.2179222331654711
Gal3st2c,-0.1193919414414033,-0.7293942691581641
Gal3st3,0.2828069307335328,-0.38716356191253
Gal3st4,-0.15749199974243666,1.161459136049789
Galc,-0.23502692847203122,0.6579195039098984
Gale,0.2271903060475564,-0.49343077463830287
Galk1,0.06754098132632791,0.7553118365340357
Galk2,-0.22170830544957099,0.2962251287823374
Galm,-0.2833372383435968,0.4430335297417525
Galns,-0.558806271487331,0.8934748927444875
Galnt1,-0.12291234448834665,0.5681504957751606
Galnt10,0.40661559049561724,0.03772117847531575
Galnt11,-0.3160136304824581,0.03062515782136188
Galnt12,-0.7863262365796766,1.4588208411755819
Galnt13,-0.2483100622534069,-0.25321251724336413
Galnt14,-0.6612004573134351,-0.7376177634162726
Galnt15,-0.402194471130521,-0.5584944165212846
Galnt16,-0.9268874982090738,0.7073377627412905
Galnt17,-0.9727559895580917,-0.46963618973860033
Galnt18,-0.239079452742482,-0.3988070858181212
Galnt2,-2.6108026859350595,1.7127842675643343
Galnt3,-3.3698928033005475,0.3204415301889245
Galnt4,-0.18722667700864193,0.1865771653001378
Galnt5,-0.6653365874662673,0.0
Galnt6,-0.21294673380156315,0.6470183881229898
Galnt7,-0.13975162324293855,-0.17953900891160046
Galnt9,0.28232956067769566,-0.6544822757131046
Galntl5,0.0,0.0
Galntl6,-1.2372231477378177,-1.1443306785919285
Galp,0.0,0.0
Galr1,0.0,-0.19331101318498473
Galr2,-1.365062993153364,-2.315767514242053
Galr3,0.0,0.0
Galt,0.3841651530115975,-0.45445098859052635
Gamt,0.02581345649621447,0.275486445414737
Gan,0.12194028700979587,0.37434441542718844
Ganab,-0.2330945029103617,0.21233081695677747
Ganc,0.1859930147435218,0.17315093601338738
Gap43,0.7871336027474971,-0.5187780985003556
Gapdh,0.06560933801685209,-0.3576792868572234
Gapdhs,1.0979325693935853,0.07154187905324871
Gapt,1.328988344937863,0.7847137947518972
Gapvd1,-0.23420306420671366,0.028761506629837896
Gar1,-0.15897904461574885,0.5658467514053243
Garem1,1.7054807553391846,-3.186670372823042
Garem2,-1.4665692334928768,-1.627109116760606
Garnl3,-0.4191347460689876,0.6694497468982838
Gars,0.7993846950254966,0.8052826021028743
Gart,0.1359933353099585,-0.01289437170434482
Gas1,0.7205814700535171,-0.8214310380759651
Gas2,-0.6078248045761265,-1.5765423851503195
Gas2l1,0.5613491116117189,1.470765063487038
Gas2l2,1.7407009533394504,-2.9141703029120456
Gas2l3,-0.890961937058913,0.29257925034313104
Gas6,0.13053585092995412,0.9793627384387378
Gas7,-0.3534104110220131,0.05230022995917061
Gas8,-0.12965788421724866,0.08559248288362298
Gask1a,0.7205624291080617,-1.6895466089702413
Gask1b,-1.1384418167752557,-0.15051891623298141
Gast,-0.6241370782583623,0.0
Gata1,0.0,-1.0236418421279891
Gata2,0.553742390111732,0.35317108893183935
Gata3,-0.38637314656128785,0.27902708526640096
Gata4,0.0,-0.2218593794753994
Gata5,0.0,0.0
Gata6,-0.3681752925118766,0.0
Gatad1,0.3966265778416691,-0.07608814561436894
Gatad2a,0.33770117592405313,-0.22465178811937925
Gatad2b,0.1268579126879743,-0.12409130415973735
Gatb,-0.1129063367263683,0.06935979569532513
Gatc,0.007775843420269268,-0.028509001561660696
Gatd1,-0.07311779473662838,0.12657164203809224
Gatd3a,-0.09269144869548818,0.2693111211101584
Gatm,-0.3039440801431521,1.2395678624246447
Gba,-0.1644063546601089,0.7488593229170544
Gba2,-0.5277410129444977,0.12115198253392734
Gbe1,0.07884892373892782,0.1657712113539258
Gbf1,-0.2835709218273301,-0.2654427400505348
Gbgt1,-0.30447808909948293,1.7525369313749026
Gbp10,1.560470031444824,-1.028763135298641
Gbp2,0.43337702919321863,0.9585309195546774
Gbp2b,2.4508564004310234,-0.9879792380649707
Gbp3,0.6558320542681884,0.8446000796666038
Gbp4,-1.0792054672529474,0.7898903948303566
Gbp5,0.4333150899350917,-0.4134764580083674
Gbp6,0.7991077679025409,0.3741320245685795
Gbp7,-0.5090316923336804,0.9744019366756529
Gbp8,-1.0873998828058005,0.10904446793409317
Gbp9,-0.3715224819921019,1.0427009912157388
Gbx1,0.12744677163274548,-0.345790212076149
Gbx2,-1.9052396797436886,-0.1500642152056102
Gc,0.0,-0.2218593794753994
Gca,0.22953462874477992,0.17397102498693862
Gcat,0.38106504833123367,0.07082411785493115
Gcc1,-0.19913054650000994,0.45172571115465665
Gcc2,0.3878310870677417,-0.33863864943201705
Gcdh,-0.24938308387475772,0.07426630624129871
Gcfc2,0.10855530647464029,-0.43551479978841723
Gcg,3.174275503625115,-0.5610629989077554
Gcgr,0.36842771495578,-3.591096784978006
Gch1,1.2274180208884449,3.0717894252685607
Gchfr,1.9345708980590821,-0.9602360694896457
Gck,-1.181876744846357,-0.3971114395662312
Gckr,0.5736445430787747,-0.9127520675441332
Gclc,0.4190023385739785,-0.6311107713441313
Gclm,1.4167115669223342,-0.2666372882920589
Gcm1,1.3516900372421297,-0.024176240889747902
Gcm2,0.6792308719051736,3.4887455367693003
Gcn1,-0.22270930460352645,0.016707634521083037
Gcnt1,-0.2463879950821415,1.2680484536634662
Gcnt2,-0.6963902376271278,1.1223136871011583
Gcnt3,-0.692292143278254,-0.8119391554664651
Gcnt4,0.7197343310252302,-4.138465954910043
Gcnt7,-0.4158712031046088,-0.4199260080812648
Gcsam,0.0,-0.5980407018310337
Gcsh,0.6402308829087442,-0.3520831530334494
Gda,-0.29676952774978016,1.5550100098068846
Gdap1,-0.2516823488023707,-0.688664124953192
Gdap1l1,-0.2416384841275523,-0.6058085543431329
Gdap2,-0.10374422461688582,-0.4483318742528546
Gde1,-0.4223224001851005,0.15293395007031485
Gdf1,-0.5932052919720183,-0.9963897698701558
Gdf10,-0.7380738904617248,-2.0816705836683926
Gdf11,0.26488489107937063,-0.7414402491685044
Gdf15,-0.9180665203463487,1.0440997654108695
Gdf2,1.0952336371246334,0.20010058959697918
Gdf3,-0.3272948441529495,0.728027394169767
Gdf5,0.7749510487618527,-2.1573448518234857
Gdf6,0.8851079923907309,-1.9455058964690997
Gdf7,0.0,0.0
Gdf9,-0.844902372000619,0.34742019902344445
Gdi1,-0.6077107145854637,-0.255295759996077
Gdi2,-0.4419790183601595,0.6885506923225382
Gdnf,-0.8260201445013412,-0.9738013434542723
Gdpd1,-0.24160086681709636,-0.5177062025304995
Gdpd2,2.5911533579057506,-2.371822059005619
Gdpd3,-0.705099054597194,-0.044030944853451714
Gdpd4,0.0,1.0440342246939363
Gdpd5,0.13823553946029143,-0.37795986376715973
Gdpgp1,0.34966573690310376,0.15825348386820082
Gem,0.34699373784774856,-0.6972627001248508
Gemin2,0.30657456923754545,-0.08661200421312287
Gemin4,-0.15343945652604063,0.7666453714094104
Gemin5,-0.14749787738150744,0.3169849540984213
Gemin6,0.3866696305900694,0.7045201327083177
Gemin7,0.035917481860783695,0.6376912345077326
Gemin8,0.4700490213647468,-0.6434407331459626
Gen1,1.411993939486626,-0.3147020936998297
Get4,0.17334376346794578,-0.8176854764879238
Gfap,2.4814359489410354,0.17146082796517437
Gfer,0.11955677509525842,0.8270482940245216
Gfi1,0.0,0.0
Gfi1b,0.0,1.1495827734932982
Gfm1,-0.27402920302637135,0.5873599549899549
Gfm2,-0.30198885658731633,0.25854197182161265
Gfod1,-0.2851901477362757,-1.7788304639453285
Gfod2,0.21479305801330106,-0.7721598064815147
Gfpt1,-0.13592136000058552,-0.17152694764418186
Gfpt2,-0.9029267996648684,1.4117357886852915
Gfra1,-0.7630494138717232,-0.5801468873392004
Gfra2,-0.5063178562236228,-0.3402465465356652
Gfra3,-2.067688476909271,-1.0453679492107837
Gfra4,-0.666221412082102,-0.7187078505796585
Gfral,0.0,0.0
Gfy,-0.6347495784743618,-0.5819922927158527
Gga1,-0.1840036904779545,0.39888500778138614
Gga2,-0.5442183031933485,0.9837328152589251
Gga3,-0.03269437752470772,-0.021320324495921028
Ggact,0.4483785318047824,-1.3239826957142844
Ggct,0.9378155433766917,-0.5136623229210562
Ggcx,-0.24230043791317968,0.2884089083716095
Ggh,-0.04212853278925266,0.8649587278673518
Ggn,1.095827413448339,0.0411010341961866
Ggnbp1,0.7245046859593431,-0.279272344124883
Ggnbp2,0.1340102921182229,0.09371349689227237
Ggps1,-0.1904865410157317,0.06733822911684229
Ggt1,-0.4168932576382609,-4.118501486230015
Ggt5,-0.4355533850792028,1.2154723175461601
Ggt6,-0.7545535838158223,-1.2467048553602436
Ggt7,-0.6257057776928345,-0.7227895575661609
Ggta1,-0.3377900821396196,0.8008738493212615
Gh,0.0,0.0
Ghdc,0.3499601783074979,-0.07167340836889124
Ghitm,-0.19379875516644418,0.23212205676799513
Ghr,-0.10779733306091366,-3.431498194108495
Ghrh,-1.175648711948793,-2.782676237254572
Ghrhr,0.0,0.0
Ghrl,-0.1721478325093142,-1.1348381964385923
Ghsr,-0.21784737448530578,-1.4534182058173175
Gid4,-0.4070914146665885,0.4301309048569646
Gid8,-0.1359566980684157,0.3623436914687588
Gigyf1,0.49419954299964886,-0.19281595478868674
Gigyf2,0.30685687689835284,-0.5655602437904221
Gimap1,0.09131921252624853,0.35692536551232834
Gimap3,0.5887571274664496,-1.4395688549963963
Gimap4,-1.0158148257385395,-1.2000263837956702
Gimap5,-1.275330237528288,-3.0841107150411613
Gimap6,-0.7220739533884899,-1.0264932012282255
Gimap7,-1.2638490545584447,-0.8109685834719229
Gimap8,0.6132096521561019,-1.2061498198479423
Gimap9,-0.29112316953266504,0.5828666333809673
Gimd1,0.0,0.0
Gin1,0.23481999025452893,-0.20285063998585962
Ginm1,0.1249799739817643,0.21346564918396815
Gins1,0.09488765623916695,0.797350632556741
Gins2,0.04182872529281312,0.5913829070753183
Gins3,0.2951173503098561,0.3615741713248495
Gins4,-0.12062824188796561,-0.20237526451396093
Gip,0.22257692674662966,-2.954337417989329
Gipc1,-0.18975374075591667,0.44129188040406575
Gipc2,1.2030823574214327,-1.3583701984014298
Gipc3,0.0,-0.7282243797812842
Gipr,-1.873729377298595,0.2170536272298511
Git1,0.44346279558103774,-0.2985514713415123
Git2,-0.4496440510925144,0.6024236079401035
Gja1,-0.31940482817822335,-1.3332501266009675
Gja10,0.18911691803352504,-0.873945282114517
Gja3,5.614746948934366,-0.2152727868316063
Gja4,1.3476260953574108,-2.479080788101591
Gja5,0.19014067195642959,-0.5009889422727167
Gja6,0.3678025766408618,-0.35820978814101395
Gja8,3.4254522150899245,0.400578209308994
Gjb1,-0.5732775599740594,-1.0480432884289952
Gjb2,-0.33040469916081805,-0.9039348719608336
Gjb3,0.6806201227752614,-0.9222807424680658
Gjb4,1.633753894670626,0.0
Gjb5,0.0,0.0
Gjb6,0.0,0.0
Gjc1,-0.6520935847489122,-2.347512696806489
Gjc2,-0.14978306174654107,-1.1591037007387892
Gjc3,0.7915639309672731,-0.8073080704640674
Gjd2,-0.29525806598292803,0.5444524272241509
Gjd3,0.0,-0.07761021044347083
Gjd4,-0.5865961063965863,0.0
Gje1,0.9808027169715228,0.33363872823118657
Gk,-0.36276794646005683,0.1218012525362635
Gk2,0.5460770418021937,0.0
Gk5,-1.2366283048298001,-1.5884649355784095
Gkap1,0.6185215671808928,-0.7140598627079555
Gkn1,0.0,0.0
Gkn2,0.0,0.0
Gkn3,2.136432428946429,-2.891814610010678
Gla,0.17470326361949873,0.6625732343102806
Glb1,-0.31375537398159636,1.0443879462542363
Glb1l,-0.241671179679269,-0.5797378357061103
Glb1l2,-0.14143447813200005,-1.1904930024318645
Glb1l3,0.695937329145222,-1.5716147266130598
Glcci1,0.33128472035554957,-0.6720849320137603
Glce,-0.37353155142907646,0.061148788493746054
Gldc,2.3144504109209105,-1.6262937633227965
Gldn,-1.79285591838112,-1.378390297011824
Gle1,0.19765895624464314,-0.6696733472871994
Glg1,-0.2982781613449159,0.4831879015369349
Gli1,-0.22082010532603893,-0.44656908196376366
Gli2,-0.5666241063840287,-2.6790158492343847
Gli3,1.3155459361520334,-2.9186346884841248
Glipr1,-0.10117246490120024,0.8243509566328981
Glipr1l1,0.0,0.25325806877877893
Glipr1l2,0.0,0.0
Glipr1l3,0.2688228490954658,-0.28489696084658844
Glipr2,1.4661852845705372,-1.2253471769218782
Glis1,-0.5770117188105397,-2.004861738939154
Glis2,0.5214213156703611,-0.7290769268299826
Glis3,-0.5855023447712062,0.6666089328429052
Glmn,0.2926560352335432,-0.8659132897927311
Glmp,-0.1974901063629897,0.9836028879697594
Glo1,0.9853233390395815,-0.4202424284144648
Glod4,-0.08258423019322514,-0.0337248117376614
Glod5,0.7861662630615447,-0.8119391554664651
Glp1r,-1.1275299265536807,0.23412146411468715
Glp2r,-0.3364493282343233,-1.4107804435392772
Glra1,0.5537295911667739,-0.496278492068317
Glra2,-2.0615409370703848,0.34643208963202987
Glra3,-1.4260870940686825,-0.22712968291266833
Glra4,-2.529494567234603,-2.5701392106469454
Glrb,-0.3012065628961178,-0.12390831311445893
Glrp1,0.0775632611055812,0.9973527827354864
Glrx,-0.16715111813761574,0.9910403192771859
Glrx2,0.28142455972661473,0.1337466909487155
Glrx3,-0.032152815941874024,0.11538483525100851
Glrx5,0.34986742004137206,0.8568818415750528
Gls,0.26825067639547484,-0.9968672520332884
Gls2,0.9501035568454812,-1.2094132417112675
Glt1d1,0.5634985541709261,-1.6699646062919067
Glt28d2,0.8978318019647133,-1.00639284870946
Glt6d1,0.0,0.0
Glt8d1,0.6590266109015808,-0.20040307864246998
Glt8d2,1.465341038449023,0.1658514718331041
Gltp,-0.4255115848369275,1.5628685081582319
Gltpd2,0.010197651258519791,-1.492723977061957
Glud1,0.5104326459141415,0.2138435159165013
Glul,-0.150058798096536,-0.5293904000155631
Glyat,1.1565396356387214,-1.1338265233493086
Glyatl3,0.0,0.0
Glycam1,2.1015161429295186,0.7475288168695688
Glyctk,1.399169703891677,-1.1501176236026645
Glyr1,-0.4877721114547686,0.06021498899112565
Gm10024,0.0,0.0
Gm10037,-0.3345229589633236,-1.429941188549643
Gm10053,0.3556451328589887,-0.09918396875435853
Gm10057,0.0,0.0
Gm10058,0.0,0.0
Gm10061,0.0,0.0
Gm10096,0.0,0.0
Gm10100,0.0,0.0
Gm10128,0.0,0.0
Gm10130,0.33780529510247526,0.49050937761276003
Gm10131,0.22774121816441584,1.0809454739687339
Gm10135,0.0,0.0
Gm10139,0.0,0.0
Gm10142,0.0,0.0
Gm10153,0.0,0.0
Gm10160,0.0,0.0
Gm10181,0.0,0.0
Gm10184,0.9002556220909623,0.0
Gm10188,0.3939167655495287,-0.8794622111534157
Gm10190,-0.3786674845885971,0.25555345956664705
Gm10197,0.0,0.0
Gm10198,0.0,0.0
Gm10203,0.0,0.0
Gm10217,0.0,0.0
Gm10220,-0.06396556472672554,-0.2152727868316063
Gm10226,-0.5411042165419184,-0.4602746802822253
Gm10228,0.0,0.0
Gm10229,0.23956468343679047,0.0
Gm10230,0.0,0.0
Gm10234,0.0,0.0
Gm10251,-0.9171016122879689,1.6282446534793262
Gm10256,-0.8856407566975179,0.0
Gm10260,-1.4889217756512072,1.8525505409012246
Gm10267,0.0,0.0
Gm10271,0.0,0.0
Gm10272,0.0,0.0
Gm10277,1.8674293166506537,-1.780926911255678
Gm10282,0.01596733876177847,0.38264220580931596
Gm10283,0.0,0.0
Gm10302,-1.1567263986519736,0.2517475928686984
Gm10309,-1.3155840905162233,-0.772486036790482
Gm10310,0.599328185354036,-1.1162095603233224
Gm10318,0.0,0.0
Gm10320,-0.22082010532603893,0.8374284925930178
Gm10324,0.0,-0.4427166047663706
Gm10334,0.0,0.0
Gm10337,0.0695011155093812,0.0
Gm10338,-0.6929406966511711,0.7591214447526001
Gm10340,0.7787671833934194,-0.35820978814101395
Gm10352,0.0,-0.2152727868316063
Gm10354,0.3678025766408618,0.0
Gm10358,0.0,-1.4520243230527172
Gm10360,0.0,0.0
Gm10375,0.23956468343679047,0.0
Gm10376,0.0,0.0
Gm10377,0.0,0.0
Gm10378,0.0,0.0
Gm10401,0.6694704348160716,-1.7740709035990188
Gm10406,-1.97855224967014,0.3562250276784642
Gm10408,0.23452371786357948,0.0
Gm10409,0.12949119921725138,0.7883544117260195
Gm10413,0.23452371786357948,-0.24431098970421622
Gm10424,0.0,0.0
Gm10428,0.0,0.0
Gm1043,-1.3947171575648267,-1.057911416165764
Gm10436,-0.7388522828431112,0.0
Gm10439,0.0,0.0
Gm10471,-0.48016876947433335,0.0
Gm10486,0.0,0.0
Gm10487,0.2667182082057698,0.0
Gm10488,0.0,0.0
Gm10490,1.5438017997103877,-0.2218593794753994
Gm10491,0.0,0.0
Gm10521,-0.06811148023629698,0.18148736036277935
Gm10542,0.0,0.0
Gm10563,0.0,0.0
Gm10639,0.23452371786357948,0.0
Gm10643,0.49427945950961005,-0.7104833085106077
Gm10663,0.0,0.0
Gm10668,0.0,0.0
Gm10670,0.0,0.0
Gm10681,0.0,0.0
Gm10696,-1.1372429502606385,-0.13781216515485684
Gm10715,3.1537662022065778,-0.1135622681685966
Gm10717,2.7044475922045574,-1.5441932268160263
Gm10718,3.279114739207074,-1.5514290904634445
Gm10719,3.0264934453667145,-1.608641364882054
Gm10720,1.761025046377151,-1.6254607634544032
Gm10721,2.968145495415804,-1.5070194287374985
Gm10722,2.3729757442290964,-1.0727135318119232
Gm10767,-0.5516886576110576,-1.3655921328904128
Gm10770,0.0,0.0
Gm10772,0.0,0.0
Gm10775,-0.7044323207194485,-1.5562468887568701
Gm10778,-0.26406362332613575,-0.3425272193440483
Gm10799,0.0,0.0
Gm10800,3.1329084350457226,-1.932215327313255
Gm10801,3.29545301539898,-2.0317082616241775
Gm10944,0.0,0.0
Gm10945,0.0,0.0
Gm10959,0.0,0.0
Gm10961,0.0,0.0
Gm10964,0.0,0.0
Gm10974,0.0,0.0
Gm10985,0.0,0.0
Gm10999,0.0,0.0
Gm11007,0.0,0.0
Gm11009,0.0,0.0
Gm11011,0.0,0.0
Gm11020,0.0,0.0
Gm11027,0.0,0.0
Gm11032,0.0,0.0
Gm11034,0.0,0.0
Gm11037,0.0,0.0
Gm11042,0.0,0.0
Gm11060,0.0,0.0
Gm11077,0.0,0.0
Gm11084,0.0,0.0
Gm11096,0.0,0.0
Gm11099,0.0,0.0
Gm1110,1.5531960942031513,-3.921524832306276
Gm11100,-1.8964689657515645,-1.5990723553016668
Gm11111,0.0,0.0
Gm11114,0.0,0.0
Gm11115,0.0,0.0
Gm11116,0.0,0.0
Gm11127,0.6044340084534321,-1.1291955802253115
Gm1113,0.23452371786357948,-1.0894731782596025
Gm11146,0.0,0.0
Gm11168,3.128979165283213,-1.8295679361423502
Gm11172,0.0,0.0
Gm11213,0.0,0.0
Gm11214,0.0,0.0
Gm1123,0.6390249261366749,-0.03612955260403711
Gm11232,0.0,0.0
Gm11236,0.0,0.0
Gm11237,0.0,0.0
Gm11238,0.0,0.0
Gm11239,-0.22082010532603893,0.0
Gm11273,-0.9015656390493445,0.530368971669281
Gm11361,0.752298232857668,1.5088251942592765
Gm1140,-0.4213844946943688,0.0
Gm1141,1.0616607331499146,-1.2329407441144216
Gm11437,0.5540487982087026,-1.4643406677582524
Gm11444,0.0,-0.2218593794753994
Gm11487,0.23452371786357948,0.0
Gm11541,-0.23690106472386616,0.006512006014344152
Gm11549,0.35869788124328217,-1.1868691493879417
Gm11554,0.0,0.0
Gm11555,0.0,0.0
Gm11559,0.0,0.0
Gm11562,0.0,0.0
Gm11563,0.0,0.0
Gm11564,0.0,0.0
Gm11565,0.0,0.0
Gm11567,0.0,0.0
Gm11568,0.0,0.0
Gm11569,0.0,0.0
Gm11595,0.0,0.0
Gm11596,0.0,0.0
Gm11627,-0.2585574755357457,-0.5863532064420514
Gm11634,0.16842095181403138,-0.6364150333695185
Gm11639,-0.3493402176101932,-0.42057024050330083
Gm11733,0.0,0.5893269725952385
Gm11756,0.2667182082057698,0.0
Gm11757,0.0,0.0
Gm11758,0.0,0.0
Gm11808,0.06488244652482145,0.15975603613712153
Gm11937,0.0,0.0
Gm11938,0.0,0.0
Gm11939,0.0,0.0
Gm11983,0.0,0.0
Gm11992,0.5147426700221387,-3.7886107749300675
Gm12117,0.0,0.0
Gm12166,0.6113799945815703,3.1484650284529887
Gm12169,0.0,0.0
Gm12184,1.4768711932555336,-0.3886351608734172
Gm12185,0.685537829397747,-1.250363116657815
Gm12216,1.127523667148672,0.2986005098998916
Gm12248,1.0807688218041736,-0.8282785933451775
Gm12253,0.22888442284205604,0.5048761324852925
Gm12258,-0.15516392373377919,-0.5127183742401158
Gm12353,0.6167112672354222,-1.5941482229595842
Gm12394,0.3750309242210226,-1.8059067967045377
Gm12569,0.0,0.0
Gm12666,0.0,0.0
Gm12689,1.012083064815672,-1.9336937263439333
Gm12695,0.0,-0.5343389841738989
Gm12728,-0.42547715624584265,0.2517475928686984
Gm12789,0.10835391452460758,-1.614829935185264
Gm12790,0.0,0.0
Gm12794,0.0,0.0
Gm128,0.21593414203048233,-0.5632301539862965
Gm12800,0.23956468343679047,0.0
Gm12830,0.0,0.0
Gm12845,0.0,0.0
Gm12886,0.0,0.0
Gm12887,0.0,0.0
Gm12888,0.3678025766408618,0.0
Gm13023,0.0,0.0
Gm13030,0.0,0.0
Gm13040,0.0,0.0
Gm13043,0.0,0.0
Gm13057,0.0,0.0
Gm13078,0.6286768292044441,-0.2152727868316063
Gm13083,0.8187506188127668,-0.15266988790471658
Gm13084,0.0,0.0
Gm13088,0.23452371786357948,0.0
Gm13089,0.0,0.0
Gm13090,0.04589810287973087,-1.484361977594102
Gm13101,0.0,0.0
Gm13102,0.2667182082057698,0.0
Gm13103,0.0,0.0
Gm13119,0.0,0.0
Gm13124,0.3822586798994121,0.0
Gm13128,0.0,0.0
Gm13178,0.0,0.0
Gm13199,-0.4749034473346101,0.08206198194693926
Gm13212,-0.6214376080512753,0.712162705184042
Gm13271,0.0,0.0
Gm13272,0.0,0.2517475928686984
Gm13275,0.0,0.0
Gm13276,0.0,0.0
Gm13283,0.647776110997235,-0.24431098970421622
Gm13285,1.2806497201428413,0.15152211351796918
Gm13287,0.0,0.0
Gm13288,-0.41879770475162514,1.0816407645657944
Gm13289,0.5247954152371275,-0.44656908196376366
Gm13290,-0.9076040910975024,0.0
Gm1330,0.0,0.0
Gm13304,-0.5130831890365979,-2.1423143852076336
Gm13305,-1.1580123581744455,-1.1822024240719218
Gm13306,1.4228606286293308,-1.2887508962122762
Gm13398,0.0,-0.44656908196376366
Gm13420,-0.11194927638282731,0.04041902318696458
Gm13539,0.0,0.0
Gm13547,-1.0123827991224381,-0.3960385103123931
Gm136,0.0,0.0
Gm13695,0.0,0.0
Gm13698,-0.23938339935308203,0.0
Gm13723,0.0,0.0
Gm13757,0.0,0.0
Gm13762,-0.22915837926285726,0.0
Gm13871,0.0,0.0
Gm13889,0.5617408964384474,-0.2947010194645667
Gm13941,0.0,0.0
Gm14085,2.0256452134839162,0.48988458640964794
Gm14124,0.0,-0.21283904559181435
Gm14137,-1.1145813560082338,-1.6578771278929767
Gm14139,-0.9923043696310963,-0.34915265822807906
Gm14147,0.0,0.0
Gm14151,0.0,0.0
Gm14180,0.0,0.0
Gm14190,0.0,0.0
Gm14214,-0.3567848041086102,0.0
Gm14226,0.23000645278217302,-1.088092748839217
Gm14288,-0.21248609559962617,0.405187317105387
Gm14295,0.3770955615145226,-0.39351863328306447
Gm14296,0.09238044679898749,-0.8746264997001969
Gm14305,-0.0066664009443879735,-0.33467490411288736
Gm14308,1.4924926586649248,-0.7781957134646191
Gm14322,0.09529951151841587,-1.1377019627905884
Gm14325,-0.00921101774279709,-0.02272532385985837
Gm14326,0.09141210423999979,-0.7662427316135725
Gm14327,0.7698427604909002,-0.46446402990435587
Gm14391,0.12568804712747905,-0.348717909154292
Gm14393,0.3028195941711975,-0.2602442252088659
Gm14399,-0.05092720430584041,-0.9417647055893452
Gm14401,-0.9304801594981171,-0.15805638715591908
Gm14403,0.25523456061074956,0.08910426099239999
Gm14406,-2.773467250864587,-0.7798543299543503
Gm14408,0.0,0.0
Gm14409,0.09400206255864152,-1.0269518069671268
Gm14410,0.07508465850441404,-0.40631008792861323
Gm14412,-1.3675723778632909,-2.2636019067053006
Gm14418,0.00137344426370678,-0.7198106911809923
Gm14419,0.6915666744039228,0.17474239253312618
Gm14434,-0.34679394736904445,1.0843698626185594
Gm14435,0.18214273210303134,0.1691991054800095
Gm14440,0.0,0.0
Gm14443,0.5938815446534198,-1.4583221510880335
Gm14444,0.5611716916686746,0.004293553515706261
Gm14459,0.0,0.0
Gm14496,0.28888387168971974,-0.5176343450831791
Gm14525,0.0,0.0
Gm14548,-0.20794643543095148,1.958081932262094
Gm14569,0.3822586798994121,-0.2218593794753994
Gm14597,-0.5601583065933327,-1.094734997985022
Gm14632,0.0,0.0
Gm14685,0.0,0.0
Gm14698,0.7503633210185914,0.12372819060809981
Gm14743,0.23956468343679047,0.0
Gm14744,0.23452371786357948,0.0
Gm14781,0.0,0.0
Gm14819,0.0,0.0
Gm14851,0.0,0.0
Gm14862,0.0,0.400578209308994
Gm15013,-0.4812798388337313,0.0
Gm15023,0.0,0.0
Gm15056,0.6748867181163857,0.0
Gm15080,0.0,0.0
Gm15091,0.0,0.0
Gm15093,0.664845959483704,0.0
Gm15097,0.0,0.0
Gm15107,0.0,0.0
Gm15114,0.07353341583999595,-0.21283904559181435
Gm15127,0.23452371786357948,0.0
Gm15128,0.3822586798994121,0.0
Gm15130,0.0,0.0
Gm15140,0.0,0.0
Gm15155,-0.3493402176101932,0.0
Gm15217,0.0,0.0
Gm15262,0.0,0.0
Gm1527,0.0,0.0
Gm15292,0.0,0.0
Gm15293,0.0,0.0
Gm15294,-0.3786674845885971,0.0
Gm15319,-1.5421465843475142,-2.0666453075783213
Gm15446,0.30032357901526296,-0.854726751349812
Gm15448,1.0973522050697913,0.2030748940264262
Gm15517,0.22888442284205604,0.0
Gm1553,0.0,0.0
Gm15557,1.1435906840092893,0.0
Gm156,0.0,0.0
Gm15737,2.1637732904752816,-1.1686659345558732
Gm1604b,-1.7162157357323147,-0.2751956271789764
Gm16181,1.367959213994065,-1.1330974654986472
Gm16223,-0.9043276121262673,-1.4986689191263645
Gm16253,-0.2065632554492296,0.44861979627779425
Gm16286,-0.05074146627615761,0.1879543964921293
Gm16368,0.3678025766408618,-0.2152727868316063
Gm16405,0.2667182082057698,0.0
Gm16427,0.0,0.0
Gm16429,0.0,0.0
Gm16430,0.0,0.0
Gm16440,0.0,0.0
Gm16442,0.5460770418021937,0.0
Gm16506,0.0,0.0
Gm16513,0.0,-0.5734825749726202
Gm1673,0.2541025994158277,0.0796651007103133
Gm16867,1.1322365045946778,-0.32117826600008925
Gm16968,0.0,0.0
Gm17018,0.4899567626148347,-0.07792946003218759
Gm17019,0.664845959483704,0.0
Gm17026,0.0,0.0
Gm17027,0.0,0.0
Gm17067,-0.8475701335109858,0.2070317317216196
Gm17078,0.0,0.0
Gm17079,0.0,0.0
Gm17087,-0.2154087266458899,-0.6697595034951439
Gm17093,0.0,0.0
Gm17124,0.0,0.0
Gm17174,0.0,0.0
Gm17175,0.0,0.0
Gm17190,-0.6653365874662673,-0.8363416670618429
Gm17266,-0.09791008957492126,0.0
Gm17268,0.0,0.0
Gm17304,0.0,0.0
Gm17332,0.0,0.0
Gm17349,0.0,0.0
Gm17359,-0.027562810371473234,-0.6956981838545898
Gm17364,0.0,0.0
Gm17374,0.0,0.0
Gm17387,0.0,0.0
Gm17402,0.0,0.0
Gm17416,0.0,0.0
Gm17428,0.0,0.0
Gm17455,0.48423157574135567,0.7113072383025303
Gm17472,0.0,0.0
Gm17482,0.0,0.0
Gm17490,0.0,0.0
Gm17535,2.759370109807512,-0.8820479087071544
Gm17542,0.0,0.0
Gm17545,0.0,0.0
Gm17555,0.7179769716211073,-0.8086015159507705
Gm17571,0.0,0.0
Gm17581,0.0,0.0
Gm17604,0.0,0.0
Gm17606,0.0,0.0
Gm17617,0.0,0.0
Gm17622,0.0,0.0
Gm17631,0.0,0.0
Gm17651,0.0,0.0
Gm17654,0.0,0.0
Gm17655,0.1748326813222043,-1.1760991713982598
Gm17657,0.22905276120799378,-0.2699986795109228
Gm17660,0.0,0.0
Gm17662,0.0,0.0
Gm17720,0.0,0.0
Gm17728,0.0,0.0
Gm17783,0.0,0.0
Gm17949,0.5773907940512375,-1.0323103941141438
Gm18336,0.6286768292044441,0.0
Gm18596,0.0,0.0
Gm19345,-0.2617624811595274,-1.0559811046591014
Gm19402,0.0,0.0
Gm19410,-1.0597501931490774,-3.0447508215416557
Gm19426,1.7422158212560723,-0.7262835826026763
Gm19668,0.0,0.0
Gm19684,1.5652157999322083,-0.4148332707502591
Gm1979,1.2545695425942522,-1.0865860079166236
Gm1993,0.0,0.0
Gm19935,0.25218634576632937,-0.44656908196376366
Gm19965,0.0,0.0
Gm2000,0.0860145596315669,0.2660554953643164
Gm2001,1.8296276124922597,-0.867688124620985
Gm2004,-0.6191643711818378,-1.2601860853115365
Gm20075,-0.42233864887813466,-0.7752154098817051
Gm2012,0.0,0.0
Gm2016,0.0,0.0
Gm20219,-0.4186512865371217,-0.5175495730779129
Gm2022,0.0,0.0
Gm2026,0.55955637034468,-1.4975149555835117
Gm2030,0.0,0.0
Gm2035,0.0,0.0
Gm20379,0.8521161426844843,-4.5014982612512915
Gm20403,0.0,0.0
Gm2042,0.9857827634734923,0.0
Gm20481,0.47652920703648416,0.0
Gm2056,0.0,0.0
Gm20594,0.9893578192771741,-0.6081980832672311
Gm20721,-0.816572163047423,-0.5231029828204736
Gm20730,0.0,0.0
Gm20736,0.0,0.0
Gm20737,0.0,0.0
Gm20738,0.0,0.0
Gm20741,0.0,0.0
Gm20747,0.0,0.0
Gm2075,0.0,0.0
Gm20767,0.6167823977629916,0.5770833763080796
Gm20772,0.0,0.0
Gm20773,0.0,0.0
Gm20777,0.0,0.0
Gm20795,0.0,0.0
Gm20806,0.0,0.0
Gm20807,0.0,0.0
Gm20809,0.0,0.0
Gm20812,0.0,0.0
Gm20814,0.0,0.0
Gm20815,0.0,0.0
Gm20816,0.0,0.0
Gm20817,0.0,0.0
Gm20820,0.0,0.0
Gm20821,0.0,0.0
Gm20823,0.0,0.0
Gm20824,0.0,0.0
Gm20825,0.0,0.0
Gm20826,0.5007810255949119,-0.24009597054993836
Gm20828,0.0,0.0
Gm20830,0.0,0.0
Gm20831,0.0,0.0
Gm20834,0.0,0.0
Gm20837,0.0,0.0
Gm20843,0.0,0.0
Gm20850,0.0,0.0
Gm20852,0.0,0.0
Gm20854,0.0,0.0
Gm20855,0.0,0.0
Gm20865,0.0,0.0
Gm20867,0.0,0.0
Gm20869,0.0,0.0
Gm20870,0.0,0.0
Gm20873,0.0,0.0
Gm20877,0.0,0.0
Gm20878,-0.3328774966266419,-0.03485984902883299
Gm20888,0.0,0.0
Gm20894,0.0,0.0
Gm20896,0.0,0.0
Gm20897,0.0,0.0
Gm20903,0.0,0.0
Gm20906,0.0,0.0
Gm20908,0.0,0.0
Gm20911,0.0,0.0
Gm20914,0.0,0.0
Gm20917,0.23452371786357948,0.0
Gm20918,0.0,0.0
Gm20924,0.0,0.0
Gm20937,0.0,0.0
Gm21028,0.0,0.0
Gm21060,0.0,0.0
Gm21083,0.0,-0.2218593794753994
Gm21094,0.0,0.0
Gm21095,0.0,0.0
Gm21103,-0.8406761185134314,0.7048294400954226
Gm21117,0.0,0.0
Gm21118,0.0,0.0
Gm21119,0.10353333296530653,-0.618466001298513
Gm21149,0.5553908421441962,0.0
Gm2115,1.4642129923823104,-0.7015909016619624
Gm21188,0.2891704331783149,2.9014140227231247
Gm21190,0.0,0.0
Gm21244,0.302567951264086,-0.4528026382456254
Gm21256,0.0,0.0
Gm21292,0.0,0.0
Gm21293,0.0,0.0
Gm21294,0.0,0.0
Gm21310,0.0,0.0
Gm21312,0.0,0.0
Gm21319,0.23452371786357948,-0.2152727868316063
Gm21394,0.0,0.0
Gm21409,0.0,0.0
Gm21411,1.0594479451315115,0.10335523363019106
Gm21425,0.0,0.0
Gm21440,-0.23690106472386616,0.0
Gm21454,0.0,0.0
Gm21488,0.0,0.0
Gm21497,0.0,0.0
Gm21518,0.0,0.0
Gm21541,-0.5865961063965863,-0.25357474579384465
Gm21560,0.3822586798994121,-0.3886351608734172
Gm21586,0.0,0.0
Gm21627,0.0,0.0
Gm21637,0.0,0.0
Gm21650,0.0,0.0
Gm21663,-0.4683889366453209,0.0
Gm21671,0.664845959483704,-0.8814008793458477
Gm21677,0.0,0.0
Gm21680,0.19754358109464396,-0.8764624667501477
Gm21693,0.0,0.0
Gm21698,-0.9793731420923641,1.08792948750167
Gm21704,0.0,0.0
Gm21708,0.0,0.0
Gm21719,0.0,0.0
Gm21721,0.0,0.0
Gm21731,0.0,0.0
Gm21738,3.1235906274239555,-1.9073060584805521
Gm21739,0.0,0.0
Gm2174,-0.7942282131640063,0.9531585077441661
Gm21748,-0.17701459603676817,0.6394386371730096
Gm21750,0.6932070885030077,-0.6804495604193033
Gm21760,0.0,0.0
Gm21761,0.593827491513641,-2.317749716540858
Gm21762,-0.7545535838158223,0.2517475928686984
Gm21767,0.0,0.0
Gm21773,0.0,0.0
Gm21776,0.0,0.0
Gm21778,0.0,0.2517475928686984
Gm21797,0.0,0.0
Gm21798,0.3754544065188601,-0.42811183242342066
Gm21800,0.0,0.0
Gm21812,0.0,0.0
Gm21818,1.3397326776000895,0.0
Gm21820,0.0,0.0
Gm21828,0.0,0.0
Gm21830,0.0,0.0
Gm21833,0.32304982213116595,-1.0483816428414583
Gm21834,0.0,0.0
Gm21836,0.0,0.0
Gm21854,0.0,0.0
Gm21858,0.0,0.0
Gm21861,0.0,0.0
Gm21863,-0.22082010532603893,0.0
Gm21865,0.0,0.0
Gm21866,0.0,0.0
Gm21874,0.4457283388535284,0.0
Gm21876,0.0,0.0
Gm21882,0.0,0.0
Gm21885,0.40360397245494983,-1.1704844728927237
Gm21886,-0.49237276033989463,-3.657246474862486
Gm21897,1.129367199556932,-1.0288267683055716
Gm21903,0.0,0.0
Gm21905,0.0,0.0
Gm21915,0.3678025766408618,0.0
Gm21921,0.2667182082057698,0.0
Gm21936,0.0,0.0
Gm21943,0.0,0.0
Gm21953,0.0,0.0
Gm21954,0.0,0.0
Gm21958,0.31940207828564904,0.25555345956664705
Gm21961,0.0,0.0
Gm21962,1.1104107764842324,-1.1776188769040035
Gm21976,0.32673638447219744,-0.5934636479322952
Gm21977,0.0,0.0
Gm21994,-0.7993187021990894,-1.0282564883085583
Gm21996,0.0,0.0
Gm2237,-0.19548001211109423,0.6205620093030593
Gm2244,0.09966890976517373,-0.6136506900525933
Gm2381,-0.22192471783370138,-1.7815989782573745
Gm26566,-0.8009286863786107,0.4249352541139366
Gm266,0.0,0.0
Gm26602,0.0,0.0
Gm26620,1.6897596873305165,-0.6357420030224898
Gm2663,0.0,0.0
Gm26657,0.7224645035762397,0.0
Gm26741,0.0,0.0
Gm26897,0.0,0.0
Gm27179,0.0,0.0
Gm28040,0.0,0.0
Gm28079,0.0,0.0
Gm281,0.0,0.0
Gm28102,0.0,0.0
Gm28168,-0.5234226061380082,0.0
Gm28171,0.0,0.0
Gm28269,0.0,0.0
Gm2832,0.0,0.0
Gm28360,0.22888442284205604,0.0
Gm28363,0.0,0.0
Gm28490,0.0,0.0
Gm28510,0.0,0.0
Gm28553,0.0,0.0
Gm28557,0.1538284313513607,0.12665315030710378
Gm28710,0.0,0.0
Gm28729,-0.10977553417340272,0.0
Gm28870,0.0,0.0
Gm2888,0.0,0.0
Gm28891,0.0,0.0
Gm28897,0.0,0.0
Gm28919,0.0,0.0
Gm28961,0.0,0.0
Gm2897,-1.8368821228975443,-2.6403997773915284
Gm28998,0.0,0.0
Gm29049,0.0,0.0
Gm29106,0.8466530500998736,-1.3558078531348716
Gm29110,0.0,0.0
Gm29133,0.0,0.0
Gm2916,-0.7564393210750371,2.20274874595365
Gm29276,0.0,0.0
Gm29289,0.0,0.0
Gm29394,-0.2587227375001717,-0.2805188832458745
Gm29423,0.0,0.0
Gm29554,0.4183636864206829,-0.9144851526492497
Gm2956,0.35777917243616963,-0.18205576075496133
Gm29564,0.0,0.0
Gm29582,0.0,0.0
Gm29666,0.6943628095707783,-0.4561274581026229
Gm29695,-0.46995425507161936,-3.8948050604743605
Gm29735,0.0,0.0
Gm2974,0.7863125001822171,-0.18337729284026683
Gm29776,-1.037495126062843,-1.6947852385611102
Gm29797,0.19860603803558602,-0.5314815742489243
Gm29866,0.0,0.0
Gm2a,-0.43288902836892973,1.1438520865001962
Gm3002,-0.08793875701317244,0.35220573674093103
Gm3005,0.06797474027768047,0.388661430352081
Gm30083,0.0,0.0
Gm3015,0.0,0.0
Gm30191,-0.8352946226614812,-1.4158878393645864
Gm3020,0.0,0.0
Gm3029,0.0,0.0
Gm30302,0.0,-0.21283904559181435
Gm3033,0.0,-0.3886351608734172
Gm3043,0.0,0.0
Gm3045,-0.7442427114640471,-0.35820978814101395
Gm3047,0.05851650626821203,0.0
Gm3055,-0.1566323945218535,0.3103140500374124
Gm3072,0.0,0.0
Gm30737,0.0,0.0
Gm3095,-2.1450001397318665,-1.01690000475367
Gm3099,0.0,0.0
Gm3106,0.0,0.0
Gm3115,0.4684491062788465,0.0
Gm3127,0.0,0.0
Gm31371,0.26953874019593127,-0.6475956662024308
Gm3138,0.0,0.0
Gm3139,0.0,0.0
Gm3147,0.0,0.0
Gm3149,-0.44678382169875286,-0.2218593794753994
Gm3159,0.7047331209735996,0.25325806877877893
Gm3164,1.0247733250565707,-1.2349515034313416
Gm3173,-0.26071962573254104,-0.013843962718172342
Gm3182,-0.3493402176101932,-0.760563251677499
Gm3183,0.3822586798994121,0.0
Gm3187,1.1382530881354391,0.0
Gm3194,-0.24441520955778362,-0.6045932020975657
Gm3233,0.0,0.0
Gm3238,0.0,0.0
Gm3239,-0.11007413724907456,1.2492214196968265
Gm3248,-0.30360856458378027,-0.26570527455563564
Gm3250,0.0,0.0
Gm3252,-1.7515631221898809,0.49962235758977425
Gm3259,0.0,0.0
Gm3264,0.017118332945375236,0.4609664148664361
Gm32687,-0.06025723403519301,-0.7481562014078564
Gm3269,0.3754544065188601,0.0
Gm32717,1.1805908823258984,0.0
Gm32742,0.9999617204868434,-0.7620811522310706
Gm3278,-0.6415433915346004,-0.4346984250672138
Gm3285,0.0,0.0
Gm3286,0.0,0.0
Gm3298,-0.5592891220028741,1.0065054461379086
Gm3317,0.6200651260325509,0.0
Gm3327,0.0,0.0
Gm3336,1.2651506896504732,-0.6992123658176433
Gm33543,1.5657215022237434,-0.6400851675862522
Gm3371,0.23452371786357948,0.0
Gm3373,-1.1693277025028301,-1.1404058034100237
Gm3376,0.0,0.0
Gm33815,0.0,0.0
Gm3383,-0.5854373314230218,0.38414373088433396
Gm3402,0.0,0.0
Gm3404,0.0,0.0
Gm34066,0.0,0.0
Gm3409,0.0,0.0
Gm3411,-0.9586188792604418,1.1358078180262687
Gm3415,0.0,0.0
Gm3417,2.3256037246191066,-0.8788952884659698
Gm3424,0.0,0.0
Gm3435,0.017684253688383222,-0.5100437143105641
Gm3448,-0.0071128557030446515,-0.17205078657468498
Gm3453,0.32023633105517224,-0.21283904559181435
Gm3460,0.9156157552949226,-0.24431098970421622
Gm34653,0.7705259002404937,-0.780886673598669
Gm3468,-0.6207657550290344,0.5866113669101907
Gm3476,0.0,0.0
Gm3486,0.0,0.0
Gm3488,-0.6026389438134068,0.8384436770492663
Gm3500,0.21044718212820113,0.14073258104024333
Gm35060,0.23452371786357948,-0.21283904559181435
Gm3512,-0.073877352639939,-1.128821669646619
Gm3526,-0.4682678221951381,0.0
Gm35315,-0.20168443360990373,-0.9790170080850649
Gm3532,0.0,0.0
Gm35339,0.6599537901007997,-0.8240503572893747
Gm3542,-0.23690106472386616,-0.21283904559181435
Gm3543,0.4678442022770503,0.0
Gm3550,0.20627401701601067,0.7061641269606613
Gm35549,0.15404968747663483,-0.7190578014100453
Gm3558,0.5696351579574523,-1.3040347999353918
Gm3573,0.47652920703648416,0.0
Gm3591,-1.901730993181872,0.22190564246573619
Gm3594,0.0,0.0
Gm36028,-1.7352930125447426,-0.1506575861470174
Gm3604,-0.4911558042265227,0.6379669863969193
Gm36079,0.5636374491960636,0.39733753613432565
Gm36176,0.0,0.0
Gm36210,0.04159063006511543,-1.4938015898399741
Gm36245,0.0,0.0
Gm3629,-1.007462816545604,0.38732170262587196
Gm3633,0.0,0.0
Gm3636,-0.22419878705191287,-0.9283466179619966
Gm36368,0.0,0.0
Gm364,0.0,0.0
Gm3642,0.0,0.0
Gm3646,0.0,0.0
Gm3667,-1.130382217340408,-0.30371565168993
Gm3676,0.0,0.0
Gm3685,-0.8406761185134314,0.0
Gm36864,0.3800397000071246,-0.5980407018310337
Gm3696,1.9250643634017268,1.4910529040814495
Gm37240,0.4990730033129829,-1.6069192896271343
Gm3727,0.0,0.0
Gm3739,-0.011483655050519737,-0.9906011846421094
Gm37418,0.0,0.0
Gm37419,0.0,0.0
Gm37511,0.0,0.0
Gm3752,0.3913974849290556,1.3245701606671072
Gm3755,1.6453352716302785,-0.7086040406327596
Gm37596,0.0,0.0
Gm37722,0.0,0.0
Gm3776,-0.3567848041086102,-1.0910011429069366
Gm37797,0.23452371786357948,0.0
Gm37944,0.0,0.0
Gm37961,0.23956468343679047,0.0
Gm37976,0.0,0.0
Gm38100,0.0,0.0
Gm38119,0.0,0.0
Gm38184,0.0,0.0
Gm382,0.0,0.0
Gm38203,0.0,0.0
Gm38205,0.0,0.0
Gm3839,0.13795255177550825,-0.4286680722828482
Gm38393,-0.00011165189581330281,-0.715591108987697
Gm38394,-0.000160924904553994,-0.5877763451486491
Gm3854,0.715140550481216,-1.1478174758902897
Gm38655,0.0,0.0
Gm3880,0.0,0.0
Gm3893,0.0,0.0
Gm39115,-0.22082010532603893,-0.9027503918915598
Gm3952,0.0,0.0
Gm39566,0.0,0.0
Gm39653,0.2956370359742702,0.0
Gm40193,0.0,0.0
Gm4027,0.23956468343679047,0.0
Gm40460,0.0,0.0
Gm4064,0.0,0.0
Gm4070,-0.13285731572986315,1.2871389870875731
Gm4125,0.0,0.0
Gm4131,0.24167961013328154,-0.01683987812091081
Gm4133,-0.22915837926285726,0.0
Gm4141,0.0,0.0
Gm4175,0.0,0.0
Gm4177,0.0,0.0
Gm4181,-0.7992683216397618,0.0
Gm4214,0.0,0.0
Gm42372,-0.3039994752304338,-1.0667766266250194
Gm42517,-0.2452672875183366,-2.2071494767273983
Gm42539,0.0,0.0
Gm42542,0.0,0.0
Gm42543,0.0,0.0
Gm42606,0.0,0.0
Gm42643,0.0,0.0
Gm42667,0.0,0.0
Gm42720,0.0,0.0
Gm42742,-0.7397020660252362,-2.4658350041014057
Gm42791,0.3754544065188601,0.0
Gm428,0.0,0.0
Gm42924,0.0,0.0
Gm42925,0.0,0.0
Gm42958,0.0,0.0
Gm4297,0.4678442022770503,0.0
Gm42990,0.0,0.0
Gm4301,0.0,0.0
Gm4302,0.0,0.0
Gm4303,0.0,0.0
Gm43218,0.0,0.0
Gm43220,0.0,0.0
Gm43284,0.7737155555556836,0.0
Gm4340,0.0,0.0
Gm4356,0.020864147960667268,-0.01872524997316205
Gm43583,0.0,0.0
Gm43586,0.0,0.0
Gm436,0.0,0.0
Gm43739,0.0,0.0
Gm438,0.0,0.0
Gm43951,-1.218181864915607,0.5439006176224184
Gm44,0.0,0.0
Gm4450,0.5012419260693493,0.0
Gm44501,0.0,0.0
Gm4491,0.0,0.0
Gm4498,0.0,0.0
Gm45015,1.2533981975857567,-0.9867549665823847
Gm4513,0.4678442022770503,0.0
Gm45194,0.0,0.0
Gm45261,0.3678025766408618,0.0
Gm45337,0.0,0.0
Gm454,0.0,0.0
Gm45521,0.0,0.0
Gm4553,0.0,0.0
Gm4559,0.0,0.0
Gm45618,-0.21789939885669682,-0.883491642401978
Gm45623,-1.4234076921193617,1.7357959944747394
Gm4567,0.0,0.0
Gm45716,1.4161291859846887,-1.2733106498371285
Gm45752,0.37910908749087435,-0.028361084434392225
Gm45871,0.18376452104553564,-0.4167228269236567
Gm45902,-0.29161517240990165,-0.02446576073310247
Gm4631,-0.0981351724721744,-0.4065702383273635
Gm4707,2.0823077724428147,-0.3555229566128375
Gm47189,0.0,0.0
Gm4724,-0.6106791109050302,0.42778335373847387
Gm4737,-1.1065675792202563,-0.8496422645695827
Gm47429,0.0,0.0
Gm4744,0.0,0.0
Gm4756,-0.16550483887247314,-0.54505770110132
Gm4767,1.8113127293405127,2.959899386412052
Gm4778,0.0,0.0
Gm4779,-0.7289353851090756,-3.9148961422135224
Gm47791,0.0,0.0
Gm47841,0.0,0.0
Gm4787,0.28864793331208105,-2.6671380384267374
Gm4788,-0.26946931542457486,0.8451582355870693
Gm4791,-0.16303095789078892,-1.6078615138739591
Gm4792,0.3092328816647676,-0.9504781851434423
Gm47955,0.0,0.0
Gm47959,0.0,0.0
Gm47969,0.0,0.0
Gm47985,0.0,0.0
Gm47995,0.23452371786357948,0.0
Gm47996,0.0,0.0
Gm4841,0.07867009013308168,0.7276316755554149
Gm4846,0.0,0.0
Gm4847,0.0,0.0
Gm48552,0.7848296255391709,-0.9762841423205257
Gm4858,0.0,0.0
Gm4869,0.0,-0.6400851675862522
Gm4871,0.0,0.0
Gm4881,1.0115153764792524,0.0
Gm4884,0.3754544065188601,0.0
Gm4894,0.23956468343679047,0.0
Gm49027,0.9467184402072512,-0.3886351608734172
Gm4907,0.0,0.0
Gm4922,-0.7484061638972601,-3.097788095270438
Gm4924,0.6781417311898901,-0.6549653811849971
Gm49322,-1.2145818077103883,-1.9139689241897786
Gm49336,-0.16289860476846485,0.15703681326981567
Gm49359,0.1192813599872089,-0.2874936333362186
Gm49380,-1.1348767809845253,-1.8833161881613156
Gm49403,0.5928817650507803,-0.8494638131047765
Gm49425,0.0,0.0
Gm4951,0.16029500288411924,0.9627718528326694
Gm4952,-1.133898650036878,0.39282814967505963
Gm49527,-1.0895301886465125,-1.163004046059485
Gm49661,0.0,0.0
Gm4969,-0.9761322863689479,-0.5477320841851085
Gm4981,0.0,0.0
Gm49835,0.0,0.0
Gm4985,0.0,0.0
Gm49918,0.0,0.0
Gm50092,-1.437304923419188,0.5060812181815391
Gm50241,-2.675174554447251,-1.033498801796596
Gm5039,0.008064317516017105,0.0
Gm50426,0.0,0.0
Gm50427,0.0,0.0
Gm50428,0.0,0.0
Gm5065,0.0,0.2401743143671594
Gm5072,0.0,0.0
Gm5096,0.0,0.0
Gm5105,0.2395101388678923,0.0
Gm5108,0.9267031990555734,-1.1011688964147583
Gm5114,0.0,0.0
Gm5127,-0.9271205988399442,2.469461104074404
Gm5128,-0.9121211999077907,0.0
Gm5134,0.4511307867098502,-2.442310551638136
Gm5136,2.9084324577126415,-2.6808240318472887
Gm5141,0.7574513980583433,-0.18572106006376288
Gm5142,0.0,0.0
Gm5148,-0.023279034068119486,0.7973658783398463
Gm5150,-0.45859583758681655,1.6987439768542005
Gm5152,0.0,0.0
Gm5155,0.0,0.0
Gm5157,0.0,0.0
Gm5168,0.0,0.0
Gm5169,0.0,0.0
Gm5244,-0.33724228687871594,-0.8195132763277944
Gm525,-0.7121413016768943,-2.08698248271185
Gm5269,0.7540427551864661,0.8680290746387083
Gm527,0.5099209384007817,-1.7734575806701462
Gm5286,-0.2154087266458899,0.0
Gm5294,0.0,0.0
Gm5346,0.0,0.0
Gm5414,0.0,0.0
Gm5415,-0.46257569050699754,-1.6387835415436744
Gm5426,0.0,0.0
Gm5431,0.021042302728945472,0.7308829033060835
Gm5458,-0.5784985968730505,0.725260844227758
Gm5460,0.20444261300698408,-2.01864486829354
Gm5475,-1.7272259476728524,-0.23621942223538195
Gm5478,0.8150481327319583,-2.0449527602274498
Gm5485,0.0,0.0
Gm550,0.2667182082057698,0.0
Gm5538,0.0,0.25325806877877893
Gm5565,0.0,0.0
Gm5580,0.11605628322947908,0.18572982687136233
Gm5591,0.0,0.0
Gm5592,0.0,0.0
Gm5617,0.8492246695235552,0.26377368934056467
Gm5622,0.0,0.0
Gm5624,0.7224645035762397,0.0
Gm5640,0.0,-0.7282243797812842
Gm5662,0.0,0.0
Gm5678,-0.3493402176101932,-0.5980407018310337
Gm5698,0.0,0.0
Gm572,-0.5199597855187045,-0.21283904559181435
Gm5724,0.22888442284205604,0.0
Gm5725,0.0,0.0
Gm5726,0.0,0.0
Gm5728,0.0,0.0
Gm5737,0.0,0.0
Gm5741,-0.19915482074594526,-1.0575300753787327
Gm5751,0.0,0.0
Gm5767,-0.974007803491642,-0.345790212076149
Gm5771,0.0,0.0
Gm5773,0.0,0.0
Gm5788,0.0,0.0
Gm5795,1.970356918038634,0.8805137819272855
Gm5796,-0.5944489271055018,0.8195150064840588
Gm5797,0.0,0.0
Gm5798,0.0,0.0
Gm5799,-0.2154087266458899,0.0
Gm5800,0.0,0.0
Gm5849,0.0,0.0
Gm5861,0.0,0.0
Gm5862,0.0,-0.2218593794753994
Gm5868,0.4081716686129093,-2.6889634335809283
Gm5890,0.0,0.0
Gm5891,0.7922796394448164,-1.8916668439028688
Gm5901,-0.3681752925118766,0.0
Gm5916,0.0,0.0
Gm5926,0.0,0.0
Gm5930,0.0,0.0
Gm5934,-0.33040469916081805,0.0
Gm5935,0.0,0.0
Gm5936,0.0,0.0
Gm5938,0.0,0.0
Gm5941,-0.43622883197192885,-0.3157825708385818
Gm595,0.0,0.0
Gm5965,0.0,0.0
Gm597,0.0,0.0
Gm6020,0.0,0.0
Gm6034,0.23956468343679047,-0.20413667033090588
Gm6040,0.0,0.0
Gm609,0.8428936798874815,-1.239724516627365
Gm6121,0.0,0.0
Gm6133,0.0,0.6516545031934736
Gm614,0.0,0.0
Gm6164,0.0,0.0
Gm6169,0.07303714612759826,-1.2431805254969879
Gm6176,0.0,0.0
Gm6205,0.0,0.0
Gm6217,0.0,0.0
Gm6268,0.0,0.0
Gm6309,0.0,-0.6355754596684677
Gm6337,-0.9455477172954257,-0.5343389841738989
Gm6351,0.0,0.0
Gm6356,0.0,0.0
Gm6358,0.0,0.0
Gm6367,0.0,0.0
Gm6370,0.0,0.0
Gm6377,-2.1609579907511094,1.9745459405729764
Gm6401,0.0,0.0
Gm6408,0.0,-1.0740145918574333
Gm6460,0.0,0.0
Gm6465,0.0,0.0
Gm648,0.7540427551864661,0.0
Gm6482,0.0,0.0
Gm6502,0.0,0.0
Gm6509,0.0,0.0
Gm6525,0.9594066423201015,-2.34633766553318
Gm6526,0.9044106429204944,0.0
Gm6569,0.0,-0.21283904559181435
Gm6583,-0.12979027945882926,0.24933200656888221
Gm6588,0.24708655414003844,0.2992826355910625
Gm6592,0.0,0.0
Gm6614,0.0,-0.5901012017803653
Gm6619,0.0,0.0
Gm6657,0.3754544065188601,-0.5610629989077554
Gm6676,1.299244467583909,0.5025705885872588
Gm6710,-0.10559641298101319,-0.4048151268128217
Gm6760,0.0,0.0
Gm6763,0.0,0.0
Gm6803,0.0,0.0
Gm6812,0.0,0.0
Gm6871,0.31774135611646503,-1.2570668258874833
Gm6880,0.22888442284205604,0.0
Gm6882,2.243136328947867,-1.553618986356998
Gm6890,0.22888442284205604,0.0
Gm6902,0.45406661279034677,-0.5929201470067529
Gm6993,0.0,0.0
Gm7003,0.0,0.0
Gm7030,0.0,-0.4571500352960306
Gm7072,-0.24251137285501123,0.1296682083803109
Gm7073,0.0,0.0
Gm7075,0.0,0.0
Gm7102,0.350386179247403,-0.2953093454705886
Gm7137,0.0,0.0
Gm7138,0.0,0.0
Gm7145,0.0,0.0
Gm7168,0.0,0.0
Gm7233,0.0,0.0
Gm7247,0.23868582301419305,0.0
Gm7271,0.34726403024493746,-0.35820978814101395
Gm7298,0.2667182082057698,0.0
Gm732,0.0,0.0
Gm7324,-1.1062380375979992,0.466719402243714
Gm7347,-0.546531710192555,-0.5863532064420514
Gm7356,0.5319430012447552,0.0
Gm7358,0.0,0.0
Gm7361,-1.4576422388910169,-1.029069811208422
Gm7489,0.7737155555556836,0.0
Gm7534,-2.830107409315147,-1.0560933364055247
Gm7544,0.0,0.0
Gm7579,0.0,0.0
Gm765,-1.005020684577517,-1.8561286258564285
Gm7682,0.0,0.0
Gm7694,-0.43000444847705843,-0.07816577473988051
Gm7697,0.22888442284205604,0.0
Gm7714,0.0,-0.35820978814101395
Gm773,0.0,0.0
Gm7735,0.0,0.0
Gm7792,0.0,0.0
Gm7849,0.0,0.0
Gm7861,0.0,0.0
Gm7876,0.0,0.0
Gm7879,-0.6653365874662673,0.5082984490340398
Gm7903,-0.6972733594873769,0.5652183533161512
Gm7929,0.0,0.0
Gm7942,0.0,0.0
Gm7945,0.0,0.0
Gm7951,0.9056026090479357,0.0
Gm7954,0.0,0.0
Gm7970,0.0,0.0
Gm7978,0.0,0.0
Gm7980,0.3678025766408618,0.0
Gm7982,0.0,0.0
Gm7995,0.0,0.0
Gm8005,0.0,0.0
Gm8011,0.0,0.0
Gm8020,0.0,0.0
Gm8024,0.683760325373641,0.7530527530613204
Gm8050,0.06362669826486478,0.13116646802569498
Gm8068,0.0,0.0
Gm8082,0.0,0.0
Gm8094,0.0,0.0
Gm8104,0.92632207085749,-1.3228191963186955
Gm8108,-1.2629730950415552,0.4717459502675464
Gm8113,-0.5173532853443605,-0.22972016379168547
Gm8122,0.0,0.0
Gm8126,-0.21226010383517338,0.25082299571856037
Gm8127,0.0,0.0
Gm813,0.0,0.0
Gm8138,0.5636374491960636,0.0
Gm815,0.0,0.0
Gm8159,-1.3264551553342985,-1.1660203473863981
Gm8165,0.3822586798994121,0.0
Gm8180,0.0,0.0
Gm8206,0.6226546563839166,-0.8962750101113315
Gm8212,0.0,0.0
Gm8220,0.0,0.0
Gm8229,0.0,0.0
Gm8232,0.0,0.0
Gm8237,2.728094856699922,0.08681424331750254
Gm8246,0.2667182082057698,0.5012337905116021
Gm8247,0.8362058561735692,0.0
Gm8251,0.48346645152971046,-2.3144718795892154
Gm8257,0.8114754677692034,0.0
Gm826,-0.13021426666930624,0.6884614696867803
Gm8265,0.0,0.0
Gm8267,1.3341580255376155,0.0
Gm8271,0.0,0.0
Gm8279,-0.9274644145147506,0.05830705052152885
Gm8281,-0.13142003857665463,-2.573959645904755
Gm8297,0.0,-0.3886351608734172
Gm8298,0.0,0.0
Gm8300,0.0,0.0
Gm8332,0.0,0.0
Gm8334,0.23452371786357948,-0.24431098970421622
Gm8356,-0.6873717855792186,-0.4610778645604505
Gm8362,-0.8065502594801807,-0.6355754596684677
Gm8369,-0.33916159328574125,-0.08024798647264486
Gm8374,0.0,0.0
Gm8439,1.3469252916689016,-1.6295897005723288
Gm867,0.3754544065188601,-0.4569204579033296
Gm8693,0.0,0.0
Gm8765,1.0082392734192631,0.0
Gm8773,-0.22082010532603893,-0.35820978814101395
Gm8797,0.23480409961173443,-0.5580532216388114
Gm884,0.0,0.0
Gm8857,0.683760325373641,0.0
Gm8871,0.0,0.0
Gm8879,0.0,0.0
Gm8882,0.0,0.0
Gm8890,0.0,0.0
Gm8897,0.0,0.0
Gm8906,0.0,0.0
Gm8909,0.08394465393964412,-0.22561384460414025
Gm8922,0.0,0.0
Gm8926,0.0,0.0
Gm8947,0.0,0.0
Gm8978,0.0,-0.345790212076149
Gm8994,0.0,0.0
Gm9,0.0,0.0
Gm9008,0.0,-0.3886351608734172
Gm904,-0.23690106472386616,0.0
Gm9040,0.0,0.0
Gm9045,0.238696106013836,0.0
Gm9046,0.0,0.0
Gm9048,-0.5865961063965863,0.0
Gm906,0.0,0.0
Gm9112,0.0,0.0
Gm9117,0.0,0.0
Gm9125,0.5460770418021937,0.0
Gm9195,-0.46433645871256335,-1.3747969796176012
Gm9376,0.0,0.0
Gm94,0.0,0.0
Gm9495,0.23452371786357948,-0.7937635909049159
Gm9507,0.0,0.0
Gm9508,0.0,0.0
Gm9573,1.0226062488386778,0.0
Gm960,0.427804568341454,-1.7029507143390163
Gm9602,0.0,-0.2152727868316063
Gm9611,0.0,0.0
Gm9639,0.0,0.0
Gm973,0.6516841879321715,-5.54337090609056
Gm9732,2.1658963829090174,-0.310244110951195
Gm9733,0.47170765927639824,-1.2814541533270427
Gm9736,0.0,0.0
Gm9745,0.0,0.0
Gm9747,-0.34914830839050737,-0.7264191577056875
Gm9758,0.0,-0.2152727868316063
Gm9774,-1.1900163361236245,-1.0411831490845096
Gm9780,-0.9011841579200053,-2.1632888630700444
Gm9789,0.0,0.0
Gm9803,1.1289937680003135,-2.4427052688298785
Gm9833,0.0,-0.6355754596684677
Gm9844,-0.5592891220028741,0.7624378217535339
Gm9903,-0.972891856012176,0.9029296257982056
Gm9918,0.07417157392854268,-1.224098779958016
Gm9925,0.8743014760942902,-1.045573831842462
Gm9955,0.0,0.0
Gm9999,-0.19654174918061385,2.142065026716741
Gmcl1,0.22704088790304588,-0.39447930556384847
Gmds,-0.04090748896124374,0.23625082704590117
Gmeb1,-0.5144297917007563,0.5427030508486421
Gmeb2,-0.16682990593883495,-0.21445659313116305
Gmfb,-0.48998758514298935,0.7028432731313341
Gmfg,-0.7099627603230108,1.471961424686846
Gmip,-0.3340803902759113,0.9959330025784325
Gml,0.0,0.0
Gml2,-0.3493402176101932,0.0
Gmnc,0.6748867181163857,-1.4949641078654636
Gmnn,-0.43800209359327447,0.45781592748279554
Gmppa,-0.2771366645074682,0.353193796738303
Gmppb,0.23108588342244651,0.1378442081492004
Gmpr,-0.9506859906459777,0.48485493966430404
Gmpr2,-0.3292730372089476,0.41350211622074085
Gmps,-0.10395066670491815,-0.03571196389535913
Gna11,-0.3048805593558743,-0.3692491813441787
Gna12,-0.2642794927521397,0.2215551830187632
Gna13,-0.17014928846548472,0.5403451360945848
Gna14,1.3125691166853084,-0.7618768081272647
Gna15,-0.35754736042363255,0.7733267393022984
Gnai1,0.021216728785534933,-0.6983407784282294
Gnai2,-0.03402946330260903,1.28978260682781
Gnai3,-0.22857918904242958,0.6180096226670777
Gnal,0.03813709017787392,-0.23233548697936168
Gnao1,-0.004157075808876698,-0.9224985724126995
Gnaq,0.06771592187613429,0.363284946418295
Gnas,-0.03650552352569569,0.004093362919016741
Gnat1,0.33178916951466775,-0.996892585006492
Gnat2,0.4108936062784174,-0.693062703048728
Gnat3,0.6611911938841741,-2.5703015213005935
Gnaz,0.41700763633079774,-0.6793606441363451
Gnb1,0.09683664576258266,-0.8675054194812652
Gnb1l,-0.007494111472370335,0.1256198199511962
Gnb2,-0.004841934994351149,0.5415308048759364
Gnb3,1.4433047059718422,-0.8954040666374432
Gnb4,-0.5205317511896359,-1.575541000658264
Gnb5,0.10495574527427287,-0.6872975709543976
Gne,-0.11007503079742165,0.3343312973173731
Gng10,-0.7193809817824715,1.4297824973016002
Gng11,1.4061050363568057,-1.5150041481446124
Gng12,-0.402180777443089,1.1584135542849836
Gng13,1.342444291680236,-0.9633227363714578
Gng2,-1.038856871965713,0.980440932783468
Gng3,-0.7972362167637392,-0.38444475229270303
Gng4,0.41363506188430943,-0.7782480531804037
Gng5,0.021184356157835538,1.1367283664239949
Gng7,-0.43486168317690144,-0.8332039395115807
Gng8,0.915075176555693,0.10611522408413965
Gngt1,1.1712261646597337,-1.2563087591121143
Gngt2,-0.11844756358500419,0.8098322996043397
Gnl1,-0.16916006386324334,-0.4228901726930214
Gnl2,-0.3690273084710416,-0.15158832415211165
Gnl3,0.38808514444761855,0.3170276060630961
Gnl3l,-0.6879617255307888,-0.2677207434946105
Gnmt,-0.019104739586779385,-0.6950487240397756
Gnpat,-0.27606900515161925,0.32649054472526196
Gnpda1,-0.5423421470587311,0.7917226361061935
Gnpda2,-0.1458426574382603,0.19643028014788477
Gnpnat1,0.5022238521773925,0.13057220312082585
Gnptab,0.17468764861316366,1.2791555995448345
Gnptg,-0.011365038878679457,0.10607210311869153
Gnrh1,0.03153781637931541,-1.6991690255014529
Gnrhr,0.49560263104782587,-0.345790212076149
Gns,0.20316803323539645,0.6070279683085165
Golga1,-0.028154489949193007,-0.11167636567401118
Golga2,-0.5440792044128102,0.029704524659772247
Golga3,-0.4546497726872154,-0.05047038823242822
Golga4,0.24222377954784413,-0.8497185383565338
Golga5,-0.23677239149378515,0.5976255636185179
Golga7,-0.08969031466364541,0.2792973039483808
Golga7b,-1.397196583952204,-0.8407325684114353
Golgb1,0.49637699675523805,-0.3220911711440593
Golim4,0.5195256025386907,-0.34130450033797466
Golm1,-0.6397962086687574,1.0340234897908473
Golph3,0.627950650007401,0.3299207095792145
Golph3l,-0.04463486351671264,0.47993922003863254
Golt1b,0.01630114340991007,0.42439160092797934
Gon4l,-0.3730275359201638,-0.23840209753537245
Gopc,-0.17164484557874182,0.19695060903038097
Gorab,-0.055082489259083545,-0.3170075309352729
Gorasp1,-0.11815909938997926,-0.014796636371402272
Gorasp2,0.17743095706341983,0.20701108035819793
Gosr1,-0.3621963786518876,0.4271316967098002
Gosr2,-0.2656976952246701,0.624458334831651
Got1,-0.026910899618197703,-0.2878128750679636
Got1l1,0.0,-0.7408269036028426
Got2,-0.14181130492942096,-0.4301768766492877
Gp1ba,-0.8364008559602154,-0.18469288178143017
Gp1bb,0.08274981554800531,-0.06707866662869089
Gp2,0.8448520748182117,0.0
Gp5,-0.6870978291584173,-0.6793569212000917
Gp6,0.5107034494732967,-0.032950844148095904
Gp9,-0.3704567370307217,0.6177631326485127
Gpa33,-1.1069955340220716,1.432610399997129
Gpaa1,-0.20619088536274432,0.13201613420700298
Gpalpp1,-0.08005323049940749,0.03785380862683674
Gpam,-0.5292117174223829,-0.12543835750138754
Gpank1,0.368761238769304,-0.23430408217537924
Gpat2,-2.388920884646979,0.7597704439236992
Gpat3,-0.47230067424241806,-3.920718034851908
Gpat4,-0.3765826209029228,-0.14572777356913136
Gpatch1,-0.4459961824992913,-0.2629848059692126
Gpatch11,-0.14451583681538338,-0.2927046747083857
Gpatch2,-0.384107906063587,-0.6257811348190749
Gpatch2l,-0.17967215265851166,-0.011708320010606954
Gpatch3,0.8847476682048967,1.1332059961574394
Gpatch4,0.5117818382081225,0.30101594493199
Gpatch8,0.014227382973061253,-0.3418366659837595
Gpbar1,-1.6208687704084097,0.4750578184551939
Gpbp1,-0.04580605753492151,0.07958021515056046
Gpbp1l1,-0.17693838046528043,0.11006122198387658
Gpc1,1.2390137272524822,-1.1119542208246251
Gpc2,-0.171904781820313,0.10895738872508698
Gpc3,-0.034448572472064676,-1.783258266383318
Gpc4,0.49238251976360914,-1.8060438087685506
Gpc5,-0.5385293534295439,-0.5426060665739926
Gpc6,-0.23499672050901843,-1.490099930270623
Gpcpd1,-0.058908232465235244,-0.02919859200624586
Gpd1,1.113017348968934,-0.23868716333211193
Gpd1l,-0.5830392611453856,0.8352287367693343
Gpd2,-0.07217870853051522,-0.6160160372152088
Gper1,2.9450475844663,-1.9636691967094144
Gpha2,1.0226062488386778,0.0
Gphb5,0.28848331000004146,0.0
Gphn,-0.005704733829714925,-0.6749183401210139
Gpi1,-0.19934342638136648,-0.3184678062971713
Gpihbp1,-0.4682678221951381,-0.5863532064420514
Gpkow,-0.32596634467366314,-0.04745894340076262
Gpld1,0.2399326901898764,-0.9547506124455047
Gpm6a,-0.6600845273167906,-0.45745410488159166
Gpm6b,-0.186275868814052,-0.7753724918336591
Gpn1,0.1418833245732074,0.1295140047003276
Gpn2,0.5421111634548472,-0.47820356301065203
Gpn3,0.12733174059347263,-0.37706763389401843
Gpnmb,1.0282876519367363,0.36058487187855803
Gpr1,-1.148135976439062,-0.5231910912048338
Gpr101,-2.493242296532419,-0.4677917310420545
Gpr107,-0.11691517728913325,0.20580563937613583
Gpr108,-0.033824154116347316,0.26228885054145934
Gpr119,0.0,0.0
Gpr12,-0.38479080476258165,-0.45092903863963585
Gpr132,-0.7914319346988581,2.5407419409638115
Gpr135,0.1854656706858826,0.3150100345119089
Gpr137,-0.44254865107954267,0.10155081933397447
Gpr137b,-0.5771171878981285,0.6542170008909292
Gpr137c,1.7425369683093672,-1.6699258011446378
Gpr139,-1.4924040293672975,-1.381093839463479
Gpr141,0.5843734319293583,0.20703477543248194
Gpr141b,0.4379856533925195,0.0
Gpr142,0.0,0.0
Gpr143,-1.4305855141137906,-4.865684182399482
Gpr146,0.06627415944038795,0.689461881615749
Gpr149,-2.944210788061074,-0.9908764730512383
Gpr15,-0.4459784851918062,0.3065355901015434
Gpr150,-1.215344749093357,-0.49069533941972
Gpr151,-0.7388522828431112,1.1014008406947875
Gpr152,0.6700322642325087,-1.3566114210433042
Gpr153,1.2221853447337079,-0.916632000791541
Gpr155,-0.23827982251236257,0.615221378460225
Gpr156,-0.8027237372452323,-3.119268444119902
Gpr157,-0.26013702459552057,1.0836302389839094
Gpr158,-0.9218192392706044,-0.10494331703712412
Gpr160,-0.5361608967707188,0.9810766787097371
Gpr161,1.1468683256701295,0.9898013385010351
Gpr162,-0.6324243189053034,-0.5061846444781306
Gpr165,-0.808479427753408,-0.45737087443087887
Gpr17,-0.9518732891336521,0.0
Gpr171,1.4586060784505746,-0.7658637066284193
Gpr173,-1.028675318940417,-1.1086880251768267
Gpr174,-0.41474996242684353,0.22248377248968387
Gpr176,-0.8395823465032315,-0.45670164086017273
Gpr179,1.1712806228504906,-1.03410009111189
Gpr18,-0.0021452155920584914,1.6222533378622614
Gpr180,0.5407373597007634,0.11003196066057797
Gpr182,0.4361067040654034,0.20390203864928935
Gpr183,0.014226632895253388,0.743574542659104
Gpr19,-0.17714461869686904,-0.6929626142355332
Gpr20,2.693727420122588,-2.478492915374263
Gpr21,-0.9075071168077713,-0.793473962703076
Gpr22,-0.9035124505515437,-0.5656027846581164
Gpr25,0.0,-0.42811183242342066
Gpr26,0.1615938472966265,-0.37419534039387603
Gpr27,1.3486751721502102,-0.7048650581485774
Gpr3,-2.178331878781256,-0.023910684889662193
Gpr31b,1.5815145634407095,1.4387724021862365
Gpr33,0.0,0.0
Gpr34,-0.16727658895770858,0.8269586882360773
Gpr35,-1.0618529094481417,1.6834447422570555
Gpr37,0.5690580349194434,-0.749103782296979
Gpr37l1,-0.17693916625047823,0.36507809388999934
Gpr39,-0.1148164997466137,0.0
Gpr4,0.7755701750881272,-0.6904936489348898
Gpr45,-0.46919751745910343,-0.560767728405648
Gpr50,-0.3567848041086102,0.2504471230409334
Gpr52,-1.1016267878521742,0.9836575760666015
Gpr55,-0.6494187042777017,-0.6721932447349359
Gpr6,-3.0859085866198246,-2.451536208773295
Gpr61,-0.9183188279576617,-0.5623205953284165
Gpr62,1.149622828701197,-1.0987212403990396
Gpr63,-1.0155469133635886,-1.2546557602328356
Gpr65,0.6598562498830383,0.9265604586374039
Gpr68,-1.3840464579797098,-1.0723577311434322
Gpr75,-1.1282260280299505,-1.017589554628822
Gpr82,-0.2897890784847075,0.35740927939216594
Gpr83,-3.1173070666311595,-1.698591445471501
Gpr84,-0.2023872401505642,1.1948532487792924
Gpr85,-0.675828001653235,-0.7141473903456301
Gpr87,0.5490825528823511,-0.9402020808568667
Gpr88,1.2155494276863301,-2.5922168804342287
Gpr89,-0.27945371712668354,0.27995788242226816
Gprasp1,-0.9119088222807381,-0.2890204307686144
Gprasp2,-0.8983074944042144,-0.21377556602622683
Gprc5a,0.9615658163776662,-0.7263110762285159
Gprc5b,0.5831859489575919,-2.111618475062647
Gprc5c,0.3009225124422352,0.9571640681158531
Gprc5d,0.7300411892566994,0.0
Gprc6a,0.0,0.0
Gprin1,0.6096708154980881,-1.9935009746600318
Gprin2,0.008326693699515886,-3.1466178782996694
Gprin3,-0.7885601591649714,-0.5601860415303443
Gps1,-0.14152415593042633,-0.17539087808895282
Gps2,0.35544643579356716,0.10791897847862053
Gpsm1,-0.0437456008638204,-0.27263306988593605
Gpsm2,0.6211614201997566,-0.8927221535138283
Gpsm3,-0.5701649522740979,1.065789030222894
Gpt,0.4459196721401195,-1.6250994062891966
Gpt2,-0.20820518497672147,0.5127354946081439
Gpx1,-0.7267570256865401,1.4617842661485465
Gpx2,0.47920678023743823,-2.830234183710408
Gpx3,1.0262497979455425,-0.09812181739963322
Gpx4,0.6439147791615039,-0.3971817995102711
Gpx5,0.0,0.0
Gpx6,-1.3025009993573684,-0.34915265822807906
Gpx7,0.19345477893051832,-0.8001714680249812
Gpx8,1.8140565212487187,-0.7890448742787504
Gramd1a,-0.5941197034521046,0.5496546762173615
Gramd1b,-0.1078623317019467,-0.812096501568849
Gramd1c,0.7135720586603767,-1.422162609431928
Gramd2,0.560552776494406,-1.2243866567239277
Gramd3,0.2028654322135175,0.012591465253637857
Gramd4,0.9225208503037141,-0.34246814325994457
Grap,-0.16031380419230246,0.8611269969283981
Grap2,-2.4063763116594243,-1.2365078446275661
Grasp,-1.0444409880754804,-0.8818998555635706
Grb10,-0.3376538108168141,-0.5342047879499834
Grb14,-0.6560912400095846,-0.18710878189016533
Grb2,0.06767956346016746,-0.09027345679755427
Grb7,-0.6359205133695696,-0.5483625104460774
Grcc10,-0.05712490118402336,0.23147756469370506
Greb1,0.3372142092079278,0.18119559789331063
Greb1l,-0.5342819936268235,-3.6755514792131767
Grem1,2.497143319191733,-0.4910504571509344
Grem2,1.3506843704368996,-1.4109433574654204
Grhl1,-0.8048332578059378,-1.7034491002616035
Grhl2,0.2159964070468492,-0.46324727955216094
Grhl3,-0.393868882045199,-2.6399132720756553
Grhpr,-0.11389633288768586,-0.3303604588761928
Gria1,-0.9985555617581969,-0.6161712947454117
Gria2,-0.9329355338666687,-0.7840293435913281
Gria3,-1.5265635313502752,-0.500622043675353
Gria4,-1.2982393209381264,-0.49186914935644666
Grid1,0.9204026390015088,-1.616939631492217
Grid2,0.650071483418805,-1.1106662303131971
Grid2ip,-0.2560220857954203,-1.3098735595678819
Grifin,7.290427814029014,-1.1291626571634363
Grik1,-0.28501460336014617,-0.9729427633962011
Grik2,-0.6766269122781745,-1.7602616150396946
Grik3,-0.4115962650908931,-2.4157965244870896
Grik4,-2.576144618968451,0.6186409469921874
Grik5,0.9219278787631513,-2.2167389967482967
Grin1,-0.558219824640485,-0.6636166898760951
Grin2a,-1.1786231628257022,0.4875802008733654
Grin2b,-0.2044560910416955,-0.14661497071808505
Grin2c,0.39202199230758994,-1.953444500286733
Grin2d,0.5899485058602685,-1.1900211207134834
Grin3a,-1.1431994381894928,-1.3511857476978149
Grin3b,0.9744815962320987,0.010309187119397212
Grina,0.04404635292160286,-0.25389068662427405
Grip1,-0.7724914853854443,-0.33253020364260166
Grip2,-0.7565650593474036,-1.4750702731021317
Gripap1,0.40945446742195557,-0.06932810559195524
Grk1,0.3231016264003941,-1.097691285527027
Grk2,-0.7676838680774587,0.4430568785336888
Grk3,-0.41417969580774106,-0.2798477986068768
Grk4,0.40450152062469513,-0.1545892310869501
Grk5,-0.004161725559721496,-0.21927401457703422
Grk6,0.2428566226182678,-0.5813085687651176
Grm1,-1.5045288557253862,-0.25717109102871305
Grm2,-1.3994050218111553,0.032881568567196595
Grm3,-2.954060728160896,-1.8488419379876717
Grm4,-0.6241283764515293,-0.1072327875014798
Grm5,0.1882381356604954,-0.7430840353104937
Grm6,0.4815785005561679,-0.6539504509073986
Grm7,-0.6479152878262191,-0.8511588905965652
Grm8,-0.64961350605234,-0.9966712720982756
Grn,-0.2660972709461227,1.1904398990172105
Grp,-0.8221836053731217,0.33496740985568163
Grpel1,0.274442602072261,-0.10355045282172703
Grpel2,-0.11400957759593489,-0.24598178689407035
Grpr,0.32660960169108044,-0.5693666574629646
Grrp1,0.6150239495447483,1.190151306798581
Grsf1,-0.2880525251651296,-0.29081844729880757
Grtp1,0.43847724194686144,-1.043978015582491
Grwd1,0.48875984882819346,0.5162623825858432
Grxcr1,0.0,0.0
Grxcr2,0.5105551798938761,1.2562860080611986
Gsap,-0.18615115076575606,0.3246962415297343
Gsc,0.0,0.0
Gsc2,0.7201329575540507,-0.05211609410109963
Gsdma,-0.381174560883764,0.640018489294251
Gsdma2,-0.22082010532603893,0.2517475928686984
Gsdma3,0.0,0.0
Gsdmc,0.3822586798994121,0.0
Gsdmc2,0.0,0.0
Gsdmc3,0.0,0.0
Gsdmc4,0.9569925428791016,0.0
Gsdmd,-0.5055955587197136,0.954431037158546
Gsdme,-0.16186613934560157,-0.2784516451805157
Gse1,0.3170284381871138,-0.3143171012268766
Gsg1,0.16587290068423854,-0.7233749030500416
Gsg1l,-1.1909685669228556,0.5727806354092051
Gsg1l2,-0.3797051397965001,-1.086576308122817
Gsk3a,1.306641839766872,-0.5035346577584052
Gsk3b,0.15394652113668883,-0.028640183142321973
Gskip,-0.05406024589748881,0.011098148993214707
Gsn,0.00935339556090753,0.5380438634991744
Gspt1,0.49864217274825506,0.3526159741434416
Gspt2,-0.5078867629866899,-1.2070212929032866
Gsr,0.7440621795014533,0.5257981656276769
Gss,0.06657720082366758,-0.1553770319289267
Gsta1,-0.9987083535586968,-2.704975757209519
Gsta2,0.30917597707832756,-3.116214390218636
Gsta3,0.4070495564477108,-2.4819088175680006
Gsta4,0.7210110173563349,-0.999141086818276
Gstcd,0.7375439861461004,-0.6625840413745507
Gstk1,1.222573005427801,-0.2851827407552392
Gstm1,1.489266429476654,-0.4044047543828757
Gstm2,1.7597704423909022,-1.734282132311903
Gstm3,0.0,0.0
Gstm4,-0.16444751070153352,-0.09296424608923637
Gstm5,0.28478298977889516,-0.5739661820384168
Gstm6,0.3711880222154589,-0.71680139586325
Gstm7,0.5232451795782644,-1.1080944710701237
Gsto1,-0.18478191620399187,0.4842005068084756
Gsto2,0.027104439528979896,-0.6085222854838257
Gstp1,0.6121019377316603,-0.4263806071482179
Gstp2,-0.6208201313473873,0.7416618918754327
Gstp3,0.0,-0.24431098970421622
Gstt1,1.4532523219257563,-1.990020369331388
Gstt2,-0.024015649206988954,-0.08000196881488897
Gstt3,0.9580450452246598,-0.9568838832380573
Gstt4,-0.5865961063965863,-0.1685257129835418
Gstz1,0.3553385805079916,-0.3121143517913758
Gsx1,0.0,-1.590775336951988
Gsx2,0.0,-1.4122494595913597
Gtdc1,-0.18740703102105805,0.05010837346595487
Gtf2a1,0.44661955161956257,0.1555551226547358
Gtf2a1l,-1.6872834096371165,-2.561995804488568
Gtf2a2,0.3301339201729103,0.12597430201246596
Gtf2b,0.03607428913336719,-0.15730889880258125
Gtf2e1,-0.2572820942499394,-0.4915585702418408
Gtf2e2,-0.16034612924286762,0.19502461352549005
Gtf2f1,-0.11400916604532263,-0.10381762898257385
Gtf2f2,0.22519759782668203,-0.23349785636860787
Gtf2h1,-0.37492769483325716,-0.2517508052202455
Gtf2h2,-0.3032459675336536,0.7184762566549843
Gtf2h3,0.04489974307597322,-0.5219580572706146
Gtf2h4,0.3131753762587497,-0.001788308150322493
Gtf2h5,0.26532373173005297,-0.0743347875329956
Gtf2i,0.02977482465517589,-0.2002057161717108
Gtf2ird1,0.40875320608058097,-1.2057993451043068
Gtf2ird2,-0.09238550016520808,-0.02362034311666683
Gtf3a,0.20256607840505847,1.3574738398825685
Gtf3c1,-0.5939634121971782,-0.2665718324517403
Gtf3c2,-0.13717958506269845,-0.11024650396183588
Gtf3c3,-0.1520123415074366,0.057428235418242934
Gtf3c4,-0.4719072390231389,0.21756449038161563
Gtf3c5,0.11016062854425712,0.04340108117185437
Gtf3c6,0.2757320786903197,-0.08231227870960467
Gtpbp1,-0.04015312939884019,0.21635905363732988
Gtpbp10,-0.010159529260128863,0.2184272154837874
Gtpbp2,0.7006008285039762,-1.0888953699723407
Gtpbp3,-0.10276858297971003,0.2124214955941719
Gtpbp4,0.4541403033860867,0.041537098230451264
Gtpbp6,0.11437951153760295,-0.08749153090364103
Gtpbp8,0.08019442314467362,0.2892717974236021
Gtse1,0.48321696076611786,-0.2832298451368702
Gtsf1,-1.3266409375214678,0.5048761324852925
Gtsf1l,0.0,-0.8119391554664651
Gtsf2,-0.884704444936901,0.0
Guca1a,1.0931863051311446,-0.973553196807261
Guca1b,0.64766245090299,-1.0082293469816541
Guca2a,0.23956468343679047,0.0
Guca2b,0.0,0.0
Gucd1,-0.13539257553420825,-0.5172626810353087
Gucy1a1,-1.0706611483702133,-0.2396012451846623
Gucy1a2,0.09241856061746567,-1.6015045865299395
Gucy1b1,-0.5916984567820904,-0.3958813285057712
Gucy1b2,0.0,-0.4427166047663706
Gucy2c,-0.8661696549733118,-0.853207356419042
Gucy2d,0.0,0.0
Gucy2e,0.12079740532999317,-0.8495002107667933
Gucy2f,0.05762664621616054,-1.0923846104548716
Gucy2g,-1.7101914107736405,0.6427562459973908
Guf1,0.762577723541705,-0.3303661376690332
Guk1,0.668057075998842,-0.7424287571635588
Gulo,-0.20984626109101434,-1.0429658527945298
Gulp1,0.044759163937596824,-0.8409036194862143
Gusb,-0.4361290871914587,1.183507548203556
Gvin1,-0.1719569467537987,0.9207397091521781
Gxylt1,-0.27603164418805903,-0.2112849517116384
Gxylt2,0.5324717817931681,-0.593194646599339
Gyg,0.07851299204354589,0.4810639989272083
Gykl1,0.0,0.0
Gypa,-3.5214691524096224,-0.5980407018310337
Gypc,-0.4414537410153896,-1.375575679144589
Gys1,-0.10817172916587658,0.05161800476958689
Gys2,0.16237153710436747,0.25555345956664705
Gzf1,-0.15955805684595958,-0.1944043210187676
Gzma,1.7745974599955132,1.1658713479826386
Gzmb,0.2909934311711586,0.5358627920939731
Gzmc,0.0,0.0
Gzmd,0.0,0.0
Gzme,0.0,0.0
Gzmf,0.0,0.0
Gzmg,0.0,0.0
Gzmk,-0.6653872112347861,-0.16567843899780466
Gzmm,1.645793753454754,-1.5427873755174204
Gzmn,0.0,0.0
H13,-0.386462139701381,0.9746557459898408
H1f0,-0.493514317467703,0.7196028222766593
H1fnt,0.0,-0.21283904559181435
H1foo,-1.0555574701414427,-1.3180347526461038
H1fx,-0.19719014325666917,0.39733753613432565
H2-Aa,2.5787479124181267,0.8388832150251933
H2-Ab1,2.299538631567202,0.6829727241298826
H2-D1,0.21761424900460824,1.2962628816196897
H2-DMa,-0.12004131709751142,1.1282807017587153
H2-DMb1,0.3325273568774598,0.8734853235592155
H2-DMb2,-0.4852482460472931,1.3665794270165907
H2-Eb1,2.5493256988609314,0.8866207637558912
H2-Eb2,-0.1682626049253948,0.0
H2-K1,0.2324758901777404,1.1962154780742225
H2-Ke6,1.0172782818204418,0.35762734811356367
H2-M1,0.0,-0.21283904559181435
H2-M10.1,0.0,0.0
H2-M10.2,-0.904504991748658,-0.5190358266168631
H2-M10.3,0.0,0.0
H2-M10.4,0.6200651260325509,0.0
H2-M10.5,0.0,0.0
H2-M10.6,0.0,0.0
H2-M11,0.0,0.0
H2-M2,-1.2202666570275222,0.1667624818618192
H2-M3,0.21380773670981412,0.8872324054583025
H2-M5,1.273148403130451,-1.373852444260677
H2-M9,0.683760325373641,0.0
H2-Oa,-1.0236103706875,1.8042535476119284
H2-Ob,-0.41493046643971887,1.4498197653500124
H2-Q1,-0.00027395642080121907,0.4412832864380094
H2-Q10,-0.2168669507331087,-0.491931880578548
H2-Q2,-0.37869548590120194,-1.356611427930852
H2-Q4,0.7357213380359466,0.13307502669759153
H2-Q6,0.7382033836007942,0.8212645824441864
H2-Q7,0.5042903955025135,0.9487881524781123
H2-T22,0.15443535532944708,0.9310704974870259
H2-T23,0.3100308728893335,0.8700991766803305
H2-T24,0.18261056243571794,0.468996030938964
H2-T3,0.0,-0.35820978814101395
H2afb1,0.0,0.0
H2afb2,0.0,0.0
H2afb3,0.0,0.0
H2afj,-0.08703623677763872,1.100479642862851
H2afv,0.39569781918483216,0.09805533194479743
H2afx,0.24834030682463926,0.02880946263827333
H2afy,0.3438230066408803,0.07806796545851746
H2afy2,-1.1161843478769429,0.17465441575513907
H2afz,-0.003912688052079005,0.28495141579955074
H2al1a,0.0,0.0
H2al1b,0.0,0.0
H2al1c,0.0,0.0
H2al1e,0.3754544065188601,0.0
H2al1g,0.0,0.0
H2al1j,0.0,0.0
H2al1k,0.0,0.0
H2al1m,0.48423157574135567,0.0
H2al1n,0.0,0.0
H2al1o,0.0,-0.34915265822807906
H2al2a,-1.2438683763468366,-0.7891780851250028
H2al2c,0.0,0.0
H2al3,0.0,0.0
H2bfm,0.0,0.0
H3f3a,0.37119351136535883,0.15396055098407047
H3f3b,0.001703880319375628,0.18670292471612626
H60b,0.11909502484485124,0.5271594858373021
H60c,0.7972214945288281,0.6409793432294162
H6pd,0.3177982818992904,0.18307735158025729
Haao,-0.6378399842412747,1.7227411610931327
Habp2,-0.395640710346592,-0.9171262424813779
Habp4,1.054273879397738,-1.122653578201783
Hacd1,0.04024993196148863,-1.0552901248865068
Hacd2,0.21204077501586838,1.0059899262513436
Hacd3,-0.2902279267319141,-0.055816819180844135
Hacd4,0.10508943968847895,1.272847262946014
Hace1,0.5330569891424712,0.32445395307128777
Hacl1,0.06386267268962698,-0.10115550132063511
Hadh,0.1408704217572545,0.26781302233291804
Hadha,-0.26419333851665705,0.009318826707991335
Hadhb,-0.060731477951202706,0.38242959356087347
Hagh,0.018893009255302573,-0.26835610228145335
Haghl,-0.26882726917263255,-0.10442250836784339
Hal,1.3438540629052378,0.742593407954928
Hamp,0.9128390233354169,-1.4366242152073299
Hamp2,0.14393677365411994,-0.4136132694955852
Hand1,0.0,0.0
Hand2,0.0,0.6516545031934736
Hao1,0.664845959483704,-0.4569204579033296
Hao2,-1.5757491214705155,2.487357883827369
Hap1,-0.7672949572835783,-0.40116955320423386
Hapln1,-3.3699465672998334,-1.8395268864841028
Hapln2,0.10860702044544335,0.7596631490925255
Hapln3,-1.6710616241236682,-3.4108259034846924
Hapln4,-0.465656588412787,-1.3768282025189489
Harbi1,0.00734567226987437,0.19112728060811968
Hars,-0.1317713015223525,-0.043767091322552076
Hars2,-0.48014572715004,0.1340071295562577
Has1,-0.9264354667232109,-1.795031144167866
Has2,-0.22915837926285726,-0.8297790165490995
Has3,-0.3429548268507254,-1.8614836148318548
Haspin,-0.3576438632661878,0.5159943974769021
Hat1,0.14712327133645609,0.032246576257097814
Haus1,0.2787073442601038,0.267995859738658
Haus2,-0.5441382259029321,0.4529729452030349
Haus3,0.017001762979997892,0.19747168560697048
Haus4,-0.25625887161985617,-0.07651044674183716
Haus5,0.19767953553431994,-0.7749100700094473
Haus6,-0.3431779050365673,-0.17108121417268585
Haus7,-0.3217875183557801,-0.2733178764009452
Haus8,-0.1278577965051486,0.5357712719480539
Havcr1,-0.8408002030083648,1.5913690034123367
Havcr2,-0.6299228118603146,1.1719401475014735
Hax1,-0.06917027074086768,0.1602544653524962
Hba-a1,-0.8643576936345561,-6.313490580307056
Hba-a2,-0.6668996264063072,-5.6772698882165145
Hba-x,0.6103283569546322,0.0
Hbb-bh1,0.0,0.0
Hbb-bh2,0.0,0.0
Hbb-bs,-0.8302475580481996,-5.6033449102032336
Hbb-bt,-1.0976565312520687,-5.9418238731559505
Hbb-y,0.0,-1.7242374342630837
Hbegf,-0.5444636157345144,-0.9333523772200634
Hbp1,-0.3039575468755711,0.3869216550491874
Hbq1a,0.0,0.8707599475149143
Hbq1b,0.22888442284205604,0.0
Hbs1l,-0.3105073194680461,0.07773314644974683
Hc,0.0,-1.215070459009198
Hcar1,-0.06702597984697167,-1.0453679492107837
Hcar2,0.6287724221075752,1.8307289296533256
Hccs,-0.6397604742115757,0.3674236654648233
Hcfc1,-0.2940479205022797,0.23223875491216006
Hcfc1r1,0.20230517200621456,0.13977326304614301
Hcfc2,-0.08950736628982625,-0.24566817075507075
Hck,-0.2552244115399098,1.1938307424671049
Hcls1,-0.5926820806787045,1.3087052070880016
Hcn1,1.5824234085935558,-1.377988626325429
Hcn2,-0.7827788746254549,-0.22381583384786508
Hcn3,-0.08355151997072507,-0.39471840732236085
Hcn4,0.8876908051635342,-3.914976535964393
Hcrt,0.0,0.0
Hcrtr1,0.3170683116683337,-0.8363750982834475
Hcrtr2,-1.4629293116388171,-1.7847555969432212
Hcst,-0.19917773624284507,1.206100595181577
Hdac1,-0.27418796715008575,0.0721837403472314
Hdac10,-0.3431673477721535,-0.26353962498498085
Hdac11,-0.2704950554011205,-0.6622018860808403
Hdac2,0.6146541450200402,0.4274926909522563
Hdac3,-0.24608509603586093,-0.1884902664035959
Hdac4,-0.1473925992848848,-0.45344894743447384
Hdac5,-0.3262871283518205,0.299876419474284
Hdac6,-0.618123235974597,-0.1543985187065431
Hdac7,0.43152005833548035,-1.174588216400779
Hdac8,-0.1457517550245253,0.19534110978617036
Hdac9,0.23448761711620492,0.05848815518506889
Hdc,2.498748060737203,-1.9417242099430085
Hddc2,0.05721436903301935,-0.2582616481219606
Hddc3,0.6653129587960978,-0.3879225436355842
Hdgf,0.39170338449185493,-0.010521482823685702
Hdgfl1,0.0,0.0
Hdgfl2,-0.1659064735452329,0.15331521416416116
Hdgfl3,0.8108589233323258,-1.0632078034058594
Hdhd2,-0.09715144322534996,-0.12684629069611297
Hdhd3,0.022326313944674325,-0.16527128542228375
Hdhd5,-0.10361723145064872,-0.41692156984705697
Hdlbp,-0.41524723959983945,0.40867808371181624
Hdx,0.14825697037235042,-0.9057894303786602
Heatr1,-0.7246963726722022,0.6312330927558119
Heatr3,-0.20154986032980915,0.11022511399394297
Heatr4,0.33442010776344777,-0.1026563285743669
Heatr5a,-0.29953564500505614,0.35682988012170824
Heatr5b,-0.39216253004503976,-0.3050968700039789
Heatr6,0.3642225230095839,-0.18677170719089808
Heatr9,1.1631834253920248,-1.7824669373364355
Hebp1,-0.7927549270461203,1.7923356741377958
Hebp2,0.5870565168369879,-1.9424419038623117
Heca,0.283705630359842,0.09576153051428449
Hectd1,0.12483876435807773,-0.2015201014784953
Hectd2,0.11609072712125457,-1.205503273303247
Hectd3,-0.3585602470634415,0.5013822488789295
Hectd4,-0.013367138595508976,-0.8627588506332273
Hecw1,0.6850353683274317,-0.9650397482024147
Hecw2,0.1835698659749747,-2.6756183322263425
Heg1,0.9244731319742829,-1.2994492147718155
Helb,0.012515673157492913,-0.19470779327545262
Hells,-0.15460549839500182,0.2825523773753078
Helq,-0.09482018179066998,-0.5869958844532839
Helt,0.0,-0.345790212076149
Helz,-0.3964837517494182,-0.09255690076668266
Helz2,1.594873621486995,-0.15024119008559733
Hemgn,0.0,-0.7282243797812842
Hemk1,0.36052587207613485,-1.012554406129233
Henmt1,-1.9599135880227712,-4.167683934406936
Hepacam,1.5392746515045561,-0.6432554351689523
Hepacam2,1.63619543176701,-3.490771886303432
Heph,0.26236728031552214,-2.350004773634023
Hephl1,0.4183636864206829,0.0
Herc1,-0.2150795199605664,-0.6181278088729716
Herc2,-0.6641640643393263,0.4347354233376972
Herc3,-0.4838581139758915,-0.38991686205906184
Herc4,-0.12375939965290428,0.18319211415775172
Herc6,0.04832289866270578,1.147295011491412
Herpud1,0.20999093832842775,0.3608609434499641
Herpud2,0.648176646202101,-0.1463717694982094
Hes1,1.5565648543084638,-1.2015593148889314
Hes2,0.0,0.8336216197649614
Hes3,0.0,-0.5713360304052288
Hes5,1.6408786421533113,-0.5807365274153149
Hes6,-0.3470432606367613,0.10900241443198944
Hes7,-0.28721856223448294,0.7748408849496151
Hesx1,-0.3567848041086102,-0.4427166047663706
Hexa,-0.20145114323204716,1.0586642822286283
Hexb,-0.3785499648152282,1.0904861884477128
Hexdc,0.12787738228022683,-0.625188162451856
Hexim1,0.01151516115029061,-1.007444282062763
Hexim2,-0.7409123064755914,-0.9821088200578334
Hey1,-0.600629223839416,-0.5711678444034796
Hey2,2.365710192945304,-1.8406350301015797
Heyl,-1.0489690433417387,-2.8754903997509267
Hfe,-0.15461634257716916,0.8558623653617214
Hfm1,-0.3406505582791084,-1.329075224554598
Hgd,0.14703199477669504,0.0
Hgf,-0.6301344128488147,0.388158445541257
Hgfac,0.9660588734277773,-0.8297790165490995
Hgh1,0.292101243926564,0.5020724730499673
Hgs,-0.27094199560530363,-0.10205206989286353
Hgsnat,0.7571417439888677,0.7908429130927033
Hhat,-0.21755488316162985,0.14241978945653866
Hhatl,1.7418832054101192,0.5694658143484297
Hhex,-0.43915088073556774,1.2630116213919766
Hhip,-0.5249209147542362,-4.577377741180239
Hhipl1,-1.1061980485740812,-1.1013145161561444
Hhipl2,0.9225470968330688,-0.5819922927158527
Hhla1,0.0,0.25082299571856037
Hibadh,0.2832774271700682,-0.06535005371260993
Hibch,0.17677334929698674,-0.0040132856464367705
Hic1,1.9498208494243183,-0.9561270242069408
Hic2,0.7743011838284648,0.12253867738964974
Hid1,-0.4289167487101686,-0.7921525598954293
Hif1a,-0.307836381085135,0.20834666032305194
Hif1an,-0.332847570252639,-0.018625759093952254
Hif3a,-2.327736115946551,-2.5105153618722142
Higd1a,0.33741426794761864,-0.22885068287775034
Higd1b,1.9318000454498692,-0.44786467191789914
Higd1c,0.0,-0.4427166047663706
Higd2a,-0.05612379545601165,0.37314126654718827
Hikeshi,0.21958956641966942,0.2026751722597524
Hilpda,0.7088847002030398,-0.30624955753004635
Hils1,0.0,0.0
Hinfp,-0.5028020187400593,0.16200983721040707
Hint1,0.3303206422583784,0.4233374595361159
Hint2,0.6874229659505211,0.07227555131895791
Hint3,0.37623831615867687,0.5972270875113299
Hip1,-0.060155915600519805,0.13350544054734215
Hip1r,-0.4076101431454031,-0.3566588502945205
Hipk1,0.1295866380196209,-0.32572474240457616
Hipk2,0.12668706870013402,-0.3061372761356118
Hipk3,0.03434049950794105,-0.1965764419941909
Hipk4,-0.7399245497087339,-2.4979028891733916
Hira,0.10959678374657322,0.16278046214657493
Hirip3,-0.256911049127031,-0.6013990979404573
Hist1h1a,-0.43506235652057246,0.019409071736994354
Hist1h1b,0.360311221134765,0.21711243546855608
Hist1h1c,-0.1304743598990168,-0.41037390988296885
Hist1h1d,-0.9605375027815448,1.1687603286284727
Hist1h1e,-0.17440672470245566,-0.5400701963879593
Hist1h1t,0.0,0.0
Hist1h2aa,-0.3493402176101932,-0.9453731436308093
Hist1h2ab,0.7203920352803594,1.0749853367808277
Hist1h2ac,1.8181636657099522,-3.091508682159228
Hist1h2ad,-0.7379755006484103,-0.23446527372218362
Hist1h2ae,0.537756421787877,-1.3355714641198402
Hist1h2af,-0.48016876947433335,-0.2152727868316063
Hist1h2ag,-1.1536791335559444,0.2025160470392604
Hist1h2ah,0.0,1.3564839432888962
Hist1h2ai,-1.2757719563604275,0.6602711170831299
Hist1h2ak,0.0,-0.08090335336030341
Hist1h2an,0.0615788823120727,0.5893269725952385
Hist1h2ao,0.8828398608655271,0.0
Hist1h2ap,0.12378038931322877,0.9023286515509561
Hist1h2ba,0.23956468343679047,-0.4569204579033296
Hist1h2bb,-0.49076392090190935,1.6352239116387364
Hist1h2bc,1.1276251665868866,-0.999356999278703
Hist1h2be,0.7107928720044487,-1.1520201905392948
Hist1h2bf,0.8574879608894448,0.720254317377093
Hist1h2bg,0.16975853652734862,-0.15951374311417954
Hist1h2bh,1.4210862462375276,-0.31904496872671917
Hist1h2bj,0.61647455223132,-0.4550585392492499
Hist1h2bk,0.5729696813266854,0.6140031293827626
Hist1h2bl,-0.3786674845885971,0.1549284062692602
Hist1h2bm,-0.44456710590874715,0.23240318596904463
Hist1h2bn,-0.4599959018994332,-0.5963841957908038
Hist1h2bp,0.9680828354275486,-0.6400851675862522
Hist1h2bq,0.2888686586221135,0.4036263969624139
Hist1h2br,0.4651544887610126,-1.1718832860322805
Hist1h3a,-0.21038499497083585,0.9321737961679946
Hist1h3b,0.0,0.22506433420175226
Hist1h3c,0.23452371786357948,-1.2422635912229643
Hist1h3d,0.05033563667227137,-0.030675026608983025
Hist1h3e,-0.4198353830958794,1.4340640102302
Hist1h3f,-0.4316707069835737,-0.2218593794753994
Hist1h3g,-0.22082010532603893,0.5026182242245034
Hist1h3h,0.4946340908403316,0.0
Hist1h3i,0.0,1.1526961736195016
Hist1h4a,3.2431941716587116,0.501787615154788
Hist1h4b,0.5651920330198834,-0.2218593794753994
Hist1h4c,0.1169571240104661,0.8261673671024647
Hist1h4d,0.5069531122401836,-0.6108308838532208
Hist1h4f,0.26112048039059427,-0.23319158243796412
Hist1h4h,1.0759679474265762,1.3712599365866205
Hist1h4i,-0.17129489800726638,0.05066870602023066
Hist1h4j,0.16352106838816016,-0.029646821839969917
Hist1h4k,-0.5859891574940869,-0.7368920789056838
Hist1h4m,-1.726259238008856,0.9390851887061649
Hist1h4n,-1.6946352267723284,1.4313020644180963
Hist2h2aa1,0.6661124336635407,-0.21323275780292406
Hist2h2aa2,0.0,0.0
Hist2h2ab,1.232833796183766,-0.9801115491081633
Hist2h2ac,-2.0808169057399137,-0.5369463780086909
Hist2h2bb,-0.753105007421113,0.15042221341826845
Hist2h2be,0.28777350442413674,-0.03704269325468612
Hist2h3b,0.1922083627901312,1.898120975361049
Hist2h3c1,1.3706077032973814,0.3332925276865861
Hist2h3c2,0.4948799105745074,-2.0786583250638992
Hist2h4,1.2451705609734285,-1.1503289075518541
Hist3h2a,0.30659348619238536,-0.13884869925075627
Hist3h2ba,0.04073181711584972,-0.5120246254850747
Hist4h4,1.7189157175863397,-0.5008618580857176
Hivep1,-0.23295010319147735,-0.5444190154845359
Hivep2,-0.11662030822452074,0.3502122115386701
Hivep3,-0.4738139049936123,0.5345221924645891
Hjurp,-0.25548601727910203,0.11326562094522785
Hjv,-2.3974577321850363,-0.241612014680882
Hk1,0.33324140686380943,-0.6695653828602186
Hk2,0.6248795923834667,-0.5092253787368755
Hk3,-0.4426395983807403,1.1043667074435675
Hkdc1,1.5489688976838458,-0.32324777377350866
Hlcs,0.21458712068295327,-0.3960277574701294
Hlf,-0.8449900272865367,-0.6450056842350449
Hltf,-0.3806119003587298,0.6096417206805267
Hlx,-0.5198165039556661,1.4667118870477207
Hmbox1,-0.08855610795590252,0.1097742161960813
Hmbs,0.25413223019623565,0.44652823447867007
Hmces,-0.43258734036760593,0.03224252756595547
Hmcn1,-2.910300838039968,-0.46526435137412125
Hmcn2,1.7035595250602324,-3.7595477635712093
Hmg20a,-0.5961497967323268,-0.035315426058391
Hmg20b,0.26716807917773977,0.22692818271605208
Hmga1,0.561838790025341,-0.061627118932022995
Hmga1b,0.07182505900273539,-0.6822181036319194
Hmga2,-0.04010206843386488,0.52113517944455
Hmgb1,-0.07045029435035843,0.5473528171977726
Hmgb2,0.5800934313655617,0.34152764052763374
Hmgb3,-0.36571126177627633,-0.2659081168986539
Hmgb4,0.0,0.0
Hmgcl,-0.07541804068082492,0.5098227109407372
Hmgcll1,-0.4666827389772532,-0.9681108519807529
Hmgcr,-0.5306527077654017,-0.005963440090310357
Hmgcs1,-0.4487965440889887,0.1268007948510821
Hmgcs2,1.3371903038868682,-1.4369788202626674
Hmgn1,0.8117248395128662,-0.5990935987813302
Hmgn2,-0.001859669529427066,-0.30985072631191635
Hmgn3,0.544977021726357,-0.7856505786595935
Hmgn5,0.9155455989639139,-1.2364614536312164
Hmgxb3,-0.33398365084348924,0.5872428877412919
Hmgxb4,-0.21064122743529268,-0.2594339240117556
Hmmr,0.6918123045112274,-0.3415054987872548
Hmox1,-0.13669054102146205,1.4590202076279297
Hmox2,-0.12101725654134476,0.4640697019589215
Hmx1,0.3630231144565035,-0.9478375763690714
Hmx2,0.0,0.0
Hmx3,0.0,0.0
Hnf1a,1.446845739784939,0.13902408951446255
Hnf1b,-0.5234226061380082,0.0
Hnf4a,0.7224645035762397,-3.9492812999594262
Hnf4g,0.0,0.0
Hnmt,-0.6016428300503609,0.21626576609965653
Hnrnpa0,0.6449986314093898,-0.504118516268866
Hnrnpa1,0.34029291005208506,-0.13306625157297702
Hnrnpa2b1,-0.2589610789632921,0.5361849428973198
Hnrnpa3,0.11599612654650926,0.22087946876076536
Hnrnpab,1.3216598468919685,-0.23371360043794986
Hnrnpc,-0.06418903794401132,0.10875806271126365
Hnrnpd,1.177073740950112,-0.7397656584183565
Hnrnpdl,0.1419351879331341,-0.18067088885926452
Hnrnpf,-0.21974715722077853,0.768986437680665
Hnrnph1,0.2374256783788411,-0.07987898494527457
Hnrnph2,-0.2837982796033707,0.3052398677114194
Hnrnph3,0.22691472629296783,-0.4099466149390718
Hnrnpk,-0.3455149801232196,0.4888344780038274
Hnrnpl,0.20839557356200622,0.033600542241572384
Hnrnpll,-0.19408144688201645,0.5273492445625703
Hnrnpm,-0.10698481944571192,0.08514236457367375
Hnrnpr,-0.3176089357053211,-0.05412903851235029
Hnrnpu,0.08997256729888292,0.6130971757664891
Hnrnpul1,-0.3042163109049838,0.6517753387116887
Hnrnpul2,0.4454889431081863,-0.2183262371872523
Hoga1,0.8638450270294573,-2.0927004506869764
Homer1,1.0903439664260866,-0.2145017127458697
Homer2,-0.7292402636205297,0.4588910348390822
Homer3,-0.0235994845291021,-0.39688726840449107
Homez,-0.850923389731987,1.1105442430946866
Hook1,0.16600909840348876,-1.1239304484897659
Hook2,0.6380620856565677,-0.19548846936611142
Hook3,-0.20877102850542428,0.15486837983994306
Hopx,0.9463612479746448,-0.7581002933674181
Hormad1,0.0,0.2517475928686984
Hormad2,-1.817672028719233,0.0
Hoxa1,0.0,0.25555345956664705
Hoxa10,0.0,0.0
Hoxa11,0.0,0.0
Hoxa13,0.0,0.0
Hoxa2,0.0,0.0
Hoxa3,0.0,0.0
Hoxa4,0.0,0.0
Hoxa5,0.0,0.0
Hoxa6,0.0,0.0
Hoxa7,0.0,0.0
Hoxa9,0.0,0.0
Hoxb1,0.0,0.0
Hoxb13,0.0,0.0
Hoxb2,0.22888442284205604,0.0
Hoxb3,-0.6921953644516124,0.04035908432216273
Hoxb4,0.9620306551672737,-0.35089939511081814
Hoxb5,0.0,0.0
Hoxb6,0.0,0.0
Hoxb7,-0.5325893203936113,0.0
Hoxb8,0.0,0.0
Hoxb9,0.22888442284205604,0.0
Hoxc10,0.0,0.0
Hoxc11,0.0,0.0
Hoxc12,0.0,0.0
Hoxc13,0.23452371786357948,0.0
Hoxc4,0.0,0.0
Hoxc5,0.0,0.0
Hoxc6,0.0,0.0
Hoxc8,0.0,0.4036263969624139
Hoxc9,0.0,0.0
Hoxd1,0.0,0.0
Hoxd10,0.0,0.0
Hoxd11,0.0,0.2517475928686984
Hoxd12,0.0,0.0
Hoxd13,0.0,0.0
Hoxd3,0.0,0.0
Hoxd4,0.2667182082057698,0.6516545031934736
Hoxd8,0.0,0.0
Hoxd9,0.0,0.0
Hp,0.041190301708007304,1.264850758032333
Hp1bp3,-0.37463858819821105,-0.07823904192647646
Hpca,-0.8349913476986082,-0.7523016086231209
Hpcal1,0.3788271426313301,-0.10957861651634815
Hpcal4,-0.8569481112731747,-0.744582743818059
Hpd,0.5438796122444717,0.0
Hpdl,-2.427386411563253,-1.8499958483310666
Hpf1,0.44540695077870573,-0.09576974686224915
Hpgd,-0.28275437570892237,0.6540053103094703
Hpgds,-0.6466364611959836,1.2031478734072039
Hpn,-0.6097202746347294,0.4278545349496685
Hprt,0.05908318819206393,0.17253487847822058
Hps1,-0.03450543462891709,0.62015986391377
Hps3,-0.10774348053924321,0.732531887587724
Hps4,-0.5165113648423425,0.6895883554648687
Hps5,-0.4755269581575554,1.1343994917269224
Hps6,-0.06098576603404382,0.4948846471150592
Hpse,-0.46384308958783826,2.445353868911
Hpse2,0.0,0.0
Hpx,1.3581679358504624,-1.6415600965537602
Hr,-0.3514277000534447,-1.3476372256723552
Hras,1.0843824313649568,-0.8468889036166178
Hrc,-3.359907672538953,0.8110047083231839
Hrct1,-0.3604374257804195,-3.3773464061843304
Hrg,0.0,0.0
Hrh1,-1.1643911321028004,0.35212219479950857
Hrh2,-0.16316163784524917,0.2559400463577388
Hrh3,0.41775869020781187,-1.4849545530960988
Hrh4,-0.8839690986288333,0.0
Hrk,-1.2627710337950653,-2.3005602188568064
Hrnr,0.0,0.2517475928686984
Hs1bp3,-0.15800928217652022,0.6442505418804885
Hs2st1,0.3580621659844816,-0.47792287419802904
Hs3st1,0.03801383549460269,-0.4122737346017509
Hs3st2,-0.9588929155579411,0.9904189315717087
Hs3st3a1,2.3758383377890557,0.4360336512765728
Hs3st3b1,0.4745004406424105,-0.020906118858020406
Hs3st4,0.5984262228542709,-0.7198972270826411
Hs3st5,-0.7224159418851359,-1.9657420229336218
Hs3st6,-0.8208012267935006,-1.4200602898583796
Hs6st1,0.13078070058524105,-0.29640040435461845
Hs6st2,-0.07604063231447444,-2.0795433461664263
Hs6st3,-3.0053487856056424,0.4150736201636356
Hsbp1,-0.07926448274308484,0.2136515689085794
Hsbp1l1,0.7374575355158992,-1.1216695637140397
Hscb,-0.27817269322039184,0.8294846904224595
Hsd11b1,-2.021213271970827,-0.5758761167283497
Hsd11b2,-0.06889045359534884,-0.3188233479564222
Hsd17b1,-2.129193073757957,1.7392501896545953
Hsd17b10,0.16865009824491217,0.403066523719561
Hsd17b11,-0.4051389148203999,1.0587064999945532
Hsd17b12,-0.28357776176375715,0.09111599438571005
Hsd17b13,-0.23690106472386616,-0.8069278505947499
Hsd17b14,-0.924650971055057,-1.513070285649476
Hsd17b2,1.403701919108915,-1.8310783956911756
Hsd17b3,0.0,0.0
Hsd17b4,-0.6700914928244828,0.7589733590584213
Hsd17b6,0.0,0.0
Hsd17b7,-0.13904044917698144,0.1340553674196343
Hsd3b1,0.0,0.0
Hsd3b2,0.6126715912465439,-0.5922153588171808
Hsd3b3,-0.0023773468602866776,-0.2152727868316063
Hsd3b4,0.23452371786357948,0.0
Hsd3b5,0.0,0.0
Hsd3b6,0.0,0.0
Hsd3b7,0.045590074074356224,0.7120765189247784
Hsdl1,-0.2709579987069439,0.2472833936092229
Hsdl2,0.3496246805750456,-0.181430310341268
Hsf1,0.2715321329470104,-0.31650927048334054
Hsf2,-0.16666724351585582,-0.03304464413600705
Hsf2bp,-0.11410180189926544,-1.1195598451850266
Hsf3,0.8216870535417651,0.0
Hsf4,-0.357203629018346,-0.5304233437676205
Hsf5,-0.7738012778920882,-0.5293274443700287
Hsfy2,0.8216870535417651,0.0
Hsh2d,0.0015435333222593162,-0.4914324764285688
Hsp90aa1,0.47652878224924144,-0.6768613476865237
Hsp90ab1,-0.19217430609888986,0.24750270743944824
Hsp90b1,-0.2694666496710969,0.5365198323667375
Hspa12a,-0.6312337288670946,-0.2843361370464308
Hspa12b,-0.14463185508111298,-0.8867526195406548
Hspa13,-0.3767671271881561,0.1500403231500016
Hspa14,0.047792156729146384,-0.010246687078137029
Hspa1a,0.46586069298555444,-0.2844299934325356
Hspa1b,0.549892275217772,0.0747146760624311
Hspa1l,-0.20475331653314477,-0.2740856299478365
Hspa2,-0.023566238467607192,-0.43266949219094286
Hspa4,-0.007180197278172429,0.7648807209334638
Hspa4l,-0.1586663659608245,-0.5729549895191557
Hspa5,-0.2841326861072204,0.5885922299812343
Hspa8,-0.27922044288594705,0.14492094430017666
Hspa9,-0.031823133861584196,0.10903496688448122
Hspb1,2.4769358583769763,0.28693615141883555
Hspb11,0.3723897536065621,-0.28872465715649653
Hspb2,1.8685450315846697,-2.4572141171065027
Hspb3,-0.09254297524940469,0.7838870485088014
Hspb6,0.9682358554776709,-0.8334718905331577
Hspb7,-0.846385155962114,0.28399172416782514
Hspb8,-0.6271505528264818,-0.4476043856435856
Hspb9,-0.12829404427842284,0.9149959546924511
Hspbap1,-0.12141865377117966,0.007067024094091323
Hspbp1,-0.07572135571822614,0.10447858785887298
Hspd1,-0.029969931350937173,0.10740448922872758
Hspe1,0.4062274107827033,0.451909432608117
Hspe1-rs1,0.181991023740532,0.1944807471242248
Hspg2,0.04796005350735566,-1.8602773567321798
Hsph1,-0.38656602674859286,0.06746009687438814
Htatip2,-0.4210924896637156,1.171800959121228
Htatsf1,0.020738961098304642,-0.09828740148344473
Htr1a,-0.35098164404103294,0.9256048585959511
Htr1b,-1.5904230762458669,0.5170908812134085
Htr1d,-0.6283782597886232,-1.4203605639700898
Htr1f,-1.916130190419111,-1.5677589053271792
Htr2a,-0.09270056772342805,-0.21615431344660418
Htr2b,-0.19866134516526301,-0.8191784835780926
Htr2c,0.05419605988751197,-1.5215802143926673
Htr3a,-0.10272731865612084,-3.1533791245561
Htr3b,0.0,-1.1352566661679546
Htr4,-0.3786674845885971,-1.6803176101764266
Htr5a,-1.5770636887589005,-1.7619406667369812
Htr5b,0.790481789289375,0.0
Htr6,0.013475696196166148,-0.47374236576322315
Htr7,-2.718060617300861,0.6455517166261349
Htra1,1.9673394871340948,-0.8518045690699543
Htra2,0.08676690443988022,0.4875601426536935
Htra3,0.525396343445955,1.888199762265204
Htra4,-1.2544557600766537,-0.6855284822082373
Htt,0.9581005613032154,-0.9945933985733078
Hunk,-0.9640285444118462,-0.5603306480317389
Hus1,-0.0540921792783049,0.0669151774881005
Hus1b,0.3699703338018464,0.9422263639565074
Huwe1,-0.6353508036233695,-0.6427626039530185
Hvcn1,-0.3497186059722992,1.1414296589196784
Hyal1,0.4689361182416123,-0.019243213469307463
Hyal2,0.089609194825508,-0.04979225436392376
Hyal3,-0.566506747209587,-1.577417000011775
Hyal4,-1.4502684647354132,1.925961583964317
Hyal5,0.10419936495880444,-0.5087028354722158
Hyal6,1.7141467226836544,-2.048406542139877
Hydin,0.486901613237666,-0.4226802380053436
Hykk,-0.19566907900932318,-0.6790534329316866
Hyls1,-0.02042696721156112,-0.3748264525532603
Hyou1,-0.399170964400529,0.3738934977577095
Hypk,0.7048334405443004,-0.6453364276261002
Hypm,0.0,0.0
I0C0044D17Rik,0.008064317516017105,-0.2054024424273322
I830077J02Rik,-0.4324711420896943,0.8480211039648342
Iah1,-0.04225700721416281,0.9927546212201062
Iapp,0.23956468343679047,0.0
Iars,-0.0687477510571437,0.0252811906493573
Iars2,0.16866536936984744,0.6766589219026251
Iba57,0.5279453317921652,0.268910783149221
Ibsp,0.0,0.0
Ibtk,-0.01147159208198012,-0.16777649107143766
Ica1,-0.4306651760486009,-0.34824858754344845
Ica1l,0.1956881629337479,-0.5323856703121859
Icam1,-0.35459634357921743,1.0093109213645715
Icam2,-0.10471457453369304,0.6880681190244751
Icam4,0.6625045586848075,-1.7109213122813793
Icam5,-1.6287557811692204,-0.09099591947996633
Ice1,0.19615511548845532,-1.574876590033469
Ice2,-0.15105874992309332,-0.37237504957637846
Ick,-0.17289967767755243,-0.28750374825951397
Icmt,0.8168424235681115,-0.7687320309412442
Icos,0.3610678526594788,2.271954237256911
Icosl,-0.17654322125691024,0.9165841463643289
Id1,1.2105899244193088,-0.8262862948791829
Id2,-0.1903042067206666,0.3633536461768543
Id3,0.7155388718558893,-0.7489748197177608
Id4,0.06047038427022411,-1.278510676013246
Ide,-0.4419817287688854,0.5517179841224547
Idh1,-0.15300959905021472,0.22555202080008208
Idh2,-0.353305624894654,0.6525794559240747
Idh3a,-0.1980926838312218,-0.27266935419757843
Idh3b,0.06321196293554898,-0.3477225300835869
Idh3g,-0.2403601138015663,-0.03181607484153659
Idi1,-0.059002816622333754,0.24256364089481508
Idi2,0.4678442022770503,0.0
Idnk,0.3496839450058271,0.32756494693050975
Ido1,0.0,-0.5231910912048338
Ido2,-0.44678382169875286,0.029888213393299
Ids,-0.6845006552719646,0.6708922449758674
Idua,-0.30321462079554706,0.4185137228945912
Ier2,0.5525337554959187,0.5299436832287228
Ier3,0.612554839416303,-0.5166679659753779
Ier3ip1,0.32140143388922304,0.5602530820612195
Ier5,0.5551627712624274,0.4366044119900456
Ier5l,0.723264878596293,1.409971495313885
Iffo1,-0.3506012093655606,0.5083661809348037
Iffo2,0.686767885314449,-0.40408595728407626
Ifi202b,-1.2438050696799319,-1.1022902753717831
Ifi203,0.5871217382704348,0.3856136813858999
Ifi204,0.40541684427664926,1.3370688733666203
Ifi205,1.040388414411586,1.0957369147179348
Ifi206,0.321006071377651,1.354412996346305
Ifi207,0.15407212093390932,1.1637214399983957
Ifi208,0.5230574819147131,-0.21032181541586148
Ifi209,0.34977158079491666,1.4595710521290997
Ifi211,0.39215423113362746,0.7857190137999925
Ifi213,0.3515139048910285,1.3470229283078794
Ifi214,0.9686861291603588,0.6629588331449288
Ifi27,0.29489590779993335,0.3348467893857894
Ifi27l2a,0.3996507684372528,1.8658742779215203
Ifi27l2b,0.0,-0.4595837765358225
Ifi35,0.26645538350928,0.9124336179724786
Ifi44,1.0453660724562877,0.4255981274104075
Ifi44l,0.0,0.0
Ifi47,0.6857378681589381,0.6363994193258886
Ifih1,0.313239353266237,0.6920269630739639
Ifit1,0.8008383009605762,0.7899494977885553
Ifit1bl1,-0.7241223928443219,-0.3076058095129435
Ifit1bl2,0.6576674705033527,-0.7867071113073956
Ifit2,0.5759027572051494,0.8640365696257284
Ifit3,0.8069282374639588,0.49842452243411905
Ifit3b,0.9062811989027235,0.31239396769303696
Ifitm1,3.690192726416622,-2.694332415860577
Ifitm10,-0.5054476818999198,-0.19793043870823546
Ifitm2,1.0447714717355279,1.0020258665774566
Ifitm3,1.1602968793904438,0.8395041188926182
Ifitm5,-1.0931228205795365,1.1112936519468826
Ifitm6,0.3810920167972389,0.629693915596345
Ifitm7,0.5299399915580398,-1.3589301141500925
Ifna1,0.0,-0.21283904559181435
Ifna11,0.0,0.0
Ifna12,0.0,0.0
Ifna13,0.0,0.0
Ifna14,0.0,0.0
Ifna15,0.0,0.0
Ifna16,0.0,0.0
Ifna2,0.0,0.0
Ifna4,0.0,0.0
Ifna5,0.0,0.0
Ifna6,0.0,0.0
Ifna7,0.0,0.0
Ifna9,0.0,0.0
Ifnab,0.0,0.0
Ifnar1,-0.14084693254843295,0.39945417419939844
Ifnar2,-0.22425022761198754,0.9925667329582115
Ifnb1,-0.23690106472386616,-0.8248902033194456
Ifne,0.0,0.0
Ifng,0.07619296252383112,-0.3785851517537274
Ifngr1,-0.3031875166866165,0.8286357645107838
Ifngr2,-0.43628540535656946,1.910458918962668
Ifnk,0.0,0.5082984490340398
Ifnl2,0.0,0.0
Ifnl3,0.0,0.0
Ifnlr1,-0.020122702112222335,0.5011282433014208
Ifnz,-0.7912040041237448,0.1158102594377346
Ifrd1,0.46307334638318487,0.20801395249026555
Ifrd2,0.012204278167549987,-0.03407881172990468
Ift122,-0.17307324717645045,-0.780369771980471
Ift140,-0.3400948011970115,-0.24609944147912977
Ift172,-0.2327124455195957,-0.06921524606512897
Ift20,0.32587534462263434,-0.1578406457160373
Ift22,-0.22517492179381904,-0.09461716300531897
Ift27,0.43054751121698587,-0.08446234133778674
Ift43,0.8960238956780762,-0.7377544697538347
Ift46,0.007151994365683478,-0.12652181654861927
Ift52,-0.17765081613130462,0.315453332461761
Ift57,1.1524518228229432,-0.40618203528921093
Ift74,0.4107776305356321,-0.567740175716672
Ift80,-0.007548935295345061,-0.0595661718429632
Ift81,0.08906809984103425,-0.4656559002467997
Ift88,-0.17478419289146796,-1.2958057413288016
Igbp1,-0.21692402179356307,0.5921258485453311
Igbp1b,-0.6502689175364248,0.0
Igdcc3,-1.1653395823266255,-2.7942490084109814
Igdcc4,1.0940851560269573,-0.5470195556275987
Igf1,-0.6525727889000592,0.6187652833926105
Igf1r,0.8106071572451423,-0.7688756171829976
Igf2,-0.1497535362223621,-1.2207317893445122
Igf2bp1,-1.2684963211956886,-2.0397707064895987
Igf2bp2,-1.1428164315653468,0.05792209460550346
Igf2bp3,-1.6538254266858896,-0.38317953305622865
Igf2r,1.1296879339381176,-0.6761708621973783
Igfals,-1.1898612725627205,-0.07641294186094583
Igfbp1,-0.15606443968954142,0.5763938010160754
Igfbp2,-0.43426134966118823,0.03519978809405622
Igfbp3,0.8271369261679093,0.05049369103748491
Igfbp4,-0.1892426636774598,1.1142431868298424
Igfbp5,0.08919778425433833,-1.205155543404718
Igfbp6,-1.4065662010319895,-1.259796025593599
Igfbp7,3.6817872589051843,-1.0930926790782376
Igfbpl1,0.3525186719971196,-1.5468756681729565
Igfl3,0.0,0.0
Igflr1,-1.464046293441772,0.2191944906934431
Igfn1,-0.5076570022963232,-1.5225334206715644
Igha,1.1547664532113626,1.3039631220848638
Ighd,-1.0054088165112631,0.369369260329397
Ighd1-1,0.0,0.0
Ighd2-3,0.0,0.0
Ighd2-4,0.0,0.0
Ighd2-6,0.0,0.0
Ighd2-7,0.0,0.0
Ighd2-8,0.0,0.0
Ighd3-1,0.0,0.0
Ighd3-2,0.0,0.0
Ighd4-1,0.0,0.0
Ighd5-5,0.0,0.0
Ighd5-6,0.0,0.0
Ighd5-7,0.0,0.0
Ighd5-8,0.0,0.0
Ighe,0.0,0.0
Ighg1,0.0,0.0
Ighg2b,1.8048536591493871,0.30368360583857523
Ighg2c,2.255385625567063,-2.4996280877114065
Ighg3,0.3754544065188601,0.0
Ighj1,0.0,0.0
Ighj2,0.0,0.0
Ighj3,0.0,0.0
Ighj4,0.0,0.0
Ighm,-0.4008570001675622,1.0144794419180148
Ighmbp2,-0.4120609464674043,-0.019861820866337254
Ighv1-1,0.0,0.0
Ighv1-10,0.0,0.0
Ighv1-11,0.0,0.0
Ighv1-12,0.0,0.0
Ighv1-13,0.0,0.0
Ighv1-14,0.0,0.0
Ighv1-15,-0.6653365874662673,0.9578661947865343
Ighv1-16,0.0,0.0
Ighv1-17,0.0,0.0
Ighv1-17-1,0.0,0.0
Ighv1-18,0.0,0.0
Ighv1-19,0.0,0.0
Ighv1-19-1,0.0,0.0
Ighv1-2,0.0,0.0
Ighv1-20,0.0,0.0
Ighv1-21,0.0,0.0
Ighv1-21-1,0.0,0.0
Ighv1-22,0.0,0.0
Ighv1-23,0.0,0.0
Ighv1-24,0.0,0.0
Ighv1-25,0.0,0.0
Ighv1-26,0.0,0.0
Ighv1-27,0.0,0.0
Ighv1-28,0.0,0.0
Ighv1-29,0.0,0.0
Ighv1-3,0.0,0.0
Ighv1-30,0.0,0.0
Ighv1-31,0.0,0.0
Ighv1-32,0.0,0.0
Ighv1-33,0.0,0.0
Ighv1-34,0.0,0.0
Ighv1-35,0.0,0.0
Ighv1-36,0.0,0.0
Ighv1-37,0.0,0.0
Ighv1-38,0.0,0.0
Ighv1-39,0.0,0.0
Ighv1-4,0.0,0.0
Ighv1-40,0.0,0.0
Ighv1-41,0.0,0.0
Ighv1-42,0.0,0.0
Ighv1-43,0.0,0.0
Ighv1-44,0.0,0.0
Ighv1-45,0.0,0.0
Ighv1-46,0.0,0.0
Ighv1-47,0.0,0.0
Ighv1-48,0.0,0.0
Ighv1-49,0.0,0.0
Ighv1-5,0.0,0.0
Ighv1-50,0.0,0.0
Ighv1-51,0.0,0.0
Ighv1-52,0.0,0.0
Ighv1-53,0.0,0.0
Ighv1-54,0.0,0.0
Ighv1-55,0.0,0.0
Ighv1-56,0.0,0.0
Ighv1-57,0.0,0.0
Ighv1-58,0.0,0.0
Ighv1-59,0.0,0.0
Ighv1-6,0.3678025766408618,0.0
Ighv1-60,0.0,0.0
Ighv1-61,0.5460770418021937,0.0
Ighv1-62,0.0,0.0
Ighv1-62-1,0.0,0.0
Ighv1-62-2,0.0,0.0
Ighv1-62-3,0.0,0.0
Ighv1-63,0.0,0.0
Ighv1-64,0.0,0.0
Ighv1-65,0.0,0.0
Ighv1-66,0.0,0.0
Ighv1-67,0.0,0.0
Ighv1-68,0.0,0.0
Ighv1-69,0.0,0.0
Ighv1-7,0.0,0.0
Ighv1-70,0.0,0.0
Ighv1-71,0.0,0.0
Ighv1-72,0.0,0.25555345956664705
Ighv1-73,0.0,0.0
Ighv1-74,0.0,0.0
Ighv1-75,0.0,0.0
Ighv1-76,0.0,0.0
Ighv1-77,0.0,0.0
Ighv1-78,0.0,0.0
Ighv1-79,0.0,0.0
Ighv1-8,0.0,0.0
Ighv1-80,0.0,0.0
Ighv1-81,0.0,0.0
Ighv1-82,0.0,0.0
Ighv1-83,0.0,0.0
Ighv1-84,0.0,0.0
Ighv1-85,-0.45529429972774627,0.0
Ighv1-86,0.0,0.0
Ighv1-9,0.0,0.0
Ighv10-1,-0.22082010532603893,0.0
Ighv10-2,0.0,0.0
Ighv10-3,0.0,0.0
Ighv10-4,0.0,0.0
Ighv11-1,0.0,0.0
Ighv11-2,0.0,0.0
Ighv12-1,0.0,0.0
Ighv12-2,0.0,0.0
Ighv12-3,0.0,0.0
Ighv13-1,0.0,0.0
Ighv13-2,0.0,0.0
Ighv14-1,0.0,0.0
Ighv14-2,0.0,0.0
Ighv14-3,0.0,0.0
Ighv14-4,0.0,0.0
Ighv15-1,0.0,0.0
Ighv15-2,0.0,0.0
Ighv16-1,0.0,0.0
Ighv2-1,0.0,0.0
Ighv2-2,0.0,0.0
Ighv2-3,0.0,0.0
Ighv2-4,0.0,0.0
Ighv2-5,0.0,0.0
Ighv2-6,0.0,0.0
Ighv2-6-8,0.0,0.0
Ighv2-7,0.0,0.0
Ighv2-8,0.0,0.0
Ighv2-9,0.0,0.0
Ighv2-9-1,0.0,0.0
Ighv3-1,0.0,0.0
Ighv3-2,0.0,0.0
Ighv3-3,0.0,0.0
Ighv3-4,0.0,0.0
Ighv3-5,0.0,0.0
Ighv3-6,-0.22082010532603893,0.0
Ighv3-7,0.0,0.0
Ighv3-8,0.0,0.0
Ighv4-1,0.0,0.0
Ighv4-2,0.0,0.0
Ighv5-1,0.0,0.0
Ighv5-10,0.0,0.0
Ighv5-11,0.0,0.0
Ighv5-12,0.0,0.0
Ighv5-12-4,0.0,0.0
Ighv5-13,0.0,0.0
Ighv5-15,0.48423157574135567,0.0
Ighv5-16,0.0,0.0
Ighv5-17,0.0,0.0
Ighv5-18,0.0,0.0
Ighv5-19,0.0,0.0
Ighv5-2,0.0,0.0
Ighv5-21,0.47652920703648416,0.0
Ighv5-3,0.0,0.0
Ighv5-4,0.0,0.0
Ighv5-5,0.0,0.0
Ighv5-6,0.0,0.0
Ighv5-7,0.0,0.0
Ighv5-8,0.0,0.0
Ighv5-9,0.0,0.0
Ighv5-9-1,0.0,0.0
Ighv6-1,0.0,0.0
Ighv6-2,0.0,0.0
Ighv6-3,0.0,-0.2152727868316063
Ighv6-4,0.0,0.0
Ighv6-5,0.0,0.0
Ighv6-6,0.0,0.0
Ighv6-7,0.0,0.0
Ighv7-1,0.3822586798994121,0.0
Ighv7-2,0.0,0.0
Ighv7-3,0.0,0.0
Ighv7-4,0.0,0.0
Ighv8-1,0.0,0.0
Ighv8-10,0.0,0.0
Ighv8-11,0.0,0.0
Ighv8-12,0.0,0.0
Ighv8-13,0.0,0.0
Ighv8-14,0.0,0.0
Ighv8-15,0.0,0.0
Ighv8-16,0.0,0.0
Ighv8-2,0.0,0.0
Ighv8-3,0.0,0.0
Ighv8-4,0.0,0.0
Ighv8-5,0.0,0.0
Ighv8-6,0.0,0.5856808997243194
Ighv8-7,0.0,0.0
Ighv8-8,0.0,0.0
Ighv8-9,0.0,0.0
Ighv9-1,0.0,0.0
Ighv9-2,0.0,0.0
Ighv9-3,0.0,0.0
Ighv9-4,0.0,0.0
Igip,0.12490426372955099,-0.6579169338057138
Igkc,3.6304412782244198,1.4059140461502841
Igkj1,0.0,0.0
Igkj2,0.0,0.0
Igkj3,0.0,0.0
Igkj4,0.0,0.0
Igkj5,0.0,0.0
Igkv1-108,0.0,0.0
Igkv1-110,0.0,0.0
Igkv1-115,0.0,0.0
Igkv1-117,-0.23690106472386616,0.0
Igkv1-122,0.0,0.0
Igkv1-131,0.0,0.0
Igkv1-132,0.0,0.0
Igkv1-133,0.0,0.0
Igkv1-135,0.0,0.0
Igkv1-136,0.0,0.0
Igkv1-35,0.0,0.0
Igkv1-88,0.0,0.0
Igkv1-99,0.0,0.0
Igkv10-94,0.0,0.0
Igkv10-95,0.0,0.0
Igkv10-96,0.0,0.25325806877877893
Igkv11-106,0.0,0.0
Igkv11-114,0.0,0.0
Igkv11-118,0.0,0.0
Igkv11-125,0.0,0.0
Igkv12-38,0.0,0.0
Igkv12-40,0.0,0.0
Igkv12-41,0.0,0.0
Igkv12-42,0.0,0.0
Igkv12-44,-0.23690106472386616,0.0
Igkv12-46,1.3963193483138023,0.0
Igkv12-47,0.0,0.0
Igkv12-49,0.0,0.0
Igkv12-66,0.0,0.0
Igkv12-67,0.0,0.0
Igkv12-89,0.0,0.0
Igkv12-98,0.0,0.0
Igkv13-54-1,0.0,0.0
Igkv13-55-1,0.0,0.0
Igkv13-56-1,0.0,0.0
Igkv13-57-1,0.0,0.0
Igkv13-57-2,0.0,0.0
Igkv13-61-1,0.0,0.0
Igkv13-62-1,0.0,0.0
Igkv13-64,0.0,0.0
Igkv13-71-1,0.0,0.0
Igkv13-73-1,0.0,0.0
Igkv13-74-1,0.0,0.0
Igkv13-76,0.0,0.0
Igkv13-78-1,0.0,0.0
Igkv13-80-1,0.0,0.0
Igkv13-82,0.0,0.0
Igkv13-84,0.0,0.0
Igkv13-85,0.0,0.0
Igkv13-87,0.0,0.0
Igkv14-100,0.0,0.0
Igkv14-111,0.0,0.0
Igkv14-118-1,0.0,0.0
Igkv14-118-2,0.0,0.0
Igkv14-126,-0.22082010532603893,0.0
Igkv14-126-1,0.6068713985257126,0.0
Igkv14-130,0.0,0.0
Igkv14-134-1,0.0,0.0
Igkv15-101,0.0,0.0
Igkv15-101-1,0.0,0.0
Igkv15-102,0.0,0.0
Igkv15-103,0.0,0.0
Igkv15-97,0.0,0.0
Igkv16-104,0.0,0.0
Igkv17-121,0.0,0.0
Igkv17-127,0.0,0.0
Igkv17-134,0.0,0.0
Igkv18-36,0.0,0.0
Igkv19-93,0.9649067836144958,0.5073010524353454
Igkv2-105,0.0,0.0
Igkv2-107,0.0,0.0
Igkv2-109,0.0,0.0
Igkv2-112,0.0,0.0
Igkv2-113,0.0,0.0
Igkv2-116,0.0,0.0
Igkv2-137,0.0,0.0
Igkv2-93-1,0.0,0.0
Igkv2-95-1,0.0,0.0
Igkv2-95-2,0.0,0.0
Igkv20-101-2,0.0,0.0
Igkv3-1,0.0,0.0
Igkv3-10,0.0,0.0
Igkv3-11,0.0,0.0
Igkv3-12,0.0,0.0
Igkv3-12-1,0.0,0.0
Igkv3-2,0.0,0.0
Igkv3-3,0.0,0.0
Igkv3-4,0.0,-0.2152727868316063
Igkv3-5,0.0,0.0
Igkv3-6,0.0,0.0
Igkv3-7,0.0,0.0
Igkv3-8,0.0,0.0
Igkv3-9,0.0,0.0
Igkv4-50,0.0,0.0
Igkv4-51,0.0,0.0
Igkv4-53,0.0,0.0
Igkv4-54,0.0,0.0
Igkv4-55,0.0,0.0
Igkv4-56,0.0,0.0
Igkv4-57,0.0,-0.35820978814101395
Igkv4-57-1,0.0,0.0
Igkv4-58,0.0,0.0
Igkv4-59,0.0,0.0
Igkv4-60,0.0,0.0
Igkv4-61,0.0,0.0
Igkv4-62,0.0,0.0
Igkv4-63,0.0,0.0
Igkv4-65,0.0,0.0
Igkv4-68,0.2667182082057698,0.0
Igkv4-69,0.0,0.0
Igkv4-70,0.0,0.0
Igkv4-71,-0.22915837926285726,0.0
Igkv4-72,0.0,0.0
Igkv4-73,0.3754544065188601,0.0
Igkv4-74,0.0,0.0
Igkv4-75,0.0,0.0
Igkv4-77,0.0,0.0
Igkv4-78,0.0,0.0
Igkv4-79,0.3754544065188601,0.0
Igkv4-80,0.0,0.0
Igkv4-81,0.0,0.0
Igkv4-83,0.0,0.0
Igkv4-86,0.0,0.0
Igkv4-90,0.0,0.0
Igkv4-91,0.0,0.0
Igkv4-92,0.0,0.0
Igkv5-37,0.0,0.0
Igkv5-39,0.0,0.0
Igkv5-40-1,0.0,0.0
Igkv5-43,-0.3567848041086102,0.0
Igkv5-45,0.0,0.0
Igkv5-48,0.0,0.0
Igkv6-13,0.0,0.0
Igkv6-14,0.0,0.0
Igkv6-15,-0.22915837926285726,0.0
Igkv6-17,0.0,0.0
Igkv6-20,0.0,0.0
Igkv6-23,0.0,0.0
Igkv6-25,0.0,0.0
Igkv6-29,0.0,0.0
Igkv6-32,0.0,0.0
Igkv7-33,0.0,0.25555345956664705
Igkv8-16,0.0,0.0
Igkv8-18,0.0,0.0
Igkv8-19,0.0,-0.35820978814101395
Igkv8-21,0.0,0.25555345956664705
Igkv8-22,0.0,0.0
Igkv8-24,0.0,0.25555345956664705
Igkv8-26,0.0,0.0
Igkv8-27,0.0,0.0
Igkv8-28,0.0,0.0
Igkv8-30,0.0,0.0
Igkv8-31,0.0,0.0
Igkv8-34,0.0,0.0
Igkv9-119,0.0,0.0
Igkv9-120,0.0,0.400578209308994
Igkv9-123,0.0,0.0
Igkv9-124,0.0,-0.24431098970421622
Igkv9-128,0.0,0.0
Igkv9-129,0.0,0.0
Iglc1,-0.599487589914636,-0.345790212076149
Iglc2,0.3345707368181573,0.0
Iglc3,-1.9303392752247848,0.7982531804914748
Iglc4,0.0,0.0
Iglj1,0.0,0.0
Iglj2,0.0,0.0
Iglj3,0.0,0.0
Iglj3p,0.0,0.0
Iglj4,0.0,0.0
Igll1,-0.23690106472386616,0.0
Iglon5,-1.1673391915245581,-2.0614464193050317
Iglv1,-1.5968581043151058,0.25555345956664705
Iglv2,-0.22082010532603893,0.0
Iglv3,0.0,0.0
Igsf1,0.8217552187166466,-3.9583877164168726
Igsf10,-0.7542552318742244,-1.8803524021277251
Igsf11,1.494014805869745,-0.5204024153276823
Igsf21,0.23296001085705864,-0.18159633740605408
Igsf23,-0.22082010532603893,-0.3469673182785831
Igsf3,0.06725404500405574,-1.3692614967180567
Igsf5,0.6748867181163857,0.5803094652528901
Igsf6,-0.5870146091090636,1.0879715531419443
Igsf8,-0.487771815674396,-0.061355343882596
Igsf9,-0.22530404799414505,-1.0306772042312904
Igsf9b,-0.3012279617005795,-1.446718294258286
Igtp,0.34024595233673693,0.7320440580326881
Ihh,-2.1256240611555013,0.7254187565897238
Iigp1,0.25954420730228733,-0.5809661820974332
Ik,-0.3294776966541271,0.17314180461430695
Ikbip,1.022716987250094,-0.16501672048464755
Ikbkb,-0.2970973789491147,0.721044626546929
Ikbke,0.7117442007924,2.0303957045576295
Ikbkg,-0.5020293900321882,0.46640873333245025
Ikzf1,-0.44053234126411844,1.0019941138186805
Ikzf2,0.1291213386439125,-1.9582345545492332
Ikzf3,0.886847578168432,0.3619998558721208
Ikzf4,-0.69923628205136,-0.38330925569258945
Ikzf5,-0.0052570458006453435,0.37456613137072203
Il10,0.6479206111553784,-0.9293127999299853
Il10ra,-0.4841214602274171,0.7553709145617606
Il10rb,-0.14367837256057037,0.9436914267902878
Il11,0.05158806469946886,-0.5318458614576483
Il11ra1,-0.1270557524911471,0.2743569406640507
Il11ra2,-0.3567848041086102,0.0
Il12a,0.7760575664609863,-2.1674325558805965
Il12b,-1.0847362168310384,-2.5292844518356388
Il12rb1,0.46959450357484744,1.8476789066927397
Il12rb2,0.3831963098550908,-0.7107474306217751
Il13,0.0,0.0
Il13ra1,-0.49024056301218266,1.1963234895488597
Il13ra2,1.0073284616879281,0.0
Il15,0.26332604660381875,0.13896363187628769
Il15ra,-0.15347841318322253,1.1846963276779299
Il16,-0.5287450512683236,0.6748947926965485
Il17a,0.0,0.0
Il17b,-0.3493402176101932,0.0
Il17c,-2.409616389561519,0.2630593828618123
Il17d,-0.44376302073457663,-0.5361181312096728
Il17f,0.23452371786357948,0.0
Il17ra,-0.27056496400611607,1.698806551361569
Il17rb,-0.933012579363119,-0.5840086384043657
Il17rc,0.8069811787708838,-1.4867992672629509
Il17rd,0.16630525021711184,-2.3057563850765455
Il17re,-0.7298661246739622,-1.8209927055643877
Il18,0.03325020039908466,0.8098943732050667
Il18bp,0.674324990270323,0.7187554055380296
Il18r1,0.019114991217689586,-0.3055095393411083
Il18rap,-1.6118952545829188,-0.5416968505289361
Il19,0.0,0.0
Il1a,-0.4119533510052058,1.1243356877768527
Il1b,-0.19797879624989712,1.681737382774239
Il1f10,0.0,0.0
Il1f5,0.8768724758035196,-0.2152727868316063
Il1f6,-0.7284866239869774,0.0
Il1f8,0.0,0.0
Il1f9,0.6149541691244167,-0.5700060119918371
Il1r1,0.41900245528990965,0.14421225018990658
Il1r2,-0.035857305582983834,-0.7124820507237706
Il1rap,0.6232343963793419,0.3762773240086048
Il1rapl1,-1.7057475470079178,-2.166031685592829
Il1rapl2,-1.6398876736007377,0.9404058214789206
Il1rl1,-0.2551308910885819,1.2312789884862143
Il1rl2,-0.7020406129510128,1.505809364695157
Il1rn,-0.40099922540361277,2.944859300742281
Il2,-0.22915837926285726,-0.3886351608734172
Il20,0.0,0.0
Il20ra,1.0573197096802724,-1.009641535183976
Il20rb,-2.302124304220174,-2.798923368417845
Il21,0.337640066028533,-0.6014742064652315
Il21r,-0.2234509559995299,1.0820662996977681
Il22,0.2005138852231243,-1.094088386691677
Il22ra1,0.0,0.0
Il22ra2,-0.22640987688569023,1.1495827734932982
Il23a,0.8676915021413051,-1.113292292985199
Il23r,-0.9271205988399442,-0.5980407018310337
Il24,0.0,0.0
Il25,-1.5200090060611104,-0.3255147024636035
Il27,-0.08638075210171703,0.9690423199714422
Il27ra,-2.285372663133341,-1.1820598704972738
Il2ra,2.845813586042197,-0.262468107489346
Il2rb,-0.7956724430351878,-2.4247465295120065
Il2rg,-0.08732551565527658,1.579267272651137
Il3,0.0,0.0
Il31,0.3678025766408618,0.0
Il31ra,-2.0447662891788125,-1.7741404724393526
Il33,1.010819149932301,-0.8481520824977729
Il34,-1.221445619289721,-0.5722034059712149
Il3ra,1.2126400591953033,0.7723599190937573
Il4,-0.23312573660235092,-0.1485677392285467
Il4i1,-0.20653671616934322,0.07482919722233294
Il4ra,-0.30730851362991984,1.0388730669732134
Il5,0.0,0.0
Il5ra,0.5423616123219372,0.1984748630885318
Il6,1.4253044292788375,-1.1059223313493227
Il6ra,-0.12098856207600761,2.087786661796043
Il6st,0.10187203450137261,0.7770521951464016
Il7,1.3075691470280841,0.06827674522689453
Il7r,-0.7222284731053676,0.8153513329532371
Il9,0.0,0.0
Il9r,-0.6159551524208062,-1.6688754831592472
Ildr1,-0.6110180532185812,-1.0830142750527108
Ildr2,2.334926739736261,-1.5553739552691663
Ilf2,0.2709515536470235,-0.41787249732850107
Ilf3,-0.5140122498271857,-0.09057734984062904
Ilk,-0.23280443569441545,0.6900619219988151
Ilkap,-0.13050108978406882,0.33597135460661853
Ilrun,0.35232486017523534,-0.8232615309481837
Iltifb,-1.6927687016905164,-1.1116129392197087
Ilvbl,-0.05776579733814913,0.4798732910748811
Immp1l,0.6244507864597164,-0.3224223020922299
Immp2l,0.7873816030027676,-0.4687940295080466
Immt,-0.14163703863675536,-0.06879979299688976
Imp3,0.29395511361513726,0.9785352531421241
Imp4,-0.2474316242649781,0.7798620391836835
Impa1,0.09513818670209773,-0.057061260833242144
Impa2,-1.3972722330045109,-0.19907095795122487
Impact,-0.5969110458029014,-0.08331033401687726
Impad1,-0.07090230635053452,0.12561313532343732
Impdh1,0.39816113009502274,-0.8286673272748466
Impdh2,-0.09439344002557704,-0.06497379872492814
Impg1,-0.14841379256775689,-0.794827948706887
Impg2,0.8309920737768675,-0.7870299676044823
Ina,0.3377406132012375,-0.9934761006270687
Inafm1,0.5748958231028025,-1.3214966750161699
Inafm2,0.18414216734999123,0.11479215836236456
Inava,-1.0759408440759741,-0.5863532064420514
Inca1,0.21439434450422468,-0.9277150965460903
Incenp,-0.4112824548473544,0.6468426424959883
Inf2,2.55197718652774,-1.0449512475044633
Ing1,-0.00340948153824705,0.13416426865229525
Ing2,1.1339296789045576,-0.2807446700605034
Ing3,0.004510065226156712,-0.24065031531101155
Ing4,-0.19582659028657545,-0.23078249644929016
Ing5,0.20737235517434094,0.430972490068541
Inha,0.11838006487119657,0.6764321043917807
Inhba,2.042015174740845,-0.3703723616421515
Inhbb,2.398536307729718,-1.1879582715663233
Inhbc,0.0,0.0
Inhbe,0.0,0.0
Inip,-0.4443286992791542,0.402989342129203
Inka1,-0.16883869769673154,0.6472093867798066
Inka2,0.007337210841615871,-0.6434464194280398
Inmt,1.0019651462026664,1.9349487454965297
Ino80,0.13945150621584546,0.4006936621346604
Ino80b,1.1327890033984378,0.9506828888388412
Ino80c,0.005809959645356244,0.35772662794431653
Ino80d,-0.02129253793235364,-0.01122531394960724
Ino80e,0.19266894347053487,0.20906616064377026
Inpp1,0.12477867125344844,-0.4224335694177501
Inpp4a,-0.46236563186482726,0.04588052208757887
Inpp4b,-0.48764147500637023,0.041033095477704506
Inpp5a,0.5451300488134398,-1.1835561087611381
Inpp5b,-0.507430341712654,-0.24358698930323186
Inpp5d,-0.4441685413485139,0.9609056836023289
Inpp5e,-0.27296065941034797,0.23100371719069912
Inpp5f,-0.08268404600046786,-0.10046653733666489
Inpp5j,-0.9200559156736698,-1.460520448487995
Inpp5k,-0.06153421568560624,-0.1527973665890734
Inppl1,-0.3892140405626865,1.242544853115053
Ins1,0.0,0.0
Ins2,-0.44678382169875286,-1.8737013290857538
Insc,-2.9177864867063477,-3.94726651447363
Insig1,-0.4178961872090028,0.7053655238509755
Insig2,-0.2820096167471764,0.30603450337765814
Insl3,0.5100206148737002,0.8798826181962329
Insl5,0.8965573220037073,-2.4718283760746456
Insl6,2.2816162183252735,-0.28716565336265854
Insm1,0.8487223659924341,-1.8349962730214848
Insm2,2.073563905143683,-1.2208583357750777
Insr,0.4382448225244282,-0.46909045309356223
Insrr,-3.876751818546937,-2.1400147588815823
Insyn1,-0.2287211565356415,-0.5945337955397085
Insyn2a,0.33490030745730337,-0.9841066693522329
Insyn2b,-0.15603035530453546,-0.3777476153990884
Ints1,-0.15911747649286312,-0.06411027782276157
Ints10,-0.3980290275142355,0.09690802756528072
Ints11,-0.5265169097259541,0.14751862172192176
Ints12,-0.03634751785278567,0.40002350662556907
Ints13,-0.2107558258628206,-0.5868308946551313
Ints14,-0.1804940080370514,-0.04563096969344471
Ints2,-0.10659010560167381,0.04819058128957643
Ints3,-0.47155673250241037,0.4797308353065848
Ints4,-0.14853689433583384,0.0626174803745716
Ints5,0.12784038519139962,0.3363733875782646
Ints6,0.03804704417482263,-0.4958586253739057
Ints6l,-0.7332859208651747,0.7829889379367465
Ints7,-0.22880325776651134,0.32553907085241107
Ints8,-0.22013705283075247,0.5650065897977115
Ints9,-0.38813031346971094,0.40010484129573065
Intu,-0.2725454451912306,-0.212053635670701
Invs,0.1665737229871045,-0.3497353863951398
Ip6k1,-0.24486177842962675,0.06902496126018676
Ip6k2,-0.16038334601177517,-0.6727336927909651
Ip6k3,0.5633321903454416,0.06589888512069209
Ipcef1,-0.39542620201332035,0.7034125581819914
Ipmk,0.3148549285705151,-0.7258246395633705
Ipo11,-0.4720756042798211,0.2570461426103705
Ipo13,-0.543518907229716,-0.12125610202324921
Ipo4,0.5346275158923692,-0.1417508942886201
Ipo5,0.28306887280281146,0.3901297492705531
Ipo7,-0.4314601858680369,0.20576663084042934
Ipo8,-0.15691301832111293,0.28487731373622616
Ipo9,-0.35763396883600684,-0.10825869002636601
Ipp,-0.2656450465337983,0.3086111761878101
Ippk,0.11132459379675552,-0.07457214841136661
Iqank1,-0.7993200883960196,-1.3262261841420333
Iqca,1.4289980734448373,0.06085037804821458
Iqca1l,0.22888442284205604,0.0
Iqcb1,0.21386823482754203,-0.3797225045810979
Iqcc,-0.27034822298563554,0.1284788990718848
Iqcd,0.12985949172363043,-2.6639832479302297
Iqce,-0.43092682772642554,0.06462109534735028
Iqcf1,0.0,0.0
Iqcf3,0.0,0.0
Iqcf4,0.0,0.0
Iqcf5,0.0,0.0
Iqcf6,0.0,0.0
Iqcg,0.03616200413976145,-0.6501291750152944
Iqch,-2.5762889463387397,-1.4585148103270504
Iqck,0.421069679921783,-0.7457733057471634
Iqcm,-0.7267549037164459,0.7556824504193483
Iqcn,-0.04249718649792111,-0.581673558421504
Iqgap1,0.31861086475630884,0.4228328918281328
Iqgap2,-0.3645572624833866,-0.5310358729263438
Iqgap3,-0.5921626164352034,0.5908547764879337
Iqsec1,0.38425114345962363,-1.189931211244387
Iqsec2,-0.3863210208318213,0.9673368521521288
Iqsec3,-0.2631415546539806,-0.8395151341689147
Iqub,0.6507589582810324,-1.3548095528197637
Irak1,-0.0034244439308483976,-0.5740625997067461
Irak1bp1,0.6934016964777054,-0.5532928840518077
Irak2,-0.25782550525916825,0.6302602507426158
Irak3,0.6035757921882201,0.7260376428928756
Irak4,-0.23317273586782505,1.0218368041930415
Ireb2,-0.2815746111108304,-0.028224548016112294
Irf1,0.3044392715649913,0.4759529077974367
Irf2,-0.05388453505605462,0.5181963727317154
Irf2bp1,0.989001618510736,-0.1616422915295157
Irf2bp2,0.2870909666280088,0.00435985047152343
Irf2bpl,-0.11248307687044345,0.7712434325679389
Irf3,0.18067029583068184,0.13798022068799654
Irf4,-0.5861822458320383,1.2766442733028898
Irf5,-0.26015566143338376,1.0293435644096682
Irf6,1.7345484845631196,-0.48123690952789566
Irf7,0.9506636644601372,1.2276959879687723
Irf8,-0.2652065109788513,1.0844897166683918
Irf9,0.932222817614095,0.7227869126324258
Irgc1,-1.3674843630263491,0.982780764952586
Irgm1,0.8233373448531687,0.822586862270267
Irgm2,0.22102481598028234,0.8504902851331764
Irgq,0.018672645468556404,-0.1320201570125974
Irs1,-1.105764604754869,-0.39943930979122033
Irs2,0.24999821898385832,-0.006710888908964208
Irs3,-0.25401561239727855,-0.14328807585002235
Irs4,-0.0007111747282447789,-1.6793695654989982
Irx1,0.0,0.0
Irx2,0.5903004913394133,-1.3488148431659626
Irx3,0.3919124933523356,-1.2878773398318728
Irx4,1.3619715990892014,-3.861793886825237
Irx5,3.07918368323148,-2.959823315973764
Irx6,-0.18630765908171565,-0.6722329412824202
Isca1,-0.021875254749977202,-0.05809948889595873
Isca2,0.10938779950902955,-0.027515837498441442
Iscu,-0.00973846558600222,1.4359322177479843
Isg15,0.8090957908490033,0.7681620053189233
Isg20,0.8061930309880614,1.2028189596591572
Isg20l2,0.03756142990823541,0.4228479762565742
Isl1,-0.005590891566958689,-0.704942741935783
Isl2,-0.33423262656555774,-1.9411240907429204
Islr,0.5610845882905346,-2.277268399781917
Islr2,0.413005006290839,-2.5913594594284985
Ism1,-0.2473825472056288,-3.0642166855998485
Ism2,0.11383709826359567,0.4713584272990192
Isoc1,-0.16425518752271806,-0.1560690202714241
Isoc2a,0.6079682779169322,-0.4030167140235781
Isoc2b,-0.13790135993000696,1.1287927473890553
Ist1,-0.26930324434863095,0.15988877841545346
Isx,0.0,0.0
Isy1,-0.32006248808348836,0.840370580046276
Isyna1,-0.3116117411135111,0.2428252261810826
Itch,-0.31152291922495756,0.280803780975317
Itfg1,-0.38603378215382556,0.582724068240557
Itfg2,0.29245948167381286,-0.452903455626128
Itga1,0.6474369790153132,-2.483632616726541
Itga10,-0.20042673464242378,-0.6257803554217809
Itga11,-1.008010516045802,2.303824453906044
Itga2,-0.6832955808225449,-2.073805665212399
Itga2b,0.1416328829571425,-1.3678961194405965
Itga3,0.5736317717742772,-0.4550423866852462
Itga4,0.3492961786431774,0.45114467649432655
Itga5,-0.10482788562266343,0.5082396380717267
Itga6,-0.027260152310832453,0.5518235883695315
Itga7,-0.6145101923142295,0.34752761066894067
Itga8,-0.030282267822781428,0.2692666749952446
Itga9,-0.6291768251472618,0.5881673837591972
Itgad,-2.5195067426339666,1.1709056087989482
Itgae,-0.44510794802086817,0.021911701208268575
Itgal,-0.12316756215883018,1.3859279395461872
Itgam,-0.7872042371758283,1.6950661621749372
Itgav,0.0501104605152225,0.09774578361866659
Itgax,-0.6326905823691309,2.047338199384636
Itgb1,-0.5373677671235324,1.4198999778091714
Itgb1bp1,0.011841781356089598,0.4048704244190855
Itgb1bp2,0.9238482357585602,-0.2605211966993748
Itgb2,-0.2940010951624892,1.1942638432719033
Itgb2l,0.0,-0.2218593794753994
Itgb3,-0.2013807597730981,1.904875588944849
Itgb3bp,0.8194353168535828,0.329519923263069
Itgb4,0.2725752425164174,0.05758540605946472
Itgb5,-0.28929240569448744,0.6215803167267602
Itgb6,0.0,-2.247143267115561
Itgb7,-0.41189008187902143,0.7374840603618722
Itgb8,0.962521856145977,-2.262731078706734
Itgbl1,-1.2511537557391046,0.011945777245908396
Itih1,0.0,0.0
Itih2,0.6736887395787278,-0.6288746333812649
Itih3,0.0,0.0
Itih4,0.0,0.0
Itih5,-1.0840034497198703,1.4066835950854593
Itk,0.6743559826787533,-0.03898807495200218
Itln1,0.0,0.0
Itm2a,0.020621273016088182,-0.1950960949585987
Itm2b,-0.2910942233627445,0.979686079794563
Itm2c,-0.4403253779634344,0.6065530059296709
Itpa,0.07834884443265011,-0.4566747363410002
Itpk1,-0.05553783862153061,-0.21402369401080534
Itpka,-0.23690106472386616,-1.687191603882614
Itpkb,-0.03535288527195135,0.3086543801931416
Itpkc,0.23948355454339154,0.5371480515720171
Itpr1,-0.5206555672297135,-0.7513377044512879
Itpr2,-0.5671664790726734,0.6530085071518954
Itpr3,-0.6503314411483263,0.7978683968808449
Itprid1,0.0,0.0
Itprid2,-0.21243644561174513,0.110001536314698
Itprip,-0.4733807028192718,0.801900772332619
Itpripl1,-0.10814928962893333,0.5153039179282501
Itpripl2,-0.26238837905634504,1.7775347017441376
Itsn1,-0.06502555254935416,-0.15085222891599237
Itsn2,1.0238211332129818,-1.0692531126457396
Ivd,0.02358679448714618,0.10573257148120163
Ivl,0.0,0.0
Ivns1abp,-0.5719914914528879,1.0132991160931635
Iws1,-0.13152089614964702,0.22065976352875438
Iyd,1.1059965704376613,-2.8518646489975144
Izumo1,-0.8406761185134314,0.21743589041451916
Izumo1r,0.2667182082057698,0.18773916371717966
Izumo2,0.0,0.0
Izumo3,0.0,0.0
Izumo4,0.028328020648615393,-0.5388464158725723
Jade1,-0.3374883292965407,-0.40303922599106556
Jade2,0.20248997142784386,0.19167138020784602
Jade3,-0.8936159066824798,-0.034593491311532
Jag1,-0.360186228435186,-0.6416654055060125
Jag2,-0.910501400760559,-0.9565029250353616
Jagn1,0.20539935557180833,0.0571094485852246
Jak1,-0.4705201630351876,0.6867549492149099
Jak2,0.1765454577434893,-0.49753945792471477
Jak3,-0.9728235238385317,1.6057461361798406
Jakmip1,-0.19973667884630153,-0.8476099236443773
Jakmip2,-0.4329693200992146,-0.28553803914539344
Jakmip3,-0.6802604354529085,0.17402056914416475
Jam2,-0.14411178022641025,0.23853999559662498
Jam3,0.9902395814019105,-0.597216389432714
Jaml,0.3360696789612758,0.25707941004878254
Jarid2,-0.6164239440158301,0.11638147621941819
Jazf1,0.7980374362092739,-2.5923612809587935
Jcad,0.19722412583774052,-1.1579429808295263
Jchain,-0.06485394492208307,-2.3537481603302615
Jdp2,0.42758764252521786,-1.0126280930614033
Jhy,-0.5592891220028741,0.0
Jkamp,0.19520199693785933,-0.2878882967510332
Jmjd1c,0.32059805239493855,0.050480790399580755
Jmjd4,-0.19488834331083105,0.26483169191892664
Jmjd6,0.2710269705593973,-0.13865968531733408
Jmjd7,0.6345438342741474,-0.6846020728287447
Jmjd8,0.27881658748955473,-0.09106756582629494
Jmy,0.5476638097658215,-1.6896238663776328
Josd1,0.6688474938874478,-0.5831446748665368
Josd2,0.12225540241230881,0.2466145085402882
Jph1,-0.365964155658304,-1.1876820048543069
Jph2,1.7534318290530921,0.178168531536258
Jph3,-0.8353123823090769,-0.3218869385199685
Jph4,-0.15510445286181884,-0.6782179295628117
Jpt1,-0.02560399768909427,0.6018657218007615
Jpt2,-0.5531970190693603,0.8183200624148483
Jrk,-0.07727144200461744,-0.5816156161483139
Jrkl,-0.13207828374288155,-0.005127370352186134
Jsrp1,-1.7201693004163214,0.19096960950969333
Jtb,-0.07363998811963413,0.27385699563898314
Jun,0.18386336574249285,1.6733306889677966
Junb,0.47949074005250303,1.105596866274574
Jund,0.7658031282809654,-0.9072395108833993
Jup,-0.6785840871724798,0.15898975566785012
Kalrn,0.9811792735092855,-1.223019200845819
Kank1,-0.14755204932805555,-1.0200159771373425
Kank2,0.5783018741739685,0.8480258280580912
Kank3,-0.2217084657045092,0.07739800149250797
Kank4,1.1414037612046952,-1.5221019356700265
Kansl1,-0.20538701846345297,0.11111104145590645
Kansl1l,0.6013040782342101,-0.17055680992712396
Kansl2,-0.06300307274524641,0.645608590008937
Kansl3,-0.24724204669742633,-0.1830982147336755
Kantr,-0.11899200831144618,0.22585544614448416
Kap,0.0,0.0
Kars,0.1024075070465269,0.15947191736075972
Kat14,0.05914615171157145,-0.48509089874213807
Kat2a,-0.3485740732202416,0.3625539146014667
Kat2b,0.2052101668610522,-1.1449387096037746
Kat5,0.08267607914489794,0.1634269928410852
Kat6a,-0.15584322618640378,0.12694528159843088
Kat6b,-0.19155019273112295,-0.06842532022682413
Kat7,-0.049961823635213065,0.39021984786786135
Kat8,0.11867370376770481,0.31334375193384467
Katna1,-0.07887924298993454,0.3074138061424243
Katnal1,-0.2588832843496913,-0.6898002562991685
Katnal2,0.1444507083199582,-0.900809256939838
Katnb1,-0.16656265740338405,-0.28701672871362405
Katnbl1,0.24818192899905256,-0.3897600396061609
Kazald1,1.6149369923532744,-1.2510851410967856
Kazn,-0.9364697216850821,-0.20909331666880782
Kbtbd11,-0.08892102675538016,-0.7462997959615283
Kbtbd12,-1.9637454144154685,2.391941012132119
Kbtbd13,-0.4869915042585238,-1.737635449366954
Kbtbd2,-0.35422930433862376,-0.024047149576995608
Kbtbd3,-0.4120783613391339,-0.6142057798710834
Kbtbd4,-0.16042667357104357,-0.037664962601823504
Kbtbd6,0.866167900297282,-1.7631045356923365
Kbtbd7,-0.0008808154058943529,0.46665995908358404
Kbtbd8,-0.5436802653815107,-0.182564172492361
Kcmf1,0.03699738939359598,-0.09882330886931001
Kcna1,-1.2067951038239855,-0.3370382884762577
Kcna10,0.0,-0.7282243797812842
Kcna2,-0.7691109231898903,-0.45947306890046846
Kcna3,0.45343664188016053,-0.6576722242715194
Kcna4,-1.5104500264359269,-0.34356635929590773
Kcna5,-0.6286320513054058,-0.6267409775728545
Kcna6,-0.9717625415058393,-0.6397374102964619
Kcna7,0.0,0.0
Kcnab1,-1.8666675460404782,0.07009890035970479
Kcnab2,-0.23797091026600548,-0.5680568159665889
Kcnab3,-1.0402838037897393,0.2585037534271013
Kcnb1,0.9273446684564366,-1.0539169300306632
Kcnb2,-0.6679389850500339,-1.4283222522071704
Kcnc1,0.15035282728804233,-0.5486774222808144
Kcnc2,-1.5572517697318968,-0.010663884972279547
Kcnc3,0.1788237984322727,-1.5301677200797137
Kcnc4,-1.0241505195604592,-0.21675251994431832
Kcnd1,-0.9910238279681547,0.8036732802034159
Kcnd2,1.2436878612637035,-3.798252901990587
Kcnd3,0.2551091294223351,-0.8565391440685914
Kcne1,0.6103283569546322,0.0
Kcne1l,-0.21642550996579857,-0.034647400336117684
Kcne2,0.0580405275272291,-0.7778960606587741
Kcne3,0.2393039697113314,-1.8551556265954503
Kcne4,1.3143809215504385,-1.1633513137477105
Kcnf1,-1.4520978635797115,0.9478134007880126
Kcng1,-1.123727387321012,-1.3251016264314974
Kcng2,-0.3052381431541096,-3.357600942528668
Kcng3,0.0,0.0
Kcng4,0.7964797046175498,-1.081007989670713
Kcnh1,-0.4187191705908493,0.11284056049516966
Kcnh2,-0.8374604657790883,-0.5530462479510962
Kcnh3,0.5041566612176902,-2.4023503917532163
Kcnh4,1.26194485542815,-0.17130692417062576
Kcnh5,-0.7160762036242829,-0.5109492553325783
Kcnh6,0.4302235140087731,-0.5623089142224789
Kcnh7,-0.13995229759229666,-1.1398582450651924
Kcnh8,0.2256490525127952,-4.20632293145221
Kcnip1,-1.1430623836944722,-0.18561957215336733
Kcnip2,-1.9953507937344517,-0.28103655353924495
Kcnip3,-0.40655196015850237,-0.09681150750074963
Kcnip4,-0.1835317550604536,-1.123414824215871
Kcnj1,0.0,0.0
Kcnj10,1.6831858014592642,-0.2622361508701001
Kcnj11,-0.25175222164159283,-3.806959069822147
Kcnj12,0.6535961344465404,-0.10612676160311185
Kcnj13,0.8071996757227344,-2.7459701989503804
Kcnj14,0.38688516253852434,-1.0261317384259119
Kcnj15,0.0,-2.4560225458906695
Kcnj16,-2.6399187609742993,-4.070292697357013
Kcnj2,-0.25111441729514006,1.0745620394230482
Kcnj3,-0.5350917112549745,-0.6968772687192093
Kcnj4,0.3754544065188601,-0.2152727868316063
Kcnj5,-0.666882239136771,0.35878410606990485
Kcnj6,-0.7203165650860788,-0.43668028095760913
Kcnj8,2.4321291798919473,-1.6522464592511845
Kcnj9,-1.0069834688258812,-0.06303586026335495
Kcnk1,-0.11885427084672173,-0.6503349630891684
Kcnk10,-1.6735623922744929,-2.064492968015406
Kcnk12,-0.7442427114640471,0.3007611650240274
Kcnk13,-0.3063558343154753,1.2195293275753105
Kcnk15,-0.5234226061380082,-1.7379659695981031
Kcnk16,0.0,0.0
Kcnk18,0.0,0.0
Kcnk2,-1.511455564770599,-0.273587335303902
Kcnk3,0.23821697910371675,-0.46863666630967593
Kcnk4,0.3521507834529025,-0.8193754465853988
Kcnk5,-0.7641946590147835,-2.8926442990740013
Kcnk6,-0.4724355803936078,1.798210743306651
Kcnk7,0.6619591542449044,0.7035299262537466
Kcnk9,-1.803010760761988,-0.7537884785520488
Kcnma1,0.032989956995603364,-0.954326566113707
Kcnmb1,2.481287180626281,-3.628209555136361
Kcnmb2,1.2573302710547214,-0.4802932653248364
Kcnmb3,1.0563556928065423,-0.11286570724965861
Kcnmb4,0.2782905003850109,-0.84028810271636
Kcnn1,0.07902158379287183,-2.9448907974423726
Kcnn2,0.4743477960959135,-1.12675653242174
Kcnn3,-2.2968840083327606,-1.15326046664419
Kcnn4,0.2513467410832977,2.291299116907253
Kcnq1,-0.6545902450644636,-3.0676019971139654
Kcnq2,-0.2728420177292641,-1.735094533003692
Kcnq3,0.7202886591807642,-1.2215617982273166
Kcnq4,0.06413195385300963,0.20821772759905155
Kcnq5,0.5559553333717446,-2.3421189538052682
Kcnrg,-0.8824223433888005,-0.3838693322774045
Kcns1,-2.6090670674731125,-2.5191123055734783
Kcns2,-2.7438601875828255,1.4922671410997292
Kcns3,0.2681694904165943,-1.0354526725946733
Kcnt1,-1.003718334353513,0.15959794224199708
Kcnt2,-0.9103269432214369,-2.0547848074362833
Kcnu1,-3.673821280311239,-3.6883924703763116
Kcnv1,-1.9868627503770409,-1.6677923335943645
Kcnv2,-0.2530647867025593,-0.7335548059972279
Kcp,0.2790622351133285,1.0578501569456922
Kctd1,0.20571894828096404,-0.5862762787919458
Kctd10,-0.4173011474065227,0.11572396503758853
Kctd11,0.06464385945659679,0.6420692293724777
Kctd12,-0.19611563309334556,0.706109772954445
Kctd12b,-0.42837766581922754,0.4227185989656448
Kctd13,0.05379355507262762,0.6764698775785529
Kctd14,1.011352464868267,0.12040577806743524
Kctd15,1.0805044681640217,-0.8784198231671647
Kctd16,-0.2955369424089209,-1.0287527060394872
Kctd17,-0.13017716850070293,-0.06252974825054025
Kctd18,-0.15600733769464625,0.11950968889123281
Kctd19,2.8803429230137247,-2.4693323347377127
Kctd2,0.8461260468134659,-0.6722160371528396
Kctd20,-0.59784314867699,0.3998589291510619
Kctd21,-0.26211224695154023,0.23369251152607617
Kctd3,0.28011477092657167,-0.7469240582422287
Kctd4,1.3242794671604274,-2.339402653149169
Kctd5,0.6702935157977414,0.8304922921114093
Kctd6,-0.009172947232034545,-1.1180142845789156
Kctd7,-0.40750643561258215,-0.3010687592120149
Kctd8,-0.4435996070593351,-0.01454703010886682
Kctd9,0.29877669013681984,-0.6274269950510982
Kdelr1,0.08514321629886012,0.46661487428192316
Kdelr2,0.007817609972429196,0.6059944202179217
Kdelr3,1.7149434708855713,-2.297045314953519
Kdf1,-0.2226268856582232,-3.096488808937128
Kdm1a,0.5201736872475546,-0.7569593535974315
Kdm1b,-0.6913654122662223,-0.059040815380718925
Kdm2a,-0.06049442209026701,0.061224232483056085
Kdm2b,-0.21229191918327928,0.22933031338610377
Kdm3a,-0.7970528068948006,0.1353544165474272
Kdm3b,-0.1522392393111005,-0.27635727080344274
Kdm4a,-0.4266190829223291,0.06138465318048958
Kdm4b,0.09793866478604762,-0.2890884738359141
Kdm4c,-0.06411647089731431,-0.5020939297550218
Kdm4d,-1.521985488077684,-2.8927825346119045
Kdm5a,-0.2129500248592553,0.15414604681353872
Kdm5b,0.19387863829435759,-0.48544427068688556
Kdm5c,-0.3055277729551342,0.3725603772389636
Kdm5d,0.7485498905258954,-2.526126888078296
Kdm6a,-0.35950979991159393,0.5525941926126734
Kdm6b,1.825884048160706,-0.7657242580786612
Kdm7a,0.08102453319669678,0.2601070469401243
Kdm8,0.08415295676829704,-0.531438691983495
Kdr,0.5255509149048816,-0.5743244433332322
Kdsr,0.13175865747764526,-0.5408415165152309
Keap1,0.011186703412443322,0.19375260692937424
Keg1,0.0,0.0
Kel,-0.9852202298008755,0.0
Kera,0.0,0.0
Khdc1a,0.0,0.0
Khdc1b,-0.0838007640873113,-0.7941589372733192
Khdc1c,0.0,0.0
Khdc3,0.420191454774669,0.5206205329012712
Khdc4,-0.18050477335529003,-0.133962820576345
Khdrbs1,0.503397550265797,0.7800039215983805
Khdrbs2,-0.5601403080098777,-1.3451136001618753
Khdrbs3,1.3705655676157358,-1.1807202260267715
Khk,-0.5049611332837411,0.36624481701790934
Khnyn,-0.5166201911754094,0.3174502449844461
Khsrp,0.6323950190968883,-0.20996102111685833
Kidins220,-0.5061591614468561,-0.2318511823678815
Kif11,-1.670184855876201,0.5233861835569913
Kif12,0.0,0.0
Kif13a,0.9054559628138534,-0.9615227617465187
Kif13b,-0.27454215398785387,0.03506412224487043
Kif14,2.5995475433859525,-2.327812237053577
Kif15,0.6503097966364342,-0.6431926082578441
Kif16b,-0.03565512641365132,0.20636666350457133
Kif17,0.6334598828707785,-1.0152913490181952
Kif18a,0.6720863125142191,-0.46570718195124705
Kif18b,-2.5249320328815226,-0.32476047202365077
Kif19a,-0.6565182229333661,2.779794646651188
Kif1a,-0.4180075211361505,-0.7116231652136964
Kif1b,0.4319976698608752,-1.1028211942007395
Kif1bp,0.9293456395058328,-0.40852338020989265
Kif1c,0.3323437090945056,-0.6984017372238505
Kif20a,-1.0383916185458038,0.3067105643093493
Kif20b,0.3298801733060106,0.13118219425005329
Kif21a,0.057033467680948746,-0.6154520616181856
Kif21b,-0.09208943015859994,-0.2565423643217226
Kif22,0.1704571750660051,-0.14865605862448472
Kif23,-0.08504739354315394,-0.00939391278399171
Kif24,0.17214074030407822,-0.5475456807973043
Kif26a,0.5469821411528377,-2.1882547736999127
Kif26b,-1.4425499384256293,-1.1028864775573686
Kif27,1.30862828148391,-3.339092070627752
Kif28,-0.6342427027382017,-0.7282243797812842
Kif2a,0.08350609972106682,-1.0065220281864349
Kif2b,0.0,0.0
Kif2c,-0.02534518688192655,0.41316098702264537
Kif3a,-0.17082493439472124,-0.13950265235117065
Kif3b,-0.3844640917791633,0.32218774312136134
Kif3c,-0.17883555564887033,-0.25060676122564907
Kif4,-1.456618373264833,-1.150315667162734
Kif5a,-0.7077713072742924,-0.61687668832562
Kif5b,-0.21491910783136525,-0.12930061520830627
Kif5c,-0.7741654563474434,-0.1990028662741441
Kif6,-0.20706051950047755,-1.9559897167842792
Kif7,-0.20660643060718087,-2.491853950376561
Kif9,0.11037299433884051,0.2576048745011228
Kifap3,-0.6765016289853722,-0.007026373511125783
Kifc1,-0.1506532157403413,-0.57765203407354
Kifc2,-0.49480296180050587,-0.6049252939359189
Kifc3,-0.8018157923204692,0.23264866266091833
Kifc5b,-0.5474838068670005,-2.5237197471218997
Kin,0.014010633993764898,-0.21536085386903991
Kir3dl1,0.0,0.0
Kir3dl2,0.0,0.0
Kirrel,-0.9268536846280373,-1.3226679458615855
Kirrel2,-0.8932019346105378,-2.8354490277598807
Kirrel3,-1.4102621436032177,-0.29478041265770827
Kiss1,-0.30823047990375896,1.0866740495973997
Kiss1r,0.25440771366575277,-0.37001879794928527
Kit,-0.6778962051373467,-2.6907270699405785
Kitl,0.48616717195964654,0.10502226216192412
Kiz,-0.27971261426118943,-0.4053437618301725
Kl,-0.24941589102133666,-3.265891963018197
Klb,0.31550574187351077,0.04035908432216273
Klc1,-0.5575161181277437,-0.18558719139125124
Klc2,0.4099569668371643,-0.4430577589147857
Klc3,0.16809866341106172,-0.9622899384463892
Klc4,-0.26951808150062107,-0.12485875918808098
Klf1,0.780356012825357,-0.6933363555926055
Klf10,-0.2774384056996446,0.541014051546922
Klf11,0.23868528230934416,0.2220600148349563
Klf12,-0.31055668592759034,-0.23923683208850122
Klf13,-0.4689328271677695,0.13768689448187743
Klf14,0.0,0.0
Klf15,-0.8463222251520568,-0.036979472312260064
Klf16,0.057315236737883524,-0.38451192484985786
Klf17,0.0,-1.0750667358944415
Klf2,0.7089751251565284,-0.35853533634341783
Klf3,-0.24313603757401836,0.6209738793054846
Klf4,0.37174663268583785,1.0380533114299677
Klf5,1.7779189263340933,-1.6405064141858114
Klf6,-0.08835722799438628,0.8870467939011846
Klf7,0.38168832827892274,-0.1505943165800172
Klf8,-0.6921478918172772,1.5646453533622249
Klf9,0.3332783382136828,-1.1014160227742966
Klhdc1,0.2426752428786152,-1.5235345474087936
Klhdc10,-0.1620530638615243,-0.6572195570038719
Klhdc2,0.3007187989356819,-0.7879327231065005
Klhdc3,-0.461236964476635,-0.038665650155342846
Klhdc4,0.1571611367244543,0.14479568600208204
Klhdc7a,0.48024459519253426,-1.043963712115727
Klhdc7b,-1.9557261984843164,1.6602041496596376
Klhdc8a,0.34631535324927754,-0.6893167044775481
Klhdc8b,-0.34137949481878316,-0.49735994223754787
Klhdc9,-0.006965460743905361,-1.3329860555032713
Klhl1,-1.265697628885425,-0.6286585508760361
Klhl10,0.28922596765933406,-1.0513882231180336
Klhl11,-0.4604873567000425,-0.29920366445233704
Klhl12,-0.2684706317742087,-0.48714430150625354
Klhl13,0.032376126010339235,-0.7846806171649128
Klhl14,0.379790360664935,-1.314657449596658
Klhl15,-0.041609728783436495,0.49948286570898404
Klhl18,0.0768347727260199,-0.6602694919257921
Klhl2,0.1045477987789214,-0.707065680491274
Klhl20,-0.17312691313940753,-0.09750548222974054
Klhl21,1.3459545152568788,-0.9769370903679908
Klhl22,-0.09254517476277435,0.008550175971718588
Klhl23,-0.7880972951817284,-0.03366190450631912
Klhl24,-0.6338725067308442,0.6518461500834949
Klhl25,-0.17806301420964132,0.6477802919909674
Klhl26,-0.585730482115908,-0.07369951056349322
Klhl28,0.3396457211740884,-0.0821392108254333
Klhl29,2.5561191753236,-0.656142338552228
Klhl3,0.40849588332640785,-0.7864841958080255
Klhl30,0.3437942637184974,-3.1908981898889515
Klhl31,0.015433861573492524,-1.0970056254895817
Klhl32,-1.4724894678784963,-0.2817195552930958
Klhl33,-1.2514027202876683,-0.8037777047486534
Klhl34,-0.5773982019226818,-2.3211199382561905
Klhl35,0.1745207353719853,1.311045295810315
Klhl36,0.1838828065961895,0.3554233358424277
Klhl38,-1.4635103176732658,1.0364558553437897
Klhl4,-0.017636560442437776,-1.173567788169171
Klhl40,-2.5340129110659992,-0.15297419163382941
Klhl41,0.5109731735835332,-0.34655704888239836
Klhl42,-0.5731693943803489,0.915271507932939
Klhl5,0.021804099824311862,-0.4580982161495921
Klhl6,-0.5224647766354682,1.2922616360843904
Klhl7,-0.30177747040843705,0.31218243244716604
Klhl8,0.8000597552516657,-1.317710827213542
Klhl9,-0.06671018013547148,0.2342416930156368
Klk1,-0.9005431555865328,0.0
Klk10,-0.08262200940442338,-0.24431098970421622
Klk11,-0.5865961063965863,0.0
Klk12,-0.22915837926285726,0.0
Klk13,0.23452371786357948,0.0
Klk14,0.0,0.0
Klk15,0.0,0.0
Klk1b1,0.0,0.0
Klk1b11,0.0,0.0
Klk1b16,0.0,0.0
Klk1b21,0.0,0.0
Klk1b22,0.0,0.0
Klk1b24,-1.493915782454472,0.0
Klk1b26,0.0,0.0
Klk1b27,0.09442729496650382,1.161812269937111
Klk1b3,-0.48016876947433335,0.0
Klk1b4,0.0,-0.5231910912048338
Klk1b5,0.0,0.0
Klk1b8,0.0,0.0
Klk1b9,0.0,0.0
Klk4,0.0,0.0
Klk5,0.0,0.0
Klk6,-0.6241370782583623,0.0
Klk7,0.7315351555641978,-0.21283904559181435
Klk8,-0.4392838620989483,1.0718535765356876
Klk9,-0.1558202475057987,-0.11627267629304638
Klkb1,2.8500131211326396,-2.059920580245067
Klra1,0.0,0.0
Klra10,0.0,0.0
Klra17,1.2735753874955578,2.1349444543717873
Klra2,1.9382995579029103,1.3037582931553526
Klra3,0.9132534230155183,-0.9892584143104155
Klra4,-0.22915837926285726,0.25082299571856037
Klra5,0.0,0.0
Klra6,0.0,0.0
Klra7,-0.2154087266458899,-0.24431098970421622
Klra8,0.0,0.0
Klra9,1.3902185267631166,0.39733753613432565
Klrb1,0.48423157574135567,0.0
Klrb1a,-0.2072191382619624,0.0
Klrb1b,2.4582740886345937,2.620036934767236
Klrb1c,1.1061450051987096,0.6397017076747686
Klrb1f,-0.09397902409408032,0.0
Klrc1,-1.9919314604374414,0.8167738525825634
Klrc2,0.23956468343679047,0.25082299571856037
Klrc3,0.0,0.0
Klrd1,1.615137410154404,-0.948074631299491
Klre1,-0.31764728735049896,-1.0575300753787327
Klrg1,0.48005239975930847,-0.8239551295351186
Klrg2,-2.195901247276,1.2689402477934997
Klri1,-1.390409391364698,-0.03020026311066859
Klri2,0.36433610876737443,1.7231742832140968
Klrk1,2.3865726589549547,1.5893667292450409
Kmo,0.4554241566070214,1.812686334199694
Kmt2a,1.1725885473262654,-1.0896856815562064
Kmt2b,0.5608979605828184,-0.5552007686465474
Kmt2c,0.016921798499605956,-0.1904355689660484
Kmt2d,0.24582490403144774,-0.6484407148286806
Kmt2e,-0.07098600405528721,-0.1810915963464481
Kmt5a,0.6676195414599464,0.0905700572798418
Kmt5b,-0.3572794003606834,0.4773911657278802
Kmt5c,-0.6679674846195169,-0.18395895838110654
Kncn,0.0,0.09104829324288666
Kndc1,0.38395729356797315,0.06280946618088556
Kng1,0.0,0.0
Kng2,1.0677305071704926,0.0
Knl1,-0.465053639241118,0.5327733107390902
Knop1,0.13256794456366272,-0.03513401873386002
Knstrn,0.6515530607033213,-0.193994478284103
Kntc1,-0.10089919887772414,0.645332590301777
Kpna1,-0.25834224864628297,0.05949851156230146
Kpna2,-0.017761940595679704,-0.46039593999559436
Kpna3,-0.1941108141901573,0.2819002595632476
Kpna4,0.19329683109019058,0.6541918141798124
Kpna6,-0.03774587230960336,-0.3458837493177498
Kpna7,0.0,0.0
Kpnb1,0.057571053263677285,0.2900764148201844
Kprp,0.0,0.0
Kptn,-0.2208601211784167,-0.40819953706510503
Kras,0.4076617721403579,-0.38790979563509786
Krba1,-0.3219997028059183,-0.38125481414163964
Krcc1,-0.13246681957810402,0.4707452090054325
Kremen1,2.34855197021845,-1.302290180699826
Kremen2,0.8345213891835157,-3.883161896300286
Kri1,-0.2962432691712005,-0.07336860733149742
Krit1,-0.24230926327526525,-0.23594564483774327
Krr1,-0.22461593758794152,-0.08363763420675063
Krt1,0.31513576646659214,0.5475668686143127
Krt10,0.5972517467986398,-0.9157393697178735
Krt12,1.229227169448621,-0.28571814503681203
Krt13,1.1294971617053262,-2.5494159866034094
Krt14,1.4975241012210463,-0.7235137641554098
Krt15,2.5760645314762556,-5.426133044449177
Krt16,1.8178941682854401,0.0
Krt17,0.5867193339436527,-0.778132804240629
Krt18,0.8132712919154681,-1.2703362280528747
Krt19,2.7183735755696734,-4.047902576963397
Krt2,0.0,-1.1700828461191735
Krt20,-0.7280077021987903,-1.8240103152572598
Krt222,-0.5588778852433727,-0.476810448883235
Krt23,1.505173118423282,-3.504104041678231
Krt24,-1.2659396591540604,-0.35234477623326876
Krt25,0.11764645858593648,-0.9144851526492497
Krt26,1.2553886596585218,-1.8598625513258344
Krt27,0.0,0.0
Krt28,-0.26345820882359217,0.4452709901134727
Krt31,0.0,0.0
Krt32,0.0,0.0
Krt33a,0.0,0.0
Krt33b,0.0,0.0
Krt34,0.0,0.0
Krt35,0.0,0.0
Krt36,0.0,0.0
Krt39,0.23956468343679047,0.0
Krt4,1.36471408799096,-4.173814611478598
Krt40,0.0,0.0
Krt42,0.6068713985257126,0.0
Krt5,1.1408281899969226,-3.781342649003564
Krt6a,3.027517492809058,-3.2115463431888127
Krt6b,2.641881581210705,-3.0027424230330286
Krt7,0.8666093059585491,-1.476518777423247
Krt71,0.3714908625835418,0.30415074618576854
Krt72,0.0,0.0
Krt73,0.0,0.0
Krt75,0.3754544065188601,0.0
Krt76,0.0,0.0
Krt77,-0.8532954575212195,0.0
Krt78,0.0,0.0
Krt79,0.0,0.0
Krt8,-0.0448891280759911,-1.7859377779706245
Krt80,-0.3913443336029676,0.5184967653921735
Krt81,0.0,0.0
Krt82,0.0,0.0
Krt83,0.0,0.0
Krt84,0.0,0.0
Krt86,-0.884704444936901,0.0
Krt87,0.0,0.0
Krt88,0.0,0.0
Krt9,0.0,0.0
Krt90,-1.1342265455347045,1.2717921157042822
Krtap1-3,0.0,0.0
Krtap1-4,0.0,0.0
Krtap1-5,0.0,0.0
Krtap10-10,0.0,0.0
Krtap10-4,0.0,0.0
Krtap11-1,0.0,-0.2218593794753994
Krtap12-1,0.0,0.0
Krtap13,0.0,0.0
Krtap13-1,0.0,-0.6992123658176433
Krtap14,0.0,0.0
Krtap15,0.0,0.0
Krtap16-1,-0.29241833365681213,-1.327180110044894
Krtap16-3,1.1054955957755594,0.0
Krtap17-1,1.8086759012201177,0.0
Krtap19-1,0.0,0.0
Krtap19-2,0.0,0.0
Krtap19-3,0.0,0.0
Krtap19-4,0.0,0.0
Krtap19-5,0.0,0.0
Krtap19-9b,0.0,0.0
Krtap2-4,0.0,0.0
Krtap20-2,0.0,0.0
Krtap21-1,0.0,0.0
Krtap22-2,0.0,0.0
Krtap24-1,0.0,0.0
Krtap26-1,0.0,0.0
Krtap27-1,0.0,0.0
Krtap28-10,0.0,0.0
Krtap28-13,0.0,-0.44656908196376366
Krtap29-1,0.0,-0.5980407018310337
Krtap3-1,0.0,0.0
Krtap3-2,0.0,0.0
Krtap3-3,0.0,0.0
Krtap31-1,0.0,0.0
Krtap31-2,0.0,0.0
Krtap4-1,0.0,0.0
Krtap4-13,0.0,0.0
Krtap4-16,0.23452371786357948,0.0
Krtap4-2,0.0,0.0
Krtap4-6,0.0,0.0
Krtap4-7,0.0,0.0
Krtap4-8,0.0,0.0
Krtap4-9,0.0,0.0
Krtap5-1,0.0,0.0
Krtap5-2,0.0,0.0
Krtap5-3,0.0,0.0
Krtap5-4,0.23956468343679047,0.0
Krtap5-5,0.0891767176884532,0.0
Krtap6-1,0.0,0.0
Krtap6-2,0.0,0.0
Krtap6-3,0.0,0.0
Krtap6-5,0.0,0.0
Krtap7-1,0.0,0.0
Krtap8-1,0.0,0.0
Krtap9-1,0.0,0.0
Krtap9-3,0.0,0.0
Krtap9-5,0.0,0.0
Krtcap2,0.25415850328326606,0.6102432820341512
Krtcap3,0.29540701017217863,-0.27697511726210733
Krtdap,1.2553886596585218,-0.2152727868316063
Ksr1,0.6761777363009305,-1.1814595896918592
Ksr2,0.3529828934647199,-0.8517841389556047
Kti12,0.2174264422449479,0.4730002630689203
Ktn1,0.17310482425051177,-0.3394567828192283
Kxd1,0.05355927601747901,0.42829393912783686
Ky,-4.050233477414649,1.1821998071750524
Kyat1,0.3181958809153631,-0.8763975742234367
Kyat3,0.2402665641624946,0.20318757111656272
Kynu,-1.602262510104608,0.7120505245117048
L1cam,-1.517071073724189,-1.0651995067163433
L1td1,1.101602124117707,0.009300820264899645
L2hgdh,0.2122056889838415,-1.1045263375929464
L3hypdh,-0.23361538540187432,-0.05110170730267338
L3mbtl1,-2.7332799567568618,-1.131914104170507
L3mbtl2,-0.454017364124919,0.11135649910126588
L3mbtl3,-0.35379292154109176,-0.23602661456388674
L3mbtl4,-0.4053451918968438,-0.8905310844316849
LTO1,0.017061877436157502,0.23690968501193232
Lacc1,-0.03322815999978346,0.7157334918863931
Lactb,-0.22125051974973786,0.8064535067350249
Lactb2,0.29636772262375466,0.8200235499789716
Lactbl1,0.2021819772712714,-1.3395510085284466
Lad1,6.027850015693951,-2.5430354226387677
Lag3,-1.2740230333987963,1.9629359721361563
Lage3,0.26053229037704284,0.41515041854526125
Lair1,-0.25900303859164175,1.0319753676515635
Lalba,0.14629602725600283,-0.6949428703042281
Lama1,-0.8934252228495776,-2.777222086160161
Lama2,1.761475249217261,-2.0097190575638044
Lama3,1.9508533750577706,-3.112774163763137
Lama4,-0.0440590511535639,-1.8979299626721717
Lama5,0.8393924606969128,-2.3139219087430227
Lamb1,-1.115414451712999,-0.676255858403696
Lamb2,0.22898701924302323,-0.16363875358096003
Lamb3,0.9212458444868359,-0.676646616280264
Lamc1,0.7051481849334698,-1.3572762999231713
Lamc2,-0.8175708391522791,-2.4190684410248835
Lamc3,-1.8843694406555347,-1.2524352859713739
Lamp1,0.2989236868651375,0.2582876597777677
Lamp2,-0.11042896590003615,1.0805608527890005
Lamp3,-0.2236896884527818,-1.9783740788735904
Lamp5,-0.39661450253294106,-0.5746136664323931
Lamtor1,-0.2057104923902724,0.6476004916538294
Lamtor2,0.20182727559084235,0.26524594176036587
Lamtor3,0.030182691507160797,-0.01415622728096011
Lamtor4,0.0446597732211913,0.6498250137341515
Lamtor5,1.0801696572758566,0.05804357616353073
Lancl1,-0.011021170177961892,-0.2931702059882575
Lancl2,-0.7486044520728843,-0.42920883434138446
Lancl3,0.02030270838849413,0.48826755722382176
Lao1,-0.8369535735829435,0.905271783789082
Lap3,-0.19907997250728293,0.9717169745750187
Laptm4a,0.11689264997021631,0.7383482556430518
Laptm4b,0.2571609562894004,-0.7427649458659982
Laptm5,-0.3421185002840623,1.0802734587571479
Large1,0.19506101153358202,-1.2999441704928607
Large2,-0.39527571039214937,-1.093186748457713
Larp1,-0.16769634617251938,0.36970941825102166
Larp1b,1.9652686637868584,-0.8168161024060021
Larp4,-0.25743160835455114,0.4111957805701518
Larp4b,0.3486624353888459,-0.3713835835113475
Larp6,-0.46607824616124116,-0.3307500281260287
Larp7,0.2138242554943659,0.19878777658240487
Lars,-0.08532347735909518,0.3564976961503028
Lars2,0.3512710826156553,0.19195500573898805
Las1l,-0.034521283941252534,-0.05212028203453123
Lasp1,-0.3641286431202637,0.5677445979374287
Lat,-0.37159120747242724,-0.2855166704318899
Lat2,-0.22225549981539316,1.269686868757681
Lats1,0.23783453272007016,-0.24332842135970445
Lats2,-0.12802968683041804,0.15277852669843206
Lax1,-1.3558254487645875,1.198400726604445
Layn,0.061465098027184695,1.3517385455696669
Lbh,0.5615729702212819,-0.5396071084942413
Lbhd1,0.588418102582402,-0.8188120273698942
Lbhd2,-1.4671831800153892,-0.2218593794753994
Lbp,-4.069852736379483,0.3202354909525602
Lbr,0.11479856783995857,0.49048151960389674
Lbx1,0.0,0.0
Lbx2,-0.45731355963491715,0.8590588362843734
Lca5,0.012412586148919047,-1.215336332019282
Lca5l,-1.0573928113202902,0.054618883430868514
Lcat,0.48139506073472926,-1.159123880786371
Lce1a1,0.0,0.0
Lce1a2,0.0,0.0
Lce1b,0.0,0.0
Lce1c,0.0,0.0
Lce1d,0.0,0.0
Lce1e,0.0,0.0
Lce1f,0.0,0.0
Lce1g,0.0,0.0
Lce1h,0.0,0.0
Lce1i,0.0,0.0
Lce1j,0.0,0.0
Lce1k,0.0,0.0
Lce1l,0.0,0.0
Lce1m,0.0,0.0
Lce3a,0.32525693647615483,0.0
Lce3b,0.0,0.0
Lce3c,0.0,0.0
Lce3d,0.0,0.0
Lce3e,0.0,0.0
Lce3f,0.0,0.0
Lce6a,0.0,0.0
Lck,0.09353582832703644,-0.13171605249793128
Lclat1,-0.16559598399301834,0.01583229781197204
Lcmt1,0.15826832732060403,-0.09138647838239677
Lcmt2,0.07236129960711501,0.07638249885509119
Lcn10,0.0,0.0
Lcn11,0.0,0.0
Lcn12,0.0,-0.2218593794753994
Lcn2,5.1629550450378625,-1.5904596887871172
Lcn3,0.0,0.0
Lcn4,0.0,0.035550208886954066
Lcn5,0.0,0.0
Lcn6,0.0,0.0
Lcn8,0.0,0.0
Lcn9,0.0,0.0
Lcor,0.1465189215765772,-0.3370639098811825
Lcorl,-0.41862488216659344,-0.22320495501375603
Lcp1,-0.35757711269750203,1.2157614947351494
Lcp2,-0.2074865392152052,0.9256719651220884
Lct,-2.014115636852196,-2.7196854810439155
Lctl,6.1707642265618174,-0.44656908196376366
Ldah,-0.18483391826296192,0.2787140233310197
Ldb1,0.21061503316775365,0.15595242543432875
Ldb2,-0.0023989883514001775,-1.102445293844351
Ldb3,1.6095653852963197,-1.692384600465136
Ldc1,0.0,0.0
Ldha,0.06252917641860556,-0.42274232218834484
Ldhal6b,-0.7779838317595792,2.4491704577538815
Ldhb,-0.7497477054173096,0.5198561930716235
Ldhc,0.48423157574135567,0.3621545800744512
Ldhd,-1.5524207108064978,1.266315685194403
Ldlr,0.3357747606780741,1.1378828581470657
Ldlrad1,-0.13454016391628432,-0.5676495915515485
Ldlrad2,0.8456668206050476,0.0
Ldlrad3,-0.262338139597051,0.11456961077895933
Ldlrad4,-0.7813993206029348,0.8911135391378533
Ldlrap1,-0.5842943148056605,0.9813591452006918
Ldoc1,-0.43664417166465286,0.0
Leap2,-0.5721935307545001,-0.4914324764285688
Lect2,0.4678442022770503,0.0
Lef1,0.5233338714148461,-0.8169933623133359
Lefty1,-0.48657618639235256,1.4381896959485516
Lefty2,-2.1139146307026477,-0.5296643096043758
Lekr1,0.09332864435239774,-2.3033581607394
Lelp1,0.0,0.0
Lemd1,-0.9142917765186684,0.45502447300237225
Lemd2,-0.3959464838524571,0.08470936108868266
Lemd3,0.6763789306285259,-0.748594312417012
Lenep,3.1639908502317495,-2.092549199873267
Leng1,0.02927483956467647,-0.18210010906177843
Leng8,-0.42645215709154627,-0.12707757063581937
Leng9,0.15581858257012815,-0.6052136875831398
Leo1,-0.2758425223630212,-0.4565480559317656
Lep,-0.6108039393966963,0.0
Lepr,-0.14723272296786583,-0.9797465624155022
Leprot,-0.4329506251266526,0.767454688354622
Leprotl1,0.1359840919400277,0.7706368534008341
Letm1,0.1477948795127837,1.108467043521367
Letm2,0.395860434533958,-0.2094703856797473
Letmd1,-0.2122435354401926,0.23413660578973605
Lexm,0.0,0.0
Lfng,-0.19805868018019268,1.7702454181074927
Lgals1,1.6911712007051793,0.7402298284407056
Lgals12,2.226361482045777,0.20653805683571358
Lgals2,0.34711179863702424,0.30607851008456644
Lgals3,1.3962351573212182,1.753072471016596
Lgals3bp,0.20721328783586834,1.2274691661961477
Lgals4,0.3750826119624113,-0.7795306235635504
Lgals7,0.0,0.0
Lgals8,-0.22034626087350695,0.740420182794999
Lgals9,-0.3698211707180441,1.2064225692117994
Lgalsl,0.4262596802097498,-0.5139431201886442
Lgi1,-0.6932864097069187,-1.646775948931662
Lgi2,-0.405039447161724,-2.677328752303821
Lgi3,-0.2335503497817868,-1.7828973478733836
Lgi4,-0.13219566168828045,-2.044136726179442
Lgmn,-0.5439650016100757,1.1655611385687514
Lgr4,-0.16460948000334064,-0.6167043297047288
Lgr5,-0.8675896940178784,-0.4984962538433493
Lgr6,1.4126050261191656,-1.5662169433333615
Lgsn,6.066048409389787,-2.8431556921828003
Lhb,0.0,0.0
Lhcgr,1.1035879951207974,-0.8624630899449031
Lhfp,-0.9104218120283072,-0.5577001411764773
Lhfpl1,0.0,0.0
Lhfpl2,-0.6685634097188782,0.8876919575288227
Lhfpl3,0.15805862250484992,-1.1684841971036555
Lhfpl4,0.39452639200145967,-0.18335953533577332
Lhfpl5,0.00874295807518699,-0.28295489344105906
Lhpp,0.6155486833051338,-0.3434912963201171
Lhx1,1.3921131959314934,-1.107220645228585
Lhx2,2.3267896374772645,-2.04563607816039
Lhx3,-0.48841319215341716,-0.8351888814600983
Lhx4,0.3074198028799717,-1.1542938784862073
Lhx5,0.0,0.0
Lhx6,-1.5730630841074977,-1.0612418327878113
Lhx8,0.0,0.0
Lhx9,-2.0975076433105713,-0.015698280616097904
Lias,0.15193584353253087,-0.39363374538724827
Lif,2.224744836050126,-1.5369409389858557
Lifr,-0.354330137913049,0.8875886387643845
Lig1,0.35410040607116144,-0.2601091374931155
Lig3,-0.311427566133867,0.12990527278431863
Lig4,-0.3815469750676215,0.1985736435381611
Lilr4b,0.5630730638904051,1.6661055254112975
Lilra5,0.8921517908646504,0.6741220567688213
Lilra6,-0.6174426528084362,-0.17075782109623483
Lilrb4a,0.07673033892269565,1.3635396311007497
Lim2,4.794627521997636,-1.5289913823667427
Lima1,0.04957432888442881,-0.36488436804488344
Limch1,0.5322376546269023,-1.1856263055360667
Limd1,0.2664371115953976,0.4996251480674676
Limd2,-1.257657741221255,1.496039348008967
Lime1,-0.8720229811155678,-0.3115645927868025
Limk1,0.13772895021059917,1.1190850575706843
Limk2,0.2335959523661426,-0.9055193037693172
Lims1,-0.12551913498888112,0.8028188146908892
Lims2,-0.4491677354718062,-2.942048618755182
Lin28a,0.80821798260616,-1.3037960106648425
Lin28b,-2.4331439633555387,-2.6280273946616743
Lin37,0.32507348606583264,0.12677867743926718
Lin52,0.12064591787451029,-0.3902222602569907
Lin54,-0.019422186799815222,-0.15762972129295427
Lin7a,-0.7246818174288734,-0.5668701467054138
Lin7b,2.365181239327823,-1.3762791648670998
Lin7c,-0.0013153435259187773,-0.07125160396172348
Lin9,-0.3906736060695222,0.4982695435680524
Lingo1,-0.5693736828001636,-0.18245337652300986
Lingo2,-1.069993373038308,-0.8306382996166253
Lingo3,0.6999104263758733,-0.45113440519167014
Lingo4,-0.7787761208337725,-0.919979671596419
Lins1,0.47707485967705576,-0.8692721408461876
Lipa,-0.17124723512577233,0.9214265524713667
Lipc,-1.2139209187991304,1.3456722581541813
Lipe,0.014653448107637246,0.3871721369743657
Lipf,0.0,0.0
Lipg,2.110830229043367,-2.4007465046401912
Liph,-0.7086185221520616,0.7628419977772865
Lipi,0.0,0.0
Lipk,0.0,0.0
Lipm,0.0,0.0
Lipn,0.0,0.0
Lipo1,0.0,0.0
Lipo2,-1.2860652034632265,-0.6764363407881535
Lipo3,-0.0025333934985969364,0.37229184043261476
Lipo4,0.47652920703648416,0.0
Lipt1,0.5913536092138969,0.34748002505022946
Lipt2,0.39158550931822234,-0.7442419692140949
Litaf,-0.19250938084843128,1.1271217275008318
Lix1,1.3004593432526388,-0.5011679435701799
Lix1l,0.4610477037681662,0.17454038499395352
Lkaaear1,0.0,0.0
Llcfc1,0.0,0.0
Llgl1,-0.004297598440066608,0.27869155135231694
Llgl2,-0.06615702064509499,-0.4962265254383613
Llph,0.3250738414014478,0.3010538706001782
Lman1,0.2841866144712668,-0.1173062835106542
Lman1l,-0.6143815093027647,-0.920899409032355
Lman2,-0.21608706187980786,0.5903451270707798
Lman2l,-0.21364407024502263,0.26762298079075997
Lmbr1,-0.7968283376808305,-0.6970170874084491
Lmbr1l,0.23036739611813672,-0.5072764836418919
Lmbrd1,-0.05827923353174036,0.21302495707432456
Lmbrd2,0.5760409741990369,0.2956463871626971
Lmcd1,-1.2509429804698629,-0.6634662145517343
Lmf1,-0.2512347192563045,0.44859331313045203
Lmf2,-0.3118637674941862,0.6019859948013373
Lmln,0.653252692599434,-0.8025876568255939
Lmna,-0.3070258415615239,0.4172097674944091
Lmnb1,0.07663268060287365,-0.07195162191369509
Lmnb2,-0.2452078160304243,0.11894113186481015
Lmntd1,-0.887169982260291,-1.5713570536954702
Lmntd2,-1.112776912728912,-3.1407128089171423
Lmo1,1.8474496458698875,-0.9778809036277147
Lmo2,-0.12222288018212701,1.2859679840301812
Lmo3,0.731064630873135,-1.9314657143003826
Lmo4,-0.18140206177899643,0.1045550866435292
Lmo7,0.8048630810334299,-3.8018672714395496
Lmod1,0.8576488012738421,-1.4479057000339153
Lmod2,0.0,0.0
Lmod3,0.12046292488762955,-0.6400851675862522
Lmtk2,0.4669620799451355,-0.5675606640024915
Lmtk3,-0.3692778477190286,0.595135944512986
Lmx1a,0.0,0.0
Lmx1b,-0.09006659590284039,-0.6355754596684677
Lnp1,-0.308299490883563,-0.24308653368414657
Lnpep,-0.20991475899679557,0.7095260316799958
Lnpk,-0.12567636817326644,0.03652468854044777
Lnx1,-0.9336506265717031,-0.21618641712176867
Lnx2,0.06332952872756437,-0.14783643618984144
Lonp1,0.8152717426485623,0.523821425652871
Lonp2,-0.02333844903222726,-0.12328570921264692
Lonrf1,0.1694184336800184,-0.5263907066014495
Lonrf2,0.0014907015680485358,-0.7766190111080142
Lonrf3,-0.032939918919424827,0.46822390655011503
Lor,-1.7669715482927293,2.5939239254790176
Lox,-1.2881499480726788,1.5220510192375478
Loxhd1,-0.14414376672501764,-0.3346044642802144
Loxl1,1.0073840134344954,-0.1994984114925975
Loxl2,0.2629661314023597,-0.4718954813104572
Loxl3,-0.02491940490054212,0.5218245670304729
Loxl4,0.4935821642828184,-0.039350474522872325
Lpar1,0.15449093651373413,-1.9521251208912256
Lpar2,-1.8011793568348613,-1.9742060997323714
Lpar3,-0.3786674845885971,-0.41353043449357085
Lpar4,0.4267179511287118,1.0647175847633052
Lpar5,-0.4404882440510818,0.6710454954691976
Lpar6,-0.21444106979633482,0.5352483205508278
Lpcat1,0.21722328949880243,-0.009285334268678724
Lpcat2,-0.30497811715655665,0.9882989949780487
Lpcat2b,0.23956468343679047,-0.6400851675862522
Lpcat3,-0.28975789727616963,0.6843386317109115
Lpcat4,-0.6181392328213304,-0.049704683759234314
Lpgat1,-0.007262641482745025,-0.3667889755187179
Lpin1,-0.5099875520149411,-0.13575279758691572
Lpin2,-0.2741109130331765,-0.0751068711062235
Lpin3,0.9003658716053065,-2.945315207158383
Lpl,-1.0016286771250513,0.6015015577304847
Lpo,0.800161741374954,0.48115431205413506
Lpp,-0.5378473109336355,0.24986184480262352
Lpxn,-0.28817385170947496,0.8686363175809362
Lrat,-0.4653183026809655,-5.005479614998215
Lratd1,-1.5313602416467926,-0.0835524168588675
Lratd2,-0.6205048939142124,-0.33964855985026965
Lrba,0.3420299527730144,-0.513277476951826
Lrch1,-0.5642364848567514,0.9904157629417014
Lrch2,0.5659805823700621,-0.9546470726472007
Lrch3,-0.2247023225285325,0.19190310382159836
Lrch4,-0.46190120167964643,1.0961616659452496
Lrcol1,0.0,0.0
Lrfn1,-0.6497141152297345,0.2587654110618356
Lrfn2,-0.43547754795176186,-0.3766941726077011
Lrfn3,0.697656731032831,-4.608006145581829
Lrfn4,1.1002996323399756,-0.9721009430637282
Lrfn5,-0.4064319339565641,-1.5498435011353084
Lrg1,4.078622313028985,1.1449420134030834
Lrguk,0.2847048890905812,0.6329234040915344
Lrif1,0.11449226885427422,-0.4517142220053305
Lrig1,1.532736339280369,-0.8315626491709898
Lrig2,0.3363427169945705,-0.02520674993406047
Lrig3,1.5853239825537795,-1.7202605547500456
Lrit1,-0.14318173396544331,-0.6546546304218896
Lrit2,0.10107739890326073,-0.8297361156198377
Lrit3,-0.19044395780758538,-2.2609117686301907
Lrmda,-0.1894520091463665,0.9778280444748084
Lrmp,-0.527613744733193,0.9037125564743071
Lrp1,-0.6458636872341099,0.4895330143430776
Lrp10,0.764573651457578,0.48955647169161765
Lrp11,0.7430925039854772,0.07220483125524879
Lrp12,-0.32185820352415107,0.4119037689517082
Lrp1b,-0.0945901671703302,-1.2150471588264171
Lrp2,-0.2257304650502645,0.8032551356121722
Lrp2bp,0.3477415948160667,0.23750067757183224
Lrp3,0.4904325973754924,-0.9226024882873327
Lrp4,0.5144339366272144,-0.2678736181677479
Lrp5,0.22050093416539518,-0.141664252345028
Lrp6,-0.007579304236076112,-0.294694379608746
Lrp8,0.8571465117165218,-1.615341822552761
Lrpap1,-0.26592627888171094,0.23300021494136836
Lrpprc,-0.11058382585133053,-0.13873824597433781
Lrr1,0.5069340915982883,0.38974715206672705
Lrrc1,-0.1901440894875428,-0.6320068173745206
Lrrc10,0.30917597707832756,0.0
Lrrc10b,-0.7228437632653277,-1.8379116766484231
Lrrc14,0.05302659445057145,0.09037874662468148
Lrrc14b,-1.2631815126603378,-1.0403110804864357
Lrrc15,0.0,0.0
Lrrc17,-0.5325893203936113,-0.5863532064420514
Lrrc18,0.8044283445937275,0.6081595963613866
Lrrc19,0.14863965397077994,0.16262689905511118
Lrrc2,3.580400612665718,-1.1492916847372996
Lrrc20,0.15478305661766,-0.7927768231948686
Lrrc23,0.9738434505660667,-0.6440325935590194
Lrrc24,0.16062940389917735,-0.8620430256705447
Lrrc25,0.020025103846609937,1.0507673687809946
Lrrc26,-0.6403363007195108,-1.281204658533496
Lrrc27,-0.8330674961887512,0.03299974577591147
Lrrc28,0.1662112605909769,-0.03006310610692431
Lrrc29,0.6375922957755371,-1.6202541222311888
Lrrc3,0.08384499330728623,0.9752066905193146
Lrrc30,0.0,0.0
Lrrc31,1.6765898520195348,-0.34915265822807906
Lrrc32,0.9883026922576419,-3.5269337468499833
Lrrc34,-1.1780201703020206,-1.6214550192248147
Lrrc36,-0.7094135705089526,-1.1614593536894422
Lrrc37a,0.0,0.0
Lrrc38,-1.9686754095444483,-1.0586525588694915
Lrrc39,-0.6519100790726684,1.2438730544921608
Lrrc3b,-0.32618632584879936,-2.100803998468333
Lrrc3c,0.22888442284205604,0.0
Lrrc4,0.016799415622759106,0.6754212673102602
Lrrc40,-0.09936523857581925,0.1869671138624689
Lrrc41,-0.24750187008057267,0.315522651331376
Lrrc42,-0.021425458235933448,-0.5667338725324118
Lrrc43,0.0,0.0
Lrrc45,-0.7341067910368704,-0.4167430591097947
Lrrc46,-0.2927883105492528,-0.8492289130406405
Lrrc47,0.08665912470092163,-2.5190925223996032
Lrrc49,-0.8626945847822967,-0.4277342175554537
Lrrc4b,0.4758464019664581,-1.1889045414324997
Lrrc4c,-0.28939737616314076,-1.2159173110245796
Lrrc51,0.18176524056869958,-1.3385009680830642
Lrrc52,0.22888442284205604,-0.34915265822807906
Lrrc55,-0.20093868875013765,-0.20917667070195023
Lrrc56,-0.6714042952526338,-0.9737318938255575
Lrrc57,0.21755847059499267,-0.0875831817658348
Lrrc58,0.2949207970809269,0.3782824376067371
Lrrc59,0.49419314783370005,0.24522368380612924
Lrrc6,-3.076644456976176,-1.29489709176901
Lrrc61,-0.29359087405973483,-0.1372242633312073
Lrrc63,0.48423157574135567,-0.2152727868316063
Lrrc66,1.1538318191245116,-2.1341614157471884
Lrrc69,1.2407997871611163,-0.44378281907207334
Lrrc7,0.8643032904341617,-2.9623512448557126
Lrrc71,3.6866283851839183,-1.9927019781333342
Lrrc72,-0.22082010532603893,0.0
Lrrc73,1.0492406288898417,-1.4551146826625692
Lrrc74a,-0.9086293396130672,0.0
Lrrc74b,-0.2826827207282754,0.29159849389880854
Lrrc75a,0.08049020634975435,-0.01884065196128404
Lrrc75b,0.9604442133770856,-1.4133569200273959
Lrrc8a,0.09187887660229777,0.5326018904458856
Lrrc8b,0.6652848937475717,-1.4105922656758834
Lrrc8c,0.4994618497765382,0.5362941686974967
Lrrc8d,0.14045374417355738,-0.30348337723722096
Lrrc8e,-0.006143059914297311,-2.668759962870986
Lrrc9,-0.05070662808160087,-0.7764711975536516
Lrrcc1,-0.2628602017584818,0.38107272543416393
Lrrd1,0.10780228028696248,0.4751841000396819
Lrrfip1,-0.22128223700823746,0.7532202522065798
Lrrfip2,0.10569901433509354,0.08113511931416806
Lrriq1,0.8322436094309681,-1.5943503161792614
Lrriq3,1.3441875288266498,-1.1143451353992129
Lrriq4,0.0,0.0
Lrrk1,-0.19657297086262915,0.36167518381698116
Lrrk2,0.03243218350058097,0.044150214932188625
Lrrn1,-0.8172602228140686,-0.4155187320434237
Lrrn2,-0.3973185016135403,-3.325525448361306
Lrrn3,-1.7896426069554838,-0.1708167548651396
Lrrn4,-0.6938670425514435,-0.7941589372733192
Lrrn4cl,-1.293824598105905,0.09583455044718647
Lrrtm1,-1.2256363219520514,-1.4214302537452443
Lrrtm2,-0.42385042452068866,-0.9436399188796294
Lrrtm3,-1.0831370957439344,-0.6683401501125932
Lrrtm4,-0.05543303346215822,-1.0747621227579192
Lrsam1,-0.4363835685499282,0.19349741010072918
Lrtm1,0.640444462667773,-0.9364232634669527
Lrtm2,-0.9297178150147687,-0.570541513787358
Lrwd1,-0.16095759426789158,0.35418377849569715
Lsamp,-0.008149621029104992,-0.3272234297409895
Lsg1,-0.0983031910584824,0.5101924603084083
Lsm1,-0.06246230402246766,0.19553958540359773
Lsm10,-0.19474664395768926,0.8178942300044412
Lsm11,1.059504105518954,0.350443227244849
Lsm12,0.30969568232633193,0.06083439354468112
Lsm14a,1.2785540680790817,0.09007265276379606
Lsm14b,0.47888910033914645,-0.4483331360929572
Lsm2,0.4791804073788626,0.4754504732964202
Lsm3,0.34110317217075803,0.4047669141332886
Lsm4,0.728064489267755,-0.2096065668117415
Lsm5,0.6943273677210327,0.011027875842181345
Lsm6,0.2617275762778757,0.1280105673133889
Lsm7,0.5573819734996484,0.3632447655318778
Lsm8,0.2459686583186791,-0.039816281527746966
Lsmem1,0.5543384266435397,0.0
Lsmem2,0.2508284219474176,-0.9914890194699295
Lsp1,-0.659431647211381,0.9284957069745357
Lsr,0.35670670703077256,-0.47717936156649365
Lss,-0.13306701648489394,0.21760769516109946
Lst1,-0.5604593500324881,1.3524113204988826
Lta,-2.034091277685759,-0.2020186596453163
Lta4h,-0.2779304052538425,0.17806374385754076
Ltb,-0.425644439769413,-0.17103076322879307
Ltb4r1,-0.4253992674412288,0.9288848601534059
Ltb4r2,0.7546307933368972,2.005848215715868
Ltbp1,0.4062589213963861,-0.6784131308864207
Ltbp2,0.4330388197883215,0.579522504664995
Ltbp3,0.4019845286671675,-0.7053560452719863
Ltbp4,-0.7885024689433928,-0.762206845373008
Ltbr,-0.3250679339078104,0.8958045514493005
Ltc4s,-0.43120650137160865,1.0629626940131534
Ltf,0.5460770418021937,-0.2218593794753994
Ltk,0.5305619256463479,-0.3155528345297194
Ltn1,-0.5510884388725774,0.4123982393120098
Ltv1,-0.10450362321436302,0.46774505275044476
Luc7l,-0.23219663884349906,-0.35625893475856607
Luc7l2,0.57115936152511,-0.5511649235666543
Luc7l3,0.8587426351887562,-0.5611589842999631
Lum,-2.228768907136846,3.054681482132104
Lurap1,0.09017131022319802,-0.3954092371571587
Lurap1l,0.1314879093337833,-0.8365403157446973
Luzp1,0.16732249101531416,-0.33497672902761977
Luzp2,0.024696661219174132,-1.1683979181606539
Luzp4,0.0,0.0
Lvrn,0.0,-0.34915265822807906
Lxn,-0.038158578508886265,1.0028557202320147
Ly6a,1.569780904691127,-0.11931390706077494
Ly6c1,1.4592591529457843,-1.2277293648863443
Ly6c2,1.0937895940036109,0.8694269684286091
Ly6d,-0.2951434230435033,2.147022548776617
Ly6e,-0.241713254941196,1.1676076938414752
Ly6f,0.0,0.0
Ly6g,0.0,0.0
Ly6g2,0.0,0.0
Ly6g5b,0.4283974795455887,-2.624251078201509
Ly6g5c,-1.4066005082245674,0.0
Ly6g6c,-1.2823483764460815,-1.6395223680945854
Ly6g6d,-2.0854463374238863,0.8877892342560028
Ly6g6e,0.10684586840540167,0.1500254594908501
Ly6g6f,0.0,0.0
Ly6g6g,0.0,0.0
Ly6h,-0.6579140637015932,0.16443559362622828
Ly6i,0.24358568789937962,2.5643032691455847
Ly6k,-0.6972733594873769,0.97825739187844
Ly6l,0.0,0.0
Ly6m,0.45040784266633604,-0.36138158784503105
Ly75,1.826631142053043,-1.7501068728228883
Ly86,-0.573850913439534,1.1351504835114579
Ly9,0.47138958573752454,1.326625194437467
Ly96,0.22182713138981924,0.6453381401575466
Lyar,0.5544444779485023,-0.5405418069815102
Lyg1,0.2667182082057698,0.0
Lyg2,-0.7761295657220924,0.0
Lyl1,-0.33314740583312297,1.2046504846620891
Lyn,-0.20860300789368225,0.9350032359229683
Lynx1,0.4065070160633031,-1.172116469655844
Lypd1,-1.9307012937515182,1.1702133287250591
Lypd10,-1.2241491330350311,0.0
Lypd11,-3.2275021299397917,-0.8713132210850173
Lypd2,1.6277363403206548,-0.7344253729495662
Lypd3,-0.2154087266458899,-1.2818106612227753
Lypd4,0.0,0.0
Lypd5,0.0,0.0
Lypd6,0.6782564937342661,-0.0999780318004726
Lypd6b,0.24105708602194387,-1.4809192328087235
Lypd8,0.0,0.0
Lypd9,0.0,0.0
Lypla1,-0.010587131090346702,0.31793708613327887
Lypla2,0.09239968550599542,0.1890078990186641
Lyplal1,-0.2617939666480993,0.07979435692438042
Lyrm1,0.2956011128692486,-0.4197721568463857
Lyrm2,0.7624848235029287,-0.03361534394810484
Lyrm4,0.08617666900933685,-0.4713647562288559
Lyrm7,0.5722353085661052,-0.6165225885782117
Lyrm9,0.17726273641275014,0.05962132882766191
Lysmd1,-0.1548254543297194,-0.30184345829367665
Lysmd2,0.1506320800529517,-0.5930309127631874
Lysmd3,-0.016016454182640416,0.43565572573700173
Lysmd4,0.16388094076919835,-0.005540984456763098
Lyst,-0.2030338432381864,-0.008481407608442737
Lyve1,-0.548687429147849,-0.8081480921486701
Lyz1,2.709664135096431,-1.0689467205584506
Lyz2,0.6165633820996934,1.3576395676300255
Lyzl1,0.0,0.0
Lyzl4,-0.8536063126845468,-0.01858975276054764
Lyzl6,0.0,0.0
Lzic,-0.2555481577483878,0.5305883202982589
Lztfl1,0.38762676234247806,-0.08727402684995766
Lztr1,0.32505445358416907,-0.09259800368184656
Lzts1,0.6940249547747506,-0.7114500620873185
Lzts2,-0.336344964928494,-0.5109511562136255
Lzts3,-0.7625484077827931,-0.16895435782515378
M1ap,-0.43309721683794766,1.4073788127188749
M6pr,-0.31597243486592674,0.7735836056110816
Maats1,0.07414016206821206,-0.4943301149911141
Mab21l1,-0.2212462117756786,-0.5459621815241213
Mab21l2,-0.9754868275336896,-0.5378622225275151
Mab21l3,-0.49731588074848476,0.06316326524878535
Mab21l4,0.0,-1.0902211963830806
Macc1,0.9639748792964555,0.7369883834123372
Macf1,-0.04825819590730518,-0.26828380891716996
Maco1,0.35083194609988855,-0.756544108438856
Macrod1,1.420242955738999,-1.5173251681175746
Macrod2,0.7445872967980662,-0.657775033703003
Mad1l1,-0.414485077360931,0.04269791543999091
Mad2l1,0.20013272694651363,-0.4445751326864027
Mad2l1bp,0.09744442939304321,0.35592866838720205
Mad2l2,-0.14375830560149971,0.34726594787688647
Madcam1,-0.7678046136851702,-0.9024111510863262
Madd,0.05056267386697222,-0.3596040788518984
Maea,-0.2262807386024246,0.24624180249250216
Mael,0.0,-1.1053890330589144
Maf,-0.25617286512201964,0.7881449646156753
Maf1,-0.14840570949059462,0.08073341389138733
Mafa,-0.780109227328913,-0.9415053800533153
Mafb,-0.15992644727141148,1.1294064933902668
Maff,0.5844418192529077,1.5657505359956034
Mafg,-0.5200181300666706,0.33317826423576236
Mafk,-0.020445393065267936,0.8370092716136561
Mag,-0.37986419099347124,1.3018864812189879
Magea1,0.0,0.0
Magea10,0.0,0.0
Magea2,0.0,0.0
Magea3,0.0,0.0
Magea4,0.0,0.0
Magea5,-0.3681752925118766,0.0
Magea6,0.0,0.0
Magea8,0.0,0.0
Mageb1,-0.45529429972774627,0.0
Mageb16,-0.028279192998348135,-1.3462061446334639
Mageb18,0.0,0.0
Mageb2,0.23452371786357948,0.0
Mageb3,-1.04684024982738,0.2555624468425124
Mageb4,0.0,0.0
Mageb5,0.23956468343679047,0.0
Maged1,-0.6156091963428807,-0.5708866314268626
Maged2,-0.4574846115823057,-0.20104566415860248
Magee1,-0.5058607388214877,-0.18825028091754525
Magee2,-0.7121072152292829,-1.3221040856544448
Mageh1,0.07562580038686306,-0.4128255580532265
Magel2,-4.3560964000727616,-0.5546312014793777
Magi1,-0.1580676610250542,-0.24004190619052146
Magi2,0.270253450139359,-0.5448236445068062
Magi3,0.5306692982118477,-1.0286491815545622
Magix,-0.9277801390381795,-2.365838439480614
Magoh,0.5215134963757553,-0.0781569643679827
Magohb,0.17288892036566939,-0.008994663469162667
Magt1,-0.45050325809207337,0.9913994147076721
Maip1,0.3992204166767852,-0.05404772179963402
Majin,-0.40704194219651235,2.328231546028164
Mak,0.7552755121520942,-0.8455572908193929
Mak16,0.19164691151757296,0.16884477776466866
Mal,0.9033794757486495,-3.065450798018273
Mal2,0.3190439254177395,-4.339992341970959
Mall,0.04533168923763142,-1.1628085296901438
Malrd1,1.4799889519238563,-1.3345321860872967
Malsu1,0.2942883911345433,0.7233489201158516
Malt1,0.3518706623998078,0.42491829731120845
Mamdc2,1.5087088312640988,-0.6231395667856745
Mamdc4,0.3821628852853731,2.097060470651083
Maml1,0.2634095381554413,-0.27174418254080557
Maml2,-0.2805382975247497,0.4618443585266352
Maml3,0.19712768547328352,0.09094351329737549
Mamld1,0.024499250121396088,-0.04859329405742763
Mamstr,0.5495311434284034,-1.251631597563943
Man1a,-0.40369033654009456,1.44379179562514
Man1a2,-0.5817209107750241,1.3721273709133932
Man1b1,-0.34921930313257654,0.060351411993528004
Man1c1,-0.2193006154673096,0.2898087908105573
Man2a1,-0.3509983732755808,0.5598262289613771
Man2a2,0.2507367786287169,-0.8027823137198489
Man2b1,-0.5528978764305812,1.2083344803016818
Man2b2,-0.5313656198200576,1.3597433128672698
Man2c1,-0.1938160859873861,0.2664286240843641
Manba,-0.43434601144905827,0.7403926383832449
Manbal,0.006684314368436972,0.18011650327484752
Manea,-0.01830846685552423,0.4468204605960846
Maneal,1.2416402200237897,-1.4268453337823948
Manf,0.13963754889998548,0.5147899044759914
Mansc1,0.8238122655054392,-1.109664057501682
Mansc4,-1.2230733124856716,-0.44656908196376366
Maoa,0.3320107308717617,-0.5552124155911375
Maob,1.216855858969459,-2.2502288091212304
Map10,2.029767717068461,-2.1511386624288154
Map11,0.09434573693058379,1.4465205440231772
Map1a,-0.1243529773780736,-1.2830765558523254
Map1b,-0.41560823213464637,-0.11660471795323524
Map1lc3a,-0.06956377893723698,0.28713741699310447
Map1lc3b,-0.2417418399405893,0.25193664876215927
Map1s,-0.2297337631933125,0.28838908308849476
Map2,-0.3582317180703338,-0.36370866564239535
Map2k1,-0.39495027796467497,0.40253571791028975
Map2k2,0.5779382593693523,0.29718405253398217
Map2k3,-0.23138407502384517,0.5780628977449958
Map2k4,-0.5132564038097307,0.2135313043330349
Map2k5,0.20123724053309466,0.10546880716874263
Map2k6,-0.1692398195058038,-0.3753148018828023
Map2k7,-0.23861694360168784,-0.40003081291398956
Map3k1,0.2864114353222824,0.255308951719595
Map3k10,0.04034603857450403,-0.480511403320639
Map3k11,-0.6307242446496009,0.70600949472251
Map3k12,-0.35308115235059745,-0.47837205729119603
Map3k13,-0.15078870357564256,-0.449339897778934
Map3k14,-0.17888499103780475,0.46399855178765215
Map3k15,-0.8317597101093184,-0.5493213898499485
Map3k19,-2.361124284395253,-1.4668284506049982
Map3k2,0.3323814497200974,0.1636976159508059
Map3k20,0.011929678893627838,-0.04707931370784202
Map3k21,2.291677277153033,-0.8946484508708656
Map3k3,-0.4495438235509308,-0.45924089085180775
Map3k4,-0.13704949031808766,-0.04705284917683272
Map3k5,0.11532110682611041,-0.26623854127953805
Map3k6,1.1503925108038366,-1.9214563387216557
Map3k7,-0.21903232828588237,-0.9610667614965571
Map3k7cl,0.0,-0.7360301367966481
Map3k8,0.28083610646635115,1.610210980765424
Map3k9,0.4266540474432885,-0.03932416848320042
Map4,-0.0829222187107117,-0.34565249424014866
Map4k1,-0.44483570736101985,1.4801698519463828
Map4k2,-0.40184018926402665,0.03454864190818974
Map4k3,0.6762618136197247,-0.5131865362286039
Map4k4,0.08046582101079736,-0.2372908933074953
Map4k5,0.34726777566182143,-1.1402324684977332
Map6,0.4331561373345423,-0.49936804070166296
Map6d1,-0.9421853882205307,-0.18767005137865933
Map7,0.1550555786465857,-1.0343401877623837
Map7d1,0.6680368651634758,-0.523019465172827
Map7d2,0.6353397118000794,-0.9056095683627712
Map7d3,-0.2881709015437961,0.5269950884709393
Map9,-0.09654239904888406,-1.315547189115362
Mapk1,0.19305741309892355,0.055534405262484654
Mapk10,-0.9415172341352704,-0.9033573162747395
Mapk11,-0.0007034889562334001,-1.8808731996446681
Mapk12,0.23649653930588155,-0.050863763940625084
Mapk13,-0.051070822365904434,-2.6720266418531553
Mapk14,-0.17208531414056516,0.08144001491607789
Mapk15,0.34065052184423417,-1.34568439610258
Mapk1ip1,0.2110826635254579,-0.5131772798680334
Mapk1ip1l,-0.1863205393445977,0.6762344145810104
Mapk3,-0.21908430028798875,0.6181519885899096
Mapk4,-0.3925428204520012,0.17393622088866145
Mapk6,-0.33032040632045856,-0.3439762837856186
Mapk7,-0.6206078211841337,0.7450404973294695
Mapk8,0.45577225171483704,-0.40244931461467814
Mapk8ip1,0.22931089236771474,-0.3857879807930127
Mapk8ip2,-0.6459465342613555,-0.3360058579258247
Mapk8ip3,-0.7382591286299629,-0.3172595895867847
Mapk9,-0.18174008482601423,-0.03432497181436567
Mapkap1,0.12329569381192407,0.2806009597505348
Mapkapk2,0.2628629998648151,0.11039549826326578
Mapkapk3,-0.24203090540870598,1.4068454885726709
Mapkapk5,-0.057956866777105986,-0.4706362789574232
Mapkbp1,-1.438613225098612,-0.569850473842882
Mapre1,-0.51698200822009,1.0132598365124963
Mapre2,-0.372919057500086,0.02090176036376512
Mapre3,-0.3275126898052001,-0.5527593399253856
Mapt,-0.42855553447776273,-0.47876720052652644
Marc1,0.7197489972727463,-3.101203825812838
Marc2,1.347475137004034,0.6989831532355204
March1,0.5231470826165054,-0.623669182881228
March10,0.10591310878849336,0.7065573393501811
March11,0.36028948194985855,-1.0525027825553877
March2,0.2612133523153872,0.31371919234401346
March3,-1.4249340852609782,0.024442347438236034
March4,-1.250361551799764,-0.5123167463711802
March5,0.8339804413730185,-0.28292849122159147
March6,-0.13675426917035516,0.21878632121167385
March7,-0.05264669889692719,-0.1568198528350031
March8,0.5128573468770252,-0.4287057759715367
March9,1.969062262210878,-1.3938964870614532
Marcks,-0.33932089995086656,0.7753351618753452
Marcksl1,-0.7533342694055829,1.2791405725205784
Marco,-1.1198226139996887,-0.44656908196376366
Marf1,0.507324119513525,-0.5473193503423843
Mark1,0.23168884383040567,-0.33264768039386805
Mark2,0.06467385671592574,-0.19336387687465972
Mark3,0.41941592712342946,-1.1544034704889423
Mark4,0.2307454229385053,-0.9424855255423221
Mars,0.12501931967122637,0.28941026615747134
Mars2,0.24134948686941726,0.2632257857465934
Marveld1,0.45467216444891534,1.2743591823016298
Marveld2,-0.49547904637712037,-0.10343616942438683
Marveld3,2.67431529816976,-0.9522496178952231
Mas1,-0.7193792109123218,-1.5344049929669095
Masp1,1.0657506485298232,0.5439716438263469
Masp2,0.43933429490862563,0.3204065328418615
Mast1,-0.8699004787288285,-0.4746563869551821
Mast2,0.08273032540662761,-0.8811771292700428
Mast3,-0.5297948868022377,0.6436830313206165
Mast4,0.37392638959373237,-0.7745602301686301
Mastl,-0.4988282476345187,1.5069650310397558
Mat1a,0.23956468343679047,-0.8794622111534157
Mat2a,-0.08305243357335002,-0.07381871838188125
Mat2b,-0.13546426310387183,0.308971165061541
Matk,-0.7858805110902374,0.6471801959396153
Matn1,0.14603234052585679,0.0
Matn2,0.2518343661118614,-0.35251744313223643
Matn3,0.21093972911620673,-3.635057771595541
Matn4,0.0,-0.08780607946615487
Matr3,-0.5236330055352063,-0.10004718036238636
Mau2,0.003965396104048224,0.2264560060772638
Mavs,-0.06858639975149394,0.4965248282684538
Max,0.2962704915498868,0.45491949522143216
Maz,-0.05746686508151466,-0.5002167016532839
Mb,-1.8847651254678301,-0.2257069386826629
Mb21d2,0.42595050931820655,-1.4727530542297682
Mbd1,-0.6124389489019304,0.037473131318792596
Mbd2,0.6925731319623392,-0.29540675346873346
Mbd3,0.16902685785889915,-0.11639767645711352
Mbd3l1,0.0,0.0
Mbd3l2,-0.44456710590874715,0.78077203088003
Mbd4,0.6329842563424073,-0.27918287777332296
Mbd5,0.06900615270306432,-0.3432467229760263
Mbd6,0.5781492520218388,-0.6933110478533937
Mbip,-0.28419114690187897,-0.010307467612268084
Mbl1,0.0,0.0
Mbl2,0.0,0.0
Mblac1,-0.17086775160842915,0.006375206659811283
Mblac2,-0.34816513070132693,-0.3399684661800908
Mbnl1,-0.10865841519271235,0.6766431956610681
Mbnl2,0.07390143736855492,-0.2030537710687419
Mbnl3,0.27182681729869884,-0.7443499806511289
Mboat1,0.7937187715259366,-1.262628128316262
Mboat2,0.4942629124946798,-0.6138853106290565
Mboat4,0.9965435754092021,-0.31569297335141855
Mboat7,-0.36066830501612657,0.7345896471671551
Mbp,-1.2211243052947243,-0.07717907773892385
Mbtd1,0.055060990649668184,0.3113139846368984
Mbtps1,-0.22238141789379284,-0.06723751402164702
Mbtps2,0.2496668331172156,-0.2199890962149702
Mc1r,-0.5357473904330696,-1.713683893064415
Mc2r,0.0,0.0
Mc3r,-0.675210263471969,-2.3618413053291594
Mc4r,-0.7725728075314628,-1.4767485402654272
Mc5r,-2.1428303459628664,-1.0529102418603329
Mcam,-0.0934846738351176,-1.1683082590652436
Mcat,0.0252466817458199,0.09587378231342392
Mcc,0.23185130467319404,-0.8166829363571306
Mccc1,0.15696694132538624,0.0052181952914658325
Mccc2,-0.26166674638612974,-0.0441334083670597
Mcee,0.18887125942548622,-0.06914128145061937
Mcemp1,-1.289061457996863,1.6020777622619797
Mcf2,-0.7910535661814961,-1.9355983776002637
Mcf2l,-0.7467437829266643,-0.7663398364615208
Mcfd2,-0.12972816405252985,0.38351982712266164
Mchr1,1.14909458398754,0.140111974082334
Mcidas,0.1664764523666391,-0.2218593794753994
Mcl1,0.2880203336766254,0.5107369042641867
Mcm10,-1.0404271703077708,0.8333372393330558
Mcm2,0.00034028940036101574,0.13133741600558757
Mcm3,-0.09448628881684051,1.212188530842658
Mcm3ap,-0.016056432139434307,-0.3313078243037566
Mcm4,0.06753131812604707,0.39107167708275803
Mcm5,0.011502713150784771,0.8309232120820234
Mcm6,-0.3995552722907636,0.7749776280203555
Mcm7,-0.1376045601296294,0.22349782419548347
Mcm8,-0.2969987268416281,-0.682747431095561
Mcm9,0.056689403053386656,-0.7431792113513822
Mcmbp,0.60581186017947,0.0609667968429477
Mcmdc2,0.51953002718541,-0.46069917059768173
Mcoln1,-0.10166716635313122,0.4670859713202997
Mcoln2,0.2709973143820035,3.3301466700611186
Mcoln3,-2.346424922068748,2.3208746797287523
Mcph1,0.3053886991790229,-0.11138686019100774
Mcpt1,0.0,0.0
Mcpt2,0.0,0.0
Mcpt4,0.0,0.0
Mcpt8,1.0494149434253652,0.0
Mcpt9,0.0,0.0
Mcrip1,-0.2529978249370899,0.5560015017111954
Mcrip2,-0.09150401533254726,0.015769540306543206
Mcrs1,0.005872785600525177,0.03794408905533686
Mctp1,0.11500920436961337,0.761222359337161
Mctp2,-0.3545811691594438,-1.025902331050388
Mcts1,-0.0848720326475938,0.337908898935968
Mcts2,0.07135853281253102,-0.5453123582106905
Mcu,0.27487184086845495,-0.046782850357578454
Mcub,0.5198798157663926,1.1789916233119406
Mcur1,-0.3420034262660092,0.6802014525583893
Mdc1,-0.1360913777925301,-0.014492953974112766
Mdfi,-1.2251547433248673,0.9199006507548098
Mdfic,1.958770016836005,0.9652687796356236
Mdga1,-0.8908077465094868,-0.40552963703859746
Mdga2,0.0035011968242741887,-0.6523804201947971
Mdh1,-0.28532873104298595,-0.09584440283992457
Mdh1b,-0.4645014073252278,-2.3626794835976774
Mdh2,0.04750961375479967,-0.23600891382723965
Mdk,0.46887933337194543,-0.37858844580752393
Mdm1,-0.2841429395753696,-0.7047836638513338
Mdm2,-0.25639350439374553,0.3778088367841068
Mdm4,-0.22762958574978143,0.08423931133334506
Mdn1,0.4123993198886211,-0.8746402706436047
Mdp1,-0.06578138867147132,0.0835788575523555
Me1,1.0419779770931754,-1.7014952451041534
Me2,0.07794480635483936,0.19578757000781444
Me3,-0.11301922487916372,-0.9863099317776243
Mea1,0.20176437644116163,-0.1228022232448911
Meaf6,-0.31289469555163407,0.30334143494737376
Meak7,-0.1768312516378252,0.011983463246952653
Mecom,1.050795896761632,-2.874193182826189
Mecp2,0.3498317684763066,0.10333526346102673
Mecr,0.22466023328978935,-0.42115914663195575
Med1,-0.5593558726020849,0.22820756289804578
Med10,0.2556571905676055,0.23727120711311045
Med11,0.12181844193523084,0.6477360809434778
Med12,-0.33239064262901685,-0.04723324471328816
Med12l,-0.4402866891965136,0.3931819296623438
Med13,-0.03016285557683851,-0.41713981790208443
Med13l,0.08337153152408128,-0.4534388599656278
Med14,0.49946591319717015,-0.894420245893814
Med15,-0.06785150217004343,0.2621553906848053
Med16,0.10060932985155091,-0.2067157234518131
Med17,-0.3661962231674156,0.07485554701511532
Med18,0.23123874424564939,0.8415226813671461
Med19,0.2744190869954135,-0.20720147656119536
Med20,-0.08718644115016261,0.004277131436262849
Med21,0.2438338822073831,-0.09851917034197655
Med22,-0.09968809413958013,0.39920554234598526
Med23,-0.3500316137515025,-0.04471966068479993
Med24,-0.5054612860689218,-0.1980593903414718
Med25,-0.18895379838413895,0.37300516207056766
Med26,-0.24523327605668577,0.40233580282206916
Med27,0.08150074363183357,-0.10330771711685749
Med28,0.12928375459038222,0.4660359964951528
Med29,0.31977791030591973,0.061801200866330674
Med30,0.845217112681742,0.9611406966270639
Med31,0.37574968335894,-0.31474152748456063
Med4,0.33424065766392097,-0.18073014015386946
Med6,0.4176115466337773,-0.07702508068436131
Med7,0.14093277234931456,0.20559595233580374
Med8,-0.1332962642156037,0.2700794158125852
Med9,0.20793405236585016,0.028724814376344554
Medag,0.7007295027210327,-1.4176761020681914
Mef2a,0.04242331460872428,0.7972086495467963
Mef2b,-0.3230103990465887,0.24879743270658805
Mef2c,-0.15643026927103953,0.510308047569568
Mef2d,0.458754982489495,-0.6705552189900175
Mefv,0.4574335289735909,0.5147400233425321
Megf10,0.781433804228806,-0.056847265813587455
Megf11,-1.3454998186932787,-0.03789990103381413
Megf6,-1.3958951403596878,-1.310581303403623
Megf8,0.3215205056003487,-0.14192085342608252
Megf9,-0.05232811119191538,-0.0741070437443625
Mei1,-0.85341701962935,-3.68031300900785
Mei4,-0.47223016606325796,0.9828960641671713
Meig1,0.6393529657822823,-1.0066185978645583
Meikin,0.6103283569546322,0.0
Meiob,0.844331783677346,0.3325911552240416
Meioc,0.6690634321459745,-0.32864483133666456
Meis1,-0.15006652514575514,-0.8537384165052373
Meis2,0.08477934755933525,-0.8478962969034995
Meis3,-0.6960628014975807,0.6822459431415346
Melk,-1.0989258512643625,2.018785616418981
Meltf,0.8448520748182117,-1.96114041809684
Memo1,0.7231918553804224,-0.14839207212374284
Men1,-0.441932498909976,-0.01510016566537331
Meox1,1.4050040207635588,-0.6479076185436567
Meox2,0.0,0.0
Mep1a,0.0,0.0
Mep1b,0.0,-0.35820978814101395
Mepce,0.3482673642473184,0.3892207829997236
Mepe,0.0,0.0
Mertk,-0.576019477637999,1.0019585664759685
Mesd,-0.07075974932270945,0.44361667822996864
Mesp1,-1.1868680109120657,0.0
Mesp2,-1.8103020479322995,-1.094445302010534
Mest,0.7722807106682232,-1.229609907869163
Met,0.46069377808492273,-1.6626003814145518
Metap1,-0.10166456608807373,0.2818056993014295
Metap1d,0.1604730081064698,-0.49467356061457224
Metap2,0.04429044107549274,0.28529367688068064
Metrn,1.835683347706242,-0.6029162495364613
Metrnl,0.46175451186756344,1.5333736481163918
Mettl1,1.0482977100422524,-0.10946183759587313
Mettl11b,0.0,-1.0110813646390222
Mettl14,-0.1961494837065434,0.8278438194833626
Mettl15,-0.25945378969234767,0.201988494988262
Mettl16,0.2605031445184878,-0.17018112350581305
Mettl17,0.07414950879012672,-0.4566419596441609
Mettl18,0.2663200215566146,0.2618408782939179
Mettl2,-0.1844325636816322,-0.2508294233329398
Mettl21a,0.2965312309148267,0.35275975050370967
Mettl21c,-0.6838054693654587,-0.020696161518351186
Mettl21e,0.0,0.0
Mettl22,0.26300007101215606,-0.45530766779477005
Mettl23,0.2394395308200501,0.48488615955170467
Mettl24,-0.5325893203936113,-0.9387865509870161
Mettl25,0.16391064967750424,0.19478732006901822
Mettl26,0.45726019012771246,-0.3617226409150174
Mettl27,0.14516251733173746,-0.34326381296285113
Mettl3,0.3461460021939722,-0.02245311049457044
Mettl4,-0.01757920651238898,0.020426127059369747
Mettl5,0.1899987757848436,-0.040165914612307674
Mettl6,-0.10053238665766528,0.1907673549460629
Mettl7a1,-0.5576122813640261,1.2341596504772827
Mettl7a2,0.0,0.0
Mettl7a3,0.8597808891344103,-0.6894909755260143
Mettl7b,0.0,0.0
Mettl8,-0.10344574093755199,0.07042891399558471
Mettl9,0.5463022295506512,0.1391429083035387
Mex3a,-0.27884209200241816,-1.3891666519084263
Mex3b,1.0324658250994991,-1.0517585724457774
Mex3c,0.0011914468179821114,0.15244186824511896
Mex3d,0.9381762488885248,-0.7598296835183183
Mfap1a,-0.029579166186154637,0.16440945691497433
Mfap1b,-0.10241755554423548,-0.28601808765316683
Mfap2,0.06793159944689187,-0.3966459275893248
Mfap3,-0.29332833105629774,0.18879499456863158
Mfap3l,0.39432515440824645,-1.085354876118128
Mfap4,0.3141644441335085,-0.4983573629852547
Mfap5,-2.1982849614463094,-1.0279211020542198
Mff,-0.17831112833050788,0.6682657308998579
Mfge8,0.8712118293461337,-0.8436634011412405
Mfhas1,0.6411727860263365,-0.43393557427721063
Mfn1,-0.4317265430807993,-0.7320591153823823
Mfn2,-0.4913572720543993,-0.3075677817308602
Mfng,-0.5201043835651511,0.8022654896956318
Mfrp,-0.3752880467330093,-2.298078337285844
Mfsd1,-0.692387560471948,1.265647461251504
Mfsd10,-0.06596661253109559,0.4592010502342099
Mfsd11,-0.32968634536582364,0.7004325899884094
Mfsd12,-0.13151956399691045,1.3300826834064186
Mfsd13a,-0.024165751257164914,0.7196649301495626
Mfsd13b,2.5930689647126814,-1.6859366231431956
Mfsd14a,-0.3326525113657759,0.8700803336865572
Mfsd14b,-0.03343221068096547,0.6630500354125743
Mfsd2a,-0.26193002867558324,0.9553828118976107
Mfsd2b,-1.2550101296315868,-1.5312748564899303
Mfsd3,0.0424705322838701,0.6650321303068214
Mfsd4a,-0.5199507461020811,0.15306656485876324
Mfsd4b1,1.6566930343994413,1.354279632826426
Mfsd4b4,-0.9248047522223155,0.9869221188166941
Mfsd4b5,-0.9082034044885954,-1.0069273986061256
Mfsd5,-0.01953207425998471,0.8948620927029616
Mfsd6,1.028477602960038,-0.9229467467739001
Mfsd6l,-0.65438628890628,0.0
Mfsd7a,-0.5204835982087896,0.5901307585170743
Mfsd8,0.5123488911575045,-0.25275976455024995
Mfsd9,0.09531562116889081,0.7069155074648892
Mga,-0.646020072019688,-0.11080668028990637
Mgam,-2.5705401354284483,0.0
Mgam2-ps,0.0,-0.7282243797812842
Mgarp,0.10817065822709182,-0.6851304122141499
Mgat1,-0.08065074690963314,0.3570787355137863
Mgat2,0.24062118416197897,1.773918733510401
Mgat3,0.4953506690161804,-0.8592908796395635
Mgat4a,-0.4517159923057772,0.9611559303535131
Mgat4b,0.08629031302837653,0.597398217698756
Mgat4c,-0.32324721816066315,-0.9043434032254298
Mgat4d,0.0,0.0
Mgat4e,0.0,0.2235881289710932
Mgat5,-0.45371111859893887,0.41672795929860484
Mgat5b,-0.2703869947514601,-2.0265712440245656
Mgl2,1.7151974755409647,1.1588382552462502
Mgll,-0.5434258525547975,-0.8970765471051436
Mgme1,-0.08749462860209434,0.29942925273822674
Mgmt,0.3961665976406703,0.568391328017535
Mgp,2.1957748352189306,-0.005619893174279689
Mgrn1,-0.5013878919600021,0.3254634085026993
Mgst1,1.2862133594866947,0.24343228493122382
Mgst2,-0.42922480460844525,-1.428482706362054
Mgst3,0.2453272254159593,-0.14440208610636063
Mia,0.14483066244518517,-1.4205097227832666
Mia2,-0.3311641984838225,0.030746083425963633
Mia3,-0.5392004474008871,0.47102550808699384
Mib1,-0.1532376653240899,-0.46821370975181154
Mib2,-0.20211511333890364,0.3527321894991964
Mical1,-0.14034560682010166,0.8544506388053907
Mical2,-0.7456075035906693,0.431997222305907
Mical3,0.665726991180378,-0.9084542692920632
Micall1,0.07001543315961278,0.0849642931868182
Micall2,-0.04303613245236804,-0.43821630789630506
Micos10,0.25546682270704046,0.33777510796740806
Micos13,0.27745276763096705,0.2358382566144126
Micu1,-0.0821349904024391,-0.24533180746555416
Micu2,0.35423387576924537,0.8892838258354239
Micu3,0.4610246850471542,-0.33882139082384555
Mid1,0.8990128991705202,-0.4887539921278563
Mid1ip1,0.05341633988943606,0.4000652068221555
Mid2,0.1970956132400481,-1.2542884341269973
Midn,1.2711352505253863,0.08053995074627274
Mief1,-0.08321581737701678,0.13493421700607122
Mief2,0.056826044885850635,0.39942091000914814
Mien1,0.3078851364691495,0.08291449880538337
Mier1,0.3802874863725396,-0.27659495174545334
Mier2,-0.28880075091863766,-0.3235055759377783
Mier3,0.2913071361348756,0.04534030966390823
Mif,0.2222720288775779,-0.43916361579338137
Mif4gd,-0.3989313439671065,0.1395820518926847
Miga1,-0.4525572502908748,0.4174657290352375
Miga2,-0.36736180673299224,-0.5980784251332079
Miip,-0.25037845315617524,-0.09563414791077562
Mill1,0.0,0.0
Mill2,1.680436635101191,-2.994674664255257
Milr1,-0.2235730371249005,0.9301211065726012
Minar1,-1.7229586947712083,0.0370036586053768
Minar2,-0.34028853461715336,-0.9957996276644536
Mindy1,0.18988977625147996,-0.7289929683638761
Mindy2,1.5783324395483032,-0.9774486802324525
Mindy3,0.15659600608787194,0.2886133195870286
Mindy4,-0.2807947571985414,-1.0851904612406056
Mindy4b-ps,-1.275976333393095,-2.3084726359337124
Mink1,0.18401694026812887,0.12301584908011165
Minpp1,0.42228969342783174,0.018658383779463605
Mios,-0.5359992220614789,0.458593363363585
Miox,0.0,-0.7235137641554098
Mip,5.164650169738906,-0.2647667144004734
Mipep,0.6522231335864435,-0.31724241862747604
Mipol1,0.5548120695343561,-0.9646128094398945
Mis12,-0.06809737116367032,-0.05617161968489093
Mis18a,-0.3135262556338949,1.019514086924076
Mis18bp1,-0.6843209031933348,1.3156971793157188
Misp,3.055545774293591,1.7935418056078527
Mitd1,0.7370659567066316,-0.16384698495865635
Mitf,0.0017725144988656183,0.7161714458558226
Mixl1,-0.061805083053650456,0.41206619624394214
Mki67,-0.865286649475701,0.0933267687413819
Mkks,0.3980093154359601,-1.2845503261599198
Mkln1,-0.13768465733536495,0.27724218141340096
Mknk1,-0.5231861176860626,0.731640013743915
Mknk2,-0.19884657729903843,-0.6729425470661559
Mkrn1,-0.4599222210727305,0.3714898007184235
Mkrn2,0.020153395160518173,0.20282131184688978
Mkrn2os,1.171166628674742,-2.6157290198881773
Mkrn3,-0.5528590750294846,-0.24144247306734457
Mks1,-0.5491395661090053,0.05958008814329929
Mkx,-1.2705773957294033,-0.8638777701240663
Mlana,0.5907252774016829,-2.319046752665759
Mlc1,1.0671167837788431,-0.8034290734640592
Mlec,-0.18568707362660497,1.587428627898177
Mlf1,2.13933487073158,-1.3489344487750374
Mlf2,-0.20086004771382804,0.03230284892961066
Mlh1,0.02790996496603171,-0.33566012256769895
Mlh3,0.16277941613809155,-0.44955650562157246
Mlip,-0.7457925203838023,0.775169673110329
Mlkl,0.6758460709245533,-0.4026125605911419
Mllt1,0.5584220959043007,-1.0474751923877177
Mllt10,0.7239201765645529,-0.5887581657814724
Mllt11,-0.4831173848397565,0.03985726680017976
Mllt3,1.152881018786811,-1.1776100821541036
Mllt6,0.703887498636595,-1.2210571834448984
Mlph,0.6786895388122334,-0.22330733180375084
Mlst8,-0.2131150661953587,-0.8086060357858837
Mlx,-0.009177337268166497,0.09857519160691908
Mlxip,-0.03194954620393631,-0.014496011279661047
Mlxipl,-0.38998639328755935,0.994973581754726
Mlycd,1.2191634636431585,-0.06036397009401284
Mmaa,-0.6393645917475101,-0.026210643800963496
Mmab,-0.08531054435495022,0.3250629267416034
Mmachc,0.07487769085977725,0.29972062215622053
Mmadhc,-0.05681254728483509,-0.14394364827884942
Mmd,0.43967142524038216,0.4590856215951611
Mmd2,0.5606794332496339,-0.719697173293472
Mme,0.2685282320108362,-1.4006029317002455
Mmel1,-1.2911409514790373,-0.672899730541511
Mmgt1,-0.15348614479656142,0.06507851694270705
Mmgt2,-0.10733954471398022,0.228730965870092
Mmp10,0.0,-0.34915265822807906
Mmp11,0.18476322638390563,-0.7451481442404848
Mmp12,0.4499405751260621,0.006513968616689958
Mmp13,0.12986589529064752,-0.7231430846730547
Mmp14,0.46019946061408135,0.7895528236060994
Mmp15,0.20524413077694348,-1.0128018069977465
Mmp16,-0.6121580949680938,0.13032557167101544
Mmp17,0.3110555175946148,-1.1737733721976564
Mmp19,-1.165798895273591,-0.46635469557257814
Mmp1b,0.0,0.0
Mmp2,0.11653465284929787,0.8073928400579344
Mmp20,0.0,0.0
Mmp21,0.4655750172342039,-0.5562672079782569
Mmp23,-2.8869755646063906,-0.49488146792830534
Mmp24,-0.755380649871122,0.25164490224911695
Mmp25,0.6688631136533587,0.1023083154800748
Mmp27,0.0,-0.8574348391438671
Mmp28,1.1735504293560277,-1.1675791268450721
Mmp3,1.0603895976341942,0.0
Mmp7,0.0,0.0
Mmp8,-0.7219628565947103,1.925414016553653
Mmp9,-1.9832359547151057,0.2745204647765327
Mmrn1,-0.9610947426217487,-0.34915265822807906
Mmrn2,0.7876008923949644,-1.5520385060992314
Mms19,-0.22557432978128134,-0.25834479543352096
Mms22l,-0.9095835504509173,1.336689221037755
Mmut,-0.0903553120706242,0.24912347144072555
Mn1,-1.030919483868697,0.42291670740604737
Mnat1,0.5892958675604127,-0.31784863464035595
Mnd1,2.917444250629185,-1.1939388564990456
Mndal,0.15135992071337956,0.6502351237977972
Mns1,0.08365177669212898,-1.1188255545386845
Mnt,0.39359000415406964,-0.1491152284053232
Mnx1,0.0,0.0
Moap1,-0.6901972336557858,-0.7471081572081069
Mob1a,-0.456715712852219,1.271543013426907
Mob1b,0.12865082202746514,0.4738174947818159
Mob2,-0.0010391340331850074,-0.07309593104400314
Mob3a,-0.4112917830797205,0.7817505156146645
Mob3b,1.277397911760434,0.5949589644911146
Mob3c,0.1041656456049882,0.9388652816615508
Mob4,0.15954727772201238,0.11424988502554001
Mobp,-4.142494639320036,0.035550208886954066
Mocos,1.0607451495491462,-0.18952478428093844
Mocs1,-0.38497626061093726,0.864962047946106
Mocs2,-0.1517116877905167,-0.45626254402445277
Mocs3,1.4699347705865926,-0.9180300013258029
Mog,-1.9847364957227909,0.5048761324852925
Mogat1,0.4429730630584654,-0.7979210169735325
Mogat2,0.7224645035762397,0.0
Mogs,0.3320879572756148,-0.05705353432112048
Mok,0.18910571675550347,-0.8860416037447134
Mon1a,-0.04743583422155773,0.18437660667511757
Mon1b,-0.09238639431973006,0.4112547298873128
Mon2,0.5909715250157763,-0.4728399579400673
Morc1,0.6252226276030788,-1.0651593594140805
Morc2a,0.5508235451474466,-0.6589911572406777
Morc2b,0.051731785180167744,-1.352800283632718
Morc3,-0.24705624462586684,0.4016273009425735
Morc4,0.39722197691051075,-1.3538887248692832
Morf4l1,-0.3032304317966741,0.3255495045821366
Morf4l2,-0.5826731165322716,0.10970766005796584
Morn1,0.1272608825529602,-1.2273011043109676
Morn2,0.4931107762746363,-0.051395548086377474
Morn3,2.0543340566360007,-1.0738085204603596
Morn4,-0.4824543533508159,-0.599395566079524
Morn5,1.725877684608685,-1.5379035934498977
Mos,-1.0835397078250562,-0.35820978814101395
Mosmo,0.43057206748297183,-1.041680135512717
Mospd1,-0.3323770392179899,0.2556995060823404
Mospd2,-0.04407566764569992,0.4430535202628416
Mospd3,-0.32604590178619297,0.22633812402876075
Mov10,-0.11304034538802021,0.9031635763388763
Mov10l1,0.0,0.0
Moxd1,0.14777052807467772,-0.6171522641718683
Moxd2,0.0,0.0
Mpc1,-0.3988458954517924,0.4894884030451241
Mpc2,0.2259352786323685,-0.13905295557542985
Mpdu1,0.3018926738342742,-0.12629053045815475
Mpdz,0.41551757937557454,-0.39077049760474125
Mpeg1,-0.661092063049125,0.6572596738664931
Mpg,-0.3820562043817155,-0.1654111991783509
Mphosph10,-0.136012200022412,0.20851306404721548
Mphosph6,0.5718420802010753,-0.2045442532061088
Mphosph8,0.6047417041031267,-0.4237332070331288
Mphosph9,-0.14926459679940685,-0.7959052424186339
Mpi,-0.5309583775939757,0.17489891699428206
Mpig6b,-1.0025290546113372,0.7132740441324963
Mpl,0.0,0.0
Mplkip,-0.20971425494516893,0.35531712891277323
Mpnd,-0.09733114927864328,0.9472057948848729
Mpo,-0.22082010532603893,0.0
Mpp1,-0.14027908671008404,0.8941710089524335
Mpp2,-0.4422332444140906,-0.4618647487719585
Mpp3,-0.6762516632384212,-0.816742121573899
Mpp4,0.4860867624441312,-1.082048306154615
Mpp5,0.0054735117957651624,-0.34234511416414826
Mpp6,0.64430463540858,-0.030552745271887005
Mpp7,0.3014298065330703,-1.3076428796517234
Mppe1,-0.6262071566445364,0.6967659870387006
Mpped1,-2.723464961568321,-1.820516874136434
Mpped2,-0.020185414886981334,-1.6703925770957113
Mprip,0.41945482867482653,-1.1696609525969883
Mpst,0.3905993889089139,-0.6674746119723292
Mptx1,0.0,0.0
Mptx2,-0.9652635909851834,-0.908931699106119
Mpv17,0.16250297384278944,0.20647300160877258
Mpv17l,-0.17577286617255083,-0.18252290890839973
Mpv17l2,0.46895169875531906,0.8510628484943936
Mpz,0.013475696196166148,0.400578209308994
Mpzl1,0.8551729087272459,-0.9251965896218763
Mpzl2,0.8837256246637564,-1.0423989813675556
Mpzl3,-0.5936729568412469,-4.272727527238552
Mr1,-0.08806569375219198,0.3675324329519807
Mrap,-1.5379245382366404,-1.2567773509666358
Mrap2,-1.0079262073668795,-0.9012498477177244
Mras,0.4866819110290521,-0.32621121585896784
Mrc1,-0.18924042023972554,1.1029772784476215
Mrc2,0.2650087026209693,0.12949315917616033
Mre11a,-0.5565521124055586,-0.07861015832914298
Mreg,0.6928026065612158,-0.2862479525963497
Mrfap1,-0.05515046334973839,0.2676137375720202
Mrgbp,-0.026103933010574565,-0.4486193901850335
Mrgpra1,-0.3681752925118766,0.0
Mrgpra2a,1.9979043970446217,1.3086765130015185
Mrgpra2b,0.8272054082337541,0.0
Mrgpra3,0.0,0.0
Mrgpra4,0.0,0.0
Mrgpra6,0.0,0.0
Mrgpra9,0.0,0.0
Mrgprb1,0.0,0.2517475928686984
Mrgprb2,0.0,0.0
Mrgprb3,0.0,0.0
Mrgprb4,0.0,0.0
Mrgprb5,0.0,0.0
Mrgprb8,0.0,0.0
Mrgprd,0.0,0.0
Mrgpre,0.054420829728554665,-0.07080365741249928
Mrgprf,-0.2658711121878415,-0.5231910912048338
Mrgprg,0.0,0.0
Mrgprh,0.9810333167057023,0.0
Mrgprx1,0.0,0.0
Mrgprx2,0.0,0.0
Mri1,0.8794768708382721,1.0649129130178512
Mrln,0.8331403479965429,-0.24325784716224952
Mrm1,0.6821838044944997,0.9158610027062366
Mrm2,0.5229329363276669,-0.1961914544354615
Mrm3,0.3510709431626058,-0.09957220725500449
Mrnip,-0.7152428816325243,-0.8582725089511571
Mro,0.6268207926087246,-0.892967400718541
Mroh1,-0.12294592617232425,-0.011341487873172795
Mroh2a,0.16068525384589183,-1.0637617979835197
Mroh2b,0.0,0.0
Mroh3,0.0,0.0
Mroh4,-0.2154087266458899,0.0
Mroh5,0.5597199904058514,-2.0591749876025474
Mroh6,-1.4914193867253718,2.318834852659509
Mroh7,-1.206789261959404,-2.6525644457244524
Mroh8,-1.5797931875370534,1.0834634682125182
Mroh9,0.0,0.0
Mrpl1,0.22728924253408955,0.09083449645991593
Mrpl10,0.001726932700030659,0.11449767739271799
Mrpl11,0.2367295358195829,-0.09099522197291066
Mrpl12,0.340843695423132,0.17880169087364983
Mrpl13,0.4809503903223593,-0.1866130736219329
Mrpl14,0.4136952553089426,0.10396598909240495
Mrpl15,0.09306999075423406,0.32020084944520555
Mrpl16,0.07837592572230889,0.3710027894424819
Mrpl17,0.3063532039589365,0.1864568911556379
Mrpl18,0.3199103995106398,0.017115369111692758
Mrpl19,-0.08457627150353986,0.6404248448597549
Mrpl2,0.42740154135553077,-0.08118482893405599
Mrpl20,0.3463103343724594,0.010947632149280295
Mrpl21,0.4368701785463056,-0.3056600081924792
Mrpl22,0.2317692605449544,0.18791259653400516
Mrpl23,0.2741138776594898,1.0012535198117263
Mrpl24,0.08942137432019948,0.20254632697974273
Mrpl27,0.2685280864755626,-0.22853373485851414
Mrpl28,0.20307426350766455,-0.3451126800640161
Mrpl3,0.030681887297287602,0.3548655448072644
Mrpl30,0.2950777769158428,0.015777245494554393
Mrpl32,0.4444733676316961,0.05036828219557776
Mrpl33,0.19937740853692532,0.5392500686358783
Mrpl34,0.01627164899997169,0.015714858076499638
Mrpl35,-0.04413676167885683,0.009796440491770753
Mrpl36,0.207216138719982,0.1827012067925864
Mrpl37,0.15365927309020577,0.052804599499689076
Mrpl38,0.08861347259673735,-0.3198684192415424
Mrpl39,0.12621529410940013,0.0010819167191602475
Mrpl4,0.05048698517285466,0.266004752991833
Mrpl40,0.4275934184971497,0.021949628682056854
Mrpl41,0.2630321592394047,0.15652049010885527
Mrpl42,0.522110660350112,0.11029709626064843
Mrpl43,0.11560407883500723,0.4129960933240202
Mrpl44,-0.1941529484362885,0.03626169377398902
Mrpl45,0.14359969099543513,-0.23276264609778963
Mrpl46,0.10818470764577626,-0.1209140959200603
Mrpl47,0.46197645778928553,-0.23040346386981092
Mrpl48,0.32615775619066767,0.05379955249870072
Mrpl49,0.3812259862283298,-0.47910369009881926
Mrpl50,0.170089610230999,-0.2269873278385397
Mrpl51,0.34173694612085015,0.4185197898597952
Mrpl52,-0.03806661916421916,0.9133870048281434
Mrpl53,0.6263164697749914,0.11207056380343339
Mrpl54,0.7457918611205869,-0.171659335942266
Mrpl55,0.13436117654873492,-0.1493623217461888
Mrpl57,0.2531239184774918,0.0792422966332289
Mrpl58,0.5020089405215824,-0.02097749544067895
Mrpl9,0.33097389809020505,-0.16394425889243713
Mrps10,0.7139753935280044,-0.010581777014165183
Mrps11,0.022052771682229633,0.10316203595428952
Mrps12,0.3925853269210222,0.054957828782038476
Mrps14,0.40116902415140565,0.06992649627641256
Mrps15,-0.05280284413554881,0.47818781863078996
Mrps16,0.37210000824197564,0.32143382136193743
Mrps17,-0.10623156932016364,0.20922055670940942
Mrps18a,0.27133675498703624,-0.007342772062823855
Mrps18b,0.29325376582937857,0.4206830416658214
Mrps18c,0.6526376989795999,0.2772659144164784
Mrps2,0.020586116288072276,0.24915500084196118
Mrps21,0.12115470996657685,0.330518244455547
Mrps22,0.3191499903042878,0.16419912007932247
Mrps23,0.10407342121187213,0.19078729971371544
Mrps24,0.21660439112702878,1.4240039883985744
Mrps25,1.9267445271902748,0.06446379842479466
Mrps26,-0.5834528893199717,0.23339895848977754
Mrps27,0.18567944130896663,-0.149769744412513
Mrps28,0.8631818457853164,-0.14904012700605307
Mrps30,0.826294242668923,-0.8147082538745831
Mrps31,0.20554301923695562,0.15984812099057244
Mrps33,0.32878684566117755,0.09376095119321981
Mrps34,0.0884431839498454,0.2056335102166802
Mrps35,0.09874561518189218,0.1257182351280388
Mrps36,0.5124124885206651,-0.1551640890840673
Mrps5,0.03623569603502652,0.1718751848152067
Mrps6,0.9247039667387273,-0.21263432142512606
Mrps7,0.1930378892575142,0.1600826782446827
Mrps9,-0.053973212582432595,0.32685091443997827
Mrrf,0.5559523400043247,-0.25848137286307793
Mrs2,0.07250542795064341,-1.344072202592348
Mrtfa,-0.13032798487464703,0.7210980275523724
Mrtfb,-0.017503325651748725,0.18115252254109748
Mrto4,-0.115150141239031,0.3426243518181984
Mrvi1,0.19940929945348174,-0.10175228968123573
Ms4a1,-0.17954843675215848,0.4775581197801131
Ms4a10,0.0,0.0
Ms4a12,0.2542523583189018,-0.3089742536097395
Ms4a13,0.0,0.0
Ms4a14,-1.926672213377925,1.705545756405555
Ms4a15,0.0,-1.7659499180591913
Ms4a18,0.0,0.0
Ms4a2,-0.8861080023166679,0.0
Ms4a3,0.0,0.0
Ms4a4a,-0.14863601391712677,1.0643151885159945
Ms4a4b,0.4608779855631937,-1.0893771041993112
Ms4a4c,1.1879918232437348,1.6234699751698631
Ms4a4d,-0.9321555086922421,0.7074061029616647
Ms4a5,0.0,0.0
Ms4a6b,0.011665145842405522,1.0620286463320738
Ms4a6c,0.22247836567085244,1.4860078911548094
Ms4a6d,-0.20648609873440016,1.3733407299107245
Ms4a7,0.18174422453205175,1.329171614894717
Ms4a8a,0.9864119715054338,2.2430446424822232
Msantd1,0.7617562059884091,-3.989268126875529
Msantd2,-0.3159982436136346,-0.1638342874680605
Msantd3,0.7674015997694914,-0.031218737120568107
Msantd4,-0.25429019695605426,-0.21164294718366428
Msc,-0.2512843466322773,-0.2152727868316063
Msgn1,0.0,0.0
Msh2,-0.19571211838665015,-0.03601970671983956
Msh3,0.2667555988452559,-0.6192777972084489
Msh4,0.38168207843034807,-0.5345994355560313
Msh5,-0.6611330322341482,-0.8257002176880599
Msh6,-0.4132520059738347,0.04468930819339256
Msi1,0.37700432829799,-1.4993682731619131
Msi2,0.975554958838508,-1.3434022623392359
Msl1,0.14644579540007818,-0.17923336952677893
Msl2,0.28418848894643745,0.44759124944681616
Msl3,-0.4732086626156118,0.6462677235525423
Msl3l2,1.5663757249905217,0.7002578391932799
Msln,0.9808077555633741,-0.18377756513785304
Mslnl,0.0,-0.2152727868316063
Msmb,0.0,0.5082984490340398
Msmo1,0.166395045006567,0.25517981965633574
Msmp,-0.5234226061380082,-1.1081637265935922
Msn,-0.32858931949730597,1.1111968142738107
Msr1,0.40519843705873804,1.0019285282742096
Msra,0.011528539357453127,-0.031088342395653612
Msrb1,-0.2094523869838305,0.34007297949393145
Msrb2,-0.1994838175078737,0.3978135816391166
Msrb3,1.02786749441582,-1.4581975062473038
Mss51,1.4577202058276986,-1.8886053588523204
Mst1,-0.22082010532603893,-0.8674600659237414
Mst1r,1.3408749191039315,-1.7779680218895844
Mstn,-1.6510856689128866,-3.4073729748402317
Msto1,-0.33224660027165775,-0.19587570295643886
Msx1,1.1210661450601336,-1.8446032809314175
Msx2,1.739178247589059,-1.8329097000521277
Msx3,0.0,0.0
Mt1,0.7668878578622191,0.00930416912126475
Mt2,2.0311000924202416,-0.7148454120036751
Mt3,1.1116043961400024,-2.2808046454245714
Mt4,0.0,0.0
Mta1,0.6068878941539131,-0.3108869627116233
Mta2,-0.48036439220659943,0.4602762275142851
Mta3,-0.3725606759478577,0.759481618788513
Mtap,-0.0880539186598348,0.5782226386685387
Mtbp,0.10481905153717719,0.2573047435761886
Mtch1,0.3555987298913177,-0.4529705664099932
Mtch2,0.2614425228750701,-0.10942954926760784
Mtcl1,0.13090691825631673,-0.9637563059784071
Mtcp1,-0.9541610245161056,-0.21912513727232863
Mtdh,-0.09340297394519403,0.6964495340837278
Mterf1a,-0.3192457922323051,0.24124396707344253
Mterf1b,0.6016993713779062,-1.7697597608075641
Mterf2,-0.366137147606171,-1.327630618705955
Mterf3,0.10400630371940878,-0.11979034822495471
Mterf4,-0.06800041640339849,-0.10301811450872833
Mtf1,0.27856721050190103,-0.015871257350489998
Mtf2,-0.00214911712473409,-0.30347949605255486
Mtfmt,-0.3915544188082549,-0.22213937446404586
Mtfp1,-0.2410669916336694,-0.5135067562632667
Mtfr1,0.04210898050891032,-0.5636275663170878
Mtfr1l,-0.07839088958606588,0.5313460668167291
Mtfr2,0.4279102724173609,-1.6751177268910808
Mtg1,-0.23561179078634886,-0.04039479572094429
Mtg2,0.24055106584796881,-0.2838516476251858
Mthfd1,-0.3518331280079554,-0.24643099651969713
Mthfd1l,-0.5247306897835529,0.8382337436347003
Mthfd2,0.29897759572298455,0.6192113645218082
Mthfd2l,0.8002165380860369,-0.2421511740748743
Mthfr,-0.5604323483843263,0.8257524817094986
Mthfs,0.05482089941592072,0.8020852131884464
Mthfsd,0.11836920067503343,0.12052523417890626
Mthfsl,0.006454285420304018,0.3834441711504102
Mtif2,0.5005881046994123,-0.555144877238579
Mtif3,0.07996464246688717,0.2131434770202123
Mtln,0.4886635760579203,0.07619375327764644
Mtm1,-0.17814701863825633,0.09429707903989204
Mtmr1,0.24354554485609636,-0.37400392073397803
Mtmr10,-0.21570872328664414,0.29667597962111536
Mtmr11,0.37930715875062404,0.06827718409420314
Mtmr12,-0.09117390058549546,1.1237982732073704
Mtmr14,-0.3979284206162106,0.7459775209479282
Mtmr2,-0.15246123587042426,0.8124868473766753
Mtmr3,0.3011361244865416,-0.23260415403755452
Mtmr4,-0.6732735256579847,0.11621083456356907
Mtmr6,-0.34396439606957685,0.650444162624499
Mtmr7,-0.19262507541616714,-0.6850100734590256
Mtmr9,0.13512518472317225,0.2546830551370025
Mtnr1a,0.0,-0.9669296372403154
Mtnr1b,0.0,0.25325806877877893
Mto1,-0.12911016975106193,0.10111601398133452
Mtor,-0.30818609430486177,-0.03851472030319236
Mtpap,-0.19554907664491417,0.43084247773779616
Mtpn,-0.4298681762271084,0.7792306538965281
Mtr,-0.6914579997249,0.8337695818273474
Mtrex,-0.3038250602225734,0.09936937593238326
Mtrf1,0.06560529017219707,0.23061960176997243
Mtrf1l,0.770839441944692,-0.9508619906666134
Mtrr,-0.08751053904198614,-0.09103323676877473
Mtss1,-0.23822145731116606,-0.21141648862904994
Mtss2,-0.06083270264814544,-1.1028887029506471
Mttp,0.5392917752180022,-0.3637066520461598
Mturn,-0.25747771245069373,-0.6222316813478272
Mtus1,-0.39021897480085777,0.5599397115643008
Mtus2,-0.05182345539988731,-0.49315531723188855
Mtx1,-0.19291158819214438,-0.19663229353791145
Mtx2,-0.0075419585362990205,0.32940929123069296
Mtx3,0.08070120221330157,-0.6824224244270249
Muc1,4.262852527728532,-1.4666317893655647
Muc13,-1.2699594839566175,-0.2152727868316063
Muc15,2.965527056695391,-1.8331963860368725
Muc16,0.0,0.0
Muc19,0.23956468343679047,0.0
Muc2,-3.881263466005776,-3.3550449441565435
Muc20,-0.7424918452809603,-0.18295083219851538
Muc3,0.0,0.0
Muc3a,-0.7549475151801808,-2.0996937501520736
Muc4,1.5190456834205082,-0.6421118844454803
Muc5ac,0.0,0.0
Muc5b,1.4778267139004455,1.00566724160402
Muc6,2.2588742245567954,-1.1124194076967449
Mucl1,0.0,0.0
Mucl2,0.0,0.25082299571856037
Mucl3,0.683760325373641,0.0
Mug1,0.0,0.0
Mug2,0.0,0.0
Mul1,0.27835508952293964,0.11269235414104983
Mup1,0.23956468343679047,0.0
Mup10,0.23956468343679047,0.0
Mup11,0.0,0.0
Mup12,0.0,0.0
Mup13,0.0,0.0
Mup14,0.22888442284205604,0.033694080091247636
Mup15,0.0,-0.4569204579033296
Mup16,0.0,0.0
Mup17,0.0,0.0
Mup18,0.22888442284205604,0.0
Mup19,0.0,0.0
Mup2,0.0,0.0
Mup20,0.23956468343679047,-0.24431098970421622
Mup21,0.0,0.0
Mup22,0.0,0.0
Mup3,0.0,-0.2218593794753994
Mup4,0.0,0.0
Mup5,-0.23690106472386616,0.0
Mup6,0.0,0.0
Mup7,0.0,0.0
Mup8,0.0,0.0
Mup9,0.0,-0.4427166047663706
Mus81,-0.08244436240224928,-0.1069505438980709
Musk,0.6231372743910761,-2.339488940106847
Mustn1,1.6913225761054371,-2.401480527327991
Mutyh,-0.30107265243354675,-0.8717907882662557
Mvb12a,0.3327655744975946,0.20371583406288885
Mvb12b,-0.023225840444456303,0.7742177599497051
Mvd,0.058676952214234745,0.04139226769797766
Mvk,-0.05654900791858353,-0.15055220970355343
Mvp,0.05035581475044282,1.013502415068137
Mxd1,-0.5406178938558384,0.06425694504894253
Mxd3,-1.000865370574938,-0.9470942612907729
Mxd4,-0.4209751079067221,0.14349812731173905
Mxi1,-0.3570131595968924,-0.7481909488740452
Mxra7,1.1860313097357151,-1.2446305013654273
Mxra8,0.48761967839314835,0.6820223643603995
Myadm,-0.18948826133358132,0.716966140170836
Myadml2,-0.8080179033045365,0.7105340893016443
Myb,1.1880298135326086,2.1028602051948804
Mybbp1a,-0.25285835921379096,0.3050871035816236
Mybl1,3.230226989427942,-1.1959815354402208
Mybl2,-1.276237393291141,0.7219889636111931
Mybpc1,0.0,-0.2218593794753994
Mybpc2,0.7817876187083477,-2.829177469494053
Mybpc3,-0.4884651484280166,-2.105801850062685
Mybph,-0.46836149939970184,1.8097861972499576
Mybphl,-1.6664879704304894,-1.274293253508766
Myc,0.21798442453249578,1.0988235016920775
Mycbp,-0.0004617096916650354,0.7791958464661173
Mycbp2,0.3282677712291502,-0.43981609569447677
Mycbpap,-0.25219746843491997,-1.4841603953108562
Mycl,-1.4065149900026759,1.093272146396452
Mycn,-1.2898390630030994,-1.1118764680338877
Mycs,0.0,-0.44120749513787016
Myct1,0.06006041288117503,-3.1949881152688495
Myd88,-0.09727925694014772,0.7599713250272515
Mydgf,0.23276846069469137,0.3090084880883186
Myef2,0.49756474623181113,-0.1768103357858113
Myf5,-0.36168378182165306,-0.5190358266168631
Myf6,-2.524680755723512,-2.7217144047455815
Myg1,0.38378512762776573,-0.033612527635185074
Myh1,-0.2154087266458899,0.0
Myh10,-0.3873838336811577,-0.5079601207249418
Myh11,-0.035508252211731595,-3.3869257861490256
Myh13,-0.9653876887108436,0.0
Myh14,0.41521963624253466,-0.5686149818413107
Myh15,0.0,0.0
Myh2,-0.5631696670576583,0.0
Myh3,-0.2154087266458899,-0.34915265822807906
Myh4,0.0,-0.21283904559181435
Myh6,-0.3567848041086102,0.2972396595845194
Myh7,1.4530801381183776,-4.832554493711733
Myh7b,-0.8420240691435161,-3.269364985531233
Myh8,0.772453363347128,-0.3301187489101878
Myh9,-0.5613934906885838,0.9963992208436547
Myl1,-0.768236681986065,-0.5231910912048338
Myl10,0.0,0.0
Myl12a,-0.251416056650724,0.7716839032725566
Myl12b,-0.26937771108721265,0.4521215641546448
Myl2,-0.46520604738971993,1.5555981091326503
Myl3,-0.23690106472386616,0.0
Myl4,0.032173387608767534,-0.7683344881283607
Myl6,0.08328426068206873,0.4364829961410859
Myl6b,0.5569996716134176,-0.23578035838002354
Myl7,-0.6108039393966963,0.0
Myl9,0.8291748110933206,-0.8742932003751305
Mylip,-0.418142887660343,0.8565629587203603
Mylk,-0.28677152618587876,-1.6020602091675453
Mylk2,0.0,0.0
Mylk3,1.1748608401446508,0.4623879113841014
Mylk4,0.8561330371961002,-0.5517329660040966
Mylpf,-0.32522973758462737,-1.6414504783745985
Mymk,-0.4229604995247289,1.8829876543523483
Mymx,-1.6038450976596124,-0.6961537584750705
Mynn,-0.1811080763590276,-0.10323407750365199
Myo10,0.9986772625142404,-0.19978190599563916
Myo15,-2.8087033472576453,-1.283433611244463
Myo15b,-3.155667104897658,-1.0141892572399658
Myo16,-0.38556743405242155,-1.5298138013597553
Myo18a,-0.5279063760296712,0.3687048471750476
Myo18b,-3.238959286705466,-1.8649682251327282
Myo19,1.0161223753970647,0.5118336078299448
Myo1a,-1.6128641757021849,-1.5627393200730615
Myo1b,-0.4164242496265178,0.6086530548738747
Myo1c,-0.3642755319579134,1.0454760398407732
Myo1d,0.7526799084607054,-1.1327841160621084
Myo1e,-0.3776063764535422,1.3371899017594142
Myo1f,-0.6215627792842842,0.995195888758845
Myo1g,-0.5422124942650512,0.9459514446708113
Myo1h,-1.7359452063325915,-0.6452143347633528
Myo3a,0.22888442284205604,0.0
Myo3b,0.9315641676894737,-0.7377815970190403
Myo5a,-0.4816167981653354,0.24202281570648765
Myo5b,1.0425628870044577,-1.4816121626714578
Myo5c,-0.2452567840370956,-0.32153084098154183
Myo6,-0.18796533902300716,-0.12229379357001591
Myo7a,-0.40919624533421484,0.4213964558068355
Myo7b,0.0,0.0
Myo9a,-0.03425358095154962,-0.4797354366163251
Myo9b,-0.17983912690186443,0.7505573473383862
Myoc,-0.9374967494405295,-0.674168328915761
Myocd,-0.21657124403609807,-0.4258148867871352
Myocos,0.0,0.0
Myod1,-0.22915837926285726,0.0
Myof,1.3635737518942488,0.13497225356417264
Myog,0.14058508028604033,1.54000975848619
Myom1,-0.025786672043784264,0.2846916046628678
Myom2,-0.2801920560620843,-0.6224253448840078
Myom3,0.03942342361912621,0.5625517376372651
Myorg,0.5760021217865781,-3.137696094050039
Myot,0.0,0.0
Myoz1,-1.0964902097350944,-0.5619917038198934
Myoz2,0.23452371786357948,-0.5190358266168631
Myoz3,0.7959479425692901,-0.22552617754741977
Mypn,0.10084728182610103,-0.9328920442722488
Mypop,0.9848520901970832,-1.0151761264207968
Myrf,-0.9696476284189446,-3.7649646555652247
Myrfl,-0.05293502628122848,-3.466180821953497
Myrip,0.3099374121825633,-1.2404967617692257
Mysm1,-0.014223925371018353,0.00902013886576114
Myt1,-0.614979389936968,-1.3373303470684608
Myt1l,-0.6956370305816826,-0.4557282369745028
Myzap,-1.2387886386804743,-2.5269839757399146
Mzb1,0.38950825162859326,-0.593327044049335
Mzf1,-0.07402158963086514,0.07239064320376798
Mzt1,-0.2363081781806624,0.30596900719299036
Mzt2,-0.029463632953907748,0.6873386206473437
N4bp1,0.007324210904783968,0.19334935147429988
N4bp2,0.548117453752953,-0.4439588382442201
N4bp2l1,-0.7027941692778743,0.189206739892116
N4bp2l2,0.12938617014270548,0.14316477469609268
N4bp3,0.5629253722287997,-2.087303413967729
N6amt1,0.6339959268827258,-0.3680478003626053
Naa10,-0.13675555035890063,0.1587768176839468
Naa11,-0.5491446801847317,-1.7961419142733186
Naa15,-0.37596510628553936,0.691451782247686
Naa16,-0.3803523835099618,0.6626515695109738
Naa20,0.21008971663275844,-0.13130663641284812
Naa25,-0.1702491001166777,0.03499138078534614
Naa30,0.40360727363670446,-0.5218250559308482
Naa35,0.2540438182760134,0.016782169975535055
Naa38,0.33703222455813275,0.34253805240913593
Naa40,-0.30756317640014785,0.06052536778716622
Naa50,0.004513417071327908,1.1558810654337552
Naa60,-0.5583882574718384,0.22491266816805222
Naa80,0.07685716869036163,0.1039382261377213
Naaa,-0.16876084309465966,0.9233275922184419
Naalad2,1.007217372141417,0.25692747749865497
Naaladl1,0.5081158496497236,0.2659542910193715
Naaladl2,-0.21604675961252795,-2.493715937194372
Nab1,0.4620151193310287,-0.30367654842370584
Nab2,-0.04991964090343082,0.43924566451699576
Nabp1,-0.8115045153831613,0.1335749452949031
Nabp2,0.1489776521836994,0.030828347323643257
Naca,0.245083987529215,0.21553548566897796
Nacad,-0.45733386345029814,-0.4290204228401855
Nacc1,-0.15619218196730422,0.37850034773905694
Nacc2,-0.13753341837259647,0.292447493610247
Nadk,-0.08477739918504135,0.9850504668340321
Nadk2,-0.6397759329787966,-0.674113705747251
Nadsyn1,0.12656588511932654,0.3715174222222224
Nae1,-0.03158018771997462,-0.27002410660218423
Naf1,1.2573347902195406,-1.3756008112946647
Naga,-0.08504526792157563,0.7655581138043726
Nagk,-0.22652283610838175,0.403764077618451
Naglu,-0.3318003810906216,1.8725674485377493
Nagpa,-0.3829715365919455,1.5747164594405518
Nags,0.0,0.0
Naif1,-0.009262250463958566,-0.02861900843830867
Naip1,-0.80882335224321,-1.7866138406205432
Naip2,-0.3666693968304351,0.9753643833713017
Naip5,-0.6339681066813938,1.0684317125636689
Naip6,-0.37855363962779087,1.2673598166283995
Nalcn,-1.5992622011729836,0.2987015346984343
Nampt,0.09179045380688855,0.20421987115554607
Nanog,1.5597122779188908,-0.47995717991063014
Nanos1,0.8460275205971062,-0.3308071026749584
Nanos2,-3.3577676199429813,-0.5059537146677544
Nanos3,0.3903229974154292,-1.3652184563878844
Nanp,-0.2112900937275164,-0.10871830619764111
Nans,-0.02950156377222335,0.563202807210045
Nap1l1,0.10140686105579988,-0.01584077319608923
Nap1l2,-0.787186677600543,-0.8097915692969728
Nap1l3,-0.8763610524024461,-0.7991691500976437
Nap1l4,-0.15425650335028962,0.1833881723832267
Nap1l5,-0.8320145841082951,-0.4620699395859891
Napa,-0.1796918446090352,-0.06723871208599697
Napb,-0.43573345579580547,-0.6333123145519259
Napepld,-0.9524328845518593,-0.5848947147773362
Napg,-0.30060999992696047,-0.31921975838366556
Naprt,0.06770224987167417,0.7849610755395453
Napsa,-0.03970068707499319,1.5128767461829131
Narf,-0.6826308728256176,-0.22625138038611325
Nars,-0.19844403166857738,0.3100811727109978
Nars2,-0.22697970882517282,-0.1311673850637014
Nasp,0.14620432757751622,0.014126982807194821
Nat1,-0.03481419538489172,-1.9092042122649948
Nat10,-0.08969922462738111,0.06702275596956575
Nat14,0.056615370417652855,-0.3430525311161823
Nat2,0.08497524094155029,0.9358009640433407
Nat3,0.6200651260325509,0.0
Nat8,-0.3247089715749687,-2.959863048869725
Nat8f1,0.6377214352123977,-1.2244708006450757
Nat8f2,-0.4731320099607855,-2.1217753132377988
Nat8f3,1.5829329125891092,-2.4129885596504788
Nat8f4,0.44262781076933155,-0.7357694363603873
Nat8f5,0.5754740592940548,-2.1092220530347765
Nat8f6,0.0,-1.145781447781407
Nat8f7,0.6907647871842892,-1.494731743859232
Nat8l,-0.12431029310924124,-0.7291432034477712
Nat9,0.06547738292081107,-0.1854138849640261
Natd1,-0.8257187679896401,0.5817765588671318
Nav1,0.2586373583547221,-0.9544092189441571
Nav2,0.41403521996497084,0.029333493786680265
Nav3,-0.6383696375172487,0.8015875667513637
Naxd,-0.04058330422162726,0.20898274604397216
Naxe,0.3174493677358807,0.0673683674342005
Nbas,0.008153624147963612,-0.6273203070163245
Nbdy,-0.21817455519049922,-0.2736429158877627
Nbea,0.2642301783861889,-0.6659090903950453
Nbeal1,-0.036516210134124094,0.3923752691796487
Nbeal2,-0.34118452928293586,0.4764288553460787
Nbl1,1.6369959749874123,-1.6893173913043595
Nbn,-0.03198700712815672,0.15795272377099678
Nbr1,-0.485641795445245,-0.14630551539868897
Ncald,-0.44622779902743126,-0.2705730848619545
Ncam1,-0.18142851970705465,-0.8272240893276628
Ncam2,-1.3422006898991716,0.700991992913023
Ncan,-1.2160221258099693,-0.7752060663121849
Ncapd2,0.32306497651642196,-0.19333188472786844
Ncapd3,-0.4374636768116691,-0.6350029289564585
Ncapg,-0.2138037224831173,-0.045691974638589095
Ncapg2,0.1742249136154097,0.5869416703070582
Ncaph,-0.525942329858462,0.992851764980407
Ncaph2,0.1439761450797743,-0.1689638213538398
Ncbp1,-0.056486822861042896,0.0686506133280389
Ncbp2,-0.11217012092609302,-0.163509068202627
Ncbp3,0.09624806418695186,-0.4543202802438362
Nccrp1,-0.7207559150262712,1.1404183220273008
Ncdn,-0.7376419912114596,-0.26951240010948396
Nceh1,0.05023732282776194,0.29600956638383913
Ncf1,-0.5517677897821507,1.0754212122054305
Ncf2,-0.43550450538739227,1.1914746699757757
Ncf4,-0.22024048995968748,1.2333500609259307
Nck1,-0.23502179493145015,-0.07822216194252718
Nck2,-0.26704981662245864,-1.9865635533937906
Nckap1,0.27258958384923204,-0.5112249644992577
Nckap1l,-0.48049780756851135,1.2068310114797267
Nckap5,-0.6265963061174524,-0.8075490587026852
Nckap5l,-0.4890085871057721,1.0937518151148797
Nckipsd,-0.2518172663793141,0.40530688598326314
Ncl,0.07256899809474326,0.2957151705016159
Ncln,-0.3155948742368313,0.8244503394832723
Ncmap,2.0219708233133984,-0.2168926393259305
Ncoa1,1.170546039624929,-1.26593375204693
Ncoa2,-0.2861444772321775,-0.3614500117266015
Ncoa3,-0.2777902016123548,0.6682742730087003
Ncoa4,-0.2685868509435334,0.5342889143455309
Ncoa5,-0.08749587463263708,-0.21143925943678354
Ncoa6,0.4345110033951425,-0.7090293593832335
Ncoa7,0.23365610591394947,0.052216485002121615
Ncor1,0.5623896554695254,-0.9299065303563641
Ncor2,-0.12042096906900923,-0.10723834255601794
Ncr1,0.6141195094683616,0.6656711379040869
Ncs1,-0.548243469099134,-0.37368455214327234
Ncstn,-0.4725703535525856,0.787665761913896
Ndc1,-0.2538679179587291,0.6210177424536436
Ndc80,-0.2984126894515713,0.024337059935660932
Nde1,-0.3376328219432754,0.40533996524442095
Ndel1,-0.07321594869243953,0.01723350276184199
Ndfip1,0.22706488156935478,0.6058238710004442
Ndfip2,-0.28510913835999574,0.49343720447169304
Ndn,-0.19540784069166328,-0.6476590185359061
Ndnf,-0.07801011821043069,-0.5174380347712741
Ndor1,0.08073375036462593,0.19188565993336582
Ndp,1.9747216101017369,-1.0733256578975983
Ndrg1,0.5677513849519666,-0.9340773908328668
Ndrg2,0.44809641099251074,-0.8793063743035674
Ndrg3,-0.06981746484751739,-0.5690763042257707
Ndrg4,-1.3212903457863998,-0.5571042397010935
Ndst1,-0.1542112247590186,-0.2543502831535065
Ndst2,-0.08907307884223847,0.7069434229593323
Ndst3,-1.510292101631233,-0.17728945054696155
Ndst4,-0.02498618066350833,-3.777359877980637
Ndufa1,0.6421746026093302,-0.17189647945090236
Ndufa10,0.062455787342564406,-0.4045707397071787
Ndufa11,0.3905757812448396,-0.20165337307376952
Ndufa12,0.5389822223950809,-0.24182283733747134
Ndufa13,0.3077180467057925,0.09381697347663831
Ndufa2,0.5990453425207676,-0.06906280775407048
Ndufa3,0.8198930979288104,0.31408184420663154
Ndufa4,0.7781190865851428,-0.5785041339418395
Ndufa4l2,0.5714068696486221,-0.08291155486472856
Ndufa5,0.4213460427005913,-0.15821245304913845
Ndufa6,0.29689599531421784,0.1725793540130489
Ndufa7,0.5000064714319379,-0.04909660573608399
Ndufa8,0.1697336995118981,0.04651071262051332
Ndufa9,-0.018132287193276753,0.2623438700793024
Ndufab1,0.35659183367489966,0.07164106442735552
Ndufaf1,0.004605801198543702,-0.3130068051931634
Ndufaf2,0.9779048263697021,-0.41220056125532345
Ndufaf3,0.4909054666352688,-0.18437591726234537
Ndufaf4,0.4817381740255158,-0.726999761592177
Ndufaf5,0.9420753777719995,-0.47656926378774767
Ndufaf6,0.9253915703661244,0.37219585636097197
Ndufaf7,-0.011616500981320499,0.15013958130067628
Ndufaf8,0.5591045734038111,0.3265518938428098
Ndufb1-ps,0.7007113837942889,0.08659657864254733
Ndufb10,0.46755434076171376,-0.06762109858982157
Ndufb11,0.5923484761497821,-0.39101354822865986
Ndufb2,0.7024975203912724,-0.22573916164864016
Ndufb3,0.4162017564143774,-0.17789764229549654
Ndufb4,0.5502280997810534,-0.09386171271514598
Ndufb5,0.3196936604216347,-0.22882780452368934
Ndufb6,0.5682156979543986,-0.31856908093157976
Ndufb7,0.45359149978526325,-0.01696158649856727
Ndufb8,0.47087027360260336,-0.14437453631600938
Ndufb9,0.531459283903466,-0.24172305622375312
Ndufc1,0.6122359077526394,-0.09363639405467694
Ndufc2,0.25064638874515843,0.0292116169092953
Ndufs1,-0.1058427188057749,-0.03308860156478488
Ndufs2,-0.04730397019125121,-0.3094467373303722
Ndufs3,0.07140043641056337,-0.026989125685197735
Ndufs4,0.32568655633319565,-0.06657007338015397
Ndufs5,0.49250378484553003,-0.3053594460566966
Ndufs6,0.43813939248771305,-0.18470527454429586
Ndufs7,0.10574224797436571,-0.09593506450514155
Ndufs8,0.09626570161952941,-0.024441849500135504
Ndufv1,0.20598409188809086,-0.4115221757725891
Ndufv2,0.415314930520303,-0.3190569908884058
Ndufv3,0.42404869017458857,-0.03682960071261121
Neb,-0.17857449510967704,-1.2443670679628318
Nebl,-0.018883243105662473,-0.457507992834584
Necab1,-1.2197502307401624,-0.38827899611339944
Necab2,0.5985627434694747,-1.2546453446487362
Necab3,-0.9590438375777994,-0.7538692515400633
Necap1,-0.16312122023447806,-0.490969998773501
Necap2,-0.5439565912566202,1.0316624388854976
Nectin1,0.31084044013151146,-0.7685704082518532
Nectin2,-0.727533636604651,0.9206807217214372
Nectin3,1.6305465013422822,-1.6805267575166116
Nectin4,-0.053827585776289766,0.6434449481672733
Nedd1,-0.3161338384762953,0.05606206179237638
Nedd4,-0.4750871531359344,-0.7111229558652692
Nedd4l,-0.008472381938521067,-0.2573205268668026
Nedd8,0.1736546491710378,0.24157702497365818
Nedd9,-0.28858334625444293,0.08551693029692586
Nefh,0.12235240829066019,-1.7415562204099055
Nefl,-0.050978005633650625,-0.7032719028221948
Nefm,0.28211678311302535,-1.3195639759017652
Negr1,0.022224697351223455,-0.8857385561788096
Neil1,-0.025550651451339057,-0.06116810544778328
Neil2,0.22135825076063487,-0.31087082573602487
Neil3,0.07923231038483891,-0.1724622162623639
Nek1,0.22564478641120544,-0.3051544827988195
Nek10,0.23956468343679047,-1.1163312768897518
Nek11,0.45912178016994876,-1.1437385315874193
Nek2,-1.252514364500481,1.0582528393361823
Nek3,-0.1421308842988056,0.0877026770611673
Nek4,-0.2481300875765058,-0.4394945340438454
Nek5,-1.3423385946969448,-2.7811069327457076
Nek6,-0.3930501563224773,0.9007681013318027
Nek7,-0.44063160099912757,1.234865052181421
Nek8,-0.0714205656043676,0.26196514804857696
Nek9,-0.01078956491202021,0.675396757480133
Nelfa,-0.0761065251654447,-0.1316236865142848
Nelfb,-0.15285627518236033,0.16963462251886874
Nelfcd,-0.15635345643009124,-0.12387662919069697
Nelfe,0.1292978724857221,0.21994477132387225
Nell1,-0.605620694466869,-0.8479148710292179
Nell2,-0.6331279804373535,-0.7120632773592908
Nemf,0.14969416779282163,-0.38391652955211164
Nemp1,-0.08332652814027419,0.21788364521840542
Nemp2,0.28904731105465054,0.2608030962693535
Nenf,0.5201485839473161,0.7588992720616412
Neo1,0.40938600357343,-0.09079680478824059
Nepn,-0.44678382169875286,0.0
Nepro,0.25159469956680347,0.014560802616121471
Nes,0.01413431740233051,1.0627650392697667
Net1,-0.16100891220471247,-0.0937005141676206
Neto1,0.3077977245781236,-0.40419680452727746
Neto2,-0.790916600676467,-1.1666788114219244
Neu1,-0.17263191964745062,0.4974512675941636
Neu2,-0.7417143895053129,-2.9138995044725844
Neu3,0.26010478608142584,0.06222554493993915
Neu4,0.3754544065188601,0.0
Neurl1a,0.20889778721657315,-0.5517520547807706
Neurl1b,-0.29870265151943887,1.4095425639287154
Neurl2,0.22586640372151567,0.4547481140029008
Neurl3,-0.23525996892088763,0.9278317394500899
Neurl4,-0.4014888956039506,-0.31928815886747586
Neurod1,1.2361258250719018,-0.8567610052560841
Neurod2,0.36515818248951337,-0.4196074783252737
Neurod4,0.11952213040284931,-0.753330217875833
Neurod6,-0.8698847411358992,-0.8184246372875998
Neurog1,0.0,0.0
Neurog2,1.450998899728844,-0.2917909665110764
Neurog3,0.0,0.0
Nexmif,-1.6633657917062932,-2.9537916587508346
Nexn,1.4764615530423808,-1.6596303594416346
Nf1,0.09529996632691606,-0.27933384500643754
Nf2,-0.290095904888517,0.11701032202644335
Nfam1,-0.5119802204625294,0.9910909311315965
Nfasc,-0.4569599441625183,-0.7317858165589399
Nfat5,0.3413206048727435,-0.4397173930254379
Nfatc1,-0.2740021658685574,0.8565617989347114
Nfatc2,-0.4047815886207431,0.9263767623474468
Nfatc2ip,0.4322881818045037,-0.6371263415201751
Nfatc3,0.2373529571564994,0.4422058333910801
Nfatc4,1.132051699381893,-1.8977861764344448
Nfe2,-1.0051591025028301,1.5573136225588495
Nfe2l1,-0.21625961555198892,0.15880925751020314
Nfe2l2,-0.17949235069308322,0.7925432292747523
Nfe2l3,-0.46843686436417675,-1.49704682122356
Nfia,-0.36274237485903704,0.3925865626878924
Nfib,0.34436025604044573,-1.0924397399943757
Nfic,0.06764015481192587,0.073345501886811
Nfil3,0.06262282775460193,0.7401437761530572
Nfix,-0.07178226209131289,-0.7404841202989765
Nfkb1,-0.45688167004733415,0.7560453464071486
Nfkb2,-0.3422685030380723,1.3046363125986336
Nfkbia,0.2185085953357344,0.7219207622122124
Nfkbib,-0.16547601287729563,0.29404476801751933
Nfkbid,-0.5738470028982778,0.8714206204613824
Nfkbie,-0.22437080617502048,1.1713319815169996
Nfkbil1,-0.4256538182531582,0.6755908326002933
Nfkbiz,0.1164915519734615,1.0065274565337443
Nfrkb,-0.3315607440772226,-0.035669623233351544
Nfs1,-0.11467319911021079,0.10420901424672557
Nfu1,-0.08646163444576871,0.2090307898581596
Nfx1,-0.30447232916583644,0.13776485214529188
Nfxl1,-0.38561743475612076,1.0774803516488625
Nfya,0.05611434467865006,1.029458945769842
Nfyb,0.036402606338400645,-0.013330777921130021
Nfyc,0.013362910989791033,-0.13243450810946378
Ngb,0.010717486608712967,-4.554649594572533
Ngdn,0.3135546413429129,0.07779063032857181
Ngef,0.06592654028367573,0.6047524031596359
Ngf,1.3590726863358205,-2.715861478855517
Ngfr,-0.8782116118560461,-0.7914478871594417
Ngly1,-0.4250739832781054,0.016247110399463693
Ngp,-0.23690106472386616,-0.7408269036028426
Ngrn,-0.2946666029511533,-0.6715933152611608
Nhej1,0.0859412352931388,0.4287588849814963
Nhlh1,-0.7459382035150846,0.49590862064037666
Nhlh2,-0.7273650514892243,0.4084041973353738
Nhlrc1,0.14452794524691548,0.39129688533571816
Nhlrc2,0.0958195055487554,0.23768767948050318
Nhlrc3,-0.26284049070162396,0.5964552809473318
Nhlrc4,-0.1702797664077642,-2.5227627481042467
Nhp2,0.5128298452488647,0.3362165391403096
Nhs,-1.3611997982035984,-1.3001159290501034
Nhsl1,-0.25403599568294943,-1.8815069865145775
Nhsl2,-0.019529203184672994,-0.2545965199165998
Nicn1,0.0304785775857912,-0.36073851016884007
Nid1,0.3930048617061681,-5.244472265508039
Nid2,-0.5871641584348222,0.37955361573593294
Nif3l1,0.2518687875877017,-0.053484853973200686
Nifk,0.246631146664809,0.06885382681308272
Nim1k,0.6749414003223659,-1.0780459965469795
Nin,0.38244260537153885,-0.8808467986374033
Ninj1,-0.03740039916747406,0.6109012964157685
Ninj2,1.247061628586899,-2.0339616416924997
Ninl,-0.808870930068414,0.6134990339141755
Nip7,0.11984562803012722,-0.03452180022466145
Nipa1,0.5620706006907294,-1.5597024517340197
Nipa2,-0.6244507227072926,1.3408202459731644
Nipal1,0.8135530957020372,-1.5977642676017316
Nipal2,-0.39028588161444944,-0.5656374519717406
Nipal3,0.088671533886437,0.0826664945753457
Nipal4,-0.9321555086922421,-1.0402324425901743
Nipbl,-0.08963551826703231,-0.20209687199170823
Nipsnap1,-0.09886234840355712,-0.2376833220011303
Nipsnap2,-0.2564706043657754,-0.2022600548386393
Nipsnap3a,0.0,0.0
Nipsnap3b,0.042950237083489995,0.6943367578172168
Nisch,-0.3660471843826638,-0.0003288811112405199
Nit1,-0.3431048227958762,0.30248250542380895
Nit2,0.4266742021427028,0.06447576891316587
Nkain1,-0.22915837926285726,-0.7471780297657132
Nkain2,-1.1094850541224206,1.295871608665638
Nkain3,-0.3971314687273324,-1.5399407243129977
Nkain4,-1.382182078175871,-2.8811702041316845
Nkap,-0.2682186439591643,-0.05663785617599615
Nkapd1,0.42123597227209153,-0.09671110273779959
Nkapl,1.6689070308815852,-0.6970622221684142
Nkd1,0.9172867046063189,-1.54129666354374
Nkd2,-0.8640650619184882,1.4180555976389417
Nkg7,0.040753545042369055,-0.013177891339025916
Nkiras1,0.14762744453608967,-0.41976121890811235
Nkiras2,-0.12175204601054013,0.22209597816926774
Nkpd1,-1.165225746519111,-1.896353871697074
Nkrf,-0.9580948784979331,0.2744748666451162
Nktr,0.42187613158534987,-0.01910098537863192
Nkx1-1,0.0,0.0
Nkx1-2,0.0,0.3985688724631767
Nkx2-1,1.4554421375859254,-0.3483544881383765
Nkx2-2,0.0,0.0
Nkx2-3,0.0,0.0
Nkx2-4,0.0,0.0
Nkx2-5,0.0,0.0
Nkx2-6,0.0,0.0
Nkx2-9,0.0,0.0
Nkx3-1,-0.5909917244220362,-1.3193040486197811
Nkx3-2,0.0,0.0
Nkx6-1,0.0,0.0
Nkx6-2,0.1283550079238307,0.052515728057865974
Nkx6-3,0.0,-1.799878570634914
Nle1,0.17597177127117636,-0.5041467281175773
Nlgn1,-0.19708765662033834,-0.6071241580870961
Nlgn2,0.37994080102837735,-0.8212360452099272
Nlgn3,-1.6787050485760098,-0.1601892399834295
Nlk,0.39872709105585,-0.9201145025521704
Nln,-0.23250370596959336,0.7801848346709477
Nlrc3,0.6754378754778685,0.25915708911064783
Nlrc4,-0.08222663975989875,-0.7424651280043735
Nlrc5,0.7990239111282582,0.7255496350094361
Nlrp10,-0.2786872300651584,-0.9531863119619031
Nlrp12,-0.9772409365846142,-0.7042715220203831
Nlrp14,0.0,0.0
Nlrp1a,-0.4878043155625349,0.6641059654080532
Nlrp1b,0.14052867859289098,-0.4153141246981802
Nlrp2,0.0,0.0
Nlrp3,-0.1421292562794232,1.4751986930867051
Nlrp4a,0.0,0.0
Nlrp4b,0.0,0.0
Nlrp4c,0.9182840432372205,-0.2218593794753994
Nlrp4e,0.0,0.0
Nlrp4f,0.1338336895714668,-1.3389013033907766
Nlrp5,0.6200651260325509,-0.2218593794753994
Nlrp6,0.0,-0.5190358266168631
Nlrp9a,0.0,0.0
Nlrp9b,0.0,0.0
Nlrp9c,0.0,0.0
Nlrx1,-0.21752681971477372,0.7755927849491453
Nmb,-0.36629293045624145,-1.218926511146841
Nmbr,-0.22289370382455687,-0.24151667216034944
Nmd3,-0.1948954668351668,0.2540925221916499
Nme1,0.43511284681163964,-0.25696352733486805
Nme2,0.7319732221265713,0.949796446870323
Nme3,0.13751960690789033,0.22573807620069708
Nme4,-0.23748338011102188,0.6998313956179221
Nme5,0.3410533094861341,-0.4374743683697142
Nme6,0.36833227181184114,0.16043041690069337
Nme7,0.048773450459163925,-0.09248045392932713
Nme8,0.0,0.0
Nme9,0.0,0.25555345956664705
Nmi,0.3149266681523173,0.8651095558289263
Nmnat1,0.12941316639400924,-0.19272999373629496
Nmnat2,-0.7866082139996777,-0.5222841593388843
Nmnat3,0.7993469684121681,-0.06978516525668788
Nmral1,0.07690961727230317,0.36337554504763325
Nmrk1,0.39976931200480337,0.10136237918449709
Nmrk2,-0.8534699229912979,-1.5579494057943641
Nms,0.0,0.0
Nmt1,-0.5335977515151438,0.897942124814616
Nmt2,-0.0417039449868426,0.08783821183650176
Nmu,-0.0023773468602866776,-0.7653448745380669
Nmur1,-0.8406761185134314,0.09431205292808609
Nmur2,-1.2066305255773369,-1.7426068345345387
Nnat,0.0032703831242226755,-0.9770175461918704
Nnmt,1.6849142013998377,0.531467084219228
Nnt,-0.45521161447892666,0.8270768124119243
Noa1,0.3420444917975445,0.06272440671282098
Nob1,0.038825404717771406,0.3163461286539917
Nobox,0.0,0.0
Noc2l,0.7189084757166313,-0.46042715239034937
Noc3l,0.03414488424611406,-0.7741447361028042
Noc4l,0.09903727907218851,0.03537987078887461
Noct,-0.2782008869573467,-0.06386804368076682
Nod1,-0.16424817366846156,0.33166908495194747
Nod2,0.3772237384201018,-0.726765774962133
Nodal,0.9704148437761381,-0.7989989260292407
Nog,-0.23732468464195394,-1.2721095121371535
Nol10,-0.5348280805511143,-0.1469929723950214
Nol11,0.02435202908947076,0.004889911895578081
Nol12,0.12985408967321455,0.4696844804216269
Nol3,0.10889771517124558,-0.8663418427631733
Nol4,-1.0132842164738562,-0.7607247232882486
Nol4l,0.1483352733135881,-0.35663051433760984
Nol6,-0.11839754288062032,0.3602648841652467
Nol7,0.5206776753971383,0.0005670670020254676
Nol8,0.1547128177333672,0.7284836685033547
Nol9,0.037931912752053876,0.3296847372147056
Nolc1,-0.022994515424111128,0.3197602094350849
Nom1,-0.8725523907225927,0.23689630778702764
Nomo1,-0.1743031332042122,0.10393964578788051
Nono,-0.2592225079632122,0.18701262120575102
Nop10,0.34572155770745994,0.4404281798976921
Nop14,0.07575058851990413,0.4527382181290456
Nop16,0.23361457925557794,0.3466146026815107
Nop2,-0.0709311175855536,0.4076400422576043
Nop53,0.010148977325803443,0.09833011857041107
Nop56,-0.17994207610653667,0.09938758432557648
Nop58,0.36367909659886344,0.11170763633840686
Nop9,-0.12250157569397047,1.4955836878879207
Nos1,-0.14066846524923093,-1.2223936811015221
Nos1ap,0.1665441743387106,-1.013904293001163
Nos2,0.6132533903770354,-0.02858929044218117
Nos3,0.35026468451711334,-1.1210946323014754
Nosip,0.01498563970524458,0.08251356956579592
Nostrin,-0.35434685236738517,0.2567194647246138
Notch1,0.20140404183727334,0.6221569835968257
Notch2,0.08138877198150674,0.9119669362888594
Notch3,1.0863151329635707,-1.1898016763880968
Notch4,-0.877697392374098,-1.2864830922918804
Noto,-0.7267549037164459,-2.2026761910648998
Notum,0.6807000565064327,-0.251118223875495
Nova1,-0.5499378854286157,-0.05261265681280136
Nova2,0.326195507183054,-0.9390226253977456
Nox1,0.8279429371784857,-0.5877967229773263
Nox3,0.0,0.0
Nox4,0.29521254268237485,-0.29100592426617133
Noxa1,0.0,0.0
Noxo1,0.8526818312577777,-0.13192103858296322
Noxred1,-1.620010376213136,0.36912557441746685
Npas1,-0.04863170107305681,-0.33060631607997326
Npas2,-1.457459125350045,-0.09728236150382674
Npas3,2.1234209376057223,-1.3909647985590539
Npas4,-1.681228323928388,-0.4319887601826542
Npat,-0.9644060021877294,-0.7980726396644382
Npb,-0.9811149371424583,-0.4963537022267263
Npbwr1,0.3678025766408618,0.0
Npc1,-0.07242860391617079,0.27461035770727094
Npc1l1,0.6039022984684665,-1.7265323477465502
Npc2,-0.3655870714068197,1.2801212011292407
Npdc1,0.26082167915844323,-0.693406869116675
Npepl1,-0.4923084717928514,1.1294529477317194
Npepps,0.3830305401795169,-0.6081461508469737
Npff,0.24432536853043008,-1.8316260677813565
Npffr1,1.1711569152475427,-1.1665425310876412
Npffr2,0.0,0.0
Nphp1,-0.06288372226717343,-1.0696895481308513
Nphp3,-1.8145025952262142,-0.8924883029072008
Nphp4,-0.3266254764722767,-0.8483163924661437
Nphs1,-0.2935898987455241,-1.4728064767751898
Nphs2,0.0,-0.9669296372403154
Npl,-0.46689908436981753,1.0253093910243685
Nploc4,0.5300253090803135,-0.7489189190785357
Npm1,-0.0969900879831691,0.42100636127412194
Npm2,-0.5621885421557344,-1.7696985672653285
Npm3,0.1416368850617742,1.486840148018807
Npnt,-1.701190549408052,1.223498795929343
Nppa,-0.4885103945984923,0.7670468385580334
Nppb,-0.36502654516370026,-1.3101278143223716
Nppc,-0.5094265936022984,1.2479683026907438
Npr1,0.05581377409666999,-1.879754846491569
Npr2,-0.4044491317755803,-0.8999830959815842
Npr3,-2.580256026863073,-0.3846653935966282
Nprl2,-0.25231289520760924,-0.047926936344371285
Nprl3,-0.06127682196527928,-0.24332838347834063
Nps,0.0,0.0
Npsr1,0.9945761864466065,-1.5236067415687256
Nptn,0.05509448694721719,0.06906871305869089
Nptx1,-1.1054325296556566,0.33423266165391396
Nptx2,-0.7986165136427772,-0.6637216033579776
Nptxr,-1.4425272876201687,-0.7593493511524496
Npvf,-0.4189253885878238,-1.8307660846316853
Npw,0.0,0.8663528664948856
Npy,-1.8549477486216013,0.2312720623590323
Npy1r,-0.15203526198539752,-1.2832171300255566
Npy2r,0.7121947223436716,-0.7235137641554098
Npy4r,0.2667182082057698,0.0
Npy5r,1.5428160325831546,-1.0821445416322315
Npy6r,-0.8300511103610878,-1.99365699689239
Nqo1,0.50300591486325,-3.7584522774911804
Nqo2,0.12098678197811452,0.36754073024153655
Nr0b1,0.4347513488143803,-0.4427166047663706
Nr0b2,-0.5729711619252438,-0.5047894527735332
Nr1d1,-0.13851374168836728,-0.7139670661571476
Nr1d2,0.07660794104763191,0.3758978550790548
Nr1h2,-0.060955707587211805,0.09043133650971491
Nr1h3,0.7057285428762441,-2.829275184057505
Nr1h4,0.4826011383489792,-1.0106445243691242
Nr1h5,-0.11065439459600018,0.0
Nr1i2,-0.7525809854008654,-0.34915265822807906
Nr1i3,-1.6923904943958996,-1.5626995942941437
Nr2c1,-0.0865891908641565,-0.11536122536920246
Nr2c2,1.049973121027696,-0.43158338663477736
Nr2c2ap,0.2125184772905122,0.7989072645452833
Nr2e1,1.1450019948385775,-0.17614841808664838
Nr2e3,0.01722530027224245,-0.9900144373785622
Nr2f1,0.976341850431611,-0.55931969705901
Nr2f2,-0.14394662760759758,-0.8086160986912274
Nr2f6,1.353729554769978,0.07885810850321207
Nr3c1,0.042110879193486994,0.492361987007655
Nr3c2,1.191390559236046,-1.1176282949004381
Nr4a1,0.12873042458348127,0.10741338958520874
Nr4a2,-0.6104580486741584,0.1279485155644018
Nr4a3,-0.5300102337840475,0.16102669343814568
Nr5a1,0.9472744995918257,0.0
Nr5a2,0.22888442284205604,-1.0272119422980714
Nr6a1,0.7793228749109229,-0.8445539926137418
Nradd,-0.28844992560056415,-0.14541075621151656
Nrap,-0.44765875823839174,1.007568042529809
Nrarp,-1.0106257007652055,-0.7216926330376374
Nras,-0.49035884899259585,0.7703789926619802
Nrbf2,-0.15711735497785106,0.6898153807117495
Nrbp1,-0.3751984380046576,0.16255980054673813
Nrbp2,0.7123950438604414,-1.9529665814704957
Nrcam,-0.883316880258251,-0.5010619857176746
Nrd1,-0.39529190380292967,0.2397230765749221
Nrde2,-0.5324631704706491,-0.05811411161238844
Nrep,-0.6729343399367256,-0.4874907863301061
Nrf1,0.08095971131806934,-0.10560611071981896
Nrg1,0.25376072782914605,-0.9206156598635227
Nrg2,0.7466102905013077,-1.072666422383489
Nrg3,-0.25035112634961365,-1.7569224394207676
Nrg4,-0.19648877612297877,-1.9217942964850563
Nrgn,-0.3643326432435101,0.16925367184879914
Nrip1,0.013893203975101187,-0.46764842484866875
Nrip2,-1.3521330649858232,-0.015474074683439198
Nrip3,-0.78566378212534,-0.7422600453701644
Nrk,0.253268295974331,-0.44656908196376366
Nrl,0.8553910167249015,-0.6547268505797863
Nrm,0.6314455945914439,0.04224855830960017
Nrn1,1.559832257616363,-1.0708062249227055
Nrn1l,0.9195232265770432,-1.149941303738176
Nrp1,-0.2996885336216355,0.919334481901334
Nrp2,-0.9409025896479672,0.715999136046598
Nrros,0.13748570665268822,0.7777377413348372
Nrsn1,-0.503505416191345,-0.3622600386582011
Nrsn2,-0.6237983358304486,-0.4029585843835264
Nrtn,0.7919133356204511,-0.10238163061975536
Nrxn1,-0.24642522546423962,-0.9056433076730492
Nrxn2,0.37617353622987526,-1.5791953953043496
Nrxn3,-0.39473746633915496,-0.6092808520346527
Nsa2,-0.11633492897010633,0.8647071512682274
Nsd1,-0.13064458852064043,0.0892873454869374
Nsd2,0.3061338049498712,-0.6377324090976746
Nsd3,-0.07692451178406401,0.4104191256438714
Nsdhl,-0.26770608946610963,0.18750098153868144
Nsf,-0.19909724602698553,-0.6062337132744702
Nsfl1c,0.004229162780557516,0.0917730278308202
Nsg1,-0.8681650967442636,-0.12062644531504318
Nsg2,-0.8446369722933191,0.0346740996508359
Nsl1,-0.08423198269859,-0.4314680613177524
Nsmaf,-0.3290497547940383,-0.31250336168119475
Nsmce1,0.3983898689219352,0.3396699028397627
Nsmce2,0.4424082350860843,-0.20034197151428046
Nsmce3,0.5941969145965924,0.6615699123376064
Nsmce4a,0.9832963468004356,-1.3777428393070155
Nsmf,-0.46310588652236007,-0.11878389463806727
Nsrp1,0.13327238138747788,0.10948111524969839
Nsun2,0.1398584667193994,1.0233425839483719
Nsun3,0.0955003324003858,0.23258600291821452
Nsun4,0.8305815967842456,-0.19337061899633134
Nsun5,0.229321773563548,0.2667415314221486
Nsun6,-0.24629477548913048,-0.19798230489816504
Nsun7,0.15388008702348976,0.5678290049985453
Nt5c,0.052103400234381425,0.3871775746571391
Nt5c1a,-1.0472586046651005,-1.2714334006961447
Nt5c1b,-0.82545130628735,0.0
Nt5c2,-0.05875450616641231,0.5742578944075731
Nt5c3,0.2569822697455315,0.18608701028965946
Nt5c3b,-0.2743794225507781,-0.22800820152930967
Nt5dc1,0.04820170826413417,0.7659195117789892
Nt5dc2,-0.20623547631879635,-1.30958472462601
Nt5dc3,0.5489749789565508,-0.9997128556549697
Nt5e,0.010812222954466932,-1.0400967139502537
Nt5m,-0.1825937485997926,-0.11972929736600868
Ntan1,0.28081031212350993,0.1083858828666866
Ntf3,-0.1512541348266998,0.08640506218215283
Ntf5,0.9225470968330688,-0.2218593794753994
Nthl1,-0.1763097564372993,-0.8968066255811653
Ntm,-0.4263879847426235,-0.7399910982625801
Ntmt1,0.1454608876277792,0.09964851972914346
Ntn1,1.2294950396408666,-1.3677976657868094
Ntn3,-0.04449471503216973,-0.9155395860115263
Ntn4,1.6358004650497593,-2.1616771407686697
Ntn5,-1.1027860082663485,-0.9252196567391646
Ntng1,0.2076145860485319,-0.9962728095075075
Ntng2,1.6985022145843942,-1.1777643700336622
Ntpcr,-0.6819586456804476,1.4684428097994626
Ntrk1,-0.49205360142639165,0.35123210352938106
Ntrk2,-0.22735281513105932,-0.7418608720637003
Ntrk3,0.025741518934458085,-1.1168939536183853
Nts,0.2667182082057698,0.0
Ntsr1,-0.7389122955639351,-2.542490396941613
Ntsr2,-0.5592891220028741,0.8680290746387083
Nuak1,-0.027183679508638647,0.6909450951827694
Nuak2,-0.24132383270715785,0.5203393522750215
Nub1,-0.09112454540308335,0.3214740130681353
Nubp1,-0.08949088248172288,1.0016003225626111
Nubp2,-0.013582883547323732,0.25679200053235185
Nubpl,0.004348612652895767,-0.005701672454582862
Nucb1,-0.40411819119296943,0.8256981631812028
Nucb2,-0.018040396384062518,0.23497600988244471
Nucks1,0.09540522726793554,0.11802801420569864
Nudc,0.17430916634763705,0.06590747501137528
Nudcd1,0.24947951933750367,0.026428338819938446
Nudcd2,0.20237724760488263,0.3699585959999201
Nudcd3,-0.1889465421715073,-0.16070861950532134
Nudt1,0.4136369260842354,-0.14815149790480397
Nudt10,-0.8793238801246224,-0.47718287109812785
Nudt11,-0.061963518051531885,0.21110051543064845
Nudt12,-0.13913132701908104,-0.32690474510195244
Nudt13,0.03850120782530286,0.4182071475520619
Nudt14,0.1703435026601614,0.27744322194197046
Nudt15,-0.5398372190973149,-0.4847119031518794
Nudt16,-0.25495410856246536,0.32249122015276477
Nudt16l1,-0.1295850080921337,0.39127044467141303
Nudt16l2,0.0,0.0
Nudt17,0.5556120518804244,-0.5567185376925616
Nudt18,0.09855345358019996,0.05629095727471878
Nudt19,-0.0995331117602305,0.06654632802334604
Nudt2,0.5978266535538861,0.06264563814720425
Nudt21,0.1743897379499142,0.14605570788552846
Nudt22,0.11854986368897613,0.14501935990077897
Nudt3,0.40515407115294977,-0.09282156250259277
Nudt4,0.2583037577667362,-0.24558717276106634
Nudt5,0.22570445993511612,0.015055636763081637
Nudt6,0.8553775309199754,1.7107774335953483
Nudt7,0.4229533437434725,0.24683047656420065
Nudt8,0.2777808467421794,-0.3510484872298818
Nudt9,-0.5186166961541687,0.4482109628589086
Nuf2,-0.8069600198760503,0.009564929535237354
Nufip1,-0.13025011225935934,0.1764211725551803
Nufip2,-0.2118679216898247,0.701758245411316
Nuggc,0.3754544065188601,-0.5713360304052288
Numa1,-0.4672666789461868,0.29762850372203964
Numb,-0.3915969081518025,0.6371613764622843
Numbl,-0.6680076113075026,-1.2638978468955937
Nup107,-0.36646937562992576,-0.17035065207914535
Nup133,-0.1890479034475696,0.1715230929786209
Nup153,0.2015879060234127,-0.016347419612600333
Nup155,-0.2949481345295215,-0.13456947776884576
Nup160,-0.41977136863162556,0.22866528966911126
Nup188,-0.486247867321401,-0.25254832253368953
Nup205,-0.26733624744175977,0.17421073501697393
Nup210,-0.6597710717555145,0.3365089427251817
Nup210l,-1.48636636376864,1.7988667114132348
Nup214,0.03179191182025498,0.2080856541035221
Nup35,0.3279147962594138,-0.33406873535232506
Nup37,-0.027317652573366935,0.2921232067582693
Nup43,0.4934989000520371,0.21955695877666326
Nup50,-0.6912492823337022,0.648576382477291
Nup54,-0.3660570648875652,0.040382006514624535
Nup62,-0.007196296930002788,0.4994510097049183
Nup62cl,-1.6912547044170818,-1.6560194470861918
Nup85,0.06197852617057009,-0.016375550737414812
Nup88,-0.24358537345534792,0.2685908387496845
Nup93,-0.4538329132270995,0.15695955334948586
Nup98,-0.1516418392424086,0.5884853935233529
Nupl2,-0.025918903355282907,0.13575862755168444
Nupr1,2.483082563896666,0.47280080408531333
Nupr1l,-0.02708796799814639,-0.115039761214625
Nus1,-0.06347673002289689,-0.02547687419107092
Nusap1,-0.37027759540738714,0.2243602433843499
Nutf2,0.13503983514849338,0.4041613843187317
Nutf2-ps1,0.13728472882719167,0.2914427397778052
Nutm1,-0.7818487234822974,-0.2152727868316063
Nutm2,0.0,0.0
Nvl,0.24416470494025688,0.043008121998799
Nwd1,-0.2726931362624416,0.11283857580229029
Nwd2,-0.712531762588986,-0.05812878834442081
Nxf1,-0.05021201537176623,0.11177293584401582
Nxf2,1.6500415616390185,0.0
Nxf3,0.0,-0.6355754596684677
Nxf7,0.0,-0.2218593794753994
Nxn,2.124125239285462,-2.6080346077570784
Nxnl1,0.18123455956719425,-1.0072029213226994
Nxnl2,0.6035073076151178,-1.4251866081266726
Nxpe2,1.6202477057954903,-1.709885705573197
Nxpe3,-0.35849201651847107,0.31108638279188305
Nxpe4,-0.13672474605241725,-0.8991229420461746
Nxpe5,0.35829812787087256,1.212887409676866
Nxph1,-0.41509569505894994,-1.3649009095759572
Nxph2,-1.3603695320210614,-2.8087104427818854
Nxph3,-0.13465134031042592,-1.7860612158630795
Nxph4,-0.8992164421517792,1.0832313366754498
Nxt1,0.26567526496039306,0.25140194062885435
Nxt2,-0.022599560978376232,0.36971133975005976
Nyap1,-0.6779080123732859,0.5015050133440075
Nyap2,-0.4875288300103495,-0.56608892824298
Nynrin,-0.37715982232797707,-0.3289797713238176
Nyx,-0.03595822292870565,-1.2977425988345663
OR5BS1P,0.4190305448298943,-0.33921311035438073
Oacyl,0.0,-2.0173406026441345
Oaf,1.3745352807106892,-0.26005730962796747
Oard1,0.40356696075980913,-0.37896850266635695
Oas1a,0.570951415242396,1.3549094723943185
Oas1c,0.508375845325677,0.8329401441941622
Oas1d,0.6286768292044441,-0.2723680954862734
Oas1e,-2.93132085456217,-1.7956848004518378
Oas1f,0.0,0.0
Oas1g,0.537420676875227,1.3070679427318126
Oas1h,-0.13929086966982054,0.2517475928686984
Oas2,-0.49720784059954326,0.808937967309431
Oas3,1.1002434808375021,0.862985931741127
Oasl1,0.4897479426536844,1.0808379510538337
Oasl2,0.7326575727251097,0.843770666067547
Oat,0.1715599345072576,-0.2746947394478294
Oaz1,0.1692166980811951,-0.03225103398778373
Oaz2,-0.03278653603515025,-0.23177012472758918
Oaz3,1.1912617032766626,-0.5571859203001583
Obox1,0.0,0.0
Obox2,0.0,0.0
Obox3,0.23452371786357948,0.0
Obox5,0.0,0.0
Obox6,0.484416312911759,-2.426829335465361
Obox7,0.0,0.0
Obox8,0.3941268254299045,-0.0583515854401529
Obp1a,0.0,0.0
Obp1b,0.0,0.0
Obp2a,0.0,0.0
Obp2b,0.0,-0.6521623894425989
Obscn,-3.6708591325333515,-0.7907447006266617
Obsl1,-1.198980971066553,-0.5762112900091338
Oc90,0.2066185831186912,1.2967756409750484
Oca2,0.5176555643406049,-4.261034081021743
Ocel1,-0.7654453560642445,0.38826591026856505
Ociad1,-0.09042383592557357,0.10030775130376668
Ociad2,0.24206366488351172,-1.0117876849387546
Ocln,0.2670738351103292,-0.5421507175398688
Ocm,0.6200651260325509,0.0
Ocrl,0.08138384248529462,-0.5715318640560181
Ocstamp,0.5981081244877187,-0.5190496305707795
Odam,0.0,0.0
Odaph,0.23956468343679047,-0.9192727870487694
Odc1,1.9311246258627506,-2.1773748965063753
Odf1,0.0,0.0
Odf2,0.021399914257306918,-0.11594224226075234
Odf2l,0.33621414590205845,-0.9425290900537284
Odf3,0.0,0.2888082776657329
Odf3b,-0.6503823492232867,-2.34345593649529
Odf3l1,0.0,-0.2152727868316063
Odf3l2,0.0,0.0
Odf4,-1.212808819450459,-0.929209998828326
Odr4,-0.14564246081461363,-0.15241230814685025
Ofcc1,0.7650640814788002,-0.4427166047663706
Ofd1,0.193603854365608,-0.021642765225315053
Oga,-0.2924776754578957,0.18901526488778764
Ogdh,-0.2133687695440436,-0.02695794210708513
Ogdhl,-0.5699353024497373,-0.7688465367716315
Ogfod1,-0.22948284248086104,-0.46244814756621366
Ogfod2,0.17003291787892216,0.1696526449386795
Ogfod3,0.35711535565972063,0.21658973658166758
Ogfr,0.10531747118525026,0.357801294248576
Ogfrl1,0.23712723863454954,-0.27120050421152087
Ogg1,0.4342552444828307,0.14377584711276903
Ogn,2.029307871537415,-0.12340223938643469
Ogt,-0.5804482646841684,-0.34245253570677114
Oip5,-0.22886800553205866,-1.6470045351482772
Oit1,0.0,-0.345790212076149
Oit3,-1.7900983473582306,-4.85076882609464
Ola1,0.1470156581782529,0.07668438108773401
Olah,0.48423157574135567,-0.44656908196376366
Olfm1,1.0166882410905957,-0.6589727483956018
Olfm2,1.1529574386468635,-0.7025677011250266
Olfm3,-2.1659715458883912,1.0920153432155146
Olfm4,-0.09028064109110545,0.4485792330611815
Olfm5,0.6286768292044441,0.0
Olfml1,0.7898264327922284,-2.9489325501335264
Olfml2a,0.24271159934040565,-0.940007982785934
Olfml2b,-0.8561853104346255,0.6500066031448082
Olfml3,0.03503734092508992,1.4012764375897042
Olfr1,0.0,0.0
Olfr10,0.6200651260325509,0.0
Olfr1000,0.0,0.0
Olfr1002,0.0,0.0
Olfr1006,0.0,0.0
Olfr1008,0.0,0.0
Olfr1009,0.0,0.0
Olfr101,-0.17411275837766238,-0.2152727868316063
Olfr1012,0.7743441989629201,-0.1685330672083527
Olfr1013,0.22888442284205604,0.0
Olfr1014,0.0,0.0
Olfr1015,0.0,0.0
Olfr1016,0.0,0.0
Olfr1018,0.0,0.0
Olfr1019,0.0,0.0
Olfr102,0.8769383153288555,-0.7098839624656605
Olfr1020,0.23452371786357948,0.0
Olfr1022,0.0,0.0
Olfr1023,0.8604586558872155,-1.1711982160594618
Olfr1024,0.0,0.0
Olfr1025-ps1,0.0,0.0
Olfr1026,0.0,0.0
Olfr1028,0.7703935554447598,-0.7987625862859709
Olfr1029,-1.9450297039179953,-1.318926572919579
Olfr103,0.0,0.0
Olfr1030,-0.1804129091216946,-1.0249892027756964
Olfr1031,0.0,0.0
Olfr1032,-0.22915837926285726,0.0
Olfr1033,-0.2625964796483302,0.6956850126669467
Olfr1034,0.0,0.0
Olfr1036,0.0,0.0
Olfr1037,0.0,0.0
Olfr1039,0.671658687128625,-0.002858172717957075
Olfr104-ps,0.0,0.0
Olfr1040,0.0,0.0
Olfr1042,0.0,0.0
Olfr1043,0.0,0.0
Olfr1044,0.23956468343679047,0.0
Olfr1045,0.0,0.0
Olfr1046,0.0,0.0
Olfr1047,0.0,0.0
Olfr1048,0.8051350745872381,-0.5151099523467644
Olfr1049,0.0,0.0
Olfr105-ps,1.1299187552737933,-0.19370907979262597
Olfr1051,0.6043388293609161,-1.2492797519432424
Olfr1052,0.0,0.0
Olfr1053,0.0,0.0
Olfr1054,0.0,0.0
Olfr1055,0.0,-0.2218593794753994
Olfr1056,0.0,0.0
Olfr1057,0.3822586798994121,0.0
Olfr1058,0.0,0.0
Olfr106-ps,0.0,0.0
Olfr1061,0.0,0.0
Olfr1062,0.0,0.0
Olfr1065,0.23956468343679047,-0.393300390531273
Olfr1066,0.0,0.0
Olfr107,0.9711150018251873,-0.4761767053805368
Olfr1076,0.0,0.0
Olfr1079,-0.22082010532603893,0.0
Olfr108,0.0,0.0
Olfr1080,0.0,0.0
Olfr1082,0.0,0.0
Olfr1084,0.0,0.0
Olfr1085,0.0,0.0
Olfr1086,0.0,0.0
Olfr1087,0.008064317516017105,-0.2152727868316063
Olfr1089,0.0,0.0
Olfr109,1.029506789162151,0.0
Olfr1090,0.9151057327946318,-0.5497421174582027
Olfr1093,0.0,0.0
Olfr1094,0.0,0.0
Olfr1095,0.0,0.0
Olfr1097,0.2667182082057698,0.0
Olfr1098,0.0,0.0
Olfr1099,0.0,0.0
Olfr11,-0.40240301192858086,-0.19281327828654637
Olfr110,-0.23487167064502756,2.3040897014571136
Olfr1100,0.0,0.0
Olfr1101,0.0,0.0
Olfr1102,0.0,0.0
Olfr1104,0.0,0.0
Olfr1105,0.0,0.0
Olfr1106,0.1848755753103366,-0.6931261946743583
Olfr1107,0.2667182082057698,-0.21283904559181435
Olfr1109,0.0,0.25555345956664705
Olfr111,-2.0661369801275598,-0.1874168190977441
Olfr1110,0.0,0.0
Olfr1111,0.0,0.0
Olfr1112,0.0,0.0
Olfr1113,0.0,0.0
Olfr1115,0.0,0.0
Olfr1116,0.8056261038965662,-1.1338470045128552
Olfr1118,0.23956468343679047,0.0
Olfr112,0.2667182082057698,-0.4427166047663706
Olfr1120,0.6790210248392627,-0.16866928884865562
Olfr1121,0.0,0.0
Olfr1122,0.5003192525133526,0.15214426536680925
Olfr1123,0.9322120777470556,0.0
Olfr1124,0.8254834864723164,-0.11843323765557034
Olfr1126,0.0,0.0
Olfr1128,0.0,0.0
Olfr1129,-0.9128432656854762,0.3985688724631767
Olfr113,-0.8725349343653965,-1.45007283536701
Olfr1130,0.0,0.0
Olfr1131,0.0,-0.35820978814101395
Olfr1132,0.2667182082057698,0.0
Olfr1133,0.0,0.0
Olfr1134,0.0,0.0
Olfr1135,0.0,0.0
Olfr1136,0.0,0.0
Olfr1137,0.0,0.0
Olfr1138,0.23452371786357948,0.0
Olfr114,-0.6241370782583623,0.0
Olfr1140,0.0,0.0
Olfr1141,0.0,0.0
Olfr1143,0.0,0.0
Olfr1145,0.0,0.0
Olfr1148,0.0,0.0
Olfr115,0.0,0.0
Olfr1150-ps1,0.6680918793228714,-0.0940426192074506
Olfr1151,0.0,0.0
Olfr1152,0.6017563740351131,-0.7731526828544943
Olfr1153,0.0,-0.34915265822807906
Olfr1154,0.0,0.0
Olfr1155,0.0,0.0
Olfr1156,0.6943758291286262,-0.614860750647038
Olfr1157,0.0,0.25325806877877893
Olfr1158,0.0,0.0
Olfr116,-0.22915837926285726,0.0
Olfr1160,0.44556372334991146,-0.5325593035026461
Olfr1161,0.0,0.0
Olfr1162,0.0,0.0
Olfr1163,0.0,0.0
Olfr1164,0.0,0.0
Olfr1166,0.0,0.0
Olfr1167,0.35467689947124725,-1.0108092605059902
Olfr1168,0.0,-0.345790212076149
Olfr117,-0.5734602476237759,0.447781958734798
Olfr1170,0.0,0.0
Olfr1173,0.06104659300255566,-0.24697013011734548
Olfr1174-ps,0.3678025766408618,0.0
Olfr1175-ps,0.09722263785229313,-0.31881380627174316
Olfr1176,0.0,0.0
Olfr1177-ps,0.0,0.0
Olfr1178,1.5473370838869998,-0.47374417695573445
Olfr1179,0.0,0.0
Olfr118,0.3725065449307623,-0.4592171249021595
Olfr1180,0.0,0.0
Olfr1181,0.0,0.0
Olfr1183,1.3620134012481966,0.3985688724631767
Olfr1184,0.0,0.0
Olfr1185-ps1,0.0,0.25082299571856037
Olfr1186,0.0,0.0
Olfr1188,0.0,0.0
Olfr1189,0.0,0.0
Olfr119,0.0,0.0
Olfr1191-ps1,0.7730852090278804,-0.9593111664180851
Olfr1192-ps1,0.4455551577157957,-0.45699564319457053
Olfr1193,0.0,0.0
Olfr1195,0.8210768704110525,-0.18647480481795137
Olfr1196,1.157931648001469,0.9452192717961787
Olfr1197,0.0,0.0
Olfr1198,0.24364062569823375,-0.7793581917887664
Olfr1199,0.0,0.0
Olfr12,1.2388209328625814,-0.9076623726403605
Olfr120,0.0,0.0
Olfr1200,0.6023262945044413,-0.953665949194657
Olfr1201,0.0,0.0
Olfr1202,0.4226921666744574,-0.509055092796856
Olfr1204,-0.8898828875433018,-0.39143373615561816
Olfr1205,-0.801970898625015,0.25325806877877893
Olfr1206,0.0,0.0
Olfr1208,0.0,0.0
Olfr1209,1.3524471334586767,-1.2110462279702463
Olfr121,0.0,0.0
Olfr1211,0.0,0.0
Olfr1212,0.0,-0.24431098970421622
Olfr1214,0.23452371786357948,0.0
Olfr1215,0.0,0.0
Olfr1216,0.0,0.0
Olfr1217,0.8085460135118732,-0.985304307664278
Olfr1218,0.23452371786357948,0.0
Olfr1219,-0.3681752925118766,0.0
Olfr122,0.0,0.0
Olfr1220,0.6589158651308065,-0.4434415143563868
Olfr1221,-1.2216280013593077,0.2608081539103315
Olfr1222,0.0,0.0
Olfr1223,0.0,0.0
Olfr1224-ps1,0.0,0.39733753613432565
Olfr1225,0.0,0.25325806877877893
Olfr1226,0.5451598821381745,0.19376095301961005
Olfr1228,0.0,0.0
Olfr1229,0.0,0.0
Olfr123,0.0,0.0
Olfr1230,0.0,0.0
Olfr1231,0.0,0.0
Olfr1232,0.0,0.0
Olfr1233,0.064814472038079,0.6783658857752366
Olfr1234,0.0,0.0
Olfr1238,0.5510650847387222,-0.10737555330752091
Olfr1239,0.0,0.0
Olfr124,0.0,0.0
Olfr1240,0.0,0.0
Olfr1241,0.0,0.0
Olfr1242,0.0,0.0
Olfr1243,0.0,0.0
Olfr1245,0.7224645035762397,-0.3012810836039933
Olfr1246,0.268349745766842,-0.5623271520205365
Olfr1247,0.8994078570727799,-0.6327979823278973
Olfr1248,0.0,0.0
Olfr1249,0.0,0.0
Olfr125,0.0,-0.3886351608734172
Olfr1250,0.5623338926528021,-0.6082053569733317
Olfr1251,0.0,0.0
Olfr1252,0.0,-0.6920304908564305
Olfr1253,0.0,0.0
Olfr1254,2.0293290565774185,-2.1290055950179223
Olfr1255,0.0,0.0
Olfr1256,0.8025992990884827,-0.7481079038880756
Olfr1257,0.0,0.0
Olfr1258,0.0,0.0
Olfr1259,0.0,0.0
Olfr126,0.0,-0.2152727868316063
Olfr1260,0.2956224089011519,-0.019244085565077285
Olfr1261,0.0,0.0
Olfr1262,0.0,0.0
Olfr1263,0.0,0.0
Olfr1264,0.0,0.0
Olfr1265,0.8603024954687939,-0.49166033331565995
Olfr1269,0.4189478723781148,-0.3058326319109135
Olfr127,1.5427346451862496,-1.476929882959692
Olfr1270,0.0,0.0
Olfr1271,1.2189036773382593,-0.5566966349951255
Olfr1272,0.0,0.0
Olfr1274-ps,0.0,0.0
Olfr1275,0.0,0.0
Olfr1276,0.5965006839695741,-0.5659689747385874
Olfr1277,0.8503737687002673,-0.7143456300357931
Olfr1278,-0.546531710192555,0.5817979171121072
Olfr1279,0.23956468343679047,0.0
Olfr128,0.0,0.0
Olfr1280,0.0,0.0
Olfr1281,0.0,0.0
Olfr1282,0.0,0.0
Olfr1283,0.0,0.0
Olfr1284,1.2381173882518555,0.12443013042275153
Olfr1286,0.9716848040711761,0.09091275036743962
Olfr1287,0.0,0.0
Olfr1288,0.0,0.0
Olfr1289,0.22888442284205604,0.0
Olfr129,0.36876273008795213,-0.3936854571902231
Olfr1290,-0.6653872112347861,0.052778660387027665
Olfr1291-ps1,0.0,0.0
Olfr1293-ps,0.0,0.0
Olfr1294,0.0,0.0
Olfr1295,0.0,0.0
Olfr1297,0.3678025766408618,-0.24431098970421622
Olfr1298,0.0,0.0
Olfr1299,0.0,0.0
Olfr13,0.0,0.0
Olfr130,0.23452371786357948,0.0
Olfr1301,0.0,0.0
Olfr1302,0.0,0.0
Olfr1303,1.3057876615569444,-0.7482301911205232
Olfr1305,0.9151914249998188,0.19117997270588383
Olfr1306,0.0,0.0
Olfr1307,0.5949351279170063,-0.7705394723482684
Olfr1308,0.0,0.0
Olfr1309,0.6200651260325509,-0.2152727868316063
Olfr131,0.0,0.0
Olfr1310,0.8926130686764306,-0.5905584460162503
Olfr1311,0.22888442284205604,0.0
Olfr1312,0.5640786655217327,-0.7545325680749118
Olfr1313,0.0,0.0
Olfr1314,0.0,0.0
Olfr1315-ps1,0.0,0.0
Olfr1316,0.0,0.0
Olfr1317,0.0,0.0
Olfr1318,1.6513793449860432,-1.021051631509265
Olfr132,0.0,0.0
Olfr1320,0.0,0.0
Olfr1321,0.0,-0.35820978814101395
Olfr1322,0.5149528367235419,0.07458884927673481
Olfr1323,0.0,0.0
Olfr1324,0.0,0.0
Olfr1325,-0.23690106472386616,0.25082299571856037
Olfr1326-ps1,0.0,0.0
Olfr1328,0.31791990142843307,-0.6239191064019209
Olfr1329,0.0,0.0
Olfr133,0.0035911953108149763,-0.537701525458447
Olfr1330,1.4707858300057772,-0.7078525533464868
Olfr1331,0.6415996334217448,-0.2218593794753994
Olfr1333,0.0,0.0
Olfr1335,0.0,0.0
Olfr1336,0.6918594726296554,-0.5360124141037179
Olfr1337,0.0,0.0
Olfr1338,0.0,0.0
Olfr1339,0.0,0.0
Olfr134,0.0,0.0
Olfr1340,0.0,-0.6400851675862522
Olfr1341,0.44103992230708056,-0.21283904559181435
Olfr1342,0.0,0.0
Olfr1344,0.6046762714429167,2.0991830034242307
Olfr1346,0.4400062060427481,-0.9047717518249141
Olfr1347,0.0,0.0
Olfr1348,0.0,0.0
Olfr1349,-0.15545330612510266,0.25555345956664705
Olfr135,0.0,0.0
Olfr1350,0.0,0.0
Olfr1351,-0.5677880694100073,-0.5518876742609182
Olfr1352,0.0,0.0
Olfr1353,0.0,0.0
Olfr1354,0.0,0.0
Olfr1355,0.0,0.0
Olfr1356,1.1744088541233215,-0.3013725317187044
Olfr1357,0.0,0.0
Olfr1358,0.0,0.0
Olfr1359,0.0,0.0
Olfr136,0.4678442022770503,0.0
Olfr1360,0.0,0.0
Olfr1361,0.0,0.0
Olfr1362,0.0,0.0
Olfr1364,0.0,0.5817979171121072
Olfr1366,-1.8418536881372347,0.13409323030265574
Olfr1367,0.0,0.0
Olfr1368,0.0,0.0
Olfr1369-ps1,0.38808852316895814,-1.3426622615814603
Olfr137,0.0,0.0
Olfr1370,0.0,0.0
Olfr1371,0.0,0.0
Olfr1373,0.0,-0.7408269036028426
Olfr1375,0.0,0.0
Olfr1377,0.9362503546887699,0.0
Olfr1378,1.250219925219113,0.6491485934556814
Olfr138,0.0,0.0
Olfr1380,-1.2871429042094336,-1.1804342220587394
Olfr1381,0.7634735461229063,-0.5741605853833667
Olfr1382,0.0,-1.2194942404986069
Olfr1383,0.4678442022770503,0.0
Olfr1384,0.0,0.0
Olfr1385,0.8548193186804234,-0.8816552404012761
Olfr1386,0.23956468343679047,0.0
Olfr1387,0.0,0.0
Olfr1388,0.04845017210257563,-0.7244773078891678
Olfr1389,0.0,-0.2218593794753994
Olfr139,0.0,0.0
Olfr1390,0.0,0.0
Olfr1391,0.0,0.0
Olfr1392,-0.6790833121532239,-1.2394834073734913
Olfr1393,0.867502667055437,-1.7188570112154051
Olfr1394,0.0,0.0
Olfr1395,0.0,0.0
Olfr1396,0.0,0.0
Olfr140,0.0,0.0
Olfr1402,0.0,0.0
Olfr1404,0.3822586798994121,0.0
Olfr1406,0.0,0.0
Olfr1408,0.0,0.0
Olfr141,0.0,0.0
Olfr1410,0.0,0.0
Olfr1411,0.0,0.0
Olfr1412,0.0,0.0
Olfr1413,0.0,0.0
Olfr1414,-0.4577211700499051,-0.7282243797812842
Olfr1415,0.38965918416076817,-1.5636456104116605
Olfr1416,0.8920202466921925,-0.6241373633753016
Olfr1417,3.2236522724248076,-2.316702942627015
Olfr1418,1.4437298779078693,0.0
Olfr1419,0.5411567177312762,-0.5935513261951559
Olfr142,0.0,0.0
Olfr1420,-0.5234226061380082,0.3831664380379013
Olfr1423,1.5474906825171342,-0.2738898407425232
Olfr1424,0.0,-0.2218593794753994
Olfr1425,0.0,0.0
Olfr1426,0.48423157574135567,0.0
Olfr1427,-0.8149591142106294,0.0
Olfr1428,0.0,0.0
Olfr143,0.0,0.0
Olfr1431,0.0,0.0
Olfr1432,0.0,-0.2218593794753994
Olfr1434,0.0,0.0
Olfr1436,0.0,0.0
Olfr1437,0.3512000066274501,-0.12739481260741492
Olfr1438-ps1,0.4634081407056355,0.09245768886108086
Olfr1440,0.7139029097147138,-0.8590022861394702
Olfr1441,0.0,0.25082299571856037
Olfr1442,0.0,0.0
Olfr1443,0.0,0.0
Olfr1444,1.196176983885985,-0.5819922927158527
Olfr1445,0.0,0.0
Olfr1446,0.0,0.0
Olfr1447,0.0,0.0
Olfr1448,0.0,0.0
Olfr1449,0.0,0.0
Olfr145,-0.23690106472386616,0.0
Olfr1450,0.0,0.0
Olfr1451,0.0,0.0
Olfr1453,0.0,0.0
Olfr1454,-0.4731320099607855,0.25325806877877893
Olfr1457,0.0,0.0
Olfr1458,0.0,0.0
Olfr1459,0.6866488759302811,-0.7045723646481461
Olfr146,0.0,0.0
Olfr1461,0.6736887395787278,0.0
Olfr1462,0.0,0.0
Olfr1463,-0.3567848041086102,0.0
Olfr1465,0.0,0.0
Olfr1466,0.0,0.0
Olfr1467,0.0,0.0
Olfr1469,-0.22915837926285726,0.0
Olfr147,0.3153055027368161,-0.9251979759411388
Olfr1471,1.2083067748561584,-1.594732671164463
Olfr1472,0.0,0.0
Olfr1474,0.3754544065188601,0.0
Olfr1475,0.0,0.0
Olfr1477,0.0,0.0
Olfr148,0.0,0.0
Olfr1480,0.0,0.0
Olfr1484,0.4678442022770503,0.0
Olfr1487,-0.22082010532603893,-0.2672882337481647
Olfr1489,0.5962193609578046,-0.6368894492361399
Olfr149,0.057684928951829306,-0.8459277599557877
Olfr1490,0.0,-0.2218593794753994
Olfr1491,0.0,0.0
Olfr1493-ps1,0.0,0.0
Olfr1494,0.0,0.0
Olfr1495,0.0,0.0
Olfr1496,0.0,0.0
Olfr1497,0.0,0.0
Olfr1499,0.0,0.0
Olfr15,0.0,0.0
Olfr150,0.0,0.0
Olfr1500,0.0,0.0
Olfr1501,0.0,0.25555345956664705
Olfr1502,-0.22915837926285726,0.0
Olfr1504,0.0,0.0
Olfr1505,-0.020250975908389535,-1.848921065348519
Olfr1506,0.0,0.0
Olfr1507,0.0,0.0
Olfr1508,0.22650707598176936,-1.0422269178216967
Olfr1509,0.0,0.0
Olfr1510,0.0,0.0
Olfr1511,0.0,0.0
Olfr1512,0.0,0.0
Olfr1513,0.6068713985257126,-0.2218593794753994
Olfr152,0.0,0.0
Olfr153,0.0,0.0
Olfr1532-ps1,0.0,0.0
Olfr1535,0.13724856277760866,-0.6680951678178427
Olfr1537,1.031481651473114,-0.8850322903267502
Olfr154,0.0,0.0
Olfr155,0.0,0.0
Olfr1555-ps1,0.5622774690165606,0.1696696821579362
Olfr156,-1.3530078170484212,-0.21283904559181435
Olfr1564,2.9309804452284247,-1.119350269938925
Olfr1565,0.1473302176173341,-0.4497384235536268
Olfr157,0.5553908421441962,0.0
Olfr159,0.0,0.0
Olfr16,0.5553908421441962,0.0
Olfr160,0.0,0.0
Olfr161,0.43404854375740776,-0.23419278464726379
Olfr164,0.0,0.0
Olfr165,0.6150190899556506,0.25082299571856037
Olfr166,0.7300411892566994,0.0
Olfr167,-0.4525741112948378,0.0
Olfr168,0.0,0.0
Olfr169,0.0,0.0
Olfr17,0.0,0.0
Olfr170,0.0,0.0
Olfr171,0.0,0.0
Olfr172,0.0,0.0
Olfr173,0.952866142954661,0.07085271419865746
Olfr175-ps1,0.0,0.0
Olfr177,1.190980012506615,-0.6498877895532065
Olfr178,0.0,0.0
Olfr18,0.0,0.0
Olfr180,0.0,0.0
Olfr181,0.0,0.0
Olfr183,0.0,0.0
Olfr186,0.0,0.0
Olfr187,0.0,0.0
Olfr19,0.0,0.0
Olfr190,0.38198472347861084,-0.5231910912048338
Olfr191,0.0,0.0
Olfr193,0.0,0.0
Olfr194,0.0,0.0
Olfr195,0.0,0.0
Olfr196,0.0,0.0
Olfr198,0.0,0.0
Olfr199,0.0,0.0
Olfr2,0.4647141783566653,-0.45591756973270003
Olfr20,-0.38904248386165685,0.04712941292128803
Olfr201,0.0,0.0
Olfr202,0.0,0.0
Olfr203,0.0,0.0
Olfr204,0.9552643589216991,-0.7409759302333665
Olfr205,0.0,0.0
Olfr206,0.0,0.0
Olfr209,0.0,0.0
Olfr211,0.0,0.0
Olfr212,0.6196924101615362,0.0
Olfr213,0.0,0.0
Olfr214,0.0,0.0
Olfr215,-0.9815777705001731,0.0
Olfr218,0.0,0.0
Olfr220,0.0,0.0
Olfr221,1.19030870585329,0.0
Olfr222,0.0,0.0
Olfr223,0.0,-0.24431098970421622
Olfr224,0.47572822028583,-0.09370924949980419
Olfr228,0.0,0.0
Olfr229,0.0,0.0
Olfr23,-0.23690106472386616,-0.21283904559181435
Olfr231,0.0,0.0
Olfr235,0.0,0.0
Olfr237-ps1,0.0,0.0
Olfr239,0.008064317516017105,0.0
Olfr24,0.0,0.0
Olfr243,0.4684491062788465,-0.4571500352960306
Olfr247,0.0,0.0
Olfr248,0.0,0.0
Olfr25,0.0,0.0
Olfr250,0.6783262824028999,-0.8600095983199121
Olfr251,0.33919090028642396,0.9116888363326598
Olfr259,0.0,0.0
Olfr26,0.0,0.0
Olfr262,0.0,0.0
Olfr263,0.0,0.0
Olfr266,0.0,0.0
Olfr267,0.5636374491960636,-0.9535367625398243
Olfr27,0.0,0.0
Olfr270,0.0,0.0
Olfr272,0.0,0.0
Olfr273,0.0,0.0
Olfr275,0.0,0.0
Olfr279,1.302433894215358,-0.7119295582270162
Olfr281,0.0,0.0
Olfr282,0.0,0.0
Olfr283,0.9569925428791016,0.0
Olfr284,-0.6870978291584173,0.0
Olfr285,0.15050390410737324,-0.6051984221138129
Olfr286,0.7014456985972686,-0.9198341221953585
Olfr287,0.0,-0.2152727868316063
Olfr288,0.0,0.0
Olfr290,0.0,0.0
Olfr291,0.0,0.0
Olfr292,0.0,0.0
Olfr293,0.0,0.0
Olfr294,0.0,0.0
Olfr295,0.0,0.0
Olfr297,0.6200651260325509,0.0
Olfr298,0.0,-0.2152727868316063
Olfr299,0.0,0.0
Olfr3,0.0,0.0
Olfr30,0.6456324477091488,-1.340660422132949
Olfr301,0.0,0.0
Olfr303,0.0,0.0
Olfr304,1.1259669025104488,0.0
Olfr305,0.18146262169681673,-0.7204028249535457
Olfr307,0.7737155555556836,-0.21283904559181435
Olfr308,0.0,0.0
Olfr309,0.0,0.0
Olfr31,0.5099808751028805,-0.5365007318911363
Olfr310,0.0,0.0
Olfr311,0.0,0.0
Olfr312,-0.6098674764885388,-0.5863532064420514
Olfr313,0.0,0.0
Olfr314,0.5553908421441962,0.0
Olfr315,0.0,0.0
Olfr316,0.0,0.0
Olfr317,0.0,0.0
Olfr318,0.5518802037371628,-0.652035997597503
Olfr319,0.0,0.0
Olfr32,0.0,0.0
Olfr320,0.0,0.0
Olfr322,0.0,-0.24431098970421622
Olfr323,0.0,0.0
Olfr324,-0.4673763263503474,-1.3921773992550932
Olfr325,0.0,0.0
Olfr328,0.2905929086896144,-0.9294652655628868
Olfr329-ps,0.2667182082057698,0.0
Olfr33,0.7737155555556836,0.0
Olfr330,0.0,0.0
Olfr331,0.0,0.0
Olfr332,0.3822586798994121,0.0
Olfr338,0.8913509183051298,-0.5042964405925883
Olfr339,0.0,0.0
Olfr340,0.0,0.0
Olfr341,0.23452371786357948,0.0
Olfr342,0.7737155555556836,0.0
Olfr344,0.690707840915536,-0.652755334176808
Olfr345,0.0,0.0
Olfr346,0.0,0.0
Olfr347,0.0,0.0
Olfr348,0.0,0.0
Olfr350,0.0,0.0
Olfr351,0.5402029888679358,-0.38296577960509026
Olfr352,0.0,0.0
Olfr353,0.0,0.0
Olfr354,0.5582846950057352,-0.5555605905204279
Olfr355,0.0,-0.21283904559181435
Olfr356,0.0,0.0
Olfr357,0.0,0.0
Olfr358,0.0,-0.760563251677499
Olfr360,0.0,0.0
Olfr361,1.0580400712135414,-1.1591052565530173
Olfr362,0.5636374491960636,0.0
Olfr364-ps1,0.0,0.39733753613432565
Olfr365,0.7691897463150639,-0.7726584484001666
Olfr366,0.3780214616224089,-0.8534827416865767
Olfr368,0.0,-0.4914324764285688
Olfr370,0.32525693647615483,-0.5471572104128315
Olfr371,0.0,0.0
Olfr372,0.3636367608198321,-0.2899227609949495
Olfr373,0.1700477838687351,-0.32477204713052554
Olfr374,0.25281359916502755,-0.042609974263268846
Olfr376,0.0,0.0
Olfr378,0.0,0.0
Olfr38,0.0,0.0
Olfr380,0.0,0.0
Olfr381,-0.5923818543549288,-0.35335377464652784
Olfr382,0.0,0.0
Olfr384,0.0,0.0
Olfr385,0.0,0.0
Olfr389,0.0,0.0
Olfr39,0.5054040312199628,-0.4569204579033296
Olfr390,-0.22915837926285726,0.0
Olfr391-ps,0.0,0.9352965913605715
Olfr392,0.3748982703232775,-0.7332072048911193
Olfr393,0.7765891218568983,-0.36180663781755484
Olfr394,0.7301263489114053,-1.3031624738481942
Olfr395,0.0,0.0
Olfr397,0.0,0.0
Olfr398,1.0037489057830467,-0.4839213099620876
Olfr399,0.0,-0.3886351608734172
Olfr401,0.0,0.0
Olfr402,0.0,0.0
Olfr403,0.22888442284205604,0.25325806877877893
Olfr406,-0.2154087266458899,0.0
Olfr410,0.0,0.0
Olfr411,0.0,0.0
Olfr412,-0.22082010532603893,0.0
Olfr414,0.3479647038936209,-0.15213752185907925
Olfr417,0.0,0.0
Olfr418,0.35540991823506146,-0.6400851675862522
Olfr419,0.0,0.0
Olfr420,-0.46213745862051114,-0.3655679235899676
Olfr424,0.0,-0.4914324764285688
Olfr427,0.0,-0.44656908196376366
Olfr429,0.0,0.0
Olfr43,0.0,0.0
Olfr430,0.0,0.0
Olfr432,0.9692096197336895,-0.024111806255389556
Olfr433,-0.09791008957492126,-0.6166217889606634
Olfr434,0.0,0.0
Olfr435,0.0,0.0
Olfr437,0.0,0.0
Olfr44,0.0,0.0
Olfr441,0.0,0.0
Olfr444,0.0,0.0
Olfr446,-0.5683315866155243,-0.7874029666144977
Olfr447,0.0,0.0
Olfr448,0.0,0.0
Olfr449,0.0,0.0
Olfr45,0.5215014843617487,-0.3910081393966509
Olfr450,0.0,-0.44656908196376366
Olfr452,0.0,0.0
Olfr453,0.0,0.0
Olfr455,0.0,0.0
Olfr456,0.0,0.2583072345202872
Olfr457,-0.9793731420923641,0.631509127762863
Olfr458,0.3678025766408618,-1.3010156478284025
Olfr459,-0.061805083053650456,-0.41640762413596866
Olfr46,0.7838188013398479,-0.8586198478229701
Olfr460,0.12718898942629098,0.0
Olfr461,-0.5946028721934926,-1.0896284847197926
Olfr462,0.0,0.0
Olfr463,0.0,0.0
Olfr464,0.0,0.0
Olfr465-ps1,-0.23690106472386616,0.035550208886954066
Olfr466,0.31491640636085183,-0.09241163809004949
Olfr467,0.0,0.0
Olfr469,0.0,0.0
Olfr47,0.0,0.0
Olfr470,0.0,0.0
Olfr472,0.28679176718269694,-0.5762319759193897
Olfr473,0.0,0.0
Olfr474,0.0,0.0
Olfr476,0.0,0.0
Olfr477,0.26026307343131805,-0.5341237218196635
Olfr478,0.0,0.0
Olfr479,0.3754544065188601,0.0
Olfr48,0.0,0.0
Olfr480,0.0,0.0
Olfr481,0.0,0.0
Olfr482,0.6337549677425225,-0.11059887060937235
Olfr483,0.0,0.0
Olfr484,0.013475696196166148,0.5050056616474774
Olfr485,0.0,0.0
Olfr486,0.0,0.0
Olfr487,-0.3178950018861899,1.3733177397177834
Olfr488,0.0,-0.7408269036028426
Olfr49,-0.037142525300827955,-0.08516459805051291
Olfr490,0.0,0.0
Olfr491,0.0,0.0
Olfr492,0.0,0.0
Olfr493,0.0,0.0
Olfr494,0.0,0.0
Olfr495,0.0,0.0
Olfr497,0.0,-0.24431098970421622
Olfr498,0.0,0.0
Olfr5,-0.22082010532603893,0.0
Olfr50,0.0,0.0
Olfr502,0.0,0.0
Olfr503,0.0,0.0
Olfr504,0.0,0.0
Olfr506,0.4092159836318743,-1.7202588039426676
Olfr507,0.0,0.0
Olfr508,0.0,0.0
Olfr509,0.6816291975157327,-0.750388355300962
Olfr51,0.0,-0.24431098970421622
Olfr510,0.7500612565402739,-0.5847571118945478
Olfr512,0.0,0.0
Olfr513,0.0,0.0
Olfr514,0.0,0.0
Olfr516,0.0,0.0
Olfr517,0.0,0.0
Olfr518,0.0,0.0
Olfr519,0.0,0.0
Olfr52,0.8303346208823819,-0.28581857649964615
Olfr520,0.0,0.0
Olfr521,-0.8408002030083648,0.0
Olfr522,0.0,0.0
Olfr523,0.0,0.0
Olfr524,1.022509638158573,0.0
Olfr525,0.6784257914209686,-1.400868624154497
Olfr527,0.0,0.0
Olfr53,0.0,0.0
Olfr530,0.6286768292044441,0.0
Olfr531,0.0,0.0
Olfr532,0.3678025766408618,0.0
Olfr533,0.0,0.0
Olfr535,0.22888442284205604,-0.2218593794753994
Olfr536,0.0,-0.6868404649911545
Olfr538,0.0,0.0
Olfr539,0.8901507487226201,-0.9329483980062783
Olfr54,0.7700213952352397,-0.5703871239955992
Olfr541,0.0,0.0
Olfr543,-0.07268622792847568,-2.88536463993977
Olfr544,0.17625147634229033,-0.7190637831586
Olfr545,-1.416465866441603,-1.6944012581493693
Olfr547,0.0,0.0
Olfr548-ps1,0.0,0.0
Olfr549,0.0,0.0
Olfr55,0.9042229836084203,-1.2322593800314114
Olfr550,0.0,0.0
Olfr551,0.0,0.0
Olfr552,0.6943880100738822,-0.9040171988133352
Olfr553,0.0,0.0
Olfr554,0.0,0.0
Olfr555,0.0,0.0
Olfr556,0.3754544065188601,-0.5819922927158527
Olfr557,0.0,0.0
Olfr558,2.4049715139487513,-0.2548924019003347
Olfr559,0.0,0.0
Olfr56,-0.3493402176101932,1.2716554716011221
Olfr560,0.0,-0.8133134886626401
Olfr561,0.0,0.0
Olfr564,0.0,-0.21283904559181435
Olfr566,0.0,0.0
Olfr568,0.0,0.0
Olfr569,-0.22915837926285726,0.7544918592903811
Olfr57,1.07632443394199,0.31381207172905223
Olfr570,0.0,0.0
Olfr571,0.42351423803278987,-0.6451354359027652
Olfr572,0.0,0.0
Olfr573-ps1,0.0,0.25555345956664705
Olfr574,0.0,0.0
Olfr575,0.7772270647971213,-0.9098686989412268
Olfr576,0.0,0.0
Olfr577,0.0,0.0
Olfr578,0.0,0.0
Olfr58,1.0680044635912938,0.0
Olfr582,0.0,0.0
Olfr583,0.2667182082057698,0.0
Olfr584,0.0,0.0
Olfr585,0.0,0.0
Olfr586,1.1506698070919081,-1.053790353623325
Olfr588-ps1,-0.3493402176101932,0.0
Olfr589,-0.3786674845885971,0.0
Olfr59,0.0,0.0
Olfr591,0.0,0.0
Olfr592,0.0,0.0
Olfr593,0.0,0.0
Olfr594,-0.6790833121532239,0.0
Olfr596,-0.28182729313775845,-0.19242003651724426
Olfr597,0.0,0.0
Olfr598,0.0,0.0
Olfr599,0.0,0.0
Olfr6,0.23956468343679047,-0.2152727868316063
Olfr60,0.0,-0.21283904559181435
Olfr600,0.12404338500037149,0.08138913187197794
Olfr601,0.0,0.0
Olfr603,-0.5865961063965863,0.0
Olfr605,-0.3681752925118766,0.0
Olfr606,0.0,0.0
Olfr607,0.5566328574546713,-0.6010579073791176
Olfr608,0.0,0.0
Olfr609,0.0,-0.2152727868316063
Olfr61,0.0,0.0
Olfr610,0.0,0.0
Olfr611,0.0,0.0
Olfr612,0.0,0.0
Olfr613,0.8310878776301962,-0.706718661125346
Olfr615,0.0,0.0
Olfr616,0.0,0.0
Olfr617,0.0,0.0
Olfr618,0.0,0.0
Olfr619,0.0,0.0
Olfr62,-0.22915837926285726,0.0
Olfr620,0.8594120258394145,-0.18538457343830728
Olfr622,0.0,-0.44656908196376366
Olfr623,0.0,0.0
Olfr624,0.30338263430986423,-0.3453284883773833
Olfr625-ps1,0.0,0.0
Olfr628,-0.23690106472386616,-0.2218593794753994
Olfr629,0.0,0.0
Olfr63,0.6126378058067248,-0.281102879459322
Olfr630,0.0,0.0
Olfr631,0.0,0.0
Olfr632,0.0,0.0
Olfr633,0.38402180539752956,-0.3967131431200412
Olfr635,0.5786248180058049,-0.32257613967347787
Olfr638,0.0,0.7074061029616647
Olfr639,0.5826484376358234,-0.7372754802549917
Olfr64,0.22888442284205604,0.0
Olfr640,0.0,0.0
Olfr641,0.0,0.0
Olfr642,0.0,0.0
Olfr644,0.0,0.0
Olfr645,-0.7426758902906976,-0.9330691336594819
Olfr646,0.5103401462575516,-0.8048768931963186
Olfr648,-0.1977485347720478,-0.3076741545088062
Olfr649,0.0,0.0
Olfr65,0.0,0.0
Olfr651,0.0,0.0
Olfr652,-0.582747295416594,0.4440859263672831
Olfr653,1.3564877232245625,0.0
Olfr654,1.0392440882882084,-0.35820978814101395
Olfr655,1.668894153727765,-0.07479207931859655
Olfr656,0.8596462585341875,-0.035277758503716505
Olfr657,-0.3786674845885971,0.0
Olfr658,-1.2484489860694319,0.20851938664829328
Olfr659,0.0,0.0
Olfr66,-0.3786674845885971,-0.34926270906645124
Olfr661,0.0,0.25325806877877893
Olfr665,0.0,0.0
Olfr666,0.0,0.0
Olfr667,0.8492702877018292,-0.9161835892937917
Olfr668,0.0,0.0
Olfr669,0.0,0.0
Olfr67,0.0,0.0
Olfr670,0.0,0.0
Olfr671,-0.5431515426237115,-0.3195031293132582
Olfr672,0.0,0.0
Olfr675,0.5651920330198834,0.23989068764817034
Olfr676,0.694718442635156,-0.3930407812821004
Olfr677,0.0,0.0
Olfr678,0.2667182082057698,0.0
Olfr679,-0.3681752925118766,0.0
Olfr68,0.0,-0.21283904559181435
Olfr680-ps1,0.0,0.0
Olfr681,0.0,0.0
Olfr683,0.0,0.0
Olfr684,0.0,0.0
Olfr685,0.0,0.0
Olfr686,0.0,0.0
Olfr688,0.0,0.0
Olfr689,1.4853691073332818,-1.1192076587924398
Olfr69,0.0,0.0
Olfr690,0.0,0.0
Olfr691,0.9937150128361744,-1.254721911182268
Olfr692,0.0,0.0
Olfr693,0.0,0.0
Olfr694,0.0,0.0
Olfr695,0.8522933567410167,-2.6120038292229975
Olfr697,0.0,0.0
Olfr698,0.0,0.0
Olfr699,0.6561339098767371,-0.361866364267708
Olfr70,0.0,-0.6822181036319194
Olfr700,0.0,0.0
Olfr701,0.0,0.0
Olfr702,0.0,0.0
Olfr703,0.0,0.0
Olfr704,0.683760325373641,0.0
Olfr705,0.0,0.0
Olfr706,0.0,0.0
Olfr707,0.0,0.0
Olfr709-ps1,0.6947453120387568,-0.22716378387333425
Olfr71,0.6176901514697342,-0.8415490920203208
Olfr710,0.0,0.0
Olfr711,0.0,0.0
Olfr713,0.4901724033994945,-0.9462632889679337
Olfr714,0.32196410092934924,0.1728469230352152
Olfr715,0.8154652752990135,-0.3529097658778575
Olfr715b,0.6760109598848878,-0.8507885912526927
Olfr716,0.7200728376528307,-1.4853969286882518
Olfr718-ps1,0.6998088657334822,-0.17562739972476482
Olfr720,0.23452371786357948,0.0
Olfr721-ps1,0.0,0.0
Olfr722,0.0,0.0
Olfr723,0.0,0.0
Olfr724,0.0,0.0
Olfr725,0.0,0.0
Olfr726,0.0,0.0
Olfr727,0.35802090716438906,0.36382152024891995
Olfr728,0.22888442284205604,0.0
Olfr729,0.0,0.0
Olfr73,1.1950347710573084,0.6215097490567234
Olfr730,0.0,0.0
Olfr731,0.9556496473858997,-0.7270954896067048
Olfr732,0.0,0.0
Olfr733,0.0,0.0
Olfr734,0.6806168230022376,-0.2116592207155903
Olfr735,0.735433356201586,-0.29819030142911185
Olfr736,0.5851477994688101,-0.21056137692780552
Olfr738,0.0,0.0
Olfr739,0.0,0.0
Olfr74,0.0,0.0
Olfr740,0.7962949005639883,-0.798352412272636
Olfr741,0.0,0.0
Olfr742,0.024109916711473722,-1.0161991797389909
Olfr743,0.0,0.0
Olfr744,0.0,0.0
Olfr745,0.3754544065188601,-0.34915265822807906
Olfr746,0.0,0.0
Olfr747,0.0,0.0
Olfr748,-0.3567848041086102,0.25555345956664705
Olfr749,0.0,0.0
Olfr750,-1.2596393019340868,-0.5273275841680144
Olfr76,0.0,0.0
Olfr761,0.0,0.0
Olfr763,0.0,0.0
Olfr764-ps1,0.0,0.0
Olfr765,0.0,0.0
Olfr766-ps1,0.0,0.0
Olfr767,0.8194454709168957,-0.6497258365041549
Olfr768,0.0,0.0
Olfr769,0.4906784563330442,-0.7062619941613324
Olfr77,0.23347386076765098,0.3611767679008082
Olfr770,1.022509638158573,0.0
Olfr771,0.0,0.0
Olfr772,0.13864419737800454,0.0
Olfr773,-0.7545535838158223,0.0
Olfr774,0.4679497274196054,-0.30550408552134445
Olfr775,1.1909657200226844,-0.6942749918145328
Olfr776,0.0,0.0
Olfr777,0.0,0.0
Olfr78,-2.341920899729448,-1.6185522309571088
Olfr780,0.0,0.0
Olfr781,0.0,0.0
Olfr782,0.0,0.0
Olfr784,-0.3258174573946313,-0.1996577503804442
Olfr785,0.0,0.0
Olfr786,0.0,0.0
Olfr787,1.2090581946531542,-0.058277317366069004
Olfr788,0.0,0.0
Olfr789,2.062866159579951,-0.37078731399204123
Olfr790,0.0,-0.21283904559181435
Olfr791,0.0,-0.345790212076149
Olfr792,0.0,0.0
Olfr794,1.241804892662586,-0.3880107678591327
Olfr796,1.030767556361623,0.5733318331025439
Olfr798,0.0,0.0
Olfr799,0.6286768292044441,0.0
Olfr8,0.0,0.0
Olfr800,0.0,0.0
Olfr801,0.0,0.0
Olfr802,0.8276417659937665,-0.24626608443709808
Olfr803,0.5829538816611484,-0.3714236910660982
Olfr804,1.302086580321423,-0.9628947607178784
Olfr805,0.2667182082057698,-0.2152727868316063
Olfr806,0.0,0.0
Olfr807,0.0,0.0
Olfr808,1.2984624926498973,-0.5524814722324656
Olfr809,-0.22915837926285726,0.4036263969624139
Olfr810,0.0,0.0
Olfr811,0.0,0.0
Olfr812,0.0,0.0
Olfr813,0.0,0.0
Olfr814,-0.034065732984835506,-0.5187252361982118
Olfr815,0.0,0.0
Olfr816,0.0,0.0
Olfr818,0.0,0.0
Olfr819,0.0,-0.6920304908564305
Olfr820,0.0,0.0
Olfr821,0.0,0.0
Olfr822,0.030550721844677886,-0.6941978610546748
Olfr823,0.0,0.0
Olfr824,0.0,0.0
Olfr825,0.9205516609274298,-0.6045075014705787
Olfr826,0.0,0.0
Olfr827,0.0,0.0
Olfr828,0.0,0.0
Olfr829,0.0,0.0
Olfr830,0.0,0.0
Olfr832,0.0,0.0
Olfr834,0.0,0.0
Olfr835,0.0,0.0
Olfr836,0.0,0.0
Olfr837,0.0,0.0
Olfr839-ps1,0.9901817561672548,-0.513503383490935
Olfr843,-0.11722012067181972,0.0
Olfr844,0.0,0.0
Olfr845,0.0,-0.345790212076149
Olfr846,0.019114991217689586,0.0
Olfr847,0.0,0.25555345956664705
Olfr849,0.0,0.0
Olfr850,0.0,-0.2218593794753994
Olfr851,0.0,-0.4346984250672138
Olfr853,0.13464434233171296,0.2920141066527364
Olfr854,0.0,0.0
Olfr855,0.0,0.0
Olfr857,0.9822948019802381,0.0
Olfr859,0.48517017803498197,-2.4974657207530715
Olfr860,0.0,0.0
Olfr862,0.0,-0.2152727868316063
Olfr866,0.0,0.0
Olfr867,1.032072024122227,0.0
Olfr868,0.0,0.0
Olfr869,0.0,0.0
Olfr870,0.0,0.0
Olfr871,0.0,0.0
Olfr872,0.0,0.0
Olfr873,-0.32227718963214574,-0.2152727868316063
Olfr874,0.0,0.0
Olfr875,0.0,0.0
Olfr876,0.0,-0.2218593794753994
Olfr877,0.23956468343679047,-0.2218593794753994
Olfr878,0.0,0.0
Olfr881,0.0,-0.24431098970421622
Olfr883,0.0,0.0
Olfr884,0.0,0.0
Olfr885,0.0,0.0
Olfr887,-0.078968246566961,-0.06075791330829128
Olfr888,0.0,0.0
Olfr889,0.575428281243564,-0.5786486655864724
Olfr890,2.029494859563819,-0.6369758547051219
Olfr891,0.0,0.0
Olfr893,1.1871071460731581,-0.4377661868764404
Olfr894,0.0,0.0
Olfr895,0.0,0.0
Olfr896-ps1,0.0,0.0
Olfr898,0.9713273290765794,-1.5773818748344586
Olfr9,0.0,-0.21283904559181435
Olfr90,0.09670495790112454,-1.046943470719878
Olfr901,0.5012419260693493,-0.659408127555578
Olfr902,0.0,0.0
Olfr904,0.553246831967714,-0.949295841451324
Olfr905,0.37618093402078223,-0.506301908656356
Olfr906,-1.2111337970472147,-0.3319038135229313
Olfr907,0.0,0.0
Olfr91,-0.22082010532603893,-1.171162977027714
Olfr910,0.0,0.0
Olfr911-ps1,0.0,0.0
Olfr912,0.26854889267466453,-0.5408146131294571
Olfr913,0.22888442284205604,0.0
Olfr914,0.5828459539842861,-0.6225530993483304
Olfr916,0.0,0.0
Olfr917,0.0,0.0
Olfr918,0.5636374491960636,0.0
Olfr919,-0.22915837926285726,0.0
Olfr92,0.0,0.0
Olfr920,-0.014817290483728485,0.4031948883581409
Olfr921,0.0,0.0
Olfr922,0.0,0.0
Olfr923,0.0,0.0
Olfr924,0.0,0.0
Olfr926,0.0,0.0
Olfr93,0.0,0.0
Olfr930,0.0,0.0
Olfr933,0.0,-0.2218593794753994
Olfr934,0.0,-0.21283904559181435
Olfr935,-0.2154087266458899,0.0
Olfr937,0.0,0.0
Olfr938,0.0,0.0
Olfr94,0.0,0.0
Olfr943,0.8848153825628033,-1.1182090078945572
Olfr944,0.0,0.0
Olfr945,0.0,0.0
Olfr948,0.0,0.0
Olfr95,0.8926571809753612,-1.186279209359312
Olfr951,0.0,0.0
Olfr952,-0.3681752925118766,0.0
Olfr954,-0.6759422009616101,-0.2760793852908564
Olfr955,0.0,0.0
Olfr957,0.0,0.0
Olfr958,0.0,0.0
Olfr959,0.0,0.0
Olfr96,0.2524354756311604,0.0
Olfr960,0.0,0.0
Olfr961,0.0,0.0
Olfr963,0.0,0.0
Olfr965,0.0,0.0
Olfr967,0.7403028046999012,-0.3984841919980484
Olfr968,0.6200651260325509,0.0
Olfr969,0.0,0.0
Olfr97,0.0,0.0
Olfr970,0.0,0.0
Olfr971,0.0,0.0
Olfr972,0.0,0.0
Olfr974,0.0,0.0
Olfr975,0.6420540919816347,-0.9212119292738032
Olfr976,0.7435254036650099,-0.33711231021420063
Olfr978,-0.22915837926285726,0.0
Olfr979,0.10022631060159393,-0.3435943670402408
Olfr98,0.0,0.0
Olfr980,0.0,0.0
Olfr981,0.24531727179985108,-0.8036370074643409
Olfr982,1.0348184877929576,-0.9503590144279803
Olfr983,0.23452371786357948,0.0
Olfr984,0.5244914916566046,0.06846301704453195
Olfr985,0.0,0.0
Olfr986,0.7512820569012453,-0.8749192933067373
Olfr987,-0.22915837926285726,0.0
Olfr988,-0.22915837926285726,0.0
Olfr99,-0.9129258617260652,1.461909301266246
Olfr992,0.0,0.0
Olfr993,0.22888442284205604,0.0
Olfr994,0.0,0.0
Olfr995,0.0,0.0
Olfr996,0.0,0.0
Olfr998,0.0,0.0
Olig1,-0.5592891220028741,-0.2152727868316063
Olig2,0.0,0.0
Olig3,0.0936886299703279,-1.498211291846884
Olr1,0.6091592789351301,1.9102430511241932
Oma1,-0.21245360767574617,0.4428588150567343
Omd,0.5399849786775572,-0.9172424857184951
Omg,-0.4300858151173337,-0.8440088121779725
Omp,1.549238031109696,-1.1628606507759836
Omt2a,0.0,0.0
Omt2b,0.0,0.0
Onecut1,0.30635856013155927,-3.8137191489948625
Onecut2,1.8838630821349813,-2.028211357793734
Onecut3,1.8977439000463638,0.4568741269240637
Ooep,-0.2839516816601739,-0.28767728778516843
Oog1,0.0,0.0
Oog2,0.0,0.0
Oog3,0.0,0.0
Oog4,0.0,0.0
Oosp1,0.0,0.0
Oosp2,0.0,0.0
Oosp3,0.0,0.0
Opa1,-0.552603349955854,0.5125223184489478
Opa3,0.042073514639172416,-0.18194238161173892
Opalin,-1.0275569441980121,-0.026768655906385996
Opcml,-0.11309359310493683,-1.1218223776611254
Ophn1,-0.42401375321168366,0.8085569942917807
Oplah,-0.40470832777538135,-0.6006766540757251
Opn1mw,0.3505553568696911,-0.5533252876232968
Opn1sw,0.09266452872124376,-0.8042532150368995
Opn3,-0.8931708758219847,3.0587100882086844
Opn4,0.0917129609506695,0.20059809774347315
Opn5,-0.5865961063965863,0.0
Oprd1,0.0,-0.8519812561192659
Oprk1,0.0,-2.151432037571453
Oprl1,-0.7847863725066047,-0.6588208710377073
Oprm1,1.1659795742612777,-0.8586427533034109
Optc,-1.1982725363657876,-0.7064841943669329
Optn,-0.19214826952097752,-0.5709776777008315
Orai1,0.07643418723635342,0.9818954497082553
Orai2,-0.4924612647430795,0.8375015874201601
Orai3,-0.1637893754292712,1.0242760877208177
Orc1,0.06270539660955787,-1.2193275242981594
Orc2,0.4192701247741848,0.24106464014285223
Orc3,-0.015343605223328893,-0.1579034495159366
Orc4,0.06981392647903739,0.2575624557449423
Orc5,-0.0037338293520932098,0.035594434065048475
Orc6,0.37569385822354384,-0.027658416341004965
Orm1,-1.8300863660288091,0.0
Orm2,0.5922442858943773,-0.20366238912455065
Orm3,-0.2512843466322773,0.1787188298335946
Ormdl1,-0.10226978350674898,0.1322877578039492
Ormdl2,0.22088189129275193,0.618914421653006
Ormdl3,0.13633997673379916,-0.44674112791865284
Os9,-0.5147451207492413,0.760571052027819
Osbp,0.17289448101256788,0.04556095867386745
Osbp2,0.3223679363150129,-0.7757673000413661
Osbpl10,2.2503961668514854,-2.5143019156635305
Osbpl11,-0.05892398761100459,1.087720267257117
Osbpl1a,0.06056659052988955,-0.26055921630076107
Osbpl2,-0.19852839543453626,-0.18860318072309745
Osbpl3,0.32568822980348777,0.4786438960710768
Osbpl5,-0.1787517816548565,-0.9337256455208642
Osbpl6,-0.002203147141788264,-1.1642208936934413
Osbpl7,-0.35821458255581007,-0.16817056903588679
Osbpl8,-0.16599132466684807,0.003983885231194861
Osbpl9,-0.41107943026217697,0.35892897074762153
Oscar,-1.2441454757179002,-2.358233762224552
Oscp1,-0.32734470229854296,-0.4101412391780155
Oser1,0.08151611710394668,0.18436162030393177
Osgep,-0.15528742152395303,0.08464916152900592
Osgepl1,0.5194914867292901,-0.5357266254624982
Osgin1,0.012250714016383668,0.892813872180124
Osgin2,0.0029413095097616804,0.5446273669681343
Osm,-0.7973941150206905,0.11159805607078255
Osmr,1.967282480762142,-1.6071180847735116
Osr1,-1.3160340058566886,0.0
Osr2,0.0,-0.7408269036028426
Ost4,0.26620461780258076,0.34951040751670526
Ostc,0.24596198864791496,0.14571593114314396
Ostf1,-0.5187196179893636,1.1069552925989754
Ostm1,-0.2913537026409294,0.8864062746005725
Ostn,-0.3681752925118766,0.28643906955864035
Otc,-1.135599697424685,-0.3799678963673525
Otoa,0.20051720703644715,0.0
Otof,-0.8065502594801807,-0.44656908196376366
Otog,0.764491279528241,0.0
Otogl,0.0,0.5893269725952385
Otol1,0.0,0.0
Otop1,2.694559179615359,-0.5190358266168631
Otop2,-1.0020452793790635,-0.591098987073132
Otop3,0.11836370380092909,-0.23628006914573252
Otor,0.5889523052191468,-0.7148244391102789
Otos,-0.08998267345425415,-1.0855942126425342
Otp,0.0,0.0
Ott,0.0,0.0
Otub1,-0.1001303156255613,-0.082878153149613
Otub2,-0.6024050291735534,-0.4815549017507941
Otud1,0.3795589165247861,0.4022701007524052
Otud3,-0.602841804990994,-2.211078282372097
Otud4,-0.165987449654871,-0.21601814668244934
Otud5,0.6384627818129216,-0.4935782233901902
Otud6a,1.4229495176057134,-0.5819922927158527
Otud6b,-0.18832580933937315,-0.28182471302659273
Otud7a,0.038954540337860166,-2.02968787180658
Otud7b,0.12040871173233292,-0.05589138648933556
Otulin,0.4682440021432672,0.28536352527971953
Otulinl,-0.8768428747003973,1.6690789079168216
Otx1,0.37991635900127907,-1.2042008760549114
Otx2,0.3839785882923916,-1.43524912308078
Ovca2,-0.047093808088657596,0.6322066545435945
Ovch2,0.0,0.0
Ovgp1,0.6649800133707195,-1.5891524278587337
Ovol1,0.8106414463448963,-1.877997045436779
Ovol2,-0.31558857263937085,-0.9034895398670932
Ovol3,0.4183636864206829,0.0
Oxa1l,0.11057359403894296,0.1517871291259283
Oxct1,-0.4310755133728126,0.6023831598005938
Oxct2a,0.0,0.007436603164482192
Oxct2b,-1.6491104190987358,-0.26275455103720136
Oxgr1,0.6286768292044441,0.0
Oxld1,0.4793184583704413,-0.21855651868332693
Oxnad1,-0.12785383681571183,0.20808848123560253
Oxr1,-0.5604548586035865,-0.05530017709424229
Oxsm,0.07631414113487445,1.1558206849921717
Oxsr1,0.09799786633590468,-1.0212244149439744
Oxt,0.0,-0.4427166047663706
Oxtr,-3.6040145144321443,-0.15085116453621872
P2rx1,-0.2961150703556932,0.2478105379831561
P2rx2,-2.8846151794121817,-1.4221746741507433
P2rx3,1.1917591968305028,-1.7773486172656918
P2rx4,-0.04383341799061924,1.3428189035846465
P2rx5,-0.6501252462102625,-2.252836885922747
P2rx6,-1.2630599083760021,-0.939378384300583
P2rx7,-0.05529626481668615,0.690195721694165
P2ry1,-1.062883596735202,1.731431601105613
P2ry10,1.770928194494466,1.033295001446581
P2ry10b,-0.16041464969672958,0.6551319133395292
P2ry12,-0.6678724861862975,0.925415886965105
P2ry13,-0.24546179874321084,0.7653378223801504
P2ry14,0.9543107524730345,-0.22538841966827494
P2ry2,0.09188432164157412,0.8212791078597608
P2ry4,-1.2347135599886114,-1.2468491819073289
P2ry6,-0.22726204405263495,0.7375277797180253
P3h1,0.7367911526578057,-0.9170400544573756
P3h2,-0.5038236450502547,0.8997310048137033
P3h3,0.835431235129148,0.06241856942728674
P3h4,2.384185429215675,0.11621861345988727
P4ha1,-0.24847146672532716,0.5232389125451835
P4ha2,0.04760465664999547,-0.1398436398434555
P4ha3,-2.1184514556649656,-2.2841461790093707
P4hb,-0.1572521161274718,0.5738826462526045
P4htm,0.08397515154414492,-0.7450780959629562
Pa2g4,-0.15242043325409682,0.05622496629064244
Pabpc1,-0.1651033858488411,0.6739180739945887
Pabpc1l,-0.7273480012866043,-1.0438906287870227
Pabpc2,0.0,0.0
Pabpc4,-0.6386107571567576,-0.14386505070539712
Pabpc4l,-1.8865266277921389,-0.6789970160393808
Pabpc5,-0.6532460703013117,-1.517047348161149
Pabpc6,0.0,0.0
Pabpn1,1.054921742195063,-1.1852752134301934
Pabpn1l,1.5283327478462574,-2.6230314354626465
Pacc1,-0.424591221964258,0.3825907388279166
Pacrg,0.2810598352282998,-0.9965428542054404
Pacs1,-0.26180360135114,0.13871578956075403
Pacs2,0.10660943766204234,0.37903582737215125
Pacsin1,-0.4845065752953239,-0.6448922757805899
Pacsin2,-0.2433551873420594,0.16607403313832414
Pacsin3,0.11758944379494896,-0.7588245403684564
Padi1,0.8584907495996743,0.6291047336503609
Padi2,-0.19820913074305935,0.9242706956826297
Padi3,0.47652920703648416,1.0905607631068406
Padi4,-0.5946127482783965,0.03619152625765909
Padi6,0.0,0.7615269387028599
Paf1,-0.05762429461450047,-0.35574845319256987
Pafah1b1,0.22471509202520323,0.4649239940902401
Pafah1b2,-0.5236858939172038,0.17544071697361652
Pafah1b3,-0.0009246038372676679,-0.12660202741094295
Pafah2,-0.1958125137490292,-3.639573809353177
Pag1,-0.20008345731391763,0.689257236921625
Pagr1a,-0.22627783516766264,-0.14282029069529756
Pah,0.0,0.0
Paics,-0.14314584014492127,-0.06445896338414947
Paip1,0.44262612408983415,-0.22910143605764688
Paip2,-0.2667091392063554,0.10611725671137151
Paip2b,0.5399133073994093,-0.7665052581377267
Pak1,-0.659352449458936,0.41955835454132107
Pak1ip1,0.003308147714909282,-0.12737619732535066
Pak2,0.012356846607456617,0.6831612075643392
Pak3,-0.6817215366700253,-0.7762026005097464
Pak4,-0.34168485696020134,0.1424568271365967
Pak6,0.4792572851252075,0.0019441992071991265
Pak7,0.662678294561605,-1.5373346664468848
Pakap,0.9356610818016184,-1.0433615493557298
Palb2,0.4457577513076574,-0.15827733068307026
Pald1,-0.5971918636629425,1.0891748867364122
Palld,0.15836630260039986,-1.040101924017094
Palm,0.6587865543925808,-0.47857849128422814
Palm3,0.5381709696488286,0.17584151001669535
Palmd,0.8622163624096695,-3.1304510796600615
Pam,1.4008898971774801,-1.1877146582360645
Pam16,0.18379025122884762,-0.5802177642348632
Pamr1,-1.9342595690399258,-1.58413399149978
Pan2,0.15125993057820963,-0.5870079880407033
Pan3,0.187045980522198,-0.3980103524207621
Pank1,0.42811908394108045,-0.021330487162321887
Pank2,0.2711392954784291,0.05162785154217886
Pank3,-0.1905235795446245,0.808105194017859
Pank4,0.32476116196647276,-0.668009756048221
Panx1,0.5603740470731138,0.7463851216711967
Panx2,-0.722408898358184,-0.543679486120868
Panx3,0.5460770418021937,0.0
Paox,-0.368675939150652,1.0875570335589284
Papln,-0.3228972168141384,-2.600604241708041
Papola,-0.29758125693976645,0.511760309046883
Papolb,-0.7909336988083533,-2.3962780939458526
Papolg,-0.24619099241437858,0.2895165941368063
Pappa,-1.7465486310282614,-0.14390839750446727
Pappa2,-1.918899982458104,-1.6120866467467252
Papss1,-0.3513119146737189,0.4447362529077683
Papss2,0.4891979240016644,0.2735729041027195
Paqr3,0.7644373029102862,-1.2583595138490224
Paqr4,0.2789719300228608,-0.6082690026259616
Paqr5,0.08748975784369417,-1.0727568819083455
Paqr6,1.0771172905874336,-2.114112151332331
Paqr7,-0.30326612840223355,0.8131331152348942
Paqr8,-0.3665986666661336,-0.5409225490573277
Paqr9,1.7208758468862353,-1.4552572154787349
Pard3,-0.0026947436425306392,-1.8169072113536728
Pard3b,0.37580671106569596,0.17827225695711402
Pard6a,-0.08550468391087307,-0.12276197449898163
Pard6b,0.5009720707430345,-1.3220407471591384
Pard6g,-1.4595345047857569,-0.4116820821785687
Parg,-0.2033428787014646,0.3514555802509083
Park7,0.29889542053415674,-0.08367925137877208
Parl,0.246039992087832,0.1305930532624462
Parm1,0.4800029186622403,-1.472517247427004
Parn,-0.14988877023384362,0.3330110102264552
Parp1,-0.27132591864171474,0.4499043214543228
Parp10,0.16786741927763416,0.9387659745432515
Parp11,-0.2367070323845013,0.38257001750847763
Parp12,0.2967753581762764,0.23262154769064036
Parp14,0.4953801736668382,0.48073987339232893
Parp16,-0.29307680668669445,-0.018337505413676958
Parp2,-0.2699107188699319,0.20180383441564587
Parp3,0.7743137264494298,0.34631172866743487
Parp4,1.2464131285943694,0.3196322648745351
Parp6,0.07664421897943896,-0.13041117419183657
Parp8,-0.40276134184136225,0.5034284712547361
Parp9,0.07671196267790314,0.9560570214659538
Parpbp,-2.9118392042335066,0.8167958517863743
Pars2,0.15459586006351245,0.2894574755813544
Parva,-0.43812126357275005,-0.9006448379621492
Parvb,1.7308153728507918,-0.8550721742079306
Parvg,-0.7893445703452748,1.1188918028509107
Pask,0.45503875339770694,0.3628357978465706
Pate1,1.0414913162195896,-0.6400851675862522
Pate10,0.0,0.0
Pate11,0.0,0.0
Pate12,0.0,0.0
Pate13,0.6748867181163857,-0.9445629945830654
Pate14,0.0,0.0
Pate2,-0.1084242500770749,-1.2104170983872087
Pate3,0.0,0.0
Pate4,0.23956468343679047,0.0
Pate5,0.0,0.0
Pate6,0.0,0.0
Pate7,0.0,0.0
Pate8,0.0,0.0
Pate9,0.0,0.0
Patj,-0.04605954032412818,-0.9812749079592198
Patl1,0.15537053161871306,-0.30610612463252274
Patl2,0.29354678608135026,0.2390949170414901
Patz1,0.09652137868978983,-0.43646979109736606
Pawr,1.0308274632706418,-3.0217918257923833
Pax1,0.0,0.0
Pax2,0.22888442284205604,-0.4569204579033296
Pax3,0.0,0.0
Pax4,0.0,0.5832741223427662
Pax5,1.0126676333463815,-0.8953185025401543
Pax6,-1.0438401112668085,-0.2860862907608066
Pax7,0.0,0.0
Pax8,2.431612254483747,-2.7193435373177564
Pax9,1.878941865897154,-0.21283904559181435
Paxbp1,-0.4848792164007367,0.14032319338839905
Paxip1,0.270133210269341,-0.16608970283278524
Paxx,0.1481279400975808,-0.8027001256826711
Pbdc1,0.8130238911423753,0.47815190317544776
Pbk,0.2306821173609599,0.12320680716140586
Pbld1,0.888395968660749,-0.6658329330073842
Pbld2,-0.6315311823703693,-0.9219069548384509
Pbp2,0.7224645035762397,-0.4569204579033296
Pbrm1,0.49987356297160623,0.08738103502278172
Pbsn,0.0,0.0
Pbx1,0.055297500167283076,-0.9151170799596589
Pbx2,-0.3262289223342858,0.7449872749164141
Pbx3,0.44818975457468824,-1.2909658344892705
Pbx4,-0.12988956011160369,0.07287660705722665
Pbxip1,-0.4907018995257548,0.6403210144759743
Pcare,0.5659114416688684,-0.9552558378393634
Pcbd1,0.3813171367171986,-0.5347583598524732
Pcbd2,0.2925150347868639,0.7566565401713481
Pcbp1,0.06742543705987103,0.03624765695248833
Pcbp2,0.2821693271339072,-0.49424999734091735
Pcbp3,-0.14302964409148622,-0.7353066310445975
Pcbp4,0.35589680750752883,-1.202571056090889
Pcca,-0.3072183366269865,-0.04561418394062855
Pccb,-0.06927171227208184,0.12179314452689738
Pcdh1,-0.5646645354555,-1.5753619247143416
Pcdh10,-0.07639525996007279,-1.2224214094858015
Pcdh11x,-0.2756895613628636,-2.8419677472900027
Pcdh12,0.4501018960336547,-2.382196670864495
Pcdh15,1.009440806979434,-1.2204267642664455
Pcdh17,-1.0031446383639793,-0.542537476546352
Pcdh18,-0.7415984238218467,-1.4503748526542557
Pcdh19,-0.20196899947377123,-1.0030827690389676
Pcdh20,-0.9189587827187182,-3.1394880122921682
Pcdh7,-0.973157516499926,-0.5428087001562361
Pcdh8,-0.12330887290538595,-1.165872040077339
Pcdh9,0.12299492485844787,-1.1755121258331496
Pcdha1,-1.8016824831941247,-1.8854109635804535
Pcdha11,-0.34417736670030674,-0.2635181121480823
Pcdha12,0.013383509225830537,-0.5604583718709772
Pcdha2,-0.5918186228588542,-1.3757311889944033
Pcdha3,-0.5633927149013633,-1.6426316206164433
Pcdha4,-0.341147547312616,-1.9296857184066702
Pcdha5,-1.8844411329698278,-0.7545663486232836
Pcdha6,-0.5267265166895241,-0.6840589672653055
Pcdha7,-0.8825553267221542,-0.5985847071472117
Pcdha8,-0.19855230358511733,-2.4344805000591503
Pcdha9,-0.17708233002655493,-0.9584353754279853
Pcdhac1,0.3514446757171523,-4.181077078395504
Pcdhac2,-0.30668938079571895,-0.5167024622181451
Pcdhb1,0.7041006348673506,-1.2215693174367255
Pcdhb10,-1.2223771819069889,-0.6299901086272603
Pcdhb11,-0.8750595128222347,-1.8056242754691931
Pcdhb12,-0.7120094684558058,0.7013414857141029
Pcdhb13,-0.5897519639117133,-0.48277698821601733
Pcdhb14,-0.14237651417210717,-0.725907772713251
Pcdhb15,-0.27204126667772677,-0.35446866227526463
Pcdhb16,-0.5864495253794662,-3.38737958580234
Pcdhb17,-0.5699535380752359,-0.3379148407141628
Pcdhb18,-0.17675270966125822,-1.5469659523604093
Pcdhb19,-0.1105255336406108,-0.8812988382005535
Pcdhb2,-1.687305951802263,0.6825755418209658
Pcdhb20,-0.11591196312460461,-0.6274887248353185
Pcdhb21,-0.19080720192034928,-3.1629629273415505
Pcdhb22,0.21831324930636775,-1.1247094710891679
Pcdhb3,-0.7929890948613307,-2.2172703909549645
Pcdhb4,-0.9927311280087832,0.46690512378992466
Pcdhb5,-1.6287983479560948,-0.7212358016197951
Pcdhb6,-1.2380195997166332,-0.43819403378396427
Pcdhb7,-1.69897482045846,-0.43246480759470973
Pcdhb8,-1.0470708254925132,-0.014403333835796062
Pcdhb9,-0.5850097931721692,-0.6550827373865777
Pcdhga1,-0.6951587374685886,-0.5438223212770836
Pcdhga10,-0.6013953678932182,-0.33946608325254335
Pcdhga11,-0.5420434825068483,-0.8644117316270226
Pcdhga12,-0.05197548999093371,-0.309371880619679
Pcdhga2,0.2955473940863165,-0.5101455091785727
Pcdhga3,-0.7440361425554709,-1.1446228296107357
Pcdhga4,-0.4334321753909798,-0.9433942550633496
Pcdhga5,-0.33494963859476634,0.12405392566231477
Pcdhga6,0.1496886737649552,-5.049964347048075e-05
Pcdhga7,0.28375113350130476,-0.6803154376082148
Pcdhga8,-0.026255775302716167,-0.1683495652419662
Pcdhga9,0.006638627740843894,-1.583873348281645
Pcdhgb1,-1.1113975304951573,-1.3027100411011663
Pcdhgb2,0.28390909273254294,0.12720980699127082
Pcdhgb4,-0.2095115468458708,-1.4797255517907395
Pcdhgb5,-0.1407345738436554,-2.60348811437258
Pcdhgb6,-0.652421641131296,-0.7147675700952156
Pcdhgb7,-0.4212155646489162,-1.1593193710784284
Pcdhgc3,-0.0399878592366143,-0.6451406003787099
Pcdhgc4,-1.2847547976877678,-0.450458014465525
Pcdhgc5,-1.3076862092880246,-0.9325452832837167
Pced1a,-0.21250794615332413,0.2970340565791032
Pced1b,0.11132552410678365,-0.0017381540073380108
Pcf11,0.5508417642043462,-0.3633301091330683
Pcgf1,0.28804611002278335,-0.2691417000738383
Pcgf2,0.9393633625776321,-1.1611072056509242
Pcgf3,-0.652443279142588,-0.19786691812439372
Pcgf5,0.4486049425921017,0.06997792708056672
Pcgf6,0.2638674699556578,-0.4243792905964723
Pcid2,0.022013939689358608,-0.0462570083680216
Pcif1,0.19201108938999845,-0.14880107851275426
Pck1,0.0,0.0
Pck2,-0.24673733826900346,-0.06775661882569217
Pclaf,0.649501072162618,0.29007930890503264
Pclo,0.4028063075219599,-1.1488636173349285
Pcm1,-0.6168171076866642,-0.24236098909105763
Pcmt1,0.09829271597446798,0.18115726718396274
Pcmtd1,-0.3143452430393232,0.16624357223963315
Pcmtd2,-0.20970796259692293,-0.10267435809749159
Pcna,0.1694930960664287,0.0671386194812964
Pcnp,0.05725635156001729,-0.16483189327039582
Pcnt,0.16784188452816906,0.2710233951265053
Pcnx,-0.1617621934527591,-0.4413535991022304
Pcnx2,-0.2969682200826691,-0.6466577805371534
Pcnx3,-0.3111931019521812,0.10770424140348211
Pcnx4,-0.29140942229734534,-0.29282169157435334
Pcolce,1.2893762519475471,-1.272596202653638
Pcolce2,1.9167563076500294,-0.9273988110663867
Pcp2,1.3811694645377575,-0.8513765416876584
Pcp4,0.13536120448006805,-0.7769302406326624
Pcp4l1,-0.06906051888359066,-0.8008442967211487
Pcsk1,-0.9889419041328793,-0.19961206499140083
Pcsk1n,0.9124404265782999,-0.12926406060869056
Pcsk2,-0.575037045676984,-1.0278944526827622
Pcsk4,0.7874476670296566,-0.996797506156474
Pcsk5,-0.2228927827142151,-1.1268558348673627
Pcsk6,0.3788708639944405,-3.342247038800073
Pcsk7,-0.2091669083327652,0.09898814053398297
Pcsk9,-1.6188540870943369,-4.790010133712077
Pctp,-0.29829586297921296,0.9501879452842967
Pcx,-0.4033761676433407,-0.061019280725442826
Pcyox1,-0.48264107647599097,0.47731753809989463
Pcyox1l,-0.24628603330867982,0.38693659196806607
Pcyt1a,-0.4659706766210192,0.36601370007193523
Pcyt1b,0.31083735144663827,-1.016398019475396
Pcyt2,-0.12621834375647367,-0.3229234875167233
Pdap1,0.24930545094250967,-0.04781718211313546
Pdc,0.16971526980263008,-0.9583677052171833
Pdcd1,0.2819924019696636,1.4934540768456923
Pdcd10,-0.14844409790353552,0.6112855731978737
Pdcd11,-0.2285472300670328,0.3964607370729851
Pdcd1lg2,-0.675445422156566,0.537779966229714
Pdcd2,0.4727909659279552,-0.5716401229210142
Pdcd2l,0.156579387311508,0.6064968644156306
Pdcd4,-0.10808581464556255,-0.15517940387055162
Pdcd5,0.16246886442901953,0.057501137219146514
Pdcd6,-0.14529704942576238,0.20326666705134144
Pdcd6ip,-0.5605143645683839,1.3638630172359516
Pdcd7,0.8635044163049903,-1.5501718897140568
Pdcl,-0.18850564349982513,0.03803315773904359
Pdcl2,0.48459352455250126,0.6383885963849444
Pdcl3,0.1960158482625296,0.4135168576823105
Pde10a,0.3662090637396256,-0.5727338286707582
Pde11a,-1.9638910828930456,-0.36774301465129344
Pde12,-0.005893924925320704,0.1279075431436354
Pde1a,-0.5106412300969687,-3.3246835959609093
Pde1b,-0.3040084833609704,-0.5907019753205383
Pde1c,-0.13034014573412378,-1.2785392669629818
Pde2a,0.4026461246487205,0.19298903548346047
Pde3a,-1.2248058160890825,0.4000991407234036
Pde3b,-0.4228594483821304,0.7324144606813139
Pde4a,-0.8602673563730985,-0.26030689383077643
Pde4b,-0.7096422350790839,-0.623355224520111
Pde4c,-0.4078615163494188,-1.2513002838279208
Pde4d,0.14473737859245972,-0.14401505102896905
Pde4dip,-0.39659932759484207,0.13517080168793782
Pde5a,0.33573445324514406,-0.45424797461138144
Pde6a,0.5180913402800158,-0.8314595365762631
Pde6b,0.18761291878864306,-0.9662265756253205
Pde6c,0.9066579807881254,-0.8505206843813617
Pde6d,0.3780466606838644,-0.5451115051583884
Pde6g,0.6373949791293434,-1.1997916389867136
Pde6h,1.0790795132413251,-0.4981243338521981
Pde7a,-0.5551097496587865,-0.3738070883253002
Pde7b,0.5613681874102285,-0.5920329762226606
Pde8a,0.8925260305587415,-1.2695205310602082
Pde8b,0.0900630004381604,-0.820270985565406
Pde9a,-0.5029718657450903,-1.0374526302165288
Pdf,-0.34241889382469637,1.2478182223184646
Pdgfa,-0.0310626787668431,0.8220614754785158
Pdgfb,-0.19932803755891904,0.1480056214379335
Pdgfc,0.9635823213337131,2.0328481409611125
Pdgfd,0.08312133158714641,-0.7613884725924276
Pdgfra,-0.261619781114117,-2.22973327194401
Pdgfrb,1.479867050116468,-1.1643836800962104
Pdgfrl,0.6053212186803618,-1.9261330604714217
Pdha1,-0.31309548906008544,-0.021702230500288522
Pdha2,0.0,0.0
Pdhb,-0.03852595304272732,-0.1967514952011964
Pdhx,-0.07321437454040591,-0.24021797336245143
Pdia2,-0.452309791369756,0.0
Pdia3,-0.2569678867479315,0.8171314969567245
Pdia4,-0.3452894040801695,0.5810682485593865
Pdia5,0.5339059409786451,-0.0018013359473219026
Pdia6,-0.07195326649879519,0.5963930149548187
Pdik1l,-0.1250753688308741,0.09230858476569459
Pdilt,0.0,-0.6521623894425989
Pdk1,-0.24017767355539554,1.6222756100906786
Pdk2,-0.3856027204477339,-0.4734454694475385
Pdk3,-0.15167141405529883,0.5395537041077709
Pdk4,2.3364747859596524,-2.6779295035832296
Pdlim1,0.6062284143370267,-1.9058712055700946
Pdlim2,-0.13788569657534033,0.7107715268182346
Pdlim3,0.6584183804597625,-1.1886753545391713
Pdlim4,-0.25302220911327744,0.7440265813033093
Pdlim5,-0.2691009472234853,0.41272220398639625
Pdlim7,0.19777123878828107,-0.6701470233517508
Pdp1,-0.13394763094438034,0.21687062430764392
Pdp2,0.07681288888304749,0.2627279773599902
Pdpk1,-0.2861908102939452,-0.2179451818485827
Pdpn,3.4573395104348963,-0.6955601483701646
Pdpr,-0.8031543898184541,0.34255488399285916
Pdrg1,0.18356743363192862,-0.02483106458265638
Pds5a,0.36488199148037737,-0.6187191531561727
Pds5b,-0.5394982608627998,0.2568652446402222
Pdss1,0.45824225638937666,-0.6210311638175492
Pdss2,0.37402851292552164,-0.19288119923466152
Pdx1,0.0,0.0
Pdxdc1,-0.19063228437155644,0.25117591336356426
Pdxk,-0.5165825243966502,-0.14177773161394747
Pdxp,-0.041789802708009915,-0.9977416961894292
Pdyn,-0.042968189667970336,-0.8444397587172503
Pdzd11,0.0621527804608597,-0.09296259925047146
Pdzd2,0.11127529809809111,-0.8434358148486485
Pdzd3,-2.370471111060559,0.4857890950763575
Pdzd4,0.1988338282243669,-0.7753111859491719
Pdzd7,-0.47122125953043215,-1.006519028308975
Pdzd8,0.2000196853970735,-0.2897525309890856
Pdzd9,1.1377939722972097,-0.8838300045761112
Pdzk1,-0.3493402176101932,0.32219853267410326
Pdzk1ip1,-2.988661048580168,0.7675279268711157
Pdzph1,-0.053645980530486526,-1.2548306756737766
Pdzrn3,-1.1730055182811299,0.15630299793042468
Pdzrn4,-1.2502132853477992,-4.308911671645605
Pea15a,-0.18026679995878503,0.07329353470759159
Peak1,-0.02287999995585288,-0.32450938054932976
Pear1,-0.05699551404930148,0.6970096380311368
Pebp1,0.24583274592252558,-0.2949975418903854
Pebp4,-0.3333764640639756,-2.447421818496421
Pecam1,-0.5896153915759612,-0.21048389514249344
Pecr,-0.4339832045384888,0.9800710067200971
Pef1,0.3642605431492836,-0.06921180744652666
Peg10,-0.18856036820036604,-1.3712998342927436
Peg12,2.749910256816743,-0.47904993439789756
Peg3,-0.45450295890368686,-1.1199431660123622
Peli1,0.5686511674756485,0.6990192422642227
Peli2,-0.09877396963321594,0.3366030198964971
Peli3,0.1088843984201251,-0.5898120152375874
Pelo,0.5065576432088417,0.2874089565243896
Pelp1,-0.027610711798070398,0.8102087902139647
Pemt,1.4757966438745802,-1.2498364880164026
Penk,1.5025194579404548,-0.30337046099719167
Pepd,-0.11756149182097886,0.5649958306046461
Per1,-0.21088128147156038,0.27693483541941966
Per2,-0.2436955969686645,-0.4063016706395439
Per3,0.30579809409723424,-0.6485494111315582
Perm1,0.7507495938614346,-1.558711813393221
Perp,0.03998295780248462,-0.5746312371830555
Pes1,-0.32419266294543014,0.49274601450220423
Pet100,0.4942543079435122,0.4314297199419883
Pet117,0.9553931452691113,0.7514390125859077
Pet2,0.6736887395787278,0.0
Pex1,-0.27168590171335794,0.32981320244993917
Pex10,0.07701088368190412,-0.26131167231693464
Pex11a,0.6461025286776749,-0.7938476689423197
Pex11b,-0.09873579279254407,0.11342698736013013
Pex11g,-0.0763158853658048,-1.1646919761468197
Pex12,0.19992874077812672,-0.06580349747254033
Pex13,0.04773619785201966,0.02930567258459682
Pex14,-0.04022739869467884,0.04015701226823509
Pex16,0.3036210905817267,-0.25647489692087255
Pex19,-0.3386177019915042,0.12499931266477127
Pex2,0.0974320201619907,0.15299685202518987
Pex26,-0.40146813377750323,0.5413564622147033
Pex3,-0.038683210906558685,0.24472500984625079
Pex5,-0.6042023341341718,0.30135591999750666
Pex5l,0.7072246849285282,-1.3507888448303227
Pex6,0.9792475930755744,-1.0624504343416774
Pex7,-0.43057351559858237,1.1121539628948618
Pf4,0.015549638431558321,0.6646564104938495
Pfas,0.524337837619008,0.04554896651584528
Pfdn1,0.576492675815107,-0.18705054903936258
Pfdn2,0.4090645453115105,0.08752812391571219
Pfdn4,0.5725893733529821,0.2904478056771431
Pfdn5,0.15295380452852925,0.49035931196996074
Pfdn6,0.35206994984018536,-0.17321507338945707
Pfkfb1,-1.5610623687626908,-0.7991913387266298
Pfkfb2,-0.3839807322962834,-0.7295185098852759
Pfkfb3,0.13981279661249246,0.7434763259342088
Pfkfb4,-0.05515795282477143,0.6955864006391241
Pfkl,0.0284764521965446,-0.3390685172876271
Pfkm,-0.8155493626053616,-0.5220022182274828
Pfkp,0.26518118817520886,-0.8386999084460882
Pfn1,-0.29783500033620847,1.112246004045165
Pfn2,0.18310389482487643,-0.7953899546862058
Pfn3,-0.45529429972774627,-0.9847281178965468
Pfn4,-0.10921285350062782,-1.383788355801359
Pfn5,0.0,0.0
Pfpl,0.0,0.0
Pga5,0.0,0.0
Pgam1,0.010730283736185342,-0.4098095073170924
Pgam2,-0.6279906037720453,0.3326617028921728
Pgam5,-0.25603425033392035,0.44726292894672426
Pgap1,-0.17068685260381322,0.061543191091729454
Pgap2,-0.05894011785996156,0.8756255108969295
Pgap3,-0.08136359091665213,-0.41565661335687665
Pgbd1,-0.38241944788250315,-1.8218170623405134
Pgbd5,0.4452430659304838,-0.9603976128851208
Pgc,-0.7310985983582166,-1.009638953449203
Pgd,-0.3125676393843406,0.9044137255341891
Pgf,0.7473305362523881,-1.739020353286012
Pgghg,-0.14122201626100672,0.38052565019533535
Pggt1b,-0.22247874837295178,0.6646022410768246
Pgk1,-0.049537415423090536,-0.45524000210960125
Pgk2,0.8851079923907309,0.39733753613432565
Pgls,-0.1739812067378388,1.156699806680539
Pglyrp1,1.1485486413404855,0.4615585494415626
Pglyrp2,-1.8844183309827043,-0.5883315026258424
Pglyrp3,0.0,0.0
Pglyrp4,0.0,0.0
Pgm1,-0.26440271567317986,-0.29160880420709034
Pgm2,-0.49463526921655543,0.1810867203627069
Pgm2l1,-0.24963987893885609,-0.6522573094061936
Pgm3,-0.08414358959318413,0.25237451737410055
Pgm5,1.8888084075923373,0.009849040514607665
Pgp,0.5789853277833679,0.36902984722125254
Pgpep1,0.09778681240921827,0.36811364050404194
Pgpep1l,0.0,0.0
Pgr,0.7883541368233269,-3.444586508106401
Pgr15l,0.0,0.0
Pgrmc1,-0.2535945071670369,-0.29150370911226453
Pgrmc2,1.1173665426503625,-0.37214570079598897
Pgs1,0.3492822665238364,0.25666154673828423
Phactr1,-0.21944794749422591,-0.12090768627290771
Phactr2,0.3181637630219072,-0.5718056045227851
Phactr3,-1.183260926060898,-0.22225665937751238
Phactr4,0.340741241919587,-0.29909252728886937
Phax,-0.03682780805752017,0.0005088165332853833
Phb,0.05783837157639127,0.250824418867829
Phb2,0.009178788900145562,0.2989652585352207
Phc1,0.33504632024108627,-0.9649203306076224
Phc2,-0.020894257109217662,-0.2773513957853577
Phc3,-0.3416039267094959,0.6262657704426093
Pheta1,-0.13799190630361569,-0.10612801203378375
Pheta2,0.7188318952196759,-0.5402850577159599
Phex,-0.7011973244775103,-1.1111350866142158
Phf1,0.3280908967863265,-0.18552178100507888
Phf10,0.08075161666656339,-0.17987477777704886
Phf11a,0.9502790462856243,0.7275462013313119
Phf11b,0.6764268976618073,0.9509306660819039
Phf11c,0.8963632305333853,0.19517268879977578
Phf11d,0.6650339356635584,0.972280510926824
Phf12,-0.20097684071934907,-0.3288768252596661
Phf13,-0.027053994933613268,0.9388057533283369
Phf14,0.3663087359696018,-0.16529112386748857
Phf19,1.7047067500185258,-0.5665075498665404
Phf2,0.3207145534573046,-0.2501608604594576
Phf20,-0.8135216094197499,0.3943605867727751
Phf20l1,0.035001093517747606,-0.2389511566737994
Phf21a,-0.21686262638587905,-0.25401635633790143
Phf21b,1.1584314625248213,-0.8495265108599037
Phf23,-0.3433713883257088,0.5340925184337024
Phf24,-1.1572885395991914,0.179109092791796
Phf3,0.020257503731363258,0.1675169717691709
Phf5a,0.26521558809519696,0.23367293162796088
Phf6,-0.06510761174758173,0.20104131611289056
Phf7,-0.15057278373212846,0.6354991811221993
Phf8,-0.01117753572901492,0.24914744353728047
Phgdh,-0.024375961287976367,0.14771241893162923
Phgr1,0.5553908421441962,0.0
Phip,-0.07957532758526398,-0.2542730053590958
Phka1,-0.5874820800439355,-0.2663675347996737
Phka2,-0.09763039974589205,0.17137004441778814
Phkb,-0.1854758238098988,0.3311340515596566
Phkg1,0.37989613841013536,-0.15232136556910447
Phkg2,-0.17065108797425843,0.1370334935814057
Phlda1,0.9337782266132955,0.49823727389171335
Phlda2,0.0,0.0
Phlda3,0.7144209909764303,1.1441012631336518
Phldb1,0.09829535854971105,-0.0715027696857149
Phldb2,0.5263222143997099,-1.6308356256939236
Phldb3,0.9838029707106879,-0.9880994542544534
Phlpp1,0.09941405111069024,-1.02347106061025
Phlpp2,1.86013524826787,-1.1699016790321632
Phospho1,-0.051271357041759,-0.2039519053820535
Phospho2,0.27876375977957757,0.30339918195307014
Phox2a,0.0,0.0
Phox2b,0.0,0.0
Phpt1,0.3309727037658199,-0.23644650349996255
Phrf1,-0.38675461398572963,0.16919486277491735
Phtf1,0.7633366168600402,-1.0018258203372623
Phtf2,-0.29119496945207324,0.2478350802381879
Phxr2,0.7264723702079552,-1.0503417887968256
Phyh,0.2894695823103799,-0.24393519694792687
Phyhd1,-0.5814504154181535,1.0254494651460053
Phyhip,-0.05253001807932556,-1.009842986357346
Phyhipl,0.4041729510939369,0.09161947807709758
Phykpl,-0.2348832678384607,0.17114266003649625
Pi15,0.34091987394815604,-1.2502444960540178
Pi16,0.7595970422233504,-0.6137160900820122
Pi4k2a,0.4705491974047291,-0.4789640393998571
Pi4k2b,-0.7581198421424586,1.2380797165330542
Pi4ka,0.21061488803148798,-1.0236686743616197
Pi4kb,0.07753972276542953,-0.01965036012026644
Pianp,-0.03512409408659156,-0.11210524139122136
Pias1,-0.2542459649874047,0.027655580198793217
Pias2,0.35938129403372976,0.23666487677157555
Pias3,-0.5504602698191796,-0.044761014383315256
Pias4,0.04660201570069411,-0.1504988342771547
Pibf1,0.05922518451701997,-0.2529100835524023
Picalm,-0.369323305902693,0.455419564601387
Pick1,-0.6340724191035996,-0.44022101670302227
Pid1,-0.10617008509291992,0.7114086728206157
Pidd1,-0.08706884880936894,0.42621987453596244
Piezo1,-0.5713603169317123,-0.33603783683727606
Piezo2,4.02738299127067,-1.028763135298641
Pif1,-1.5126752811989839,0.02902684148476542
Pifo,-0.11940486904627967,-2.4910466625368413
Piga,-0.11109651795790221,0.47800468089110204
Pigb,-0.380683599699033,0.22276757123902158
Pigc,-0.13571487289775241,-0.14603086316638247
Pigf,0.6504351273363369,-0.5110058074162813
Pigg,-0.7828601331952942,0.2691111224174296
Pigh,-0.15885142014292875,0.14830199397309407
Pigk,-0.28722346963305867,0.5902627230396416
Pigl,0.16753616662104331,-0.41941296014470364
Pigm,0.22429873144460366,-0.0300982518130386
Pign,0.10168691922141626,-0.09304559380614918
Pigo,-0.1631826317331342,-0.30833415148243937
Pigp,0.6774480356480463,0.1924039120334946
Pigq,-0.0680263098257381,0.12203364247785053
Pigr,1.2032431806299189,0.3837087889305377
Pigs,-0.18990679973170188,0.3630559418110799
Pigt,0.11459784602677203,0.019394691345450354
Pigu,-0.1263119182193222,0.3296632354604796
Pigv,-0.1088852551539965,0.21269587103379273
Pigw,0.11436686432681853,0.3378574164156154
Pigx,-0.06780039335544963,0.36854799608798494
Pigyl,0.06539391749100254,0.27269401044768493
Pigz,1.206967290417639,-0.08554064489051783
Pih1d1,0.32913799517513453,0.3099265117370784
Pih1d2,-0.10464790670626822,-1.76461982399847
Pih1d3,0.0,0.0
Pih1h3b,0.0,0.0
Pik3ap1,-0.1433371226249207,0.9497179002052221
Pik3c2a,-0.24522864747446604,0.43963831227233463
Pik3c2b,-0.8483181185342854,0.24920816379839206
Pik3c2g,1.188723929380156,0.0
Pik3c3,-0.1917842948757258,0.11154388413767968
Pik3ca,0.5257777343101946,-1.4316005495350126
Pik3cb,-0.37996577959787636,0.5176479681093333
Pik3cd,-0.5500977147782447,0.892745744552002
Pik3cg,-0.2803071234330865,0.9534761963455747
Pik3ip1,-0.3118455225720673,-0.7580422557976583
Pik3r1,-0.19034229515174061,0.3636448973422368
Pik3r2,-0.5987982580964815,0.37011088726629815
Pik3r3,-0.502106823709747,-0.5822968197722211
Pik3r4,-0.403597657835153,0.06274390822691167
Pik3r5,-0.3142682741896383,0.7419289942301859
Pik3r6,-0.8399001060649045,0.4252705758383737
Pikfyve,-0.1765559220925379,0.40523455205125636
Pilra,0.09550029509703073,1.970863132970143
Pilrb1,-0.22843424127576384,0.8676466790210071
Pilrb2,-0.7799441907033744,1.0381419027223462
Pim1,1.631586511777618,0.2766138043876607
Pim2,-0.5313572313498813,0.1401811277164473
Pim3,0.6416299258493225,0.20862261173065377
Pimreg,0.17922024268685188,0.018496795651150144
Pin1,0.228196672272853,-0.07456858098493946
Pin1rt1,-0.22915837926285726,0.400578209308994
Pin4,0.46541841414493135,0.09010220553548365
Pink1,0.6186289074883966,-0.035874902874398984
Pinlyp,0.0,0.0
Pinx1,0.48229967415991126,-0.09871693190062647
Pip,0.0,0.0
Pip4k2a,-0.37523293741036134,1.180952648166695
Pip4k2b,0.5268313077680427,-0.3454112183857916
Pip4k2c,-0.26563181012507897,-0.3991153118429942
Pip4p1,0.33093619182476885,0.5548057744585595
Pip4p2,0.03360705130024755,0.0609870607316072
Pip5k1a,0.06409166298288582,-0.1235400064396579
Pip5k1b,0.0597749814798858,-0.643617027995834
Pip5k1c,-0.5092899386625387,0.4402938738847446
Pip5kl1,-1.3200296008660253,0.10802993009071571
Pipox,-0.3886293642549754,-3.016486079970208
Pir,-0.7089616974309232,-0.5441476288268703
Pira2,-0.16666373102734777,2.3609954866833345
Pirb,0.041282334656084885,1.798556881237376
Pirt,0.22045132350283914,-3.303530837377438
Pisd,-0.14776849611878262,0.5366605666352982
Pithd1,0.477139226829812,0.21695043446393214
Pitpna,0.15028612291545151,0.6672391490352769
Pitpnb,0.2259898294510556,-0.1020111474988763
Pitpnc1,-0.17048733830127105,-0.14015831597317785
Pitpnm1,-0.37951023368605163,-0.7964304058736662
Pitpnm2,-0.578171078817121,-0.6041328079361232
Pitpnm3,0.32456632051200174,-1.2481465254454598
Pitrm1,-0.4074493633892402,0.12556585588904312
Pitx1,0.0,0.0
Pitx2,-0.9382924263526804,2.2220196732919186
Pitx3,1.745983916581869,0.0
Piwil1,0.0,0.0
Piwil2,0.31923791979330574,-0.17382673756025646
Piwil4,-0.5365494734922964,-2.77122094548593
Pja1,-0.5010528258359948,-0.43314048393435023
Pja2,-0.4106908399029514,-0.10325091617106708
Pjvk,-0.13034752946635608,-1.0412222897194932
Pkd1,-0.2189237121581904,-0.8669171032583236
Pkd1l1,3.097398014888765,-1.2530875301889126
Pkd1l2,-0.723807519278238,-0.6271695575329337
Pkd1l3,-1.4598306959027196,-2.108307099237241
Pkd2,0.17817377084149477,-0.9919000461098824
Pkd2l1,0.0,0.0
Pkd2l2,-0.23307210744946616,-0.0589145786177534
Pkdcc,-0.16303507229464564,-0.9160696093836966
Pkdrej,-1.4679373107299427,-0.25957836838587456
Pkhd1,-0.19647518332548985,-0.7653448745380669
Pkhd1l1,-0.3530322174681173,-1.2010854560968074
Pkia,-0.7745901251724678,-0.5507130768615998
Pkib,0.010060723627042023,1.5791036638920506
Pkig,0.6767703619217578,0.566642281315838
Pklr,0.3699341127021291,0.0
Pkm,-0.1109886634481807,-0.4705766946897718
Pkmyt1,-0.09076691643155144,-0.30781212934841395
Pkn1,-0.4065662223113602,0.7775060383528114
Pkn2,0.7329403772666048,-0.6438967475792605
Pkn3,-1.0475208413154116,1.0200307397758213
Pknox1,-0.3382601474403657,0.41924409719080025
Pknox2,-0.2687021531699294,-0.4573783813411776
Pkp1,-0.548809106630066,-0.6768828688474047
Pkp2,1.7385166338150118,-1.4234891066360316
Pkp3,-2.251081025822788,1.8718951184334336
Pkp4,0.18607658302401475,-1.179987631021877
Pla1a,1.175302193360805,-0.469406893650982
Pla2g10,0.8283096167541446,-1.3741789192102594
Pla2g12a,0.5933231037253988,-0.16170769651737427
Pla2g12b,0.9967489331309207,-0.34915265822807906
Pla2g15,-0.16237998777832274,0.8455096162079059
Pla2g1b,-1.1304376870107582,-0.8047788701047776
Pla2g2c,-0.21779523882649432,0.14094944974862056
Pla2g2d,1.3811604245181268,-1.9537477174018747
Pla2g2e,0.0,-0.2152727868316063
Pla2g2f,2.0982490211153153,-5.005943204987157
Pla2g3,0.04572746598558908,-4.669078187008816
Pla2g4a,-0.03361788220658113,1.1377229647651284
Pla2g4b,-0.45619780658936815,-2.569139732173281
Pla2g4c,0.5080365541753196,-2.486059874899272
Pla2g4d,-0.809912418530689,0.0
Pla2g4e,-2.747984814068374,-1.8200588885121345
Pla2g4f,0.5553908421441962,-0.8713132210850173
Pla2g5,0.3442680272424905,-1.0045712064665437
Pla2g6,-1.3920162660164577,-0.24530871830824452
Pla2g7,-0.1750846607751111,-0.3042471151634061
Pla2r1,0.6632690271536319,-1.3189328840445569
Plaa,-0.2630769327392528,0.6823965369956415
Plaat1,-0.8027537424704914,-1.8036812726962133
Plaat3,0.6746142653578087,-0.3382660217494706
Plaat5,0.0,0.0
Plac1,0.0,0.0
Plac8,-0.21599035070422978,1.2222053360146345
Plac8l1,0.0,0.0
Plac9a,2.5429172040162986,-1.3698378615158555
Plac9b,1.159593466586153,-0.7783157593739931
Plag1,1.372995075824968,-1.208868729433962
Plagl1,0.13005341418637784,-0.35935856471857264
Plagl2,-0.01846524102845848,0.6829391089575232
Plat,1.348362381415475,-0.5130576591100517
Platr25,-0.41432803826402775,0.11272668998565294
Plau,-0.23362077006974413,0.6898077687689641
Plaur,-0.3279125449283917,0.8355494314118586
Plb1,-2.6500733592530796,1.0961580337943242
Plbd1,0.9025479386934521,1.790589797037244
Plbd2,-0.12906420279170128,1.4723866953143947
Plcb1,-0.8913500910047567,-0.4125841180439256
Plcb2,-0.3767904532124824,0.9737595222002167
Plcb3,-0.4417717916120001,1.1046923739790522
Plcb4,0.4819939932278956,-0.7927233696498917
Plcd1,-0.5934366195372345,0.3011042095133565
Plcd3,0.37187409615925837,-1.1580219273597105
Plcd4,1.4364370835973128,-0.8766875313727116
Plce1,0.794446344792016,-2.6040705201841696
Plcg1,-0.20871102535387998,0.060629390866182575
Plcg2,-0.615177247089747,1.2437359609594125
Plch1,-0.7950392201333507,-0.9856062248819484
Plch2,-0.31459771995436014,-0.9871259354239363
Plcl1,0.642679870225952,0.25485840380868474
Plcl2,-0.3126494049427784,0.8756478302611761
Plcxd1,-0.8591371299518977,-0.46090646111846034
Plcxd2,-0.56791834755259,-0.7660515490568933
Plcxd3,-1.4066522628677447,-0.3703833206978162
Plcz1,0.0,-0.4810505446696905
Pld1,-0.4279000402982014,0.8397893319072693
Pld2,-0.5176372130364815,0.742817654221108
Pld3,-0.6217222876759116,0.6379895959235515
Pld4,-0.39499418265291375,1.1235450617608613
Pld5,-1.252148522941865,0.6668375392709365
Pld6,-2.4689847801808633,-1.9629187873021503
Plec,0.526358387110438,-0.040499989540963455
Plek,-0.2566280442798661,1.4155522589215117
Plek2,0.8294953918561367,-1.2184141774225168
Plekha1,-0.007217388091381949,0.003620427754913891
Plekha2,-0.10661018682853651,0.6707768772522815
Plekha3,0.840832992534736,-0.517900035429399
Plekha4,1.794231929783427,-0.4032197918341778
Plekha5,0.09785337176790243,-1.5125762357459598
Plekha6,-0.1005662087318111,-0.809346067461167
Plekha7,0.62578536960741,-0.7169694375927431
Plekha8,0.5159981657493908,-0.6619157460004512
Plekhb1,0.7982376589571629,-0.9519856247623899
Plekhb2,-0.3941598013331564,-0.1411534178372662
Plekhd1,0.08381556210258267,-0.9164416338868726
Plekhf1,0.09084901194878903,0.41184657829308247
Plekhf2,0.3131660083680696,0.383795917775112
Plekhg1,1.9939422430254066,-0.7653200180539645
Plekhg2,-0.3176660027199736,0.25530278256188943
Plekhg3,-1.0805704573468233,0.10361175159132685
Plekhg4,-0.1769196182260666,-2.7550137156882726
Plekhg5,-0.4373759655916025,0.5712570256031846
Plekhg6,0.029407882318362333,-1.1084047969567576
Plekhh1,0.06703684913816321,-4.250331445560084
Plekhh2,0.06897438229589614,-0.5099008182473721
Plekhh3,2.5647651505089137,-1.6487651350713168
Plekhj1,0.2613118288227074,0.10361648636023268
Plekhm1,-0.4397985991334714,0.4115778082281327
Plekhm2,-0.21452117578252583,0.005053109943933265
Plekhm3,0.056854946095684866,-0.1927853243478559
Plekhn1,0.4945425272702133,-0.6336550792222138
Plekho1,-0.3521035665501273,0.8796360821322828
Plekho2,-0.16100589690304368,0.5646828250356446
Plekhs1,0.8413951163892921,2.718476782644123
Plet1,0.14142514168613363,-1.0166785551785877
Plg,-0.7388522828431112,0.0
Plgrkt,-0.014130634504253337,0.8063925784888841
Plin1,0.08922765755844786,-1.4557582985220354
Plin2,-0.6290962413026655,0.6680502222934557
Plin3,0.06463154685750538,0.6878012291861157
Plin4,1.248966723293646,-2.726254228786923
Plin5,0.6534221298877612,0.347618740558288
Plk1,-0.6594430985480475,0.41255662484554456
Plk2,-1.2900037870261247,-0.15244233365829807
Plk3,-1.3103669125084054,0.816723152149633
Plk4,0.4803611213770447,0.10001297481782956
Plk5,0.591208867874462,-0.5189942219966337
Pllp,1.0917047907734672,-0.4946799379631255
Pln,0.5770427320484925,-0.3149607314367602
Plod1,-0.525624242923886,1.1012286424494917
Plod2,-0.007091337432165723,-2.1467951706018935
Plod3,-0.2459548985264437,0.8774048684691564
Plp1,-2.028666971727704,-2.5196403709843533
Plp2,2.1087098153637065,-0.7038459267225976
Plpbp,0.06179309786928222,0.612976599786851
Plpp1,0.07733382602404681,0.13745348536484592
Plpp2,-0.14391504807394817,-0.2655955906518628
Plpp3,1.2435105053179498,-1.2177318465405946
Plpp4,-0.17087567765788414,-1.2151431547899798
Plpp5,-0.021156088593061284,-0.005840580138926299
Plpp6,1.194197684547631,0.027935547813617845
Plpp7,-0.27029390467779635,0.04010834357802473
Plppr1,-1.4788750163752935,-1.2805956119257607
Plppr2,-1.1821460430989372,-0.6124351716434511
Plppr3,-0.8114678302668779,0.0651379499896052
Plppr4,-1.2320955776207896,-0.8232437946560918
Plppr5,-0.8652458789936208,-1.012416089220448
Plrg1,-0.1269323686054431,-0.22197493270407875
Pls1,1.0769768577715428,-1.825844313454044
Pls3,-0.024000391972805346,-0.18563930436390486
Plscr1,0.2719786353244693,-0.14828194450617627
Plscr2,0.3450704339583539,-0.4307740285734427
Plscr3,-0.36044510852970113,0.7889713566473073
Plscr4,1.957633219265512,-0.41210118634910664
Plscr5,0.8262234499630166,-1.5113983886712696
Pltp,0.985276453668126,-0.1636454020054927
Plvap,-0.24629602700312692,-1.210675219868003
Plxdc1,-0.3761045393838529,1.273456636692842
Plxdc2,-0.32051755950930705,0.7116479625458823
Plxna1,-0.47163526439327796,-0.5496122302303323
Plxna2,-0.2803156743136803,-0.6471940707192463
Plxna3,-0.48637599886893845,-0.2954414483999228
Plxna4,-0.16914031418963127,-0.3476062346273192
Plxnb1,0.11464395033332231,-1.0963286966912325
Plxnb2,-0.6105779219679786,0.8004040962024792
Plxnb3,-0.6011596863783772,0.7835626433489189
Plxnc1,-0.12804349593931974,-2.327043750928974
Plxnd1,0.7259059057222448,-0.7399228554733002
Pm20d1,0.22908066020706297,-1.5722501072358837
Pm20d2,0.019421990829451286,-2.318585043490732
Pmaip1,-0.4798024476003775,1.2290162176895159
Pmch,0.0,0.5012337905116021
Pmel,-1.2704526613078775,-3.52232873217023
Pmepa1,0.038337800812286105,0.5536356685151578
Pmf1,0.3354065719988286,0.37024886839098503
Pmfbp1,-1.0317983395631483,-0.5582283226863459
Pmis2,0.0,0.0
Pml,0.5138223234669184,0.4359158426708465
Pmm1,0.4263810836478257,-1.025732401766021
Pmm2,-0.023586325108345463,0.40521716219485526
Pmp2,1.5695285057678228,-1.8888297366342157
Pmp22,0.32803661781575677,0.8112307034854265
Pmpca,-0.5112550680571673,0.37676058090795905
Pmpcb,0.009827691064067778,-0.05227033047272478
Pms1,0.0339110926648285,-0.34771674738794367
Pms2,-0.07192342220271186,-0.23804002380218492
Pmvk,0.8234150787074928,-0.14366398503085698
Pnck,-0.7133409573545144,-0.6811811147903448
Pnisr,-0.159279800654204,-0.1933799427508731
Pnkd,-0.08839533298280955,0.08912731526958595
Pnkp,-0.1325003645614764,0.47271396806462107
Pnldc1,-3.4148229613787686,-0.5655267759387756
Pnlip,1.1037158560934812,-2.182469926885193
Pnliprp1,-0.5325893203936113,0.0
Pnliprp2,-0.3786674845885971,0.34144937936570363
Pnma1,-1.0072117523053876,-0.8968020536998411
Pnma2,-1.0188705993259273,-0.36425849180761194
Pnma3,-0.3731830816595756,-3.052294517456258
Pnma5,0.4183636864206829,-0.7282243797812842
Pnmal1,-0.7670233343828574,-0.8180526463873541
Pnmal2,-0.7208545142732206,-0.019732184093074423
Pnmt,1.0223775183403259,-0.07658134147387285
Pnn,-0.04142753250628495,-0.2718685823157134
Pno1,0.3421112355272893,0.011277189199953241
Pnoc,-0.34196641344790324,2.3441713141850777
Pnp,-0.385624383429235,0.8303715143246091
Pnp2,0.15918561684860588,-0.2703008753471208
Pnpla1,0.1621623542318673,-0.6805349863763723
Pnpla2,-0.41880561676138406,0.30276356601386567
Pnpla3,0.044497448474960066,-0.17759399318933333
Pnpla5,0.0,0.0
Pnpla6,-0.4180374118612864,-0.20164955932183304
Pnpla7,-0.5132760053129495,1.2043267934365538
Pnpla8,-0.4197950357796465,0.6127798935447366
Pnpo,-0.3636284178297391,0.3828983120861409
Pnpt1,-0.016158451703358168,0.5376131346119255
Pnrc1,0.5919231299271086,-0.8860060508372474
Pnrc2,-0.0068991594634990605,0.4077858052215966
Poc1a,0.1561656082996965,-0.18306553946187343
Poc1b,-0.3639436782099743,0.46868768002058125
Poc5,-0.07949948804849782,-0.14526908520473292
Podn,0.758749532445786,-2.8855740183295335
Podnl1,-1.1073546939394943,-0.18459888970491534
Podxl,1.2369055542470306,-0.9669837512195301
Podxl2,-0.4431351597030062,0.24854890041362765
Pof1b,0.5553908421441962,0.9207023985618255
Pofut1,-0.14741179357613987,0.14848279679053178
Pofut2,-0.05268013468542776,0.05917569601240125
Pogk,-0.3683576431463038,0.07009464029389711
Poglut1,0.013773435264756273,0.1885691822650859
Poglut2,-0.28136366653669675,-0.1628031088245514
Poglut3,0.48761628494422027,0.4698479457001197
Pogz,-0.1810323358914374,-0.28549736848288987
Pola1,0.21413865439050817,-0.2567485563039238
Pola2,0.3325727045737832,0.4123523738752706
Polb,0.18376100707027554,-0.6227525747459008
Pold1,0.040927237792615756,-0.18911017460030521
Pold2,0.2903017798012506,0.09048085959796381
Pold3,-0.21601720063785912,0.021967881982758897
Pold4,-0.3632518052352971,0.9596733045041006
Poldip2,-0.13898613149078898,0.13624320942485113
Poldip3,-0.06487281527558686,0.09388707906694904
Pole,0.18126894702806684,0.3435974668735211
Pole2,0.3229290570820007,-0.26626395683923487
Pole3,0.16239035054614348,0.4556639631718973
Pole4,0.3711156094914969,0.012334136013455677
Polg,-0.2125508219254133,0.3580305963214858
Polg2,0.06187339996392893,-0.3977421785003017
Polh,-0.7246126209358597,-0.4619994380075134
Poli,-0.16333489248163424,-0.19226738284275235
Polk,-0.18303614127571777,0.045661397046998786
Poll,-0.1619868753881306,-0.13197698149292414
Polm,-0.17340838752552656,-0.016668052088558483
Poln,-1.217620211342278,-1.8980769628290917
Polq,0.16707705782630367,-1.2284837566096618
Polr1a,-0.10579390781670384,0.2689326126737086
Polr1b,-0.06745187949659126,0.72803332072397
Polr1c,0.42311678963237753,0.10855771546335191
Polr1d,0.18489903970573884,0.3453372105047663
Polr1e,-0.5027893828289205,0.21807176885714252
Polr2a,-0.10275481445474988,-0.32089402094066344
Polr2b,-0.225708717812525,0.24067505815184198
Polr2c,0.21288156694282634,-0.19758114021828632
Polr2d,0.03881908610076579,0.12282265950060456
Polr2e,0.22307920412954907,0.1602543500964142
Polr2f,0.4843400087725751,0.15142994417889177
Polr2g,0.058150599487268195,0.16672419811092176
Polr2h,0.4355812215878565,0.41014666683627077
Polr2i,0.5147515505456717,0.5044133824303945
Polr2j,0.1270821432730198,0.15388715812038
Polr2k,0.5036687785359,0.04300258706721216
Polr2l,0.56694303222603,-0.5027682443138062
Polr2m,0.7543655485245893,-0.30905739239591945
Polr3a,0.2183763680440265,-0.23894591663175646
Polr3b,-0.2159901606391994,0.48930738780049055
Polr3c,-0.04658523529426617,0.4147007698621845
Polr3d,0.08370982927169912,-0.12287566258771321
Polr3e,-0.5658118513963686,0.5840274412589306
Polr3f,-0.23320658776999714,0.0064873337973061496
Polr3g,0.45533425327547405,-1.347279088539998
Polr3gl,-0.3594300087273634,0.18784040280173286
Polr3h,0.3359796757115916,-0.5345883023318905
Polr3k,0.363217314356449,0.04018053394527321
Polrmt,-0.445733832543473,-0.15085670984231214
Pom121,0.7885937660930509,-0.2036785727600643
Pom121l12,0.0,0.0
Pom121l2,0.0,0.0
Pomc,0.07438808972198885,-2.8225264864261232
Pomgnt1,0.5674643661781511,-0.9092873630976204
Pomgnt2,0.36981673564412887,-0.6467978601062097
Pomk,-0.049037543775313,-0.15480388347150154
Pomp,0.022332957353521365,0.5974224774567798
Pomt1,-0.09131123470318414,0.1493895462711663
Pomt2,-0.35815542014147717,-0.022180689788001473
Pon1,-1.7595374431664368,-4.674697992430739
Pon2,-0.3824583137495736,0.8701804241705418
Pon3,-0.562055906377001,1.150535853039237
Pop1,0.030801250992996465,-0.5635299860996534
Pop4,-0.32336374653815625,-0.14966968142518766
Pop5,0.41337432116992545,-0.1961396364366479
Pop7,0.5468425950467743,0.10544623116980567
Popdc2,0.03692909915218667,-3.4981744167894298
Popdc3,0.6430080652228947,-1.453634694460698
Por,-0.11063992086003083,-0.19013371979763605
Porcn,-0.4138933793434063,-0.3892487959304205
Postn,-0.8421952210395629,-1.8820857161005922
Pot1a,-0.26150645367196645,-0.3092910126129258
Pot1b,0.43261685657099136,-0.02023652944290788
Poteg,0.21553195419295623,0.0
Pou1f1,1.2266958360784277,0.5780303762317693
Pou2af1,-0.0026035231063892272,-0.09348010212986413
Pou2f1,0.4948945882059643,-0.47275741078479605
Pou2f2,-0.7699263579610349,0.6915844725872038
Pou2f3,0.3965245222912318,-0.5231910912048338
Pou3f1,-0.17957458304896168,-0.7736157283338843
Pou3f2,1.1880940604614967,-3.948079448386643
Pou3f3,0.6363113275210583,-1.3005035437047807
Pou3f4,0.0,0.0
Pou4f1,1.2700395309459083,-1.6642696614755463
Pou4f2,1.2678350331898582,-0.9989327901693683
Pou4f3,1.4844318188828303,-2.5838999222315557
Pou5f1,0.6581363682708475,-0.8798487710733762
Pou5f2,0.6668031660906504,0.039972219873549264
Pou6f1,0.09709245410427414,-1.3614793447906086
Pou6f2,-0.7660579638610576,-0.8472766822795457
Pp2d1,-0.5957590982857623,-0.6068162314021013
Ppa1,0.28095296409848736,-0.7066453999322526
Ppa2,0.42200309142596204,-0.540249063161923
Ppan,0.3526694893616309,0.3998878702578832
Ppara,-0.7904439070317864,-1.0008449919780231
Ppard,0.09319072424880659,-0.06149091496715009
Pparg,-0.08491833967099405,-0.11282234014666481
Ppargc1a,0.06687203021857258,-0.7178883254787713
Ppargc1b,-0.5566600756903863,-0.8851758703991557
Ppat,-0.12830873988866998,0.24724519376620613
Ppbp,-0.5580656303196649,-0.09469554061686969
Ppcdc,0.014408969090734303,-0.034139683699516254
Ppcs,0.02826602174994619,0.4785431896222496
Ppdpf,0.17032958278773158,0.46056736589344993
Ppef1,1.5479902014561597,-3.0418278485239494
Ppef2,-0.2757928523866653,-1.0469760561419648
Ppfia1,0.09451331535203167,-0.8606056578280761
Ppfia2,-0.5227888120143245,-0.5915605940586648
Ppfia3,0.6099545397770534,-0.44492936487132617
Ppfia4,-0.7184582303082596,1.340899925115938
Ppfibp1,-0.36140653707369097,0.388815426384987
Ppfibp2,-0.12298230949090794,0.6450634259985133
Pphln1,-0.3289620071012429,0.2368722185898129
Ppia,-0.2568338835339645,0.4082639844681033
Ppib,-0.03319782941381355,0.6604209844970566
Ppic,-0.4201233235769193,-0.25002704919787977
Ppid,0.0830106636595449,0.10713007221689175
Ppie,0.014806056648634325,0.047931963827373636
Ppif,0.3075010982650159,0.9687905737085583
Ppig,0.09098586209759496,-0.03406672316420156
Ppih,0.23064204775596586,-0.034607947887294266
Ppil1,0.3303886858162439,-0.08115137156917562
Ppil2,-0.3354898265690416,0.019547408930840504
Ppil3,-0.12763539836761595,0.2751038911414678
Ppil4,-0.2586590906260504,-0.22362466414490179
Ppil6,0.5337766549265863,-2.012959199029052
Ppip5k1,0.05951227734092157,-0.6843417713463005
Ppip5k2,-0.4877637719795409,0.749266976159987
Ppl,1.648091589311758,0.7181631444114993
Ppm1a,0.5543145842227801,-0.8647978562242802
Ppm1b,0.721227179025588,-0.16397316502277093
Ppm1d,0.7345029887050201,-1.8494012317227817
Ppm1e,0.26635881111212356,-0.06961283033207621
Ppm1f,-0.5173120605629098,0.7817419148063571
Ppm1g,-0.18750681893481236,0.5774732273711471
Ppm1h,-0.0038511854482816688,0.052770339376520425
Ppm1j,0.5274777546080927,-1.422987271248414
Ppm1k,-0.3748827015618872,0.322135579547572
Ppm1l,-0.7645311433874529,0.21579088875996888
Ppm1m,0.013065650833867792,1.3815538662131743
Ppm1n,0.2676114051221994,-1.275391415948592
Ppme1,-0.4721710024055632,-0.16366130877742435
Ppox,0.07405342199474063,-0.1906642347293417
Ppp1ca,-0.285289255173824,0.5674936700260016
Ppp1cb,0.2644272425485461,-0.0683548469891111
Ppp1cc,0.7584341516344395,-0.46361100666387145
Ppp1r10,-0.06978047297159229,-0.367911239014834
Ppp1r11,0.2559370498457092,0.11577339132978359
Ppp1r12a,0.2917302492955507,-0.029074584335798903
Ppp1r12b,0.25314843519752195,-0.6033233276926122
Ppp1r12c,0.34182319329636357,-0.2507662141517262
Ppp1r13b,-0.13465966599554946,-0.24990397461546188
Ppp1r13l,0.9501732436440182,-1.1557288803116332
Ppp1r14a,0.44327120765116534,-0.9617537144912851
Ppp1r14b,-0.04280349320038557,1.1512725943328386
Ppp1r14c,-1.5553066174689167,0.0571586684671086
Ppp1r14d,0.9211678479384673,0.0
Ppp1r15a,-0.5038877277092073,-0.04435778918010591
Ppp1r15b,-0.19806331495498952,0.5244739694318241
Ppp1r16a,-0.3627286190441463,-0.14793913887111465
Ppp1r16b,-0.6955396058336696,-0.08238907342424717
Ppp1r17,-0.9910114453717682,-0.4379349490339326
Ppp1r18,-0.5635505168752228,1.079766664775395
Ppp1r1a,0.28690518612260085,-0.6341380880119729
Ppp1r1b,0.34404817318647574,-0.7496158390937868
Ppp1r1c,1.054490388020053,-1.0179051123689926
Ppp1r2,0.26556571323203215,0.3639174461477097
Ppp1r21,-0.36756910352172234,0.630226204677161
Ppp1r26,-0.8406186757855911,-0.17187664701662442
Ppp1r27,0.45406661279034677,-1.4933186647586085
Ppp1r32,0.5245109754921913,0.11381381854950678
Ppp1r35,0.5980880401831712,0.7599623622972169
Ppp1r36,0.0,-1.3433673913061996
Ppp1r37,0.4062232524349847,0.1949024989314223
Ppp1r3a,-0.3493402176101932,0.9399266567489271
Ppp1r3b,-0.030361351130940406,0.8779171668679133
Ppp1r3c,0.054764192459908045,-0.7125250050199252
Ppp1r3d,0.4778602709285842,1.7611047518280714
Ppp1r3e,0.8352625067895421,-1.0256868951039784
Ppp1r3f,-0.6746916028993901,-3.0056952008429825
Ppp1r3g,-0.08749172308688447,-2.964662663238576
Ppp1r42,0.781236121812924,-3.2428090070624025
Ppp1r7,-0.3443702744533592,-0.034223050694095036
Ppp1r8,0.21082362543904054,-0.1231694773050176
Ppp1r9a,-0.33201357401833853,0.22458837483505967
Ppp1r9b,0.164589360000873,0.20055186339450692
Ppp2ca,0.7413945238071875,-0.5695500357437435
Ppp2cb,0.6054685599964005,-0.6737350918753302
Ppp2r1a,-0.4623101984069038,-0.20789790207530068
Ppp2r1b,-0.4397487886864848,0.5417610481136848
Ppp2r2a,0.08713917431012064,0.5885401704803055
Ppp2r2b,0.5504682330050024,-0.9187344253290828
Ppp2r2c,0.4927207295353675,-0.7847801182223746
Ppp2r2d,0.2674400653239939,-0.37471589157200835
Ppp2r3a,0.19237091400448314,-0.538270975410784
Ppp2r3c,-0.29993611032856826,0.1689207443361589
Ppp2r3d,0.7681153592206167,-0.05917443821623092
Ppp2r5a,0.47806703531777295,-0.7442494540899531
Ppp2r5b,-0.3163669675457559,-0.07065383493073085
Ppp2r5c,-0.04098043683497821,0.25187371013213955
Ppp2r5d,-0.07286122470643086,-0.1387346280474926
Ppp2r5e,0.4170931686453212,0.016963146699566778
Ppp3ca,0.5849796510735068,-0.5826446756161126
Ppp3cb,0.36857962790997334,-0.7854049660294731
Ppp3cc,0.6773425895127643,-1.5757780948117208
Ppp3r1,0.5744584074236503,0.4630915261305315
Ppp3r2,-0.23690106472386616,-0.8119391554664651
Ppp4c,-0.08142662264831024,0.6684843746896814
Ppp4r1,-0.47437414958049295,0.21490167540857819
Ppp4r2,0.3322791235992568,-0.9059029855813865
Ppp4r3a,0.2583866371630741,0.06943824199882975
Ppp4r3b,-0.5713837968693198,0.12441494416094478
Ppp4r4,0.6248410752697149,-2.7160794643245074
Ppp5c,-0.33984689435280835,0.10007009116829835
Ppp6c,-0.3249575094952313,0.34148868029136636
Ppp6r1,-0.50202410978142,0.8685971749599588
Ppp6r2,0.09248362802101706,-0.4114765598096666
Ppp6r3,-0.4039152689119909,-0.08474830592164118
Pprc1,0.058794007799132686,0.6534607968516468
Ppt1,-0.052459998211539016,0.6643675924396657
Ppt2,0.11265625778620603,0.050430673214998833
Pptc7,-0.1144545120774243,-0.5355502545429376
Ppwd1,0.2569528182934544,0.3225728915367032
Ppy,0.0,0.0
Pqbp1,-0.22219430987290778,-0.13666872824552456
Pqlc1,0.4312399558056139,-0.1653658532113802
Pqlc2,-0.2407152049191037,0.4770719597977777
Pqlc3,0.7993923598080013,0.8097836410186687
Pradc1,0.03656952848663941,0.5004834881609765
Praf2,0.12370004815009494,-0.4278947690857393
Prag1,-0.16159898183228805,0.5167874236049599
Pram1,-0.25212728187463096,-0.1960452392811325
Prame,0.7315351555641978,0.0
Pramef12,0.0,0.0
Pramef17,0.0,0.0
Pramef20,0.0,0.0
Pramef25,0.0,0.0
Pramef6,0.0,-0.42811183242342066
Pramef8,0.01757306360373434,0.10564977142923482
Pramel1,0.0,0.0
Pramel3,0.0,0.400578209308994
Pramel4,0.25003444648655127,-0.28261729278369063
Pramel5,-0.2154087266458899,-0.2152727868316063
Pramel6,0.0,0.0
Pramel7,0.0,0.0
Prap1,0.7436206228968377,-0.34915265822807906
Prb1,0.0,0.0
Prc1,-0.06515565598500839,-0.11355679021430465
Prcc,0.6543759600869503,-0.328734377072637
Prcd,0.7582692912901745,-1.0067220466690507
Prcp,-0.1939599951494344,0.7852520989300817
Prdm1,-0.5667672676192499,0.23555553025973097
Prdm10,-0.3870847528904662,-0.10531531237638703
Prdm11,0.28352596636385563,-0.884456355606015
Prdm12,0.0,0.0
Prdm13,-0.4124525976394988,-0.04960575382855836
Prdm14,-0.8406761185134314,0.0
Prdm15,-0.4076322047063634,-0.802045124845133
Prdm16,-0.35878288044111617,-0.25525985206594015
Prdm2,-0.3468940615102376,0.7722793986190251
Prdm4,0.4471298739393301,-0.5941514811121218
Prdm5,1.7306289447158258,-1.0102946876752963
Prdm6,0.0,0.0
Prdm8,1.4644471962744792,-1.6827021067041557
Prdm9,-0.2050249917584539,-0.06573781544750812
Prdx1,0.10598542395178967,0.7071155828542786
Prdx2,0.2154913148618629,-0.25679644499424015
Prdx3,0.07735176325896376,0.1706580356768228
Prdx4,0.03970758958338472,0.7544192663596618
Prdx5,-0.07163676026154064,0.5222673393457224
Prdx6,0.916517634220023,-0.6071470395294831
Prdx6b,0.0,-0.4427166047663706
Preb,-0.11572170480528321,0.12445671205750308
Prelid1,0.2153211258739809,0.2890847109911512
Prelid2,-0.14828272950841814,0.6253500558506575
Prelid3a,-0.20928308665477413,-0.5242958656856072
Prelid3b,0.02514115316761334,0.3987292927693211
Prelp,1.1888346557516432,-0.32843864624439156
Prep,-0.2444027912402511,1.0080641445030043
Prepl,-0.7303270366563055,-0.3411548747128599
Prex1,-0.6720323850740897,0.6884893250077848
Prex2,0.08650593701176224,0.09290318114267748
Prf1,-2.6327594982944706,0.19483402046609277
Prg2,0.0,0.0
Prg3,0.0,0.0
Prg4,0.6341796583414245,0.47170188546636904
Prh1,0.0,0.0
Prickle1,-0.2368716603241161,-0.9017978503142636
Prickle2,-0.4909959751478823,-0.8925029628037855
Prickle3,-0.23430492385934087,0.3249771315447667
Prickle4,1.6700210695326776,-0.6983021032212537
Prim1,0.40002428188055106,-0.2497546022537085
Prim2,-0.20970306475291878,0.108119632023846
Prima1,-1.7219011316319666,0.8049244550598127
Primpol,-0.3297487057978543,0.33720786953885273
Prkaa1,-0.3018510052110166,0.23188071034977753
Prkaa2,-0.6846886383336983,-0.7942731910583323
Prkab1,-0.0044467376962273875,-0.27436884326141353
Prkab2,0.05657082952211212,-0.20381465029344703
Prkaca,0.6320322191973462,-0.6385122174592395
Prkacb,-0.3701515452191977,0.1640732288188378
Prkag1,-0.15701537940806354,-0.10981092923442759
Prkag2,-0.49989529713429093,-0.4224198558695811
Prkag3,2.7796401814530274,-0.9194137746133908
Prkar1a,-0.4432767920830578,0.21349977686144683
Prkar1b,-0.4202244295399957,-0.3464902658166533
Prkar2a,0.769424228387857,-0.6945399693499237
Prkar2b,-0.6142358363018117,0.2072834436511144
Prkca,0.40732770834353715,-0.05754070209530404
Prkcb,-0.0915086576376698,0.09535079933309554
Prkcd,-0.5902857772042704,1.0121422752225389
Prkce,0.22896065327795512,-0.7630968108089178
Prkcg,-1.2499910812058879,-2.1062198142127357
Prkch,-0.10789638073508456,0.6076700019721955
Prkci,0.4343658170605025,-0.7653863550755311
Prkcq,0.5188819175549364,-0.4703418475863135
Prkcsh,-0.28746863789617905,0.2994982647822866
Prkcz,-0.33469848073943,-0.3937293974767542
Prkd1,1.2372918958633834,-3.1555780291301887
Prkd2,0.44637636943362935,0.003857568558586877
Prkd3,-0.12108056025218517,0.2869145496182437
Prkdc,-0.1167444594263003,0.3530270344247395
Prkg1,0.31510208266336726,-0.5395147516424164
Prkg2,-0.2731925070663932,-1.5314855449405456
Prkn,0.7092835768379189,-0.7152111385314583
Prkra,-0.23660576454695992,0.08274407123107075
Prkrip1,0.7339066425642304,0.10383522445761262
Prkx,-0.044684096978407695,0.6621316437942841
Prl,0.0,0.0
Prl2a1,0.0,0.0
Prl2b1,0.0,0.0
Prl2c1,0.0,0.0
Prl2c2,-0.23690106472386616,-0.44656908196376366
Prl2c3,0.0,0.0
Prl2c5,0.0,0.0
Prl3a1,0.0,0.0
Prl3b1,0.0,0.0
Prl3c1,0.0,0.0
Prl3d1,0.0,0.0
Prl3d2,0.0,0.0
Prl3d3,0.0,0.0
Prl4a1,2.8778215057120793,0.25082299571856037
Prl5a1,0.0,0.0
Prl6a1,0.0,0.0
Prl7a1,0.0,0.0
Prl7a2,0.0,0.0
Prl7b1,0.0,0.0
Prl7c1,0.0,0.0
Prl7d1,0.2371873365765038,-0.5901012017803653
Prl8a1,0.23016498519861273,-0.5385234969240651
Prl8a2,0.0,0.0
Prl8a6,0.0,0.0
Prl8a8,0.0,0.0
Prl8a9,0.0,0.0
Prlh,0.0,0.0
Prlhr,0.0,0.39733753613432565
Prlr,-1.0024739127210953,-3.1850161898549905
Prm1,-0.22915837926285726,-0.8060731161314086
Prm2,0.0,0.0
Prm3,0.0,0.0
Prmt1,0.12380131998373045,0.24191903907984624
Prmt2,-0.20091161420932124,0.05069683021946858
Prmt3,0.11353998305631752,0.6053052640572405
Prmt5,0.037501154357730826,0.02994788595744602
Prmt6,-0.4784068486211197,0.016412437995670714
Prmt7,-0.09368094350187306,-0.18114109917214982
Prmt8,-1.3299235827849119,-0.7481518851941722
Prmt9,-0.45008704825214707,1.0765180257576201
Prnd,-1.8999265864812476,-1.5215546876638801
Prnp,0.05408816920328796,-0.6239767787080961
Prob1,-1.0974691727793493,-0.32242896457867953
Proc,0.0,0.0
Proca1,0.7492308675192358,-1.2464288055704507
Procr,-1.2508676896674071,1.4298086028087136
Prodh,0.209308681579369,-0.7317636668704717
Prodh2,0.770935459617657,1.0132170871015647
Prok1,2.3963123464502116,-0.956223502451615
Prok2,1.7399477783221318,0.0
Prokr1,0.6541130226748453,-2.4353323151702164
Prokr2,2.679001397686446,-2.7907689762055967
Prol1,0.0,0.0
Prom1,0.14519108607539444,-1.0309282307467438
Prom2,0.4072125570964884,-3.0091356524172896
Prop1,0.0,0.0
Prorp,0.28904774553780577,0.2791049869890232
Prorsd1,0.41194762552781405,0.4950133582927059
Pros1,-0.5004353946862246,1.3460634979099346
Proser1,0.18777919747179972,-0.04745202570780549
Proser2,-0.6469081363289497,-1.3931495051461118
Proser3,-0.11868240350893888,-0.0067858103353115595
Prox1,-0.3480082046210651,-0.6586659761867324
Prox2,-0.950383149724173,0.1563720495851193
Proz,-0.6757862647572068,-1.1460184375565818
Prp2,0.0,0.0
Prpf18,0.06120222627676597,0.022053727000804102
Prpf19,-0.11512589709553822,0.5589402919768407
Prpf3,0.05617813691131701,-0.3452999148229079
Prpf31,0.4097660114846171,-0.16544791378076695
Prpf38a,0.20506327028420124,0.12734363102969226
Prpf38b,-0.014142747016590462,0.48009773151813206
Prpf39,-0.41507785352008497,0.04502830879769171
Prpf4,0.007192272259883836,-0.4492753984088331
Prpf40a,-0.06426331294489884,0.4317049190027138
Prpf40b,-0.09135886858267561,-0.6660643798880983
Prpf4b,0.21712499210975977,-0.2157902427555154
Prpf6,-0.2644670243808651,0.049329460186415375
Prpf8,-0.1320874625817794,-0.036329091746070574
Prph,2.610892708721798,-2.4918773724459373
Prph2,0.1691317878258758,-0.8593583087648806
Prpmp5,0.0,0.0
Prps1,0.02677477925633731,-0.26758945754727925
Prps1l1,0.7079097612084304,-2.482192042722886
Prps1l3,-0.05192143926678128,0.09966130368501247
Prps2,-0.3962213748854193,1.2033224110523832
Prpsap1,0.4189344847664387,0.6646061490220667
Prpsap2,-0.06611897714921966,-0.20931881488651527
Prr11,0.026771764705522116,-1.1204653266221207
Prr12,0.5047919779557919,-0.28836147968162607
Prr13,-0.05828943088992489,0.4796053492791206
Prr14,0.118290953326321,0.11364568239239681
Prr14l,-0.017272484148289635,0.5722283503092385
Prr15,-1.0535060761751989,1.4430535418499253
Prr15l,0.9479144897702838,-0.5174950730736638
Prr16,1.9066715028666903,-0.3050414886382278
Prr18,1.0289426016391148,1.055213281791615
Prr19,-2.1907806150898663,-0.5700546702120795
Prr22,0.6202054232296015,-0.12301721678396671
Prr23a1,0.0,0.0
Prr23a2,0.0,0.0
Prr23a3,0.5460770418021937,0.0
Prr27,0.6103283569546322,0.0
Prr29,0.008064317516017105,-0.5231910912048338
Prr3,0.06721701147809789,-1.0332655665347996
Prr30,-0.27772981041105405,0.0
Prr32,0.0,0.0
Prr33,-2.5790943640366715,0.1812320691872431
Prr36,-0.1245134229171736,-0.9544770345914522
Prr5,-0.6361008957685064,0.7757055127015455
Prr5l,0.21016853150117853,0.7887637562600123
Prr7,0.4684491062788465,0.0
Prr9,0.0,0.0
Prrc1,-0.39331864556099205,0.7064873210753628
Prrc2a,0.4887884392213717,0.029321414125950795
Prrc2b,0.739066365613473,-1.4749767830551441
Prrc2c,0.2305152310398242,-0.3656779725456918
Prrg1,-0.6285379458674072,0.32653989283615026
Prrg2,-0.16181334393049696,0.9787859136998058
Prrg3,-2.012942093632666,-0.5906803353487113
Prrg4,0.2845719409854759,-2.381339605907357
Prrt1,0.14635882188741434,-0.5824088789416102
Prrt2,-0.2093358819040505,-0.6845961217712535
Prrt3,0.26526745701380783,-0.9868013589117428
Prrt4,-0.5325510456829949,-0.914877766362423
Prrx1,1.7952820742645623,-1.6877222216100094
Prrx2,0.0,0.38705253780119775
Prrxl1,0.253543552846022,0.46037546947396846
Prss1,0.0,0.0
Prss12,0.05457002194205751,-0.3111365556423149
Prss16,-1.337229756431099,0.0
Prss2,0.0,0.0
Prss21,0.0,0.0
Prss22,1.9790134845708705,0.0
Prss23,0.956185834017786,-0.8808093826694652
Prss27,1.509871487884091,-0.623924169025388
Prss28,0.0,0.0
Prss29,0.0,0.0
Prss3,0.0,0.0
Prss30,1.4570037101887257,-0.48920870866828103
Prss32,1.3040500584506196,0.0
Prss33,0.664845959483704,-1.9415069772064295
Prss34,0.0,0.0
Prss35,0.7484017130279179,-0.6084831445125234
Prss36,-0.09688773600558775,-0.209082812308659
Prss37,0.3648957247528677,-0.953665949194657
Prss38,0.4207048841464207,-1.3935537896894847
Prss39,0.3822586798994121,-0.2218593794753994
Prss40,0.0,-0.4569204579033296
Prss41,-0.6109292523545755,-0.5825281744856621
Prss42,0.0,0.0
Prss43,-0.45529429972774627,0.0
Prss44,0.0,0.0
Prss45,-1.9421442990866642,-0.29210403055156275
Prss46,0.0,0.0
Prss47,0.0,0.0
Prss48,0.0,-0.4371321663070057
Prss50,-0.7530896355126313,0.0
Prss51,0.0,-0.345790212076149
Prss52,-0.4499784845888962,0.0
Prss53,1.156128282241816,2.3532208572526825
Prss54,0.0,0.0
Prss55,0.7540427551864661,-0.21283904559181435
Prss56,2.185686863310636,-2.561843064348099
Prss57,1.3243076294420113,-1.4658154175954672
Prss58,0.0,0.0
Prss8,1.9681543122703702,-1.0656180872146945
Prtg,2.3413034484947604,-2.404731670722351
Prtn3,0.7841395275719769,0.127625155927237
Prune1,-0.1107556683898494,-0.28538721522032695
Prune2,-0.1359607460812864,-0.3767997415382158
Prx,0.42121054389138535,-1.3994024200295734
Prxl2a,0.32314054271741455,-0.7668729409748263
Prxl2b,0.3370091723543087,-0.17454622630553196
Prxl2c,0.37285945709689017,-0.19988480676988019
Psap,-0.25712468609351546,1.4545671501782476
Psapl1,-0.6972733594873769,-2.958649433627367
Psat1,0.1699705218958414,-0.2190638935103859
Psca,2.6466218619749684,0.0
Psd,-0.07804026444151724,-0.651944444581078
Psd2,-0.5336546423010073,-0.48601722018260496
Psd3,-0.74068841831863,-0.7514871088520803
Psd4,-0.27121560731390737,0.841353168883213
Psen1,-0.37301547274446634,0.45006865548661423
Psen2,0.07778145572680195,0.3457096761864502
Psenen,0.14994736754694848,0.8940054034309366
Psg16,-0.3146741885048989,-0.2921866840621856
Psg17,0.0,-0.34915265822807906
Psg18,0.3822586798994121,0.0
Psg19,-1.4166660623353942,1.156810714013287
Psg20,0.0,0.0
Psg21,0.0,0.0
Psg22,-0.712696693397576,2.668445453712567
Psg23,-0.25596381519799927,-0.2420973686053376
Psg25,0.0,0.0
Psg26,0.0,0.0
Psg27,0.0,0.0
Psg28,0.0,0.0
Psg29,-2.897219033239167,-1.0117209969002392
Psip1,0.6833942406007818,-1.4598409567547925
Pskh1,-0.4800278807643412,0.29712108273897897
Psma1,0.009883905385226655,0.15926722366899604
Psma2,0.27980379814693457,0.10701369917170567
Psma3,0.5245235737871621,-0.1657190300120277
Psma4,0.03926147999938223,0.2750316520451115
Psma5,0.07697882371313369,0.09685513262268586
Psma6,0.025814312296713382,0.3288599219014614
Psma7,0.33225114267873224,0.15422681831172902
Psma8,-0.24929350595905575,0.9569789121233017
Psmb1,0.17316146234342966,0.3936261997464605
Psmb10,0.27234482920463243,0.825077601651687
Psmb11,0.7350284567567815,-2.39072891265442
Psmb2,0.19358401122249624,0.20362978925436792
Psmb3,0.14470240756300257,0.1794842860315402
Psmb4,0.1136291538420835,0.03332419854898028
Psmb5,0.13048871787328054,-0.19750219123205248
Psmb6,0.3238497346051936,0.0026408111843458926
Psmb7,0.1718160789770291,0.17730941129677724
Psmb8,0.04730717119465133,1.12549765435333
Psmb9,0.24454971680590454,1.0462734600958061
Psmc1,0.11461249640480453,-0.15188311929970055
Psmc2,-0.048443521080569596,0.16534542786361328
Psmc3,0.032163317711363604,0.056913950708842975
Psmc3ip,0.9926116367970188,0.16678650044419552
Psmc4,-0.08579072662061549,-0.2182567293288109
Psmc5,0.12370060115792114,-0.22718114375658516
Psmc6,0.06893017583445626,0.10554569535295144
Psmd1,-0.26296543202677825,0.0693166862259389
Psmd10,0.18809629595285315,0.3530916543531646
Psmd11,0.1488676297153777,-0.3277681663360035
Psmd12,-0.0015326684519010314,-0.01963754615802138
Psmd13,0.0684443607050369,0.17854525619185146
Psmd14,-0.032340672319008945,-0.0766806535405351
Psmd2,-0.3666156122021178,0.11726720665481416
Psmd3,0.08861952262566497,0.1557153745235098
Psmd4,0.09612110735636215,0.0011732541108795402
Psmd5,-0.2183477642361744,-0.22175786320126178
Psmd6,-0.1855404319412024,0.2841713254156737
Psmd7,0.07147131395746165,0.06848050576358666
Psmd8,-0.051228410667286894,0.02818693388150706
Psmd9,0.2838099675859418,-0.31520362284227055
Psme1,-0.1874407298501577,0.7830969487490655
Psme2,0.17998758579537544,0.7433564533183876
Psme2b,-0.5176404671192172,0.7237032990091121
Psme3,-0.27473687282202164,0.4669033565219678
Psme4,0.04795085565361923,-0.5312614581796993
Psmf1,-0.09648086320574834,-0.054165135686179866
Psmg1,0.27554295122423866,0.33590040029702095
Psmg2,0.2608808849031874,-0.557184426587547
Psmg3,0.06534307072482903,0.5166862864003807
Psmg4,0.4861285381044045,0.42994766020414854
Psors1c2,0.2473708277736269,-1.1591037007387892
Pspc1,0.22060034278777874,0.8574274986507202
Psph,0.049338340183217255,0.08371397753801801
Pspn,1.0154739923497509,-0.2411413701692755
Psrc1,-1.0900500972989065,-1.4978026121172405
Pstk,0.5291217964440342,-0.4247041556753217
Pstpip1,0.5349372278986984,1.2824543509029986
Pstpip2,-0.0002703011852229764,0.7194116135631914
Ptafr,-0.4303237905277868,1.0257741015644868
Ptar1,-0.21148118464009258,-0.5335897910232852
Ptbp1,-0.242005593854703,0.6258014937166188
Ptbp2,-0.08011049930325775,-0.3976549951688586
Ptbp3,-0.30775999060664994,0.8394820499292273
Ptcd1,-0.25309622629032447,0.14885319916376183
Ptcd2,-0.029349187186676673,-0.12762963954108386
Ptcd3,-0.06966949294946545,0.07971132402148307
Ptch1,-0.015240681878193385,-0.6209649781735287
Ptch2,-1.0857797961915718,-1.1031126970836158
Ptchd1,0.2577959445468423,-0.9689095883982493
Ptchd3,0.0,0.0
Ptchd4,-0.030667109880877064,-0.9140194652514646
Ptcra,0.44944809765309524,-0.24056883340912805
Ptdss1,-0.3534659263947919,0.2858784471346407
Ptdss2,-0.21721247958807055,0.007736795486325221
Pten,-0.27108447238799727,0.24682152810977342
Pter,0.6220921258971792,-0.49902589832690225
Ptf1a,-0.4577211700499051,0.0
Ptgdr,0.7806007596657732,0.0
Ptgdr2,-1.0035913756123416,0.0
Ptgds,1.1023275016119545,-2.065833011997917
Ptger1,-0.5027741053670711,-0.9158593305932143
Ptger2,-0.3822656235111599,1.8844357501993962
Ptger3,0.008628047070075695,-1.566452491023481
Ptger4,0.6573702225859321,3.041841504531061
Ptges,-3.5292786725817695,-1.6989569532685795
Ptges2,-0.32168355935298454,-0.5146574101755608
Ptges3,0.27921472274545245,0.3126550906121839
Ptges3l,0.1547289266932932,-0.6398067584487892
Ptgfr,0.04927902128599104,-2.75388956838301
Ptgfrn,-0.8916960348170555,-0.6647874933754032
Ptgir,-3.590498720120413,-0.7057725101629666
Ptgis,0.3145880839447237,-0.47283301291095636
Ptgr1,-0.7062803070346444,1.0925700099058773
Ptgr2,-0.22351870554182618,0.5608253073421832
Ptgs1,-0.28814127176024584,0.8972193150975993
Ptgs2,-4.757305282510766,2.788860689218153
Pth,0.0,0.0
Pth1r,-1.0849951042271964,0.029312700229645827
Pth2,-0.23690106472386616,0.5468241035007112
Pth2r,-1.7348603437557888,-0.6319285210914156
Pthlh,-1.5048585933705465,-2.3085230089501776
Ptk2,-0.1860358214707709,-0.4003560083420066
Ptk2b,-0.3421895749238786,0.8471797468391156
Ptk6,0.0,0.0
Ptk7,-0.43239176257850076,-0.9715570146475772
Ptma,-0.017998124739454724,0.5692992937147707
Ptms,0.24676773898675108,-0.4426420707055687
Ptn,0.21362871151977814,-0.8916450390586448
Ptov1,0.7324320432528335,-0.722817723814468
Ptp4a1,0.3080600153576025,0.17297458013554667
Ptp4a2,-0.3480634218050813,1.030218140027662
Ptp4a3,0.8031938217764338,-0.2903312539333758
Ptpa,-0.2993878451772112,0.301935202992059
Ptpdc1,-0.33975458974773076,-0.09614087853283149
Ptpmt1,0.08288221237908111,0.25184741792497434
Ptpn1,-0.37095144204302777,0.9889500268557647
Ptpn11,0.05570774015973612,0.25167700236092827
Ptpn12,1.0653722921551596,-0.8641078594584952
Ptpn13,0.8851262111052991,-2.3370421463414486
Ptpn14,-0.4847818074930492,1.6083872028793813
Ptpn18,-0.25253546314028696,1.3969165742803948
Ptpn2,0.5652636145022889,-0.041555708872351715
Ptpn20,0.4115047929613507,-0.5661440692929205
Ptpn21,0.06470867221164234,-1.690699640101065
Ptpn22,-0.07996147662826836,2.0670453273887937
Ptpn23,0.3902341846733375,-0.16657184154760607
Ptpn3,0.6387279057313364,-1.4905794631139377
Ptpn4,0.11870593226162285,0.092141419118839
Ptpn5,-1.1807557034096607,-1.585716844178168
Ptpn6,-0.3903981707465025,1.0220663937555514
Ptpn7,-1.4302662368769994,1.227488252284009
Ptpn9,0.5117974673034622,-0.2427871456552939
Ptpra,0.4622112116963475,-0.28921150037144017
Ptprb,-0.6072591055187395,-0.9032454188580061
Ptprc,-0.3239675235550621,1.3710023355621068
Ptprcap,-1.375506602295291,-0.8644381877984182
Ptprd,0.31827469773782724,-1.705753268787431
Ptpre,-0.3067263111315164,0.6832192639525285
Ptprf,-0.027423039173010366,-1.5077930312650256
Ptprg,-0.08435080012470486,-0.9018548082440461
Ptprh,-1.5508276556394174,-0.4136528471858214
Ptprj,0.07122869935815501,0.6003884485067523
Ptprk,-1.5540000298838468,0.07051836088587571
Ptprm,-0.34996398135032614,-0.031017216769049227
Ptprn,0.06971503169724258,-0.2626470869826978
Ptprn2,-1.150397467299003,-0.8433910721617313
Ptpro,-0.30468442132202433,0.6598273278527458
Ptprq,0.0,0.0
Ptprr,0.027921991822212888,-0.7800318309604748
Ptprs,0.14846515006538574,-0.44373719221994534
Ptprt,-0.5427275919328878,-1.601938555827462
Ptpru,0.9723932163828461,-1.15548452269325
Ptprz1,-0.07291318255283841,-1.2979599287100854
Ptrh1,1.0397768613961285,0.466847875513122
Ptrh2,-0.12102587970883505,-0.05307171072431771
Ptrhd1,-0.04560992849752665,0.25640800712610634
Pts,0.0300505955662711,0.08337521916620716
Pttg1,0.4786099654699143,0.29027944404691297
Pttg1ip,-0.05779038836363881,0.5380586442269895
Ptx3,-0.47110128659410755,-1.5892585894200069
Ptx4,0.0,-0.9073032776880369
Pudp,0.0,0.0
Puf60,-0.18512993387305166,-0.0355965070816211
Pum1,-0.4294421742012453,0.05161787710762766
Pum2,-0.09622548331758551,-0.18488593882262627
Pum3,-0.1409434433940131,0.4089128801477049
Pura,0.6871169620144624,-0.6366165768421208
Purb,0.021433435688324565,-0.29324046498270917
Purg,0.7211227600953363,-2.5670744195072057
Pus1,0.7628876945253333,0.7014313367179774
Pus10,-0.26710093026366444,0.9066849267324493
Pus3,0.43724384576503894,-0.8539751729527705
Pus7,0.3650060856052999,0.6600323208416743
Pus7l,0.3813066022646785,1.6738348803572451
Pusl1,-0.06742068592129513,0.21722254201111824
Pvalb,2.229783314114975,-0.8831023995841605
Pvr,0.2536959432880792,-0.11376733664720184
Pvrig,0.4630551126125937,1.8221291060098972
Pwp1,-0.14733612826771214,0.18458562540315882
Pwp2,-0.00045328341871453404,0.1038421999167074
Pwwp2a,0.48130939407012185,-0.42900756173309595
Pwwp2b,-0.387541628458667,-0.36722801295600505
Pwwp3a,-0.28249830551053634,-0.07636649579573529
Pwwp3b,0.21929554930882933,-0.5606755094801201
Pxdc1,-0.43951813619066904,1.7988921096884232
Pxdn,-0.1278641144964725,-1.6464892441954078
Pxk,-0.11186524452378421,0.4298155388157916
Pxmp2,1.3231384324854378,-0.4505160126723977
Pxmp4,-0.118300602632182,0.3884000291278884
Pxn,-0.22109675697447528,0.40561665926249724
Pxt1,1.9961729140023765,0.22794390705245604
Pxylp1,0.3188961814953295,-0.91446108067412
Pycard,-0.1868589658963149,1.5919144965153578
Pycr1,-0.03674182980063634,-2.06984562447899
Pycr2,-0.18589295907048786,0.08326534939807217
Pycrl,0.1548331365453084,0.3004083825578956
Pygb,-0.30974331573178837,0.04701821617807411
Pygl,-0.7453664065952008,1.1699288064132372
Pygm,0.13061654833783365,-0.8265739714260079
Pygo1,-0.00829841937044229,-0.43278980416327784
Pygo2,-0.38547829114688525,0.8963391964491727
Pym1,0.14448220633355646,-0.5365724402255649
Pyroxd1,0.36614374889652446,-0.23887344186181814
Pyroxd2,-1.2396642846791437,1.073713791785635
Pyy,0.0,0.0
Pzp,-0.32997130666837915,-0.787720204778734
Qars,-0.40708499358015615,0.16583068403034495
Qdpr,-0.27290128820654047,-0.26632277664421444
Qk,-0.07623924167129026,0.3937926578069302
Qpct,0.1056421309111446,0.028590458578685585
Qpctl,-0.25294191297381374,-0.05137688897903381
Qprt,-0.47983775305284926,0.19666009029152942
Qrfp,-0.9200972697979033,-0.002697728821909884
Qrfpr,1.5836633336239236,-0.6085338172487251
Qrfprl,0.8768724758035196,0.0
Qrich1,-0.18359482735452914,0.27074143648156834
Qrich2,0.26130202221336907,-1.1154019251523937
Qrsl1,-0.36131454031271915,-0.42227260221178575
Qser1,0.9548551671559373,-0.7054614502753349
Qsox1,0.03211216227963476,-0.20505019418071946
Qsox2,0.22900450171360465,0.23176113569902057
Qtrt1,0.2878641716875894,0.004946234140257744
Qtrt2,-0.7493864658193834,-0.347800332601361
R3hcc1,-0.3788679381879607,-0.19038913926571333
R3hcc1l,0.6190294274719506,0.07534906517524398
R3hdm1,0.06984097618117069,-0.09191625755833321
R3hdm2,0.061237980143582504,-0.7453716040703355
R3hdm4,-0.30707925618913734,0.17514490570642138
R3hdml,3.0394827622385927,-2.8884561424883537
Rab10,0.013412904315948992,0.937501629999959
Rab11a,-0.46186470667026036,0.7773914629453476
Rab11b,-0.16676191581352917,0.2271830929360359
Rab11fip1,2.082249090376177,-0.03376610576389272
Rab11fip2,0.1412638939432549,-0.3043426104028528
Rab11fip3,0.7586406501404852,-1.5010965758443904
Rab11fip4,-0.14886688416372884,-0.6411222022735359
Rab11fip5,-0.21546168021290235,0.9914116668936295
Rab12,0.9173450805130399,-0.1791462693594239
Rab13,0.9871828873899888,-0.44506887075420387
Rab14,-0.05401344697187582,0.16819507949604784
Rab15,-0.3418427642186641,-0.7149309738153313
Rab17,0.46080941635318506,-1.2313908913330414
Rab18,-0.3467744799671699,0.00768035262015232
Rab19,0.6953247633283048,-0.7281958165901425
Rab1a,-0.052474336984284164,0.41993963788845257
Rab1b,-0.24538366938744183,0.4029778377579394
Rab20,-0.5104833525982695,0.8017576354168412
Rab21,0.32758198422985974,-0.4034075432324089
Rab22a,0.15548331528212245,-0.0007023141289241863
Rab23,-0.17366961143142667,-0.16254736792941316
Rab24,1.259233413419401,-0.24531729867501362
Rab25,0.6500537323983726,-0.5500859756754686
Rab26,-0.790491017324328,-0.9011995773185753
Rab27a,-0.3891535095874765,1.015977619903575
Rab27b,-0.32480099881324875,-0.816737397311929
Rab28,0.47351424909347806,-0.567537759764349
Rab29,0.3021682184420218,0.6888995137731513
Rab2a,0.005379011214127871,0.26134520151264873
Rab2b,-0.47031802575483184,0.006955135090693787
Rab30,0.6380386180145514,-0.259942670154647
Rab31,-0.6204173317381176,1.1314352336739955
Rab32,-0.5488836236276562,1.3414845520996828
Rab33a,-0.40091302598496537,-0.4462232474669605
Rab33b,0.06579371303865678,-0.20625061662840416
Rab34,0.04869754759697287,-0.9807117291546277
Rab35,0.2074122135474301,-0.05328125727340538
Rab36,-0.835329171143016,-0.9894724727952191
Rab37,0.8965557794157046,-0.46372328738807944
Rab38,0.3709189640314712,-0.18108636851445858
Rab39,-0.10826366605346749,0.7457297167406693
Rab39b,0.03114027736618219,-0.8463283594646018
Rab3a,-0.36551839763524896,-0.6175536128722019
Rab3b,-0.1334616098469672,-1.0657603674520661
Rab3c,-0.9000502987296688,-0.4290789410287541
Rab3d,0.21769763329937852,0.7267027012735632
Rab3gap1,-0.16021973493108277,-0.12719918472552294
Rab3gap2,-0.02254098172108776,0.2671700860004176
Rab3il1,-0.44205295875097406,0.9073099894862509
Rab3ip,0.2880987253574494,-0.4935025361027261
Rab40b,-0.7471903884353601,-0.25607456864344424
Rab40c,0.19695896866392104,-0.2623055754342687
Rab42,-0.12133798302293286,-0.5412053900938432
Rab43,0.33379577482933165,0.14004590971707742
Rab44,0.0,-1.9557972631764067
Rab4a,0.11953916670172404,-0.5451584629769055
Rab4b,-0.3205519598174593,0.4890172215239392
Rab5a,0.7723086494651827,0.36112826790036046
Rab5b,-0.2790994677612826,0.12613874298008376
Rab5c,-0.11458505641528127,1.154619465547242
Rab5if,0.5537325130727719,0.5516208849471642
Rab6a,0.5705390405965005,0.1950633318929551
Rab6b,-0.16525131899205903,-0.3407180417054665
Rab7,-0.37877512569287397,0.4957618152467358
Rab7b,0.6847405828816093,0.9090485867375993
Rab8a,-0.29333253213297183,0.5237589912716736
Rab8b,-0.2534954206392577,1.1065861542391104
Rab9,0.3879564781818754,-0.10169203820237271
Rab9b,-2.0226363046337097,-0.8592385027581075
Rabac1,0.43098614022954074,0.10096972605487942
Rabep1,0.5780086192562841,0.38293905654932914
Rabep2,-0.23671808238852243,0.4307031929437013
Rabepk,0.005342056250835725,-0.8457491993660344
Rabgap1,-0.40342455937168786,0.010814915916052215
Rabgap1l,0.13694026454760433,-0.8959856551118506
Rabgef1,-0.11899933057281586,-0.40122046372087894
Rabggta,-0.06427025097646144,0.2629485855611513
Rabggtb,0.2797708442439557,-0.6354307550188025
Rabif,0.09257844541651927,-0.21170179432755631
Rabl2,0.02993662622361093,-0.9082079264210812
Rabl3,-0.026164266186654572,-0.051778217421812656
Rabl6,0.2315764091406809,-0.27572613849904215
Rac1,0.2940217736720374,0.25243341445209566
Rac2,-0.686963722048759,1.331215029832336
Rac3,0.5619365183935727,0.6592977776290461
Racgap1,0.23620596963077034,-0.1839582048227708
Rack1,0.06321887647173696,0.6532457890008345
Rad1,0.2047252880379773,0.13988786293988653
Rad17,-0.24567304758001285,-0.1190500576654756
Rad18,0.15095813051432572,-0.6090638290793189
Rad21,0.40013253624351286,-0.6502007278710575
Rad21l,-0.48016876947433335,-0.34915265822807906
Rad23a,-0.038935930937935126,0.033888766320430364
Rad23b,-0.16076960112233962,0.7274122407445809
Rad50,-0.12959922942112279,0.2930412460260996
Rad51,-0.19334788793764446,1.5331524306465667
Rad51ap1,0.480512810463237,0.25645759872808416
Rad51ap2,0.08290787877806016,-1.78067119979737
Rad51b,-0.015833630877845728,-0.2521445878595445
Rad51c,0.3431965529413894,-0.05775299636418385
Rad51d,-0.08930016290622866,-0.048349893273886835
Rad52,-0.576571500677054,0.24481682444698105
Rad54b,-1.2105726880072014,-0.7146941791637369
Rad54l,-0.7182218009678953,-0.20609146929072963
Rad54l2,0.15245998471796085,0.07092332260695144
Rad9a,0.26575253572347535,-0.35260941020208314
Rad9b,-0.31234226240977225,-0.6060201327558374
Radil,0.028773381397209974,-1.683716802862521
Radx,1.3959211104460998,1.2036658240353075
Rae1,-0.3833683882586847,0.7045371986666265
Raet1d,-2.167526567909702,-0.6587314909336954
Raet1e,0.7298160149936144,-2.2040673484842976
Raf1,-0.075327717306795,0.07440367745751786
Rag1,-0.6241370782583623,-0.21283904559181435
Rag2,-0.546531710192555,-0.7829223783831547
Rai1,0.7906624148968024,-1.1589296225218284
Rai14,-0.23692148650624478,-0.12639299297567952
Rai2,-1.1714818315473083,0.01814567311304849
Rala,0.13642735551058482,0.33900688120312417
Ralb,-0.42675368097430955,1.014302358726665
Ralbp1,0.38681807893507525,0.8084543727895284
Ralgapa1,0.5757394905970674,-0.6501624326588118
Ralgapa2,-0.1820307589647463,0.36320801487578613
Ralgapb,0.24869059799983795,-1.1994483810846326
Ralgds,-0.48131892514982155,-0.2601365311543793
Ralgps1,-0.47804068796401467,-0.6106240004648491
Ralgps2,0.1572660081205388,-0.38844477364121843
Raly,0.8521326378067045,0.39164836617648646
Ralyl,-1.4681213808388698,0.7008105829333839
Ramac,0.03780064354309687,0.20037421739179884
Ramp1,-0.014491146246205844,0.841265014138056
Ramp2,0.33866540003924417,-1.335232951677935
Ramp3,0.16190841021146163,-1.0340942670373803
Ran,0.14027551679854788,0.08511023015792851
Ranbp1,0.14976114048610611,0.2949815510726843
Ranbp10,-0.17028100349882358,0.16890778227452508
Ranbp17,-0.5468278364158952,-2.1667797914136666
Ranbp2,-0.4078505911445429,0.050580658097253206
Ranbp3,-0.23981178668528358,0.01429703441729302
Ranbp3l,0.7409186201775508,-0.9892106048598501
Ranbp6,-0.29887783665958345,-0.1430309376410932
Ranbp9,0.22886925613818043,-0.2607995909869114
Rangap1,0.01815639235086053,-0.24748043021623012
Rangrf,0.6613069964744378,-0.3859996965432213
Rap1a,-0.21215697032475056,1.2303897620147541
Rap1b,0.1710253270552844,0.8283423164067827
Rap1gap,-0.563574479521467,-0.6148415743084978
Rap1gap2,-0.5643906379756292,-0.23209923180351666
Rap1gds1,-0.31764581190175356,0.5398164965386165
Rap2a,-0.2291491021610259,1.056383265821502
Rap2b,0.19010987701935722,1.9113513609541881
Rap2c,-0.25377471243862537,0.8904418900047073
Rapgef1,0.42552547858501377,-0.6383521396670115
Rapgef2,0.6271306129961349,0.6632511222636452
Rapgef3,-0.9107586716945368,-2.948461536049553
Rapgef4,-0.6354435207114744,-1.0470338015756262
Rapgef5,-0.246948505532135,-0.5073410146093753
Rapgef6,-0.2336439720506398,0.318575001259763
Rapgefl1,-0.4969694450893698,-0.9788653331498027
Raph1,0.5499240315837248,-1.3503797859111089
Rapsn,-0.6681704156596329,0.5482660278713052
Rara,-0.43504712492192166,-0.47250748666153264
Rarb,0.43148503440694963,-0.43646525855636753
Rarg,1.4846248833841589,0.8490917805351232
Rarres1,1.5074726073599725,-0.4469867463135701
Rarres2,1.477090436817809,-0.6945464241468038
Rars,-0.02561799816260013,0.31642231754400285
Rars2,0.4273506679716359,-0.20532961363112534
Rasa1,0.2482615009842899,-0.17388650791496474
Rasa2,-0.18264851701654372,0.23758874145459252
Rasa3,-0.38919409133358585,0.6351367430168722
Rasa4,-0.35734596281733744,0.6658199982875814
Rasal1,-2.2621995900204492,-2.306379876095641
Rasal2,1.2730773879480664,-1.4748485638998048
Rasal3,-0.3776644302100447,1.6557076855247743
Rasd1,0.16603569396143314,-1.9509221530680971
Rasd2,-0.43415795985992744,0.219604638489602
Rasef,-0.9747743139173957,-1.672491631441897
Rasgef1a,0.10465409353160293,-0.6236148291894246
Rasgef1b,-0.3245076627516159,-0.12671020205142725
Rasgef1c,-0.838824870020859,-3.498274701857538
Rasgrf1,-1.1445684546704236,-0.7216584037279219
Rasgrf2,0.0260798566833067,-1.2257374980232996
Rasgrp1,-0.3650269500162784,0.017174307213407403
Rasgrp2,-0.04133082967454804,-0.8528771492738123
Rasgrp3,-0.5030081020340447,0.8640394217642111
Rasgrp4,-0.6499053627883997,0.520259522524535
Rasip1,0.2194752178672008,-1.036310996270684
Rasl10a,-0.47880832197327505,-0.4074145977492303
Rasl10b,0.2468535459896053,0.001541274129040815
Rasl11a,-0.03650408172569897,-0.642921797204778
Rasl11b,-0.6391625488877697,0.7637989797973468
Rasl12,0.8387369989793276,-0.8391885750715824
Rasl2-9,-0.036415355119897796,0.14917527075987191
Rassf1,-0.07209213720314445,0.4339358458639566
Rassf10,-0.6694372419398544,-0.33783067871917627
Rassf2,-0.5669206716143194,1.057000123192461
Rassf3,-0.6383035625888347,0.7162005043096462
Rassf4,-0.44689154403184617,0.6789528773394817
Rassf5,-0.3812223929197973,1.0311635597713966
Rassf6,0.0,-1.0094317241049255
Rassf7,0.13844002605308514,-0.3111061034664937
Rassf8,0.8338627318935927,-1.3347081249232735
Rassf9,-0.04633397149209095,-5.572494117291276
Raver2,-0.3122488558085017,-0.9775539062113863
Rax,1.2938274413825583,-0.743215186194659
Rb1,-0.6236753404052848,0.02279055722538459
Rb1cc1,0.42225776405606474,0.050070895465044174
Rbak,-0.32389527382311556,0.6594418333082981
Rbbp4,-0.21617537792056218,0.11781631683631488
Rbbp5,-0.3835230919091863,0.23201398714916444
Rbbp6,0.3727668253241667,-0.5632958183319854
Rbbp7,-0.19256014825736578,0.1224354418012279
Rbbp8,0.025447223252204054,0.750835653586833
Rbbp8nl,0.0,0.0
Rbbp9,0.056911128265094035,-0.03245676041631995
Rbck1,-0.4489635428346972,0.24098497948857123
Rbfa,-0.5949522567199459,1.0384065911420137
Rbfox1,-1.4812008074579257,-0.30649774739464597
Rbfox2,-0.7949854621506631,-0.34536942692100325
Rbfox3,0.41721153168914427,-0.8897012187939115
Rbis,0.48035626909144113,0.04505320571299265
Rbks,-0.10560811567735051,0.09234176537860606
Rbl1,-0.07206463366953386,0.4613195942190025
Rbl2,-0.2676140826828295,-0.1489699391145649
Rbm10,-0.3704418607477109,-0.1544200735860688
Rbm11,-0.6489245503738061,-1.350094093300421
Rbm12b1,-0.326956815302232,0.041249481116636844
Rbm12b2,-0.3232776232980026,0.1365557892896998
Rbm14,-0.011150342596863538,0.11821309331097751
Rbm15,0.5191406336350308,0.2677222498237892
Rbm15b,1.2145605148508025,-1.3089554912281862
Rbm17,1.859823044783747,0.0679676115743515
Rbm18,0.08366155912218431,-0.13579897057623924
Rbm19,-0.1006092914102723,0.5035287903109698
Rbm20,-0.3597889994316956,-0.6668049351252385
Rbm22,-0.040378118240798955,0.26913300052931
Rbm24,-0.19484396695455874,0.31258305645311957
Rbm25,0.15178333736374405,-0.08225687925251712
Rbm26,0.1825205128560814,-0.13209381879626214
Rbm27,-0.04700721775574479,-0.16516972531456275
Rbm28,-0.04407350526494547,0.10115091232919404
Rbm3,-0.03768769978170994,0.48011609765335095
Rbm31y,0.0,0.0
Rbm33,-0.28992965488875555,-1.0965271143258768
Rbm34,0.4271521106124876,-0.03233786091331403
Rbm38,-0.23417456839081918,1.1786773870768572
Rbm39,0.3533676733372815,-0.12398033740628023
Rbm4,-0.12114840149130579,-0.17457924448962459
Rbm41,-0.2223585974093023,0.16686771132805234
Rbm42,0.004468269930692159,0.20696168608220056
Rbm43,-0.1674237579755058,0.39888067863141075
Rbm44,-1.6748464033242603,-0.5700889650121113
Rbm45,-0.4155953098679088,-0.690451841804756
Rbm46,1.9962006219460258,-1.3640576948869505
Rbm47,-0.2447631704346076,-0.10147589555186087
Rbm48,0.4221700552565295,-0.40518978237611236
Rbm4b,-0.04000451645712211,-0.6124235410483756
Rbm5,-0.05398236612674445,-0.052816647305444775
Rbm6,-0.13421311872498976,0.2312917664210694
Rbm7,-0.015759549601318312,-0.018510585265088864
Rbm8a,0.1271591914546697,0.13183797805083053
Rbm8a2,1.1933074427259664,-0.47487073382126077
Rbms1,0.06562927713058198,0.5876793477041744
Rbms2,0.14293587715470935,0.5832920857183694
Rbms3,0.5045950197056959,-0.6744578916734936
Rbmx,0.19055190537405053,-0.16262640834465714
Rbmx2,0.35767640165782844,-0.48306733934521073
Rbmxl1,-0.04150554125012995,-0.16974262452836086
Rbmxl2,0.3754544065188601,-0.44656908196376366
Rbp1,3.729354650092307,-1.588276534643894
Rbp2,0.22888442284205604,-1.3284979214472181
Rbp3,0.14701447344777918,-0.9296182543266323
Rbp4,-0.054695392845300894,0.38064911409489754
Rbp7,0.3882645279235736,-0.2013817759926595
Rbpj,-0.12237453562741152,1.2635161032199544
Rbpjl,0.2667182082057698,0.0
Rbpms,0.892125482481231,-1.0476622456103737
Rbpms2,1.2566128815396782,-1.4710809714925333
Rbsn,-0.20396742090908582,0.3123198274891781
Rbx1,0.3270809784008186,-0.020134019083723587
Rc3h1,-0.5823265699564395,0.10975283259696766
Rc3h2,0.1648293594861272,-0.3497261468290134
Rcan1,-0.15121455792979432,0.028376466884420637
Rcan2,-0.6408546580124259,-0.32386316357731815
Rcan3,-0.07706884757187282,0.1941022869160669
Rcbtb1,0.14438296688688368,0.356473419329042
Rcbtb2,-0.8345843558362596,0.7064003370622967
Rcc1,-0.18028479476263293,0.3083239089107863
Rcc1l,0.7478881725599003,-0.10592191824441421
Rcc2,-0.13731058456743472,0.48096992468992994
Rccd1,0.5853217822307588,-0.6410523740050635
Rce1,0.3100235910423219,-0.028785573809001264
Rchy1,-0.011030959394206619,-0.09237737462696671
Rcl1,0.02504841455283291,0.4056794112086983
Rcn1,0.3454211419156099,-0.18593553370854465
Rcn2,0.18283069081960157,0.5505032553708737
Rcn3,0.9577373938334057,-0.3615696752668134
Rcor1,0.08437020738863943,-0.34389167240250273
Rcor2,-0.8069081827625508,0.684577708604865
Rcor3,0.3932734074928188,-0.336818656888104
Rcsd1,-0.3521048290314557,0.8222298852660401
Rcvrn,0.23618928212435897,-1.0389765177505428
Rd3,0.8154551194302684,-0.7930310730457961
Rd3l,-0.34741479601312264,-0.4854614343964876
Rdh1,0.8216304756421167,-1.433070354520403
Rdh10,1.8453632264478106,-0.6851838330521058
Rdh11,0.06658274836909683,-0.07507460171062341
Rdh12,-0.2573497126873505,-0.9326340053884685
Rdh13,-0.13376035407069864,-0.36979596695864103
Rdh14,0.008940097066023611,-0.019865290971338823
Rdh16,0.4688171090440054,-0.07317178889355169
Rdh16f2,0.0,0.0
Rdh19,0.0,0.0
Rdh5,0.57970954504819,-2.6215298626829204
Rdh7,0.0,0.0
Rdh8,0.23521587269733057,-0.7296991089153222
Rdh9,1.3847347826717251,-2.1491749606473065
Rdm1,0.020111461925994334,0.12005908604939819
Rdx,0.1918574828836288,0.23495943686648957
Rec114,0.845467958857478,-0.15898344423305222
Rec8,-1.045769011017132,-0.7907183397783806
Reck,-0.18980226383309962,-2.407825189877874
Recql,-0.025968732476929546,0.06924362722166322
Recql4,-2.0292301262524983,-2.155062829382733
Recql5,-0.30666229397186306,-0.14095551337785217
Reep1,-1.089114596863368,-0.332848411036208
Reep2,-0.6017072670797088,-0.6809338616466984
Reep3,0.28207303981101006,0.21969767773270021
Reep4,-0.42366644433668377,0.4222558160554257
Reep5,-0.17012761524495978,0.7531186168245902
Reep6,0.07012290647221953,-1.0151073897065803
Reg1,0.0,0.0
Reg2,-0.1363601171295752,-0.55091952162896
Reg3a,0.0,0.0
Reg3b,0.0,0.0
Reg3d,0.0,0.0
Reg3g,0.0,0.0
Reg4,0.0,0.0
Rel,-0.29394668693412207,1.0056417380538676
Rela,-0.1489051978311835,0.596476685852906
Relb,-0.07980410003515992,1.8905417463678251
Relch,-0.42853340753710256,0.39074885832501494
Rell1,0.06757331093582764,0.11151660590048351
Rell2,-0.17952376343901477,-0.46786322081012877
Reln,-0.41710912954784085,-1.1288917132861531
Relt,-0.5732541449194848,1.4091956974076254
Rem1,0.46712446419040266,-1.0273340003487321
Rem2,-1.2796481246060276,0.4651746469998157
Ren1,0.0,0.0
Renbp,-0.3506230112624724,0.759498440989967
Rep15,0.47468241950685375,-0.16893042925128743
Repin1,-0.1923951127216359,-0.3224298172369693
Reps1,1.0908637018513359,-0.5133520972692072
Reps2,-0.8455457793563852,0.5746718715464478
Rer1,0.155345031676962,0.37411649441548
Rere,0.23456338938910193,0.1430504711461893
Rerg,-0.18903398999664844,-0.15744840327234444
Rergl,0.0,0.0
Resf1,-0.22478869300893223,0.5902285661110032
Resp18,0.46458879086708915,-0.7802831667247245
Rest,-0.038037946709085446,0.36563952015341883
Ret,0.07968959878444615,-2.531697560880664
Retn,-0.06783530751341482,-2.248774237436412
Retnla,0.0,4.433131419032918
Retnlb,0.0,0.0
Retnlg,0.23868582301419305,-1.3150580734774566
Retreg1,-0.19275739286891636,0.9611147372043902
Retreg2,-0.03266666698811349,-0.2167340773728892
Retreg3,-0.19990203120669925,0.3199022221545107
Retsat,0.11257071686925357,0.3737327151204468
Rev1,0.5235297439377726,-0.06621687958723577
Rev3l,-0.18731848302563847,-1.1772633988618626
Rex1bd,0.4674695944117495,0.025941251423011735
Rex2,-1.2400095215946165,-0.7924898288623481
Rexo1,0.006453062522185249,-0.4066082137168099
Rexo2,0.2644250902170011,0.4456950948184968
Rexo4,-0.16377933443200554,0.3262667413357079
Rexo5,0.10901571462128246,-1.259557453760591
Rfc1,0.2859553842844047,-0.08180946703557623
Rfc2,-0.10576675649073763,0.3331102499323144
Rfc3,-0.026712413196230855,-0.3071823457385907
Rfc4,0.23365423017220444,-0.176970843876461
Rfc5,0.056284013490678575,0.33617849262755506
Rfesd,-0.1237933662185462,-0.1841913685289418
Rffl,-0.7379002921622835,0.8530142595162946
Rfk,-0.10212893757926622,0.8619918547363987
Rflna,1.3870900186382489,-0.9432299872340293
Rflnb,-0.20656123994810827,-0.335229145256255
Rfng,0.05888710022632804,-0.4586358196124163
Rfpl4,0.6288101551031449,-1.872940136606822
Rfpl4b,0.0,0.0
Rft1,-0.08022743609097915,0.45174022947822934
Rftn1,-0.05055111031252402,1.3433663119275217
Rftn2,0.6391982453096876,0.014115410309920584
Rfwd3,-0.414706042958235,0.17074834016887408
Rfx1,1.1135318220265003,-0.47078561753237835
Rfx2,2.550280502746064,-0.28875544644225304
Rfx3,0.21070587086665427,-0.7835782643448752
Rfx4,1.0805420402812724,-1.5377894502460585
Rfx5,-0.4568855505535492,0.46150348295658006
Rfx6,0.0,0.0
Rfx7,0.06284675759951774,-0.3517832079077099
Rfx8,-0.28706296858471525,-0.5231910912048338
Rfxank,-0.1451474074318888,0.5290697876244312
Rfxap,0.3248316589936593,-0.4438926808412038
Rgcc,-0.4283768886628705,-1.6269614254030529
Rgl1,-0.3301729530108535,-0.12375090916341591
Rgl2,-0.4152364615394699,0.6888046185923091
Rgl3,-0.3041494917505485,0.37269968327889735
Rgma,1.7922745735030525,0.1692697701659096
Rgmb,0.18703642724751113,-0.6028271338633377
Rgn,-1.6243523258850292,-0.6706398356727803
Rgp1,0.2990260946691805,-0.6424229562360866
Rgr,-0.11931478257517725,-4.2983499713631055
Rgs1,-1.4519315045533654,0.4397969738755023
Rgs10,-0.6052623454594706,1.0604711079103915
Rgs11,0.10342626745985406,-1.200059912510925
Rgs12,-0.9688855984319495,0.0636678713688319
Rgs13,-2.167666525006198,-2.5606280759803504
Rgs14,0.4177792665185276,0.7249607122913932
Rgs16,0.062211495480397616,-0.01584570196993873
Rgs17,0.006123351225593154,-0.5046410916035207
Rgs18,-0.5240351229640785,1.0391504043537818
Rgs19,-0.19262990238577515,0.8415306658296302
Rgs2,-0.27949544883297683,0.7633569547004289
Rgs20,0.6601097000952443,-1.0494956820230659
Rgs21,0.0,0.0
Rgs22,0.4622161996874601,-3.1184161722694066
Rgs3,-0.03709064961184261,0.3386439788091007
Rgs4,0.1796992136983402,-1.0381880970338422
Rgs5,0.3653103936529991,-0.948047850446609
Rgs6,-0.01717905147115939,-1.7368708246140594
Rgs7,0.7059764586390633,-0.39151133802300997
Rgs7bp,-0.07414530366153649,-0.3182029151714314
Rgs8,-1.069624543447432,-0.35065817932535204
Rgs9,0.015610585768415675,-0.7766235174739844
Rgs9bp,0.09867527793099029,-0.45372280056536063
Rgsl1,-1.7150715185828367,-0.02826152054113118
Rhag,0.0,0.0
Rhbdd1,0.014138364406953485,0.6960270390700583
Rhbdd2,-0.04081246806203609,-0.29149765081731793
Rhbdd3,-0.02787810036627647,-0.060632600644531465
Rhbdf1,-0.7298020678756174,0.6392813200452183
Rhbdf2,-0.4057600447273231,0.9421678920940142
Rhbdl1,-0.9605852807803226,-0.1555805265504313
Rhbdl2,1.8863668738467785,-0.9738013434542723
Rhbdl3,0.39577827560105217,-2.2000987862368477
Rhbg,-0.9740834083486043,-1.0232578826610652
Rhcg,0.0565275930419894,0.0
Rhd,0.3076106287609899,-1.4300246647517965
Rheb,0.043922186065358915,0.3384156049813498
Rhebl1,0.6454194670525171,-0.741737180028152
Rhno1,-0.10692163821597411,0.7330537926506713
Rho,0.24286797179168929,-0.6418291275755763
Rhoa,-0.22599848071510387,0.9084785623481828
Rhob,-0.12560435067906717,0.7339688826063302
Rhobtb1,0.07756998251287417,-0.059690438354176756
Rhobtb2,0.20431559423286139,-0.5401828806975502
Rhobtb3,0.1592733293016142,-0.09446099584743628
Rhoc,0.08563128716355806,0.3049874785664777
Rhod,0.9678649064819922,-0.5440724416408882
Rhof,-1.0084829767286783,0.323770945933493
Rhog,-0.37707444816695457,0.9006485855042214
Rhoh,-0.33819441928675076,0.8497021299779188
Rhoj,1.037464489539257,-0.6563241749684661
Rhoq,-0.5417871777763086,0.45073895269816866
Rhot1,0.17969684468893732,-0.09413551164823453
Rhot2,0.5427787128735346,-0.5403243564998146
Rhou,-0.22141623320978088,0.02242777030890508
Rhov,1.0575158227820358,0.643333860676413
Rhox1,0.0,0.0
Rhox10,0.0,0.0
Rhox11,0.0,0.0
Rhox12,0.0,0.0
Rhox13,0.0,0.0
Rhox2a,0.0,0.9620851739713502
Rhox2b,0.0,0.0
Rhox2c,-0.546531710192555,0.7530527530613204
Rhox2d,0.0,0.0
Rhox2e,-0.7761295657220924,0.0
Rhox2f,0.6103283569546322,0.0
Rhox2g,0.0,0.0
Rhox2h,0.0,0.0
Rhox3a,0.0,0.0
Rhox3a2,0.0,0.0
Rhox3c,0.0,0.0
Rhox3e,0.4678442022770503,0.0
Rhox3f,0.0,0.0
Rhox3g,0.0,0.0
Rhox3h,0.0,0.0
Rhox4a,-1.1051748430346433,0.0
Rhox4a2,-1.1311953154965786,-2.5756392570958795
Rhox4b,1.7480434736020243,0.0
Rhox4c,0.0,0.0
Rhox4d,0.0,0.0
Rhox4e,0.0,0.0
Rhox4f,0.0,0.0
Rhox4g,0.0,0.0
Rhox5,0.0,-0.5343389841738989
Rhox6,0.0,0.0
Rhox7a,0.0,0.0
Rhox7b,0.0,0.0
Rhox8,1.1788822643898076,0.2900457176540865
Rhox9,0.0,0.0
Rhpn1,-0.7132571065669211,-0.933993554026209
Rhpn2,0.6393026163394921,-0.5747249410097854
Ribc1,-0.08274809523222526,-1.2695768972716461
Ribc2,0.06406264175523457,0.5692346703543194
Ric1,0.08563298023482968,-1.2308677559382613
Ric3,-0.04096918665987914,-0.9268358468393227
Ric8a,-0.23201536618823404,0.22378400873422954
Ric8b,0.11161398989864324,-0.7430127035080538
Rictor,-0.16739789699491858,-0.20999701815545357
Rida,0.267247196151164,-0.22522688007746616
Rif1,0.4483772594387361,-0.5547538059406172
Riiad1,0.612154970980229,-2.636709856656689
Rilp,-2.9661241292702076,-1.222824067201639
Rilpl1,-0.5262909619948584,0.8379722106413254
Rilpl2,-0.36178552044717804,0.8084091374715516
Rimbp2,-2.5775908154825373,-0.5878721428432643
Rimbp3,0.6331159616661934,-1.197840380129458
Rimkla,-0.3802305841045248,-0.7736058524540965
Rimklb,-0.7205501781836166,-0.5536234878906114
Rims1,-0.9018178655141185,-0.41047342483294
Rims2,0.13649287021158685,-1.13907703311558
Rims3,-0.49424280830041667,-0.7414608649864736
Rims4,-0.31192430591843046,-0.4434360188991828
Rin1,1.7743965245119764,-0.5243102017152208
Rin2,-0.4451613676618713,1.0598459418241806
Rin3,-0.19269247569461534,0.836096102455949
Ring1,0.18770260452835874,0.2343744210725145
Rinl,-0.31600284406154167,0.9301271275800946
Rint1,-0.2028994757576008,-0.0959479521687463
Riok1,-0.07705992515217552,-0.21621624767394643
Riok2,-0.14917536893870498,0.3209483922909371
Riok3,-0.016301816425288607,0.19264612972123984
Riox1,0.5615674948564964,-0.8512627832941408
Riox2,0.38492532348060493,-0.1426703784169696
Ripk1,-0.05279895611896279,0.8665158577237122
Ripk2,0.4033259231092927,0.9169812976540896
Ripk3,-0.020111479624618234,0.8123448931908648
Ripk4,-0.7591471708850595,0.2760033224354119
Ripor1,-0.2132645676601932,0.014986344866834145
Ripor2,-0.7395666405189978,0.2021052349604826
Ripor3,0.19126804227513805,0.5440298556826597
Ripply1,0.0,-0.21283904559181435
Ripply2,-0.5654576787456511,-1.1814598171788355
Ripply3,0.8501541522668861,-0.9309609774553298
Rit1,-0.21456471624163242,0.299776854373734
Rit2,0.15383964161188501,-0.7081819577025534
Rita1,0.25385898031824805,-0.671139012863442
Rlbp1,-0.021128479932498223,-1.2125051672503506
Rlf,-0.1667812310379695,-0.24509337227539874
Rlim,-0.0843618442272227,0.6195308537750961
Rln1,0.3822586798994121,-0.2218593794753994
Rln3,0.0,0.6541223320298237
Rmc1,-0.04465488235500992,-0.2843354296812812
Rmdn1,0.011832174272246476,-0.042731435243897664
Rmdn2,-0.10093801934290347,-0.6259052879732065
Rmdn3,0.09797276415812384,-0.6476325335427262
Rmi1,0.041661842627153334,0.5699205484501828
Rmi2,0.5502824474738635,-0.3578601067846492
Rmnd1,-0.5344919989117969,-0.07169790061978709
Rmnd5a,-0.07108631798955578,-0.4814438829249017
Rmnd5b,0.03708406337731418,-0.1763083152910987
Rnase1,0.0,0.0
Rnase10,0.4240074352520018,-0.2981607100365842
Rnase11,0.23956468343679047,0.0
Rnase12,-1.475353221076753,0.8314183475209691
Rnase13,0.0,0.0
Rnase2a,0.0,1.1478163875637155
Rnase2b,-0.4682678221951381,0.0
Rnase4,-0.5332416436613414,1.1086442484607417
Rnase6,-0.22817646104211775,0.8849752140223597
Rnase9,0.0,0.0
Rnaseh1,-0.3655835056507897,0.351779509345004
Rnaseh2a,0.27283108001129897,0.24159092389385606
Rnaseh2b,-0.011145283755331192,0.09264403861669912
Rnaseh2c,0.05128842336984363,0.44963149831601434
Rnasek,-0.12440017383864266,0.5053369914749872
Rnasel,-1.175257064110708,0.8299478049297617
Rnaset2a,-0.4345822389129861,1.7870338378889787
Rnaset2b,-0.3729342837809604,1.520535423470017
Rnd1,0.3987060042813759,-2.1043977126126645
Rnd2,0.4529164919029869,-0.8008926252427493
Rnd3,-0.7662661513835047,-0.6418332343367368
Rnf10,0.2786859149555809,0.16387735692717875
Rnf103,0.18579123041776313,-0.22572800990272768
Rnf11,0.8906332828841261,-1.5700937769084096
Rnf111,0.29373138970106005,0.2686461113976293
Rnf112,-1.3439705295276543,-0.8187085619932377
Rnf113a1,0.05253490538988892,-0.5697994291440907
Rnf113a2,0.2813125346486558,-0.4414381818274098
Rnf114,-0.09652238330457408,0.25731951504167405
Rnf115,0.10436120873080412,0.4328288997993752
Rnf121,-0.24814633116018925,-0.06816659013247062
Rnf122,-0.03135749356297879,-0.08340707620760135
Rnf123,-0.1350048301838367,-0.4364868898443106
Rnf125,0.5306959249198875,-1.7835786736302968
Rnf126,0.8894872157167102,-1.3037185477729638
Rnf128,-0.49372503551632363,0.9535868477344369
Rnf13,-0.10091114914898647,0.42434142824752286
Rnf130,-0.20070698940446263,1.0043416908375011
Rnf133,0.0,0.0
Rnf135,-0.47523827563185606,0.5254504928246106
Rnf138,-0.15919155031268062,0.23378088119302554
Rnf138rt1,-2.5250347355770213,-1.1314572281955637
Rnf139,-0.00561944482085508,0.07210430356735031
Rnf14,-0.5137727006878503,-0.17907827631497142
Rnf141,-0.2023059098096347,0.45830073741898936
Rnf144a,0.24503763046787252,-1.1237308022358539
Rnf144b,-0.025354712855726547,-0.4009785077301409
Rnf145,0.6697873157196401,0.1520298717027142
Rnf146,-0.19500492364173105,0.24991428302701024
Rnf148,0.0,0.0
Rnf149,-0.14968957342035072,0.2960176904573002
Rnf150,0.4279285147213656,-0.8810634237346537
Rnf151,0.0,-1.1039180255557723
Rnf152,0.9232783271408884,-0.7112919414003844
Rnf157,0.5367312471788335,-1.4621644473320643
Rnf165,-0.5651627069926155,0.1549305838404651
Rnf166,-0.4951613485605648,0.6188967196862833
Rnf167,-0.08362054325258228,-0.13730477342525127
Rnf168,0.026919333921053834,0.5767267216386891
Rnf169,0.4739069016680624,-0.09831690226211443
Rnf17,0.01812813745497799,1.014069255729825
Rnf170,-0.3647882525493866,-0.16598467045585785
Rnf180,-0.5165722058116486,0.7715427622524391
Rnf181,0.0708194684015293,-0.5319795457007928
Rnf182,1.4137151227264564,-0.5917624215930894
Rnf183,-3.150574063215106,0.20747576032941062
Rnf185,-0.24136111453648113,-0.3609768451875901
Rnf186,0.2667182082057698,-0.345790212076149
Rnf187,0.9543524145908542,-1.446502927968119
Rnf19a,-0.05943393196967506,0.11286532373046754
Rnf19b,-0.0018865149223437072,0.009874146947140616
Rnf2,-0.4785016161581268,0.16331130491073864
Rnf20,-0.35888405831580883,-0.08999320750345063
Rnf207,2.0365106684806946,-2.350314370131196
Rnf208,-0.2402744739874123,-0.6892957549654417
Rnf212,0.0,-0.42811183242342066
Rnf212b,0.7121947223436716,0.6516545031934736
Rnf213,0.10645196565008419,0.5970544346786397
Rnf214,0.05472223510609453,-0.3036516251792243
Rnf215,-0.25930850695003826,0.6145809212132551
Rnf216,-0.35600911581842176,0.5853726355541422
Rnf217,0.9855245629609479,-1.4547680275115615
Rnf219,-0.12202699099385228,0.4196787768859931
Rnf220,-0.05631779184722774,-0.8791809477169661
Rnf222,1.24689755647395,0.7968517885742072
Rnf223,-0.06512760691362063,-1.7112890554488636
Rnf224,0.0,0.0
Rnf225,-1.4269580146328908,0.28079692220878383
Rnf227,-0.35169742362883305,-0.27506945255933246
Rnf24,0.09270100484822663,0.1754139259627685
Rnf25,0.34903656888586454,0.057941274702679735
Rnf26,0.7160250342341916,0.5344610934631344
Rnf31,0.4472377994543173,0.06465436276044478
Rnf32,0.24302755606130333,-1.390895604001714
Rnf34,-0.012566451968504921,0.4861772269129272
Rnf38,-0.33851426212490665,0.4574143747766737
Rnf39,-0.8431203823908668,-1.8050819823999191
Rnf4,-0.14188919855184956,0.13229769053496376
Rnf40,-0.20033020520698308,-0.14620222168285224
Rnf41,-0.46479875512349267,0.34478657677463076
Rnf43,-0.046805037750667466,-2.8841452314956166
Rnf44,0.23455898496941785,0.29082700273288076
Rnf5,0.22019101868039037,-0.1768307998839198
Rnf6,-0.08837314719928102,-0.180847172390056
Rnf7,0.15860743537998268,0.22348285857587058
Rnf8,-0.16452226890357835,-0.07712581531505158
Rnft1,-0.4730777861300961,0.10907527923103899
Rnft2,-0.4776740623711744,-0.6034306322570542
Rngtt,-0.13671368269583084,0.1766192521704646
Rnh1,-0.039681391883847894,0.4925512784079711
Rnmt,-0.328633766861671,-0.027600339579523236
Rnpc3,0.37104850220865515,-0.44086587412401634
Rnpep,-0.39599299735637317,1.174409244622641
Rnpepl1,0.43085336782570316,-0.7910457762393897
Rnps1,-0.041910798778205915,-0.06337825214790982
Ro60,-0.04026311533472615,-0.14462592157664922
Robo1,-0.813087950777919,-0.7178396869564567
Robo2,-0.5100795328618393,-1.1583034073700897
Robo3,0.032160927176760445,-2.3557496916799994
Robo4,1.2421270348502738,-3.420019029018272
Rock1,0.47675163037578017,-0.17270743413022416
Rock2,0.635208581396995,-0.23305494712719188
Rogdi,-0.4693555864639958,0.17053587190355302
Rom1,0.43115300506054766,-0.9523402496224218
Romo1,0.4530598360504392,0.2567917413394074
Ropn1,0.0,0.0
Ropn1l,-0.23215208573637813,0.43535920913639536
Ror1,0.3996495709138963,-3.201014413237253
Ror2,1.2917997786493118,-4.110321424184248
Rora,0.17924866293681596,-0.7902241114101365
Rorb,-0.19822306848540094,-0.5193506354777959
Rorc,0.5707162433915771,-1.4523228528931744
Ros1,0.0,0.0
Rp1,-0.0676850428979261,-0.7041128914415911
Rp1l1,-0.08189213582934762,-0.6503900050352502
Rp2,-0.4683728961067324,1.2790671537225702
Rp9,0.6661751684768626,0.6261621119732634
Rpa1,0.10281992557583486,-0.17848852344614663
Rpa2,-0.06366860260528817,-0.013463116191525515
Rpa3,0.4771550331241041,0.016963812155093017
Rpain,-0.06500864161361264,0.19729117890148373
Rpap1,0.06595575636016981,-0.08441504842086012
Rpap2,-0.005786352778351045,0.2495048067762884
Rpap3,0.32295961101792514,-0.5375549912159272
Rpe,-0.35510600532197323,0.7916380176393396
Rpe65,0.4068967999747759,-5.602208029333382
Rpf1,0.04691377743004388,-0.1983201931177483
Rpf2,0.5126321082210623,0.45739922985847237
Rpgr,0.04465894795316494,-0.5953028082533169
Rpgrip1,0.05088386566200853,-1.4766484143469967
Rpgrip1l,0.7141615505770655,-2.084345193095796
Rph3a,-0.90106015911892,-0.9023557056629894
Rph3al,-0.8472982110646758,-2.7677641918474727
Rpia,0.30910114388779775,-0.5870548836368057
Rpl10,-0.21388059254918446,1.0891468866510259
Rpl10-ps3,-0.07901703332953858,1.0851064312737613
Rpl10a,0.09757538915689068,0.4243756981172844
Rpl10l,0.19760550881588268,-0.9140704931993602
Rpl11,0.13359417799137496,0.7825011439325564
Rpl12,0.06730075728247087,0.6252864888355321
Rpl13,-0.09326433466155315,0.9817921912289194
Rpl13a,0.10050201388430402,0.890974084993065
Rpl14,0.12389179510501513,0.659203763209014
Rpl15,0.07594126303241211,0.5576117159041427
Rpl17,0.060492163447497305,1.0255818821940625
Rpl18,0.10848891279222883,0.7838309376615413
Rpl18a,-0.25723408787297863,1.2011727371852974
Rpl19,0.07878398119346741,0.7246357174596287
Rpl21,-0.022939167175371367,0.6063128447872561
Rpl22,0.1992745797333697,1.091776751798129
Rpl22l1,0.33528977176492525,0.45548357827545694
Rpl23,0.1715813482972166,0.760568124175828
Rpl23a,0.03818843352610379,0.8815388685894021
Rpl24,0.17065641674888,0.5367577748436201
Rpl26,0.07170233847352492,0.8087281792383987
Rpl27,0.3190004430752147,0.7935626068333654
Rpl27a,-0.017522497247135504,0.772569831805443
Rpl28,0.33123571958470777,0.737101925644037
Rpl29,-0.13269959555758604,0.8091375214030112
Rpl3,-0.20482187821950149,0.6542176386880421
Rpl30,0.3035199252044407,0.7349059899291408
Rpl31,0.10783319862935059,0.8148957884876591
Rpl32,-0.24251573372271196,1.2963706880731074
Rpl34,0.35582708862595247,0.8611508512318053
Rpl35,0.02329493559323126,1.1776176486525731
Rpl35a,0.13095982176089294,0.9679317789013258
Rpl36,0.23771321964776426,1.0324490061551028
Rpl36-ps4,0.0,0.0
Rpl36a,0.33610359051942673,0.8343599397648465
Rpl36a-ps1,0.5985504182287236,0.45373021226514876
Rpl36al,0.27073587774928676,0.7276669390777073
Rpl37,0.20562695876658132,0.9738266372334881
Rpl37a,0.026266883122964657,1.17594914315365
Rpl38,0.7801417031168576,0.6999051231447044
Rpl39,0.3309618216358974,1.043223262474287
Rpl39l,-0.1507115048669987,2.2181988187117168
Rpl3l,-0.3493402176101932,-0.21283904559181435
Rpl4,-0.20339755277651506,0.6590856143109214
Rpl41,0.36891327482208247,0.9319503210890847
Rpl5,0.10265735202368198,0.1004467231387487
Rpl6,-0.0687932952942436,0.6986115153198078
Rpl7,0.020666172006301053,0.6794313175213276
Rpl7a,-0.040199274301265575,0.7685120624868329
Rpl7l1,-0.1185855531543698,0.8873101290226604
Rpl8,0.10086010779382626,0.5090145091886686
Rpl9,0.2748630954056335,0.4256169436853501
Rpl9-ps1,0.0,0.25325806877877893
Rpl9-ps6,-0.6227316085425323,0.4153378575055986
Rplp0,-0.020153672142090073,0.7095877504047436
Rplp1,0.3132556406552247,0.7908203297355865
Rplp2,0.271487547746057,0.8754298575922341
Rpn1,-0.303212401342309,0.38557408292505535
Rpn2,0.0734107436317526,0.20183594800261417
Rpp14,-0.24358978026190492,0.21626850817510324
Rpp21,0.3024862651075928,0.11571176749813183
Rpp25,-0.2781480539497352,-0.6079501881311202
Rpp25l,0.1348582556932456,0.24469756951076072
Rpp30,0.4937094385571825,-0.4336864044472364
Rpp38,0.2607120087952044,0.5242865617957859
Rpp40,0.2627110724085506,-0.7096346079926121
Rprd1a,-0.473371108946262,-0.10863647680752919
Rprd1b,0.1111293331456622,-0.07848193489988908
Rprd2,-0.20648502458555384,-0.303637006155137
Rprm,0.7949924771278942,-1.0682775773385114
Rprml,0.596241490977877,-2.952349532068797
Rps10,0.0801498807141865,1.0868759579985827
Rps11,-0.02915291460831604,1.0041879756991214
Rps12,0.11090892990657153,1.0612622028398064
Rps13,0.21023748585632163,0.894471083007959
Rps14,0.16238092329443177,0.8782423427682247
Rps15,0.2386653704814119,0.5613119023340332
Rps15a,0.12480818674989891,1.111091519426111
Rps16,0.1589034994108598,0.9228172265716275
Rps17,0.2936068466875792,0.6988377326589248
Rps18,0.09354695173406036,0.970185725120043
Rps19,0.11376231327817266,1.0264762414267032
Rps19bp1,0.5647702774924639,-0.0327682421371307
Rps2,0.2574294528333869,0.7539384444542403
Rps20,0.232442771006534,1.071392246276563
Rps21,0.5473321576493007,1.007155796834093
Rps23,-0.06363616129346816,1.3279440416766732
Rps24,0.4481720052195399,0.6837836123036602
Rps25,0.007865630385540001,1.1379801808770669
Rps26,0.10276751778929594,1.0400397308747475
Rps27,0.011010022667207409,1.1638491142831295
Rps27a,0.3521354991286749,0.7694610485202311
Rps27l,0.32766505430977055,0.7381650268319966
Rps27rt,0.6412742393171023,2.8356814052754946
Rps28,0.2531805443194237,1.1277523774629845
Rps29,0.041005509151530006,1.1713118872737294
Rps3,-0.07560254490817542,0.7984654199159866
Rps3a1,-0.10462372108056073,0.8872671816046136
Rps4x,-0.04930999762700239,0.8095494675444339
Rps5,0.1305217441593438,0.8298843388167683
Rps6,-0.011629317654264781,0.6032631380961124
Rps6ka1,-0.44494553245371016,1.0429500389847188
Rps6ka2,0.5623387597915848,-0.9366913959371672
Rps6ka3,-0.1094643264253854,-0.1643135902623598
Rps6ka4,-0.9602745582368737,0.7062036577205344
Rps6ka5,-0.4724045204916969,0.4789525379811561
Rps6ka6,1.0479022939830296,-0.225948505259578
Rps6kb1,-0.024210090264848105,0.202700750716156
Rps6kb2,-0.3976310956669824,0.33356341067497475
Rps6kc1,-0.6665761452531243,0.3194348307878556
Rps6kl1,-0.8223848736269037,-1.1294302081751777
Rps7,-0.016780967129266244,0.9532380502313806
Rps8,0.177290412446796,0.5759746323544057
Rps9,-0.1751919699379343,1.104607631486708
Rpsa,0.39857880900414955,0.5496241310126067
Rptn,0.0,0.0
Rptor,-0.46362271428635893,0.29133329762252735
Rpusd1,-0.1806062335201073,-0.14348670701329347
Rpusd2,-0.07234026816268102,-0.13597801236783447
Rpusd3,0.16458660952537585,-0.18028990276790324
Rpusd4,-0.0936779830617418,0.4524539576990385
Rrad,-0.35706559143569994,0.8743771357059194
Rraga,0.05229991457791705,-0.1937752760256508
Rragb,-0.3570468373650293,-0.39828767752996974
Rragc,0.5164998589288672,0.4008837450334699
Rragd,-0.22062098640759942,-0.552194467411196
Rras,0.8752530317790841,0.7012700741827729
Rras2,0.06442089576038601,-0.469663354533556
Rrbp1,-0.270969559850343,0.9294203146719511
Rreb1,-0.5097938027084457,0.5592101041917275
Rrh,0.5206414920453639,-1.6676559411468288
Rrm1,0.05840552882477468,0.26494170697570674
Rrm2,-0.46905515511593876,0.4709630675721801
Rrm2b,0.34446064287374867,0.15388529899574444
Rrn3,-0.23989520286549926,-0.15821021846721806
Rrnad1,-0.5081738489742236,-0.06339510668222381
Rrp1,-0.45229716423839683,0.22324415532298758
Rrp12,-0.5870604980970029,-0.11491668527602172
Rrp15,0.21115240871807295,0.1372804538833492
Rrp1b,0.39864121680119347,-0.38667461933768266
Rrp36,0.16596973446981522,0.5595286273418196
Rrp7a,0.011237568892171979,0.07109922096049814
Rrp8,0.06190950017669827,0.6184147220452889
Rrp9,0.2663779806740916,-0.07819578396893867
Rrs1,1.4004226919451774,0.5552771257480966
Rs1,-0.307301541277182,-0.9651848833396048
Rsad1,-0.7482150234872309,-0.32375940909895995
Rsad2,0.34862777919838095,0.1333027591080853
Rsbn1,0.2728752446906437,0.5574042070489345
Rsbn1l,0.5501088520078916,0.7160297720073885
Rsc1a1,1.463198091031196,1.3409921077127673
Rsf1,0.1511862612506807,-0.04185111699248978
Rskr,0.30105265608137977,-0.9769392685066851
Rsl1,-0.9115591589650069,0.5101370039324937
Rsl1d1,0.05034128091446988,0.029190740134001913
Rsl24d1,-0.03204995832829205,0.39891285637936313
Rslcan18,0.5257311836323657,-0.029659613631529247
Rsph1,-1.1821273206091163,-0.7972650795474591
Rsph10b,1.1946178205510192,-1.2282962509693602
Rsph14,0.7121947223436716,-1.2585082374302288
Rsph3a,0.06793326608624817,0.1840283941182328
Rsph3b,-0.0658933255663694,-0.17776729371961508
Rsph4a,-0.3493402176101932,0.04271441397483269
Rsph6a,0.0,0.0
Rsph9,0.008551172324311906,-0.09035316218387557
Rspo1,1.4193649930897294,1.0198848661483506
Rspo2,-3.071000440547012,-1.5364390986638607
Rspo3,-0.7679883910087251,-1.9793070871568816
Rspo4,-3.8516372087989277,-3.1840228787127907
Rspry1,-0.19722994000770555,0.16188037057501425
Rsrc1,0.09945539627228328,0.12724177439609363
Rsrc2,-0.007674744060764738,-0.3299879143044979
Rsrp1,-0.021295230732496506,0.5759364948281931
Rsu1,-0.40358045485670324,0.7782433407741784
Rtbdn,0.4197786255425964,-1.248030479600562
Rtca,-0.07575985493501491,-0.040576842200918506
Rtcb,-0.20058709807868702,0.6064223838006697
Rtel1,-0.5752950050381749,-1.006734384211411
Rtf1,0.336357874630572,0.23296491808178743
Rtf2,-0.2213961412076948,0.21911867527030005
Rtkn,-0.6554509099016901,-1.2838248199462754
Rtkn2,0.6824233668775612,-2.721868564102088
Rtl1,-0.43377731336226466,-1.458647870772487
Rtl10,-1.1196176856620204,-1.1334325121368694
Rtl3,-0.8260201445013412,0.0
Rtl4,0.2878770767989386,-0.2152727868316063
Rtl5,-0.1642916666525247,0.36460708736403635
Rtl6,-0.8384176028455741,0.21217092078552113
Rtl8a,-0.08272623265920309,-0.311963566930741
Rtl8b,-0.10469835900643076,-0.5772400444487129
Rtl8c,-0.19692228447619975,-0.2267613849818737
Rtl9,-1.0774238186534033,-1.9106851513641212
Rtn1,-0.28145359628981304,-0.4867287880735436
Rtn2,-0.21059552423520955,-0.229411404580663
Rtn3,-0.2633175955939233,-0.006657220279565834
Rtn4,0.585982538250974,-0.7233312379561028
Rtn4ip1,0.05612955058754032,0.10999854520931329
Rtn4r,0.05881899175140126,-1.5909179480984732
Rtn4rl1,-0.048761032403799476,0.524458575328655
Rtn4rl2,0.7730482725775591,-2.055249982905148
Rtp1,0.0,0.0
Rtp2,0.0,0.0
Rtp3,1.3978123712943427,-2.8254121570653554
Rtp4,0.8190114629498293,0.9379860153182449
Rtraf,0.15892226030256396,0.3722634437457
Rttn,0.4959051524526856,-0.058269406040583505
Rubcn,-0.16986480018997163,-0.04484175565893622
Rubcnl,-0.16098548573920013,0.8900421173937527
Rufy1,0.00800412693885555,0.18981033432383754
Rufy2,0.04483909422421917,-0.16482809637094675
Rufy3,-0.28218918374981783,-0.5404434601074097
Rufy4,0.1809550269617184,0.0
Rundc1,-0.14836065402061038,0.9084238882323241
Rundc3a,-0.3103547434573404,-0.16608428518539142
Rundc3b,0.09217269652786975,0.16655185840456
Runx1,-0.37650202347554007,1.554592965336596
Runx1t1,-0.9055455762179161,-0.13886742657901863
Runx2,0.4784825755547679,-0.8711971373451064
Runx3,1.4264897212304382,1.2589839816436843
Rusc1,-0.21011402374100463,0.32840216816978796
Rusc2,-0.6914820546566229,0.011135277762548412
Ruvbl1,-0.06809518410696747,0.0703891594150754
Ruvbl2,0.18273924452691048,0.008405689721049825
Rwdd1,0.5501003540645613,0.3671929886181786
Rwdd2a,-0.45458999103786546,-0.013352918782766565
Rwdd2b,-0.43846553606259153,0.11446390714489674
Rwdd3,0.5301296850795616,-0.6340570570846262
Rwdd4a,0.4221492379576368,-0.017862018561611848
Rxfp1,-2.881308663965703,-0.7823045699674847
Rxfp2,0.764491279528241,0.0
Rxfp3,-1.316077467088939,-1.0825003104181965
Rxfp4,-0.1710773036736949,-0.2218593794753994
Rxra,0.01056598315391355,-0.08112370083820863
Rxrb,-0.08014532054089507,0.2768291630823363
Rxrg,0.7285362328485725,-1.0565603472806444
Rxylt1,0.0526766918233168,0.3103045797558419
Rybp,0.17072555819765434,-0.8456091961102068
Ryk,0.8047343761353991,-1.1339737369313152
Ryr1,0.4831979067090373,-1.743331254858731
Ryr2,-0.058593167273294,-0.3218472504799941
Ryr3,0.44835285655254964,-1.317561505677424
S100a1,0.7707778536430201,0.1544034021786178
S100a10,2.4137258053663606,-0.307508695362662
S100a11,2.2115142308477225,0.1147860750732903
S100a13,0.5062110073118404,1.0793919174388895
S100a14,1.4057068512715352,-0.21283904559181435
S100a16,1.9156102916405526,-0.88093174676521
S100a2,0.4983142666511995,-0.6904200033186392
S100a3,-0.25649733957562315,-2.3441030794313056
S100a4,2.2095070619442163,1.3183170583276071
S100a5,0.0,0.0
S100a6,4.007694011637348,-0.27869934406091623
S100a7a,1.7087072022964838,-0.32222188260946183
S100a8,4.112101002968378,-0.778132804240629
S100a9,2.7314714784473524,-0.2325284545688029
S100b,0.4178534882708247,-0.4114133077273303
S100g,0.05194521532939711,-0.18015603895412857
S100pbp,-0.6038636347310113,-0.40520591592822797
S100z,0.0,0.0
S1pr1,-0.40664335475072555,0.10712049744431162
S1pr2,0.23144966387591204,0.6973853707940982
S1pr3,1.43504389116824,-0.7425214695851583
S1pr4,-0.7521987322924519,0.06190282529685032
S1pr5,-0.0645147334803644,0.847439323662643
Saa1,0.0,0.0
Saa2,-0.6157185001395499,-0.35820978814101395
Saa3,4.308048793904061,4.546724855314808
Saa4,0.38060148394821125,-0.32018904198491804
Saal1,-0.3848980129760591,0.20621875990184435
Sac3d1,-0.2983412843513449,0.5207733286871443
Sacm1l,-0.24959095656083363,0.251034570501087
Sacs,-1.0360006761907385,0.2249771124802571
Sae1,-0.009799093488776833,-0.11448693781589547
Safb,-0.5155794953221324,0.21382754591681064
Safb2,-0.162980165453817,0.028529118846194024
Sag,0.5196584761659366,-0.9907741276657234
Sall1,-0.24654761082433652,0.5448873675640833
Sall2,0.2295671738591949,-0.3923614878360464
Sall3,0.050943253378145315,0.3796379590088268
Sall4,0.0,0.0
Samd1,0.7010707058687187,-1.2779181721284671
Samd10,-0.08382323345958831,-0.554306377961014
Samd11,-0.08979978896932472,-1.1097088120925882
Samd12,-0.6163174746417006,-0.2807006173263087
Samd13,0.8709725633063505,0.15181665225542207
Samd14,-0.5015108683266405,-0.7153474457453441
Samd15,0.6833655049279885,-0.7503854759161057
Samd3,0.8885711962103462,-1.7035776916225724
Samd4,1.4990733495887705,-2.590786253807645
Samd4b,0.5406224527383863,-0.5423822053081366
Samd5,0.4271345471781691,-1.1520068983779046
Samd7,0.3144621169221331,-0.7799740844955387
Samd8,-0.049220361913473454,0.45871002112853176
Samd9l,0.1343889893521535,0.6585917678188853
Samhd1,0.33724158607158117,0.6923442025544375
Samm50,-0.13032115119499998,0.3204963092312596
Samsn1,0.027607970035429474,0.5808079978865717
Samt1,0.0,0.0
Samt2,0.0,0.0
Samt3,0.0,0.0
Samt4,0.0,0.0
Sap130,-0.33303510501969313,-0.14867351413221463
Sap18,0.03147172758305494,0.10621643980502782
Sap18b,0.13199159954991124,0.33690227013602403
Sap25,-0.4191420794003955,0.09146132019692299
Sap30,1.8490051029289614,1.225413436888263
Sap30bp,-0.21121633810001406,0.1010444204660157
Sap30l,0.7566023929824244,-0.7196746664446039
Sapcd1,0.30495724550946335,-1.4903383674894433
Sapcd2,-1.3117149233646606,-1.0605159266357296
Sar1a,0.15681379076071522,0.09603025151869815
Sar1b,0.10529413634352736,0.21576920609256867
Saraf,-0.08387295042019183,0.3620495525332643
Sardh,-0.5475572691163073,1.0613273332002002
Sarm1,0.17991327012430602,-0.3026421160048969
Sarnp,0.17695773072279763,0.07726395045794554
Sars,-0.12643816477015513,0.058445210256634184
Sars2,0.2374819058110802,-0.4257622284408207
Sart1,0.9067923422588837,0.1931776935426246
Sart3,-0.30631645317336087,0.18969171113026562
Sash1,0.32145178355776594,-0.4065999628367418
Sash3,-0.6654835771491268,0.8710700654096097
Sass6,0.3418349512773915,0.06621096650026281
Sat1,-0.4276266324819282,1.0519483953178401
Sat2,0.33700604119259836,-0.5745921925940518
Satb1,0.20599687675560396,-1.5181877468467526
Satb2,-1.2229849836035038,-3.934882156203557
Satl1,-0.3493402176101932,0.0
Sav1,1.2070144555863203,-0.7987300835646303
Saxo1,0.0,0.0
Saxo2,0.27733865357805243,-0.5578624696960492
Saysd1,0.15241504472956713,0.37987751527495917
Sbds,0.08821930618780804,0.18371276324695174
Sbf1,0.1822664995432497,-0.09327286844880334
Sbf2,0.0037320569058199027,-0.15158081870593598
Sbk1,0.212578517509602,-0.9983165810628769
Sbk2,0.5813791078457018,0.42058987921392665
Sbk3,0.5214776105972727,-2.705928577041667
Sbno1,-0.19995049643913454,-0.015732639850304153
Sbno2,0.03599526627668581,1.0742501430191833
Sbp,0.0,0.0
Sbpl,0.0,0.0
Sbsn,-0.2357744082566553,-1.2191423868739948
Sbspon,1.8616291971523955,-1.6581920527687348
Sc5d,-0.06999865514856296,0.3191391031733435
Scaf1,-0.44084191755368884,0.09583152086886493
Scaf11,0.26528046976408426,0.01608806795202611
Scaf4,0.11823207005702319,-0.7499682821562974
Scaf8,-0.16317063664647868,0.23488960315159702
Scai,-0.6921216576856981,-0.7123882631905829
Scamp1,-0.6136256434104137,0.45672459544404553
Scamp2,-0.15865214236155012,0.8580802446978861
Scamp3,-0.19968865400837288,0.5312719725641184
Scamp4,-0.03287154661580338,0.5310155395031426
Scamp5,-0.31613099323795524,-0.014823764428845365
Scand1,0.00961189296764342,1.1483869815336494
Scap,-0.14940848784645233,-0.09372596858259286
Scaper,0.2428926908325213,-0.0891700029218363
Scara3,1.081016269754377,-0.35643117122475054
Scara5,-1.129000843662053,-1.86997881856697
Scarb1,0.024497158180542655,0.053291740960254685
Scarb2,-0.08658616575536549,0.708545985596226
Scarf1,-0.16297717361321507,-1.593006977443741
Scarf2,-0.7213425685982195,-0.9838087317092539
Sccpdh,0.26141452817255484,-0.2565030043615817
Scd1,-0.12147750378754907,0.07636208828373547
Scd2,-0.28258619480069846,-0.28074775011522846
Scd3,-0.03704047080742612,-2.5102366611233764
Scd4,-0.10258070575972589,-0.5747961372291162
Scel,0.570382850654259,-0.5261828402850517
Scfd1,0.08533811097066923,0.07339266040050241
Scfd2,0.04146975295778432,0.1634692423840427
Scg2,-0.5293465399414057,-0.9406588235130933
Scg3,-0.4257107001037763,-0.45595583785662264
Scg5,0.0939948603218177,-0.5928445192792804
Scgb1a1,0.0,0.0
Scgb1b10,0.0,0.0
Scgb1b11,0.0,0.0
Scgb1b12,0.0,0.0
Scgb1b15,0.0,0.0
Scgb1b18,0.0,0.0
Scgb1b19,0.0,0.0
Scgb1b2,0.0,0.0
Scgb1b20,0.0,0.0
Scgb1b24,0.0,0.0
Scgb1b27,0.0,0.0
Scgb1b29,0.0,0.0
Scgb1b3,0.0,0.0
Scgb1b30,0.0,-0.35820978814101395
Scgb1b7,0.0,0.0
Scgb1c1,0.7462488500299823,-0.809130217725551
Scgb2a2,0.0,0.0
Scgb2b11,0.0,0.0
Scgb2b12,0.0,0.0
Scgb2b17,0.0,0.0
Scgb2b18,0.0,0.0
Scgb2b19,0.0,0.0
Scgb2b2,0.0,0.0
Scgb2b20,0.0,0.0
Scgb2b21,0.0,0.0
Scgb2b24,0.0,0.0
Scgb2b26,0.0,0.0
Scgb2b27,0.0,0.0
Scgb2b3,0.0,0.0
Scgb2b7,0.0,0.0
Scgb3a1,1.5658817189620537,-0.4346984250672138
Scgb3a2,0.0,0.0
Scgn,-0.024504867542761488,-1.0825047066621334
Schip1,-0.26542557229806896,-0.6748316833841859
Scimp,0.6125325895273734,0.8819614177433195
Scin,0.0,-0.7282243797812842
Sclt1,1.567934889297022,-1.3983064220541666
Scly,0.1316167009614997,-0.1452658681741834
Scmh1,-0.6287925982969735,-0.6332682176462292
Scml2,-0.4806228480638639,-2.6096168505225044
Scml4,-0.9408278039691247,-2.921090302611497
Scn10a,0.0,0.0
Scn11a,0.09913843762700303,0.623939758430442
Scn1a,-0.41711596281674623,-1.424413344597264
Scn1b,-0.20019881582297927,0.6780182437342583
Scn2a,-0.6622242075202571,-0.5206431997294363
Scn2b,-0.31998150261639324,-0.3285167902217925
Scn3a,-1.5471918112968153,-1.222353737900546
Scn3b,-1.45509359438568,-0.618514886538108
Scn4a,-0.8126153782567629,-1.5081104579404627
Scn4b,1.5557564257449847,0.13600635908604009
Scn5a,-3.6296674643962517,0.19012502807232945
Scn7a,1.531370677655569,-0.8857541410264185
Scn8a,1.0937022376835905,-1.437485523978851
Scn9a,-0.6796001044167026,-0.6816933593970962
Scnm1,0.25276741628827537,-0.16674464297073044
Scnn1a,-2.0708497338094904,0.16605825391427942
Scnn1b,0.0,-0.44656908196376366
Scnn1g,0.0,-0.2152727868316063
Sco1,0.16959253222607096,-0.5021885942955997
Sco2,-0.2379000708567709,0.5313445765301354
Scoc,-0.5525869390472504,0.24535488960121654
Scp2,-0.16154693904242734,0.35244814309494643
Scp2d1,0.0,0.0
Scpep1,0.02173314579851393,0.6826816436456884
Scrg1,-0.12342015831251196,-0.10504254787904732
Scrib,0.3243291364806007,-1.3006663247521724
Scrn1,-0.5564238045026446,-0.564889383334549
Scrn2,0.28865333143024774,-0.41016721488225905
Scrn3,-0.2710309930201369,0.018909082002533495
Scrt1,0.6882661442151607,-0.9708032170338843
Scrt2,0.4663744665613132,-1.1819069833889824
Sct,-0.6680182661208476,1.2371376130256109
Sctr,-0.8065502594801807,0.18005734163020382
Scube1,5.2067099086230755,-1.3068276265413177
Scube2,-0.834619271326495,-2.1519024080572358
Scube3,-0.2941312227997557,-1.9110258070809198
Scx,-0.2979784346051759,-0.05266967180092896
Scyl1,-0.2964592250929261,0.11989926576057108
Scyl2,0.25046947567753897,0.6302945383906096
Scyl3,-0.030417314205282153,0.3736470104521601
Sdad1,-0.19749993396489884,0.16317885527009324
Sdc1,-0.16450700610073987,-2.4713202122113724
Sdc2,0.21711548480879372,-0.757517100148247
Sdc3,0.41989340045427426,-0.16631013683999818
Sdc4,0.6755095941942013,-0.2599990484164021
Sdcbp,-0.255012246733207,1.1275083078189194
Sdcbp2,1.0191797064516632,-1.659207711457306
Sdccag8,-0.2943431348443415,0.1197404543243703
Sde2,0.21739963322873557,0.22734757056498545
Sdf2,0.2758521548916537,-0.10319533736946696
Sdf2l1,-0.15729188742203348,0.9962834509507879
Sdf4,-0.103976232955592,0.589857502852956
Sdha,-0.10102381230459656,-0.10049745084001849
Sdhaf1,1.0356494386601511,-0.10646321319610408
Sdhaf2,-0.012303805447292149,0.1034427810521148
Sdhaf3,0.18386397566386492,-0.358244296673738
Sdhaf4,0.19675574856233702,0.019204438926717415
Sdhb,0.08322364172049745,0.24698747302269375
Sdhc,0.2701638696054225,0.21533426141663803
Sdhd,-0.01199839152526394,0.36946350126585514
Sdk1,-1.285936366734818,-0.4837638732291998
Sdk2,0.6925828789967143,-0.8504458941742685
Sdr16c5,0.0,0.0
Sdr16c6,0.0,0.0
Sdr39u1,0.15146176833868275,-0.7339131269850352
Sdr42e1,0.11010000132870257,-0.02652368357472934
Sdr9c7,0.0,0.0
Sds,0.0,0.0
Sdsl,1.3178364768317312,-1.4214185697984423
Sebox,1.0666016244406187,-0.8191992862972981
Sec1,-0.22460165221561024,-6.373215085618252
Sec11a,0.06284131028025364,0.34550055872542274
Sec11c,-0.0324754729761807,0.4952312734141078
Sec13,-0.21536843023024055,0.3680989936351917
Sec14l1,-0.2652214693769288,0.18021571819196502
Sec14l2,0.3733986639376372,0.31708117182667017
Sec14l3,0.0,0.25325806877877893
Sec14l4,-1.2232823085206117,0.0
Sec14l5,-0.41551385955233755,1.4968646099548728
Sec16a,-0.2853938493114292,0.23888166063694172
Sec16b,0.20285721003144452,-1.699372485708821
Sec22a,0.3456423643914608,-0.3235764950444562
Sec22b,0.2805404906943778,-0.08813004703751304
Sec22c,1.3409733475406842,-0.6012842235275784
Sec23a,-0.42748361852733296,-0.0018106781324114252
Sec23b,-0.19694362260917764,0.12399088300080763
Sec23ip,-0.23479963461921116,0.2141368966463144
Sec24a,0.36246051123672274,-0.24859653078802246
Sec24b,0.3331970570129723,-0.3300617886967707
Sec24c,-0.3730923349694404,0.20509468323839997
Sec24d,-0.4138150908143974,0.8290469664024425
Sec31a,-0.22165353944778055,0.5304298990669967
Sec31b,0.02157453500235551,0.6364428613059276
Sec61a1,-0.020741115544142374,0.5843081602836318
Sec61a2,0.0675764363492739,-0.4371030326701213
Sec61b,0.4391850438763232,0.22130747652475868
Sec61g,0.7858342185296543,0.1969493858699849
Sec62,0.1302294293584083,-0.06935755420425238
Sec63,0.8243966176173725,-1.0978396791273326
Secisbp2,0.3542449764261342,-0.06143915896989327
Secisbp2l,-0.04752071198829988,0.520172889925723
Sectm1a,-0.48016876947433335,-0.4569204579033296
Sectm1b,0.0,-1.0402324425901743
Seh1l,-0.11980379519708606,0.43233510754411775
Sel1l,-0.279249380688098,0.16517593605658298
Sel1l2,0.22888442284205604,0.0
Sel1l3,0.37586377940891147,-1.343387096486845
Sele,0.0,0.0
Selenbp1,-0.46180035342802306,0.5250888686950272
Selenbp2,-0.9313490085281926,1.275537567340705
Selenof,0.01339046134400057,0.37808568696580913
Selenoh,0.2896090702063354,0.11321243215656374
Selenoi,-0.5409738109881541,-0.2053515785478055
Selenok,0.3065542375917758,0.20245977397204307
Selenom,0.5667753476315944,-0.21606052693212519
Selenon,0.7551168946326241,-0.06474144598959608
Selenoo,0.6448702055112161,-0.6507446401319577
Selenop,-0.5681424389298932,1.2530707747879308
Selenos,0.13357644592591278,0.34725814362241003
Selenot,0.2125488259542596,-0.5966645437513058
Selenov,0.9619939007583655,-0.3658511480416964
Selenow,0.5846255259721822,-0.06041079817064521
Sell,-0.15032519630886831,2.407761572137141
Selp,1.8168987532478158,-0.35820978814101395
Selplg,-0.3680310136004721,0.8845320986875116
Sem1,0.32581691302424964,0.6344981459318095
Sema3a,-1.1795496247427035,0.35108652588302824
Sema3b,-0.3775529081474236,-1.0128190525532013
Sema3c,-1.8203940149608524,-3.9624720194459386
Sema3d,0.4664285733463638,-3.9339323296609114
Sema3e,0.5963545597076383,-0.6169332568894443
Sema3f,0.05684566542579361,-1.471832089763077
Sema3g,-1.5402477119839073,-3.16016959671164
Sema4a,-0.3333722554194072,0.3793657797962755
Sema4b,0.7928150411679642,-0.5720202881643441
Sema4c,-0.6598983834897449,0.6902672068070412
Sema4d,-0.2252299337243997,1.0919975097717938
Sema4f,-0.40362318078657644,-1.2746722316446961
Sema4g,-0.48551308862560383,-0.23323122787691464
Sema5a,-0.733113384550931,-1.2175695763723375
Sema5b,0.2957864898840761,-0.20395178781322088
Sema6a,-1.4031472038879276,-0.3624256820254512
Sema6b,0.9206846556578148,-0.8432823795496489
Sema6c,-0.2529424613991291,-1.3148600266844772
Sema6d,0.0794263425674151,0.2092052906734203
Sema7a,1.0030189285798818,-1.5465710728524815
Senp1,-0.022439816403112545,-0.22033282077110528
Senp2,-0.21043273428994702,-0.2764256969021943
Senp3,-0.3816920880749972,-0.4152306061569515
Senp5,-0.1697956778146299,0.5761984827510513
Senp6,0.4385842813278771,-0.6420899346596318
Senp7,0.10653531326632582,-0.2752220340025975
Senp8,-0.03765130115641391,0.17582621505771456
Sephs1,-0.26402494354827866,0.15987767523230723
Sephs2,-0.1972538562350401,0.42827250103814407
Sepsecs,-0.2945075602337077,0.17818251118485584
Sept1,0.17437854907209793,-0.21493898984281934
Sept10,-0.23791482583813384,0.6928443566572753
Sept11,-0.3529634992898725,-0.2617856716345184
Sept12,0.5247954152371275,0.0
Sept14,0.0,0.0
Sept2,-0.12426445752003445,0.7756049670658953
Sept3,-0.5967161220905197,-0.6684326441982211
Sept4,0.19071933121596452,-1.1399542438895196
Sept5,-0.551981345496305,-0.6883167982680334
Sept6,-0.8716333752306067,-0.16433362372287164
Sept7,-0.09019643876138161,0.20182456504343804
Sept8,0.6500575373877275,-0.2753949529164821
Sept9,-0.5500374107104218,0.6831359074630097
Serac1,-0.3333482951535629,-0.0460519860966091
Serbp1,-0.10598791414744113,0.2849958152204799
Serf1,-0.08322449998629455,0.07163387865833659
Serf2,0.08410072377783351,0.6574338402977542
Sergef,-0.02252576913815929,0.41954865938490116
Serhl,-0.07749279653333474,0.37187101200094297
Serinc1,-0.4608415340589609,0.06459581795343361
Serinc2,0.7715988064442402,-0.24367175017130904
Serinc3,-0.3178322548971799,0.9823900491960131
Serinc4,-0.25021853857232657,-0.9384168329831866
Serinc5,-1.125202495902867,-0.23198788903434675
Serp1,-0.5778693545564764,1.4560783463388756
Serp2,-0.013366122209364839,0.24769176546959404
Serpina10,0.6200651260325509,0.035550208886954066
Serpina11,0.0,0.0
Serpina12,0.0,0.0
Serpina16,0.260988139344439,-0.6949428703042281
Serpina1a,0.0,0.0
Serpina1b,0.0,0.0
Serpina1c,0.0,0.0
Serpina1d,0.0,-0.2218593794753994
Serpina1e,0.0,-0.2218593794753994
Serpina1f,0.0,0.036474806037092106
Serpina3a,0.0,0.0
Serpina3b,-0.5435810959615931,0.0
Serpina3c,1.0126676333463815,0.0
Serpina3f,-0.19550768422387343,-0.5086402484169328
Serpina3g,-0.4985253517312116,-3.7301548156828517
Serpina3i,-0.5702365557871412,-0.4371321663070057
Serpina3j,-0.22082010532603893,0.0
Serpina3k,0.22888442284205604,-0.2218593794753994
Serpina3m,0.0,0.0
Serpina3n,4.161311374461724,-0.47606882418783236
Serpina5,0.0,0.2517475928686984
Serpina6,0.0,0.0
Serpina7,0.0,0.0
Serpina9,0.0,0.0
Serpinb11,0.0,-0.6521623894425989
Serpinb12,-0.23690106472386616,-0.8119391554664651
Serpinb13,0.0,0.0
Serpinb1a,-0.5480208419597132,-1.5759589803085854
Serpinb1b,0.21420215787180252,0.7531325280524497
Serpinb1c,-0.11046845515047699,2.3214274237032533
Serpinb2,0.4863737604191516,-1.8369708262062563
Serpinb3a,0.0,-1.6167449243511136
Serpinb3b,0.0,0.0
Serpinb3c,0.0,0.0
Serpinb3d,0.0,0.0
Serpinb5,0.47652920703648416,-1.0998765793424128
Serpinb6a,0.018752689520773913,0.5454954276535329
Serpinb6b,0.24475364119520737,1.8706938267007467
Serpinb6c,0.31064970480654197,0.31583824157475093
Serpinb6d,0.0,0.0
Serpinb6e,0.0,-0.24431098970421622
Serpinb7,0.0059456118286387305,-0.1590289864907355
Serpinb8,0.11734767132374735,0.6898483791532541
Serpinb9,0.13206577262351793,0.4301662294419888
Serpinb9b,0.0,0.0
Serpinb9c,0.0,0.0
Serpinb9d,0.0,0.0
Serpinb9e,0.0,0.0
Serpinb9f,0.0,0.0
Serpinb9g,0.0,0.0
Serpinb9h,0.0,0.0
Serpinc1,0.43116244161148387,-0.05997678717792354
Serpind1,-0.14246755406972067,-1.733081503571352
Serpine1,1.541690620652282,1.5871213217856273
Serpine2,-1.1065021374483468,0.9860577938408621
Serpine3,-3.0776373953994085,-1.6939123265952833
Serpinf1,-0.6523059302575156,0.6871071749829412
Serpinf2,-0.5654722210138665,2.900441567727378
Serping1,1.3247499886719103,-0.2946804364786271
Serpinh1,0.057238770632768166,-1.0393706041165656
Serpini1,-0.803838489404356,-0.5675499762694685
Serpini2,0.0,0.0
Sertad1,0.37309929192502,-0.42379482974377325
Sertad2,0.0527432700087509,0.04713389728181561
Sertad3,-0.3800909046221044,0.3287794495171239
Sertad4,1.2047751474902029,-0.5667527317457575
Sertm1,-0.8233026617875008,0.1935202521673629
Sesn1,-0.08304736764465659,0.48023895718297815
Sesn2,-0.4152688305916783,-0.27541300615130204
Sesn3,0.4210138243371482,-0.9430558064531116
Sestd1,0.14555061904611755,-1.0612255369923664
Set,0.5101549166858206,-0.1746481742560313
Setbp1,0.2559762815299962,-1.5228999474708997
Setd1a,-0.6516340010987047,-0.7596824424382609
Setd1b,0.456816910644287,-0.39600951812103347
Setd2,-0.009268751960714638,0.1483652963725035
Setd3,-0.28267144525617205,0.6126998392520271
Setd4,0.23939272841417036,-0.4410851676532328
Setd5,0.5238294410464324,-0.19121842085378304
Setd6,0.999928907889621,-0.43668310708771596
Setd7,-0.1485580568270244,-0.18143686806883608
Setdb1,-0.7327398710245419,0.5047308599208495
Setdb2,0.2532059083444764,0.2376869194413036
Setmar,0.21032328697705083,-0.8232390301541521
Setx,-0.3329759560399079,0.8757131530620619
Sez6,-0.6736616395892323,-0.3166464530196791
Sez6l,-1.4218406577680351,-0.3560676159213809
Sez6l2,0.728674774572978,-1.4161924194555455
Sf1,-0.0319251157407372,0.1979972497231568
Sf3a1,-0.14488556132545938,-0.08562636352907127
Sf3a2,0.46446848453056333,0.17243979431319545
Sf3a3,0.020537110914348844,0.18315862994356102
Sf3b1,-0.5194109160339249,0.37654528507071383
Sf3b2,-0.19506767037016637,0.027565760260788608
Sf3b3,-0.244962362324447,0.1040676022315079
Sf3b4,-0.00795760943969448,0.25387848735841345
Sf3b5,0.31031150141595454,0.3278983378022886
Sf3b6,0.4193827839760065,-0.2474391703510701
Sfi1,-0.07559369680381778,0.15971399740583436
Sfmbt1,-0.083690190353229,0.417130335288995
Sfmbt2,1.608479185862925,-1.879042238840026
Sfn,0.05114092556358196,-2.6233825077958466
Sfpq,0.7853637753318754,-0.9135447277914608
Sfr1,0.013637146789010401,0.059561870099178904
Sfrp1,2.9881023817355485,-1.81218316802505
Sfrp2,-2.2887595097726736,-1.219879713306006
Sfrp4,0.03596765599952567,-2.4343581922547575
Sfrp5,0.44028820050823325,-2.341409379692666
Sfswap,0.3523946607224353,-0.2732735280030312
Sft2d1,-0.3280935737350532,1.0341761614542104
Sft2d2,-0.4073350477166997,0.9454222114705466
Sft2d3,1.0730906959666031,-0.8001882341244757
Sfta2,-0.3493402176101932,0.0
Sftpa1,0.0,0.0
Sftpb,0.0,0.25555345956664705
Sftpc,0.026114188908666902,0.0
Sftpd,0.0,0.0
Sfxn1,-0.174386112856995,0.28571501475041217
Sfxn2,0.12532266070999398,-0.022437428531254966
Sfxn3,-0.18294465300165363,-0.09859435103471625
Sfxn4,-0.15382710853534132,-0.7691710568579575
Sfxn5,0.1419555362730911,-0.5252313239693667
Sgca,-0.07562315857353041,-0.4818964048495763
Sgcb,0.3157200317771398,-0.21627033241095361
Sgcd,-1.1209111310800994,-2.84562856816674
Sgce,-0.470798439573505,0.36387429976879915
Sgcg,0.03755982894291254,-0.6822181036319194
Sgcz,-0.03190201733267317,-0.40565978794053303
Sgf29,-0.24104789268506366,0.06362351073945582
Sgip1,0.3407122153023536,-0.7287068705371667
Sgk1,0.05728596664832786,0.24476186836723812
Sgk2,0.6949290426110218,-2.2400254709686824
Sgk3,-0.0007678965704727148,1.1558063522409494
Sgms1,0.1557897908529835,-0.5869483121846653
Sgms2,1.0908845232546716,-1.1038500232756192
Sgo1,-1.3036671320666722,0.6503505815885879
Sgo2a,-1.3729756829466417,-1.4752643185410077
Sgo2b,0.0,-0.4346984250672138
Sgpl1,-0.18026482485729467,1.0631469233272242
Sgpp1,0.9557383000531896,-0.5115448745249509
Sgpp2,-0.2796945673228546,-0.6138694465025072
Sgsh,0.1087086000169517,-0.010763724179424727
Sgsm1,-0.9528292815993442,0.05899408584251198
Sgsm2,0.15855699537406753,-1.1238019133821515
Sgsm3,-0.21601627964971115,-0.34225655928327825
Sgta,-0.19555319676961957,-0.1659147824885583
Sgtb,-0.24719570058473295,-0.43719881188959064
Sh2b1,-0.4365605452018819,-0.18619776700210622
Sh2b2,-0.6289588901985859,1.0856147392470277
Sh2b3,-0.2268084367642711,0.07250044644534981
Sh2d1a,1.0256826912893198,-0.9926560676104659
Sh2d1b1,0.020321908473461825,2.298877216665998
Sh2d1b2,-0.8257976296202281,3.3137904507830735
Sh2d2a,-0.7032615446699126,-0.3530327241333283
Sh2d3c,-0.2542872606563442,0.5718883788102662
Sh2d4a,-0.7761295657220924,-1.9816464449939688
Sh2d4b,1.262503326141244,-1.2577089407353879
Sh2d5,-0.257177772454515,-0.6073918683588797
Sh2d6,0.31694936771275906,0.5715435398668625
Sh2d7,-0.6651760214043733,-0.34915265822807906
Sh3bgr,-1.4632593778599299,0.1291941209061065
Sh3bgrl,-0.1196972162757568,0.23219928749669094
Sh3bgrl2,0.16191855592289173,-0.5471546997186838
Sh3bgrl3,-0.47925102578031264,1.2395196517847822
Sh3bp1,-0.6950994846418013,0.9920746557937683
Sh3bp2,-0.24855612358893175,0.9772435445482603
Sh3bp4,-0.14273623111365907,-0.47500201195367
Sh3bp5,-0.4897878981250283,1.0159075458594273
Sh3bp5l,-0.5151072396920302,-0.1140590262049308
Sh3d19,0.9666791915629451,-0.45899762959709633
Sh3d21,-0.7485497783073383,0.04055263164873679
Sh3gl1,-0.31692949564225614,0.30762314871589247
Sh3gl2,-0.46736346883361257,-0.3409644567991492
Sh3gl3,-2.101711586893967,-0.8053941813917898
Sh3glb1,-0.11090764340986325,0.790448886354552
Sh3glb2,-0.17860085678649718,-0.2292413162683129
Sh3kbp1,-0.6403370220867188,1.4857139999496205
Sh3pxd2a,-0.5533862935715153,0.2953312256905658
Sh3pxd2b,0.5063393152997051,0.12304128995104335
Sh3rf1,-0.6724672656214903,-0.34944254814742504
Sh3rf2,-1.4220448231762128,-2.2061998216630743
Sh3rf3,-0.9610675030938562,-0.7417098816330654
Sh3tc1,-0.4912725483677356,0.8497805971006542
Sh3tc2,0.17734763932801467,-2.6349549239299614
Sh3yl1,0.001964100237715094,-0.7305667365416806
Shank1,0.15917038504016112,-0.5238177325886682
Shank2,0.08444319694626579,-0.9983052966108534
Shank3,-0.5806513018102342,0.011340049795872886
Sharpin,-0.07887670673222758,0.15783076942189922
Shb,-0.25797291744195094,1.1533695340027719
Shbg,1.8035903386912562,-0.21283904559181435
Shc1,-0.14460225504440416,0.7621160362074786
Shc2,-0.35829772156083184,-0.2869107040253942
Shc3,-2.199036230124864,-0.4355318321100663
Shc4,0.7483629613288905,-0.5776832894460426
Shcbp1,-0.16496886566180802,0.11398323745935457
Shcbp1l,0.6595126226622683,1.4317850241298593
Shd,-0.7720167272331215,-0.4428696326687671
She,-1.5792665807902426,-2.766998600932391
Shf,1.7083706303678134,-0.7918296326373802
Shfl,0.06147540603336843,0.2343780107996647
Shh,-0.5221517726422948,-0.8383881410290144
Shisa2,-0.35801335079682595,-2.4763771074603893
Shisa3,-0.685781702656691,3.10576871195136
Shisa4,1.0021766041450224,-0.8716285582934908
Shisa5,0.05873855050337973,1.1572022697944266
Shisa6,1.34752587700057,-3.184576485824414
Shisa7,-1.0812528843716214,-2.118632282183517
Shisa8,-0.32232815907218626,-2.040923519788011
Shisa9,-0.23804836366276572,-2.1012687267031502
Shisal1,0.04648075286078779,-1.6102795543060413
Shisal2a,-0.27341326152216117,0.6491485934556814
Shisal2b,3.2250051577138583,-3.4391542122838157
Shkbp1,-0.25709248127807527,0.8811913236141731
Shld1,0.14558748604022043,-0.5668957141132402
Shld2,-0.23533914547249868,0.44693806605866815
Shld3,0.08735850189721006,0.6996880773473038
Shmt1,-0.22439437811134333,-0.5455213673835742
Shmt2,-0.14211556616288235,0.4179145931959418
Shoc1,0.3093866885912376,1.2512788140468125
Shoc2,0.1483745156334102,0.19660944214064813
Shox2,0.0,-0.6400851675862522
Shpk,-0.5486550125508831,-0.6900022631823681
Shprh,-0.4583142460177321,-0.017869702460936665
Shq1,0.030914144703398705,0.04553297571032999
Shroom1,-1.0713410215452486,-0.7267377084746167
Shroom2,-0.33871838823183253,-1.1810140503367101
Shroom3,0.6142840223134822,-2.210322373371543
Shroom4,-0.027743571222160313,-0.13788155610083308
Shtn1,-0.3262696650579615,-0.13217351057449278
Siae,-0.35797778613571296,0.8333260834067673
Siah1a,1.0272718040568094,-0.5050555949589564
Siah1b,0.25194656689274897,0.5582787769768345
Siah2,0.7968016317457405,0.1906101542354568
Siah3,0.22830364100798572,-1.2961461611311584
Sidt1,-1.7535725034200889,-1.2551608182281964
Sidt2,-0.29374517102667497,-0.19873514112363289
Sigirr,-1.1237927700465136,-0.25944757913096517
Siglec1,0.8469134674468748,1.1843569453681475
Siglec15,0.0,0.0
Siglece,-0.12833419390292455,1.2053455632470857
Siglecf,-0.8772105644422741,1.3289419733174324
Siglecg,-0.6663683274337204,0.6754414858159947
Siglech,-0.40067467336393037,1.011537585772528
Sigmar1,0.07835549927021646,0.38361534289589194
Sik1,-0.9547315188504948,0.4451711929118174
Sik2,-0.09960261841696116,-0.17605542970423294
Sik3,0.09525014502491214,-0.3868564309881588
Sike1,-0.3024589714062813,0.73249970750547
Sil1,0.31291369893732046,0.2608661928688569
Sim1,0.0,0.0
Sim2,0.0,0.0
Simc1,-0.18035977320266916,-0.31575267326356915
Sin3a,-0.4942622929203182,0.09783489460326145
Sin3b,-0.10280328122262361,0.3384688827382778
Sinhcaf,-0.06254824898288724,0.1453994332537203
Sipa1,-0.26922242311960787,1.487753329180828
Sipa1l1,0.10344605521749628,-0.08100992166032128
Sipa1l2,-0.10517843501088109,-0.03543121011520611
Sipa1l3,-0.1999919477453922,-0.3759066551621153
Sirpa,-0.35607511794795776,0.8615406928872069
Sirpb1a,0.587914824930599,3.4421113191550416
Sirpb1b,0.5401722264069937,2.7632333636534474
Sirpb1c,0.9030214127601619,2.9712033447016415
Sirt1,0.9368366337428036,-0.9128131954457981
Sirt2,-0.2939835000255293,0.5886356655440625
Sirt3,-0.21975111896893118,-0.4348692832077212
Sirt4,-0.6038286927801089,-0.0653565607889437
Sirt5,0.26552783455908013,-0.5085658780352169
Sirt6,-0.10979836250367825,-0.4964249415798294
Sirt7,-0.12647019893848999,0.3846481565875859
Sis,0.0,0.0
Sit1,-0.6048050256241014,0.23377416342203572
Siva1,0.7299512054869126,-0.1938712228221835
Six1,0.40081149915118397,-0.721246839090368
Six2,-0.6835613706822325,-3.224753715161549
Six3,0.5251553368988722,-1.1872310659983372
Six4,0.2132210300512858,-0.8719391578818176
Six5,2.5305837656164507,-1.4241672345093506
Six6,-0.4118891919247414,-0.604387027569441
Ska1,-0.5644293432158611,1.350170689194416
Ska2,0.059741404129864506,-0.088686237666737
Ska3,1.5120536108549363,-1.749027793817115
Skap1,0.15158797342024855,-0.7061314210328473
Skap2,-0.3555892755583212,1.0974301983269825
Ski,-0.3938044774758218,0.5750486528718248
Skida1,0.9232318215751993,-1.16943896232522
Skil,-0.4203688546478652,1.3167017425914516
Skint1,0.3822586798994121,0.0
Skint10,0.0,0.0
Skint11,-0.22915837926285726,0.0
Skint2,0.0,0.18773916371717966
Skint3,-1.4415357785101728,-1.4301863486728257
Skint4,0.0,0.0
Skint5,0.0,0.0
Skint6,0.0,0.0
Skint7,0.0,0.0
Skint8,0.0035261550730325553,0.09527520890946217
Skint9,0.0,0.0
Skiv2l,-0.5522047349289299,0.410628364532867
Skor1,0.16008757682695973,-0.5710120377034784
Skor2,-0.0838007640873113,0.4363817163618673
Skp1a,-0.0216548075306644,-0.07490177745786575
Skp2,0.4397183910296123,-0.18575642061683517
Sla,-0.7375943484975664,1.450658532081171
Sla2,2.4755607134316424,-0.795747484026641
Slain1,0.6532081968923151,-1.0120665005314473
Slain2,0.07128866396300015,0.27746441197160365
Slamf1,-0.004466113778722303,-0.5669723099118107
Slamf6,-0.2759877577173473,1.0661742006080033
Slamf7,1.1677728430233083,0.7478113446525674
Slamf8,0.30329468084465816,0.9108773218484139
Slamf9,0.04118468747541826,0.8728152437422736
Slbp,-0.16306500462251172,0.2550169741638477
Slc10a1,-0.6052918130648344,-0.8385345519962999
Slc10a2,2.5324055657258726,-1.7364788704868366
Slc10a3,0.0012329100240098256,0.8094364891916506
Slc10a4,-0.1450851288843138,-1.7682489918861783
Slc10a5,-0.6348352607976988,0.40406555458892857
Slc10a6,-2.0440380009211263,-0.44782471404641333
Slc10a7,-0.31524563427316643,0.47236608646139544
Slc11a1,-0.15068999499566615,0.9917883367144
Slc11a2,-0.1901676095043392,0.5839298816278617
Slc12a1,-0.4499784845888962,-1.6252549965507548
Slc12a2,-0.546189418329849,-0.18342587645274655
Slc12a3,-0.6108039393966963,-1.5424738867942291
Slc12a4,-0.34282372803595607,0.5130202826408876
Slc12a5,0.6656032630435753,-0.6062615470105968
Slc12a6,-0.36256104422106716,0.34947251706513605
Slc12a7,0.09373928890378558,0.9133624339042612
Slc12a8,0.697012737996257,-1.5617814524975335
Slc12a9,-0.36943559349534816,0.6614637834299337
Slc13a1,1.0483147615662967,-1.0559768748953688
Slc13a2,0.536699715371904,0.3569287836148618
Slc13a3,0.04802836084753359,0.6488001659131806
Slc13a4,0.9937219524303575,-0.5352044221793069
Slc13a5,2.3536530103234936,-0.5807461902572673
Slc14a1,0.7717321114310938,0.051165485125208576
Slc14a2,0.0,0.0
Slc15a1,-0.5865961063965863,0.25082299571856037
Slc15a2,1.2624849746165534,-0.5316871800148695
Slc15a3,-0.13107902459321608,0.8765213012856652
Slc15a4,0.05537552101997534,0.9747884155897619
Slc15a5,0.664845959483704,0.0
Slc16a1,-0.004547724618561233,-0.6675747281676649
Slc16a10,-0.07957459845451442,0.5319611122655212
Slc16a11,-0.6143367793309187,-0.8394225556854131
Slc16a12,-1.5852372731456499,0.825802573632834
Slc16a13,-0.26113016057298744,0.3226073031749763
Slc16a14,-2.00733468715206,-1.1320868522608398
Slc16a2,0.3533837871435299,-0.5521491354499464
Slc16a3,-0.7738603332284342,0.30517923902353417
Slc16a4,-0.46695735210581724,-1.1799060715341678
Slc16a5,-2.8692839271338952,-1.0596602717078165
Slc16a6,-0.2482802349304425,0.14871401560332131
Slc16a7,-0.4372751946979161,0.896663482314576
Slc16a8,-0.4706183191028437,-2.8034341783640873
Slc16a9,1.5671063289897358,-3.5412006258757445
Slc17a1,0.5953640386754699,-2.4017091274000038
Slc17a2,1.0212082936175593,-2.4524795946897506
Slc17a3,0.801267110929845,-2.3042890864604377
Slc17a4,0.36306774379848505,-0.1332085431524872
Slc17a5,-0.24761288499200873,0.2826887540213825
Slc17a6,1.3265342904585076,-1.548927521007812
Slc17a7,1.029916534151198,-1.2535685914573182
Slc17a8,-0.5502829678558196,0.5614504337284716
Slc17a9,-0.3663840977165984,0.6305608152490452
Slc18a1,-0.41582139049975453,-0.029833768397840466
Slc18a2,-0.7674886392933802,-0.1437969323451398
Slc18a3,-1.2008611163459575,-1.0583531821713414
Slc18b1,-0.11196097362764057,0.23424695335267565
Slc19a1,0.04578106400398241,-0.2884695085056155
Slc19a2,0.6732037792591994,0.1343628487961146
Slc19a3,-1.2595566617477587,-1.9582705695625369
Slc1a1,-1.1241764466555786,0.14664503370652326
Slc1a2,0.05356341700748857,-1.2835986853125672
Slc1a3,0.7499050588803957,-0.5741221471547231
Slc1a4,0.27271453585772143,-0.3808298842878788
Slc1a5,0.38431514920843046,1.1428217738405655
Slc1a6,-2.520979854404935,0.2972398746008391
Slc1a7,0.08263815039872746,-0.9208585288284272
Slc20a1,-0.2593121952215274,-0.5244856096001591
Slc20a2,-0.517600883669477,-0.5059995473282086
Slc22a1,0.0,0.0
Slc22a12,0.5553908421441962,0.0
Slc22a13,-0.22082010532603893,-0.6684284614391631
Slc22a14,0.0,0.0
Slc22a15,-0.49085927941318896,-0.415931649510763
Slc22a16,0.0,0.0
Slc22a17,0.007818121225867003,0.07189806846555058
Slc22a18,-1.6292246052380017,-0.9296433267462598
Slc22a19,0.0,-0.42811183242342066
Slc22a2,0.8448520748182117,-0.34915265822807906
Slc22a20,0.0,0.0
Slc22a21,-0.08723354264486272,-1.451347695974869
Slc22a22,-0.3681752925118766,0.0
Slc22a23,-0.16595071387815885,0.7707198964031061
Slc22a26,0.0,0.0
Slc22a27,0.0,-0.34915265822807906
Slc22a28,-1.8562618005320357,-2.786953783710322
Slc22a29,1.2526721943117987,-0.7269889711134869
Slc22a3,0.0,-0.2152727868316063
Slc22a30,0.48277018966958485,-2.0106622392368556
Slc22a4,-0.886600611131362,-0.13903876724090125
Slc22a5,0.0029929971520292753,0.2836726052833143
Slc22a6,0.0,-0.7282243797812842
Slc22a7,-1.6629885522220886,-1.4517381439366939
Slc22a8,-0.21096518982494405,-0.8091475395803673
Slc23a1,1.1815059328321418,-1.597000624766423
Slc23a2,-0.2891633469646866,0.20081777050285332
Slc23a3,-1.4486450919701688,0.3301460025232297
Slc23a4,0.5612412028344815,-0.1653138299823893
Slc24a1,-0.21914092191125611,-1.0186607261113672
Slc24a2,0.33798588497410087,-0.824118574116449
Slc24a3,-0.09164898711084035,-1.3145570927745158
Slc24a4,0.988946521105972,-0.26564310971884986
Slc24a5,0.9991145602651272,-1.624946560305685
Slc25a1,0.4140709220495964,1.1423249658223398
Slc25a10,0.013826082377395466,0.1973545179920908
Slc25a11,-0.043519034427419,0.1944050597520146
Slc25a12,0.014296354067631967,-0.3744912306770729
Slc25a13,-0.09914621991566896,0.8507555289784685
Slc25a14,-0.16244718846733797,-0.9407885078856424
Slc25a15,-0.4914032816943035,0.9373251301353509
Slc25a16,-0.08979173762206116,-0.19668640487820266
Slc25a17,-0.1738524024628596,0.36923472220758313
Slc25a18,1.0171619049187544,-1.6361244989447081
Slc25a19,-0.15368588437582353,-0.26573723710318653
Slc25a2,0.3549317384111643,-1.3025941073563576
Slc25a20,0.08258140790593416,-0.25133628894049664
Slc25a21,0.6654688713089858,0.4237351568585064
Slc25a22,-0.45813384853713757,-0.4481533751338027
Slc25a23,0.6513877816494489,-0.38891339313613216
Slc25a24,0.5783335795911597,0.32812812107931144
Slc25a25,0.08726436283744476,-0.47982400584590046
Slc25a26,0.17362960949423822,-0.20433502643204626
Slc25a27,0.25309211613834215,-1.2968829521222762
Slc25a28,0.4525642629849651,-0.3217002563187892
Slc25a29,0.04373006488682485,-0.7354621375974624
Slc25a3,0.08105035493301394,-0.3287522219382293
Slc25a30,-0.4620771283477527,0.0900874773732534
Slc25a31,-1.1893532376991363,-1.4304370029474147
Slc25a32,-0.8145974489702628,0.42045478119172586
Slc25a33,0.8846307833034519,-1.036344937960532
Slc25a34,-1.6006325570587805,-1.2025232892057585
Slc25a35,-0.0011117681485419695,-0.6920846021490803
Slc25a36,-0.5595817636221145,0.3511229927505468
Slc25a37,0.723587294601403,-0.03561380528886282
Slc25a38,-0.012397485678167897,0.00015638518405580726
Slc25a39,0.04665906168311551,1.2211643222259525
Slc25a4,0.018969403414542896,-0.5636040469449384
Slc25a40,-0.1182890064705937,-0.03920249084465688
Slc25a41,-1.3832747812799886,-1.2024447982510806
Slc25a42,0.0190351439259544,-0.54624593576529
Slc25a43,0.6450251340234585,-0.17416573805653535
Slc25a44,-0.5351707687699552,-0.5436108182763704
Slc25a45,-0.5349692229568817,0.9930011010616688
Slc25a46,-0.30974451660679136,0.25096353974858054
Slc25a47,-0.05108906772944355,-0.21668744463634138
Slc25a48,0.6748867181163857,0.5082984490340398
Slc25a5,-0.07725036630821158,0.3024633004110413
Slc25a51,-0.26916948954040265,0.41303554668633957
Slc25a53,-0.23025358511836647,0.16870411541744623
Slc25a54,0.9002498217559876,-0.6521623894425989
Slc26a1,0.4323290309529213,-0.7432990557190049
Slc26a10,-0.4371560607952816,-0.6890741803155143
Slc26a11,-0.4707764896371831,-0.17323253985888876
Slc26a2,-0.029967294512609044,0.23829333606053993
Slc26a3,-0.14414376672501764,0.0
Slc26a4,1.737109199128473,-1.0471125207301313
Slc26a5,-0.23690106472386616,-1.4890052358675452
Slc26a6,-0.48186948181611555,-1.1402659306372787
Slc26a7,-1.9585408525096808,-1.4506052449272788
Slc26a8,-1.2580419873296012,-1.4696730303142576
Slc26a9,0.0,0.0
Slc27a1,-0.07435636558869341,-0.35030784944548365
Slc27a2,-3.562776764221677,0.5663436706819707
Slc27a3,-1.2703195662591398,-2.2177634091771683
Slc27a4,0.46249642656723644,0.05647310837817621
Slc27a5,-0.0507671021826227,-0.41760546572060275
Slc27a6,-1.0824218688590772,-0.06191456446526544
Slc28a1,-0.6241370782583623,-0.8508482465000741
Slc28a2,0.8823541542513436,-1.5606363254892321
Slc28a3,-0.10175507786011195,-1.2246735447034123
Slc29a1,-0.28973466542506365,0.7533853252611689
Slc29a2,0.4548234929589796,0.08316624497649094
Slc29a3,-0.28901694914190834,1.122110065506984
Slc29a4,-0.034284559789069746,-0.9378711760608738
Slc2a1,0.2528538307602819,-0.6045652396039145
Slc2a10,0.6270264382048123,-2.1915762029702126
Slc2a12,1.1039810441941098,-5.728921428471275
Slc2a13,-1.6352724333573843,-1.9213066166257748
Slc2a2,2.0951703523569543,-0.4950134923519087
Slc2a3,-0.9745453868153735,-0.06144800674296036
Slc2a4,-4.957589428149362,2.626762288714973
Slc2a5,0.17745826869890635,0.9278613565605838
Slc2a6,0.3446900386139067,1.2300586772458857
Slc2a7,0.0,0.0
Slc2a8,-0.23520227758660184,0.6636194612176585
Slc2a9,-0.9397463200827367,0.8597659996392792
Slc30a1,0.9617801395300773,-1.0446499242064275
Slc30a10,-0.259570404527127,-0.16033780881569903
Slc30a2,0.0009317619755986328,-2.0005229876304274
Slc30a3,-0.6270669947801508,-2.5614297016860155
Slc30a4,0.566772160881519,-0.49780775962354884
Slc30a5,0.024317830916277927,0.44651900083366414
Slc30a6,0.10007379127575611,0.2130251717187086
Slc30a7,-0.5316244697304064,1.3574652631484447
Slc30a8,0.0,-0.853207356419042
Slc30a9,1.4083336150253913,-0.1584197640158287
Slc31a1,-0.33765507915744664,0.4509700743921705
Slc31a2,0.23547172539775119,-0.03889358793230535
Slc32a1,-0.807065399562366,-0.4609472789397753
Slc33a1,-0.41215571190672406,0.2793350112733908
Slc34a1,0.0,0.0
Slc34a2,0.0,-1.1882723776642192
Slc34a3,0.0,0.0
Slc35a1,0.05556273039933579,-0.05203308150933772
Slc35a2,-0.31382155622072005,0.35842406733106813
Slc35a3,0.04502987416560167,0.6030682822798745
Slc35a4,-0.20573381085835862,0.26966640155337096
Slc35a5,-0.38805179913497767,0.6812931455054247
Slc35b1,-0.061542446876758916,0.20651263103492212
Slc35b2,-0.10083373598272694,0.7875445828072483
Slc35b3,-0.23223558805127809,-0.14768545395477695
Slc35b4,-0.43365217288067903,0.19307271630510847
Slc35c1,-0.14539896529863938,0.432851991961428
Slc35c2,-0.35970768124755814,0.421541652924887
Slc35d1,0.3921975079210487,-0.025181538459484898
Slc35d2,0.09450618622309026,0.99572159454363
Slc35d3,-0.8064065551601374,-2.1678554655050615
Slc35e1,0.23002903286470655,-0.36744771839965473
Slc35e2,-0.19049299118051444,-0.23700175172202798
Slc35e3,0.26569201085485794,-0.4165451162988081
Slc35e4,0.7376447117818401,-0.07099682475735669
Slc35f1,-0.03468069351033165,-1.106484925228365
Slc35f2,-0.03142043155491425,-2.932853978848196
Slc35f3,0.08978323499510754,-1.063022008603303
Slc35f4,-0.07604998572341959,-1.0805487018153652
Slc35f5,-0.5556453510214094,0.8456158519615524
Slc35f6,-0.14630216967032972,0.7155104480271071
Slc35g1,-0.02406691472334188,-1.2779295631896819
Slc35g2,-0.765177218495511,-0.21859387908618721
Slc35g3,-0.7479980470395011,0.0
Slc36a1,-0.8112437708839888,0.3319963481452657
Slc36a2,-1.840492215369009,-0.7209229504514116
Slc36a3,0.0,0.18206474930271935
Slc36a4,-0.9032683163482176,0.5874727131459228
Slc37a1,0.22168221430661283,0.3307356396996628
Slc37a2,-0.43714318126430385,0.8514849823932522
Slc37a3,0.2788598027188165,-0.27073241141196114
Slc37a4,-0.33408678618277854,-0.3542058252430422
Slc38a1,-0.5919553693620045,0.11581163264466632
Slc38a10,-0.4389073724697461,0.7312233069663421
Slc38a11,1.6297279758036627,-1.6151361422074224
Slc38a2,-0.0037201713251544533,0.2698449450379439
Slc38a3,0.36695038342676867,-0.9416775249817082
Slc38a4,0.1070797858131094,-0.884428092947912
Slc38a5,-2.102043880566079,0.8369035609245188
Slc38a6,-0.09088620726660679,-0.2611760836960144
Slc38a7,-0.429836154338183,0.553275956928287
Slc38a8,0.01491319815023573,-2.0044298747278693
Slc38a9,-0.011899072747414863,-0.32810172993617037
Slc39a1,0.32642191454378455,0.6704608384678892
Slc39a10,-0.05823011335188788,0.30799022920429486
Slc39a11,-0.29307405500091477,0.8466285295856597
Slc39a12,-1.2799951876869367,-1.152580686709892
Slc39a13,-0.025879028596182962,0.036695959213229656
Slc39a14,-0.20353392359194444,0.587629990685107
Slc39a2,-0.5784282933653824,-3.96241350183437
Slc39a3,-0.413992407989598,-0.14166131972512375
Slc39a4,-0.6801308681048059,0.7418208701544717
Slc39a5,-0.5234226061380082,-0.8455556187767468
Slc39a6,-0.5474390852150446,0.014386755890381409
Slc39a7,0.0004699796553673252,0.30082879135098395
Slc39a8,-0.62889426491612,1.497261319861364
Slc39a9,-0.30012938512615506,0.2916720437256881
Slc3a1,-0.44562636507111897,-3.575904738103151
Slc3a2,-0.0876377421336425,0.37631860846281384
Slc40a1,-1.1666310465865486,0.8447818766528439
Slc41a1,-0.024649400652577924,-0.48567298682381654
Slc41a2,0.807473637721027,-0.9003958047423861
Slc41a3,-0.15074052887370293,0.5526840123061163
Slc43a1,-3.1666148354706705,0.03321141883120049
Slc43a2,-0.4660474869103357,0.3568415837332086
Slc43a3,-0.7449944226008167,0.7180435129952372
Slc44a1,0.6067299215251047,-0.8378833509596237
Slc44a2,-0.3984706055742784,0.7862248040552586
Slc44a3,1.1645110182754026,-4.410139058199654
Slc44a4,0.03455041739687492,-0.7989989260292407
Slc44a5,-2.510163144491682,0.24927471661174572
Slc45a1,-1.0051032152980417,-0.8266907565441617
Slc45a2,-1.2521541897174095,-4.096238592784566
Slc45a3,-0.02362816797348999,-1.2336973510964544
Slc45a4,-0.0836234127174631,-0.08440775591851768
Slc46a1,-0.24117726951151397,0.5552929462158609
Slc46a2,-2.3799399502707335,1.2907114790366658
Slc46a3,-0.32950759837627075,0.36304865191457303
Slc47a1,1.1359522709134442,-3.3351729813916897
Slc47a2,1.944340328499513,-0.8484404839505126
Slc48a1,-0.056385790942544034,-0.055737418348281054
Slc49a4,1.2824425998906852,-1.034998375892421
Slc4a1,-2.562714719341919,1.0234133225073507
Slc4a10,-0.46336699401371995,-0.6985717855114402
Slc4a11,-0.32402142965304737,-1.9230494531186755
Slc4a1ap,-0.12652166978646484,-0.32053632515171415
Slc4a2,-0.14487607603980734,-0.04461330581901635
Slc4a3,-0.33993684491395726,-0.8624797190846323
Slc4a4,0.06023882698367444,-1.5877744091228028
Slc4a5,0.09910296262403051,-1.968673024566387
Slc4a7,-0.29001279415732917,-0.43179323856749363
Slc4a8,-1.2105026100496392,-0.3608262326138405
Slc4a9,-1.5737669356659127,-0.7771700035259937
Slc50a1,0.16268547041056536,0.641753778898515
Slc51a,-1.1798539412032536,1.1473821915288722
Slc51b,0.0,0.0
Slc52a2,0.21322372682198498,0.45620628636347327
Slc52a3,1.3305593160734777,-0.9188172629395925
Slc5a1,-3.2235994641611567,-2.7330665295174423
Slc5a10,-0.27940944550096036,-0.11392576962839085
Slc5a11,-2.9309368855905857,0.8120933826199692
Slc5a12,-0.22082010532603893,0.0
Slc5a2,-1.2836944867916311,-0.5037511308878428
Slc5a3,-0.5884799353436794,0.1670120436114093
Slc5a4a,0.0,0.0
Slc5a4b,1.4268748936387192,-1.7157798585877
Slc5a5,-2.2090259177444187,0.3079429140016128
Slc5a6,-0.35715032342897324,-0.058947439549204006
Slc5a7,-1.0856258191374408,0.0047979913044615685
Slc5a8,1.705166050990556,-2.892642305663191
Slc5a9,-0.22082010532603893,0.0
Slc6a1,-1.0074851075172102,0.3059438557589296
Slc6a11,-1.1998526421164115,-0.41664315679340547
Slc6a12,-0.30608643397894575,-0.43943679884062714
Slc6a13,0.39758316502151825,-1.4034929273170054
Slc6a14,0.22888442284205604,-0.21283904559181435
Slc6a15,0.1672169171725706,-1.2596563288279103
Slc6a16,-1.9816705088503355,-2.124558485842039
Slc6a17,-0.3394316589708968,-0.22159932025564721
Slc6a18,-0.1506595164565454,-0.253036319589928
Slc6a19,1.0910560679822912,-2.1624444776586804
Slc6a2,1.6823035353895164,-0.9410634253730985
Slc6a20a,-0.2483198995443825,-5.653522132928363
Slc6a20b,-0.8275489375373404,-0.5045964111278622
Slc6a21,0.0,-0.6355754596684677
Slc6a3,-2.829668364825671,-1.7155634544238518
Slc6a4,-0.9121211999077907,-0.5819922927158527
Slc6a5,-0.9653561517105897,-0.8750467231170802
Slc6a6,-0.0680668899431236,-0.1632537632606592
Slc6a7,-1.4118926976252917,-0.006350594044958413
Slc6a8,0.8235904208562381,-0.5214384037419828
Slc6a9,-1.1102658765347773,-0.5397936921293169
Slc7a1,0.8583319322221179,0.07224626703428072
Slc7a10,-1.0158277343528694,-4.50548628417093
Slc7a11,1.2230535200428925,-0.9844059278226087
Slc7a12,0.0,0.0
Slc7a13,-0.44272392249168346,-1.0749856057001164
Slc7a14,-0.24112516507160642,-0.6096797506720915
Slc7a15,-1.0956306004472571,-1.3984819246283031
Slc7a2,0.8661372155453506,-0.840693970599844
Slc7a3,2.307361172831098,-2.005214826656037
Slc7a4,-0.18879877422708446,-0.5950093857462218
Slc7a5,0.9049630789251317,0.01671941902350227
Slc7a6,0.15353668066741122,0.051750993570154336
Slc7a6os,0.04036191913748688,-0.0455880287747803
Slc7a7,-0.422143098705023,1.3019583105855972
Slc7a8,-0.2745520658247216,0.7721443322984882
Slc7a9,0.0,0.0
Slc8a1,-0.7538110148596981,0.7094476556428013
Slc8a2,0.13000677851010822,-3.147982471822548
Slc8a3,-0.20705594186624054,-0.7645697065309704
Slc8b1,-0.1991904677327021,0.7707549024379219
Slc9a1,-0.42361431542188477,0.40995457865757423
Slc9a2,0.08013605857762895,-1.0828017723526229
Slc9a3,-2.2411739937405035,1.5731001019457596
Slc9a3r1,-0.3128854169857114,0.036302780309252825
Slc9a3r2,0.3119309368162062,-0.5310923064684285
Slc9a4,2.325533484450066,0.0
Slc9a5,-0.44190585497794377,-0.08786332495622862
Slc9a6,-0.19876498183454316,0.7058165416074917
Slc9a7,-0.658557346147238,0.5616371177865389
Slc9a8,-0.08077378763123733,0.22215056991030124
Slc9a9,-0.13500333354407523,0.8121444089855743
Slc9b1,-0.9250825216764711,1.334840780430161
Slc9b2,0.7643493673325201,-1.8740653416504536
Slc9c1,0.0,0.0
Slco1a1,0.0,-0.24431098970421622
Slco1a4,0.7815045806456311,-1.0390628895194673
Slco1a5,1.0350040993367362,-3.4299971945613494
Slco1a6,-0.7129988551704569,-0.46769546646878446
Slco1b2,-0.2154087266458899,0.0
Slco1c1,0.7799586662433908,-1.254670900504582
Slco2a1,-1.2356646613071776,-2.7828373248365006
Slco2b1,-0.34800413380021844,0.8826968575344765
Slco3a1,-0.12321623658921599,-0.43634574070167265
Slco4a1,-0.45201702225014273,-0.3202491973073869
Slco4c1,0.8813938987122213,1.4896031717273344
Slco5a1,1.058175315750404,-1.2060844609441004
Slco6c1,0.0,0.0
Slco6d1,0.7345624104828201,0.0
Slf1,1.4169740261284245,-0.6663031632375755
Slf2,0.019028147065114354,0.024081118370357757
Slfn1,0.7096407142313561,1.0162168716615225
Slfn14,0.8565323501187116,-0.26983435520658927
Slfn2,0.2044332262049835,1.3658873896097194
Slfn3,0.2595414311572215,-0.8201798518691321
Slfn4,1.822993002384485,0.22506433420175226
Slfn5,0.3786163661369102,1.7278131420277738
Slfn8,-0.21384334953964057,1.0059818653398143
Slfn9,0.19423504986023232,0.553962016695829
Slfnl1,0.8021280605895426,-0.6355754596684677
Slirp,0.5830887956921611,0.1560957739423099
Slit1,-0.2507177325350387,1.0189875985673877
Slit2,-0.7603804286278528,-1.2099934131031453
Slit3,3.6835760687221493,-1.5200035526163798
Slitrk1,-0.21538429046867513,-0.9833704806693833
Slitrk2,0.1348861646523698,-1.1907257280780659
Slitrk3,-0.17545540574470309,-0.8445675507292663
Slitrk4,-0.5485190239026085,-0.12489317938783628
Slitrk5,-0.5214859788820618,0.06245780927007516
Slitrk6,-1.1018095220114272,-1.3800786259445967
Slk,-0.30218903703543276,-0.47452215351836813
Slmap,-0.10008634886242973,-0.18115551328858004
Sln,0.2667182082057698,-0.2218593794753994
Slpi,2.4156541954118844,-0.343001900158991
Sltm,0.41609274414744846,-0.5168000293609172
Slu7,-0.18673907410795465,0.127199376994529
Slurp1,0.07838390556787744,-1.7862704157940927
Slurp2,0.0,0.0
Slx,0.0,0.0
Slx1b,0.15956238864121453,0.1885630750999816
Slx4,-0.6812599661328491,-0.6724410150079976
Slx4ip,-0.1703502342015053,-0.6123451129043556
Slxl1,0.0,0.0
Sly,0.0,0.0
Smad1,0.09970174955311961,0.7566531047935854
Smad2,0.17620758186685315,0.1574278618025371
Smad3,0.23242602248297217,0.5241545926155062
Smad4,0.5455276899471695,-1.3163967593249195
Smad5,0.02218840885795892,0.22817152250924266
Smad6,-0.35920109538332,-1.1433473248002688
Smad7,-0.02191225422363985,0.5418070961400048
Smad9,-0.25575198566965884,-1.8111600460102704
Smagp,0.03796283329808947,0.7573247850292057
Smap1,0.23903003554519842,-0.3346962065390997
Smap2,-0.2770792956606112,0.954467911037856
Smarca1,-0.5742612590199023,-0.4998838890973394
Smarca2,-0.07604250174340521,-0.1739768582410619
Smarca4,-0.31201364986571,-0.1891084733545405
Smarca5,0.543970655357235,-0.14501274961107313
Smarcad1,-0.05126540410042324,0.41505731887267316
Smarcal1,-0.5741071688630051,-0.02355374322958248
Smarcb1,-0.17731514262647075,-0.3089688836809863
Smarcc1,-0.31392438360629704,0.3695034884436179
Smarcc2,-0.5774931934011462,0.04103007898655342
Smarcd1,-0.2220293687343453,0.09544454073758857
Smarcd2,0.18676516021717493,-0.617622272703052
Smarcd3,0.19436353761305192,-2.062222161855474
Smarce1,-0.3331007114514417,0.3488743642945309
Smbd1,0.7224645035762397,0.0
Smc1a,-0.22916701566206932,-0.08162389195882014
Smc1b,-0.30602504391200047,0.16359375104482243
Smc2,-0.1634059148673881,0.30595054083396267
Smc3,0.028937740681694635,-0.3778538265724922
Smc4,-0.020447792721498104,0.34628685339187015
Smc5,0.17897732239761943,0.3151819234412354
Smc6,0.018790058762819584,-0.05325479879834916
Smchd1,0.05470080568138691,0.11709178245328822
Smco1,0.34711001167782163,-0.9940418469837455
Smco2,-0.22915837926285726,-0.345790212076149
Smco3,1.6342773455926562,-2.2133622017940575
Smco4,0.176577891896065,0.5834396971051725
Smcp,0.0,0.0
Smcr8,-0.33598118094156604,0.5080602485562871
Smdt1,0.5760892104755335,0.006703882058445743
Smg1,-0.5443519489743522,-0.09304590359992027
Smg5,0.01717338610193231,0.08041254096019657
Smg6,-0.01597749798591508,-0.31217183356165634
Smg7,-0.3518859314945395,0.015031469624011251
Smg8,0.03577622580065665,-0.08923008204361693
Smg9,-0.11570848286514313,0.13212485211877834
Smgc,0.0,0.0
Smim1,-0.4225777436430782,-0.2649420896760475
Smim10l1,-0.09470501493989403,-0.024363522468121346
Smim10l2a,-1.7676965072356365,1.0246551155305372
Smim11,0.1904616195387714,0.1383212215438192
Smim12,0.10077543502796793,0.2919078145590621
Smim13,0.5294272648452143,-0.5698718154068718
Smim14,0.036996413045500276,0.39544015743842564
Smim15,-0.3375218164779188,0.7871182043024518
Smim17,-0.1969825612668794,-1.0250919372486544
Smim18,0.2286859402321868,-2.2027157922649727
Smim19,0.4450107928735587,-0.40482646286282886
Smim20,0.1524552867570197,0.07755404788400888
Smim22,-0.4914758386481879,-2.1219002202888024
Smim23,0.0,0.0
Smim24,0.010853090639533214,0.22620068569747342
Smim26,0.36866935283955726,-0.46046054519262203
Smim27,0.25820851039328474,0.47532656600513246
Smim3,-0.26363069868131284,0.9584301240508797
Smim31,1.7822066951502855,-0.0703644723304917
Smim38,-1.8431585878868373,-1.2163060084035857
Smim4,0.36215800006668264,0.18854131475404667
Smim40,1.5722407665221336,-1.2463158789736344
Smim40-ps,0.6703353655403106,-1.6095767474890135
Smim41,-0.19369674403781445,-1.6933455385271086
Smim5,1.3069511880688496,-1.7527902758353746
Smim6,-0.48684018022628095,-0.4341442371420059
Smim7,0.1299574795776568,0.24933351037858742
Smim8,-0.024432299589429718,-0.46879383719557133
Smim9,-0.3786674845885971,0.0
Smlr1,0.48423157574135567,-0.24431098970421622
Smn1,0.18764518846052347,0.06355099537464426
Smndc1,0.21929514678414463,0.1287523608891359
Smo,0.23150666120936947,0.27377631342263875
Smoc1,-0.28063159843287533,-0.5836085915168923
Smoc2,0.08356451519390617,-2.833517786748968
Smok2a,0.0,0.0
Smok2b,0.0,-0.42811183242342066
Smok3a,-0.2908226084821097,-1.907907672428495
Smok3b,0.0,0.0
Smok3c,0.0,-1.6471141075216118
Smox,-0.43539398375258287,1.0205282357579186
Smpd1,-0.23380971927903715,-0.24355403556663724
Smpd2,-0.13700489846472053,-0.6434892420233442
Smpd3,-1.1076835785762569,-0.26227616169989787
Smpd4,-0.35419754559211825,-0.38641539929277435
Smpd5,-0.51493950605375,0.9019073764015149
Smpdl3a,-0.17065337417666626,-0.004413847108628133
Smpdl3b,0.8205600635304044,-0.1388694008872644
Smpx,0.39177576448057794,0.0
Smr2,0.0,0.0
Smr3a,0.0,0.0
Sms,0.4304133461372235,-0.6414694243340016
Smtn,0.6225827875500363,-0.3337664463528851
Smtnl1,-0.3681752925118766,0.5817979171121072
Smtnl2,-1.1174332141827232,-0.6803030117751261
Smu1,-0.02849564557936546,0.12680044730623408
Smug1,-0.1147958012230319,-0.3635324400320634
Smurf1,-0.15356736826473671,-0.17394588117275944
Smurf2,0.1609104441924245,-0.0017189063094384949
Smyd1,-0.48016876947433335,-1.0426180621409138
Smyd2,0.7435895202735567,-0.35349816799801115
Smyd3,0.19380474535700287,-0.0942313681275131
Smyd4,0.14282679909709906,-0.7900257104177655
Smyd5,0.3613079243431958,0.25045300204189225
Snai1,0.3145264888917023,0.03563862415368779
Snai2,-0.5413712242147,-0.10730062233482673
Snai3,0.38252359996892693,-1.3087391819881793
Snap23,-0.31557854907506844,0.9473018608918231
Snap25,-0.2794394272056433,-0.5194502176497213
Snap29,-0.308537864777092,1.0279428080532949
Snap47,-0.4950844705082851,-0.5441448659215418
Snap91,-0.5904160195432624,-0.10550425006309894
Snapc1,0.05342100033331576,-0.3342280417307286
Snapc2,0.41594111852463556,-0.041767109947693726
Snapc3,-0.18747780758363675,-0.2891116742752118
Snapc4,-0.5406022782927415,-0.16392077401572358
Snapc5,0.07226700577555611,0.6932290705200082
Snapin,-0.2305342789779452,0.27287863899218223
Snca,-0.7201188284220015,-0.34289483148009126
Sncaip,-0.5036045677108394,0.3950305445426583
Sncb,-0.19254033186026742,-0.5247740094546689
Sncg,1.432491874727388,-1.6620790885711463
Snd1,-0.32361048596945885,0.538808747547737
Sned1,1.139463083405273,-1.8901867005751454
Snf8,0.49435703507320206,-0.04794786561855702
Snhg11,0.1389402042581409,-0.7420810919487977
Snhg4,0.2798427578323883,0.930244121786933
Snip1,0.3570588804996042,1.2547312639287203
Snn,-0.030204311655678495,0.6785732430274338
Snorc,0.0,-0.6920304908564305
Snph,0.014126889012537447,-0.5555690772705102
Snrk,-0.3737943369302652,-0.44702568058407444
Snrnp200,-0.2932291951712216,0.1425937660998624
Snrnp25,0.17812980036853077,0.06642411968269357
Snrnp27,0.4500899587769194,0.11521072554672607
Snrnp35,0.1936421133408004,-0.06972121543476018
Snrnp40,0.15358277642623008,0.034557060738968914
Snrnp48,0.3625259402975871,-0.2723654820507164
Snrnp70,0.034935204504133566,0.128777933934769
Snrpa,-0.08880652120707033,0.026481376311558336
Snrpa1,0.4873622176808272,0.25703319170821537
Snrpb,0.06374824951774549,0.13578910156204138
Snrpb2,0.2324411246172442,0.7972801381863022
Snrpc,0.1873574598592178,0.2433048755806837
Snrpd1,0.5293753106740215,-0.03811866607843051
Snrpd2,0.6287648568164581,0.17936005502674313
Snrpd3,0.3854094347031598,0.26384061021509986
Snrpe,0.6489880131829509,0.1161142767383474
Snrpf,0.4651225965241057,0.19490235492187225
Snrpg,0.7238280507431654,0.39490798201206445
Snrpn,-0.47397108940514165,-0.6283041837511547
Snta1,0.504855000148873,-0.3498838162632829
Sntb1,0.6837454979080597,-0.6299223463091437
Sntb2,0.901737610275088,-2.121822498474696
Sntg1,-0.9750167242939263,-0.9250183949881947
Sntg2,0.3806994688661387,-0.8093553961690763
Sntn,0.0,0.0
Snu13,0.4506033274264958,-0.0782150802123649
Snupn,-0.025929343550661343,-0.253450141131232
Snurf,0.0,0.0
Snw1,0.16660874460208852,-0.09150000983007267
Snx1,-0.09630982710607405,0.6803302342020601
Snx10,0.00653210620401623,0.22541075515731812
Snx11,0.0010004127487590608,0.16285022904808777
Snx12,0.05201806648643803,0.20878577430919698
Snx13,-0.48187825159871345,0.5182728662075355
Snx14,-0.3695724394125701,0.1368044432196971
Snx15,-0.20407186175217973,-0.032288045794958364
Snx16,-0.22846861314498668,0.06194310201026454
Snx17,-0.269886634615613,0.5290417437991461
Snx18,-0.13205814952267403,0.9384115866851257
Snx19,-0.5960280929713164,0.04074900733559872
Snx2,-0.23466757619313938,0.9216465436366601
Snx20,-0.11744566382480315,-0.025420248358233977
Snx21,0.13669902815206392,-0.12238994099063305
Snx22,0.8901702010303589,0.2498212224301941
Snx24,0.09049452998654495,-0.19965672907100185
Snx25,0.7056639409300827,-1.2483167036971548
Snx27,-0.20786708088781047,0.23221941752889919
Snx29,0.008631479751604942,-0.1262709355973115
Snx3,-0.11965649880632334,0.5662297780258889
Snx30,-0.3372824966035246,0.8641014639870583
Snx31,1.6751406602172478,-3.0063334382351945
Snx32,-0.6239823152467334,-0.6568921299201573
Snx33,-0.8710892223746498,0.517945427787434
Snx4,-0.4981724380452448,0.7338654524274801
Snx5,-0.4259331997709168,1.0957692375192973
Snx6,-0.25822450008801034,0.7048304444660154
Snx7,0.33968928518615993,-0.08963407796194822
Snx8,-0.3950366263696896,0.49920869833750103
Snx9,0.1503137357334392,0.6061605937485197
Soat1,-0.014801119015267261,1.2637318111182587
Soat2,0.6627324283832197,-0.5240236512268837
Sobp,-0.4943035645296021,-1.3427921913183782
Socs1,3.1904447048715747,0.5380387145252947
Socs2,-0.07000769707392429,-0.37130484251807694
Socs3,0.5649855606705039,1.8922019610311693
Socs4,0.30075485649865463,0.15696896841297114
Socs5,-0.17636841454908314,-0.8596823629944499
Socs6,-0.41906285250195374,0.8958969431081982
Socs7,0.7508840637660015,-1.4897022619953937
Sod1,0.4025473556403778,-0.21644430093363098
Sod2,0.27152820149078494,0.05338955851244798
Sod3,0.5643486983688621,-0.1639404494877148
Soga1,0.09327599057207969,0.5432228946855062
Soga3,-0.21343540314896536,-0.1224899041611831
Sohlh1,0.5553908421441962,0.2517475928686984
Sohlh2,0.0,0.0
Son,0.11385420844249694,-0.19996198844122226
Sorbs1,-0.2047431744982262,-0.8198553034226439
Sorbs2,0.4821612965371198,-0.8056423079401682
Sorbs3,0.29712044053564846,-0.5585855259427053
Sorcs1,-0.32816478980416885,-0.9788377991769774
Sorcs2,-0.19826671526730344,-0.4165429140395922
Sorcs3,-0.7044971914039557,-1.071045035209762
Sord,-0.4914784584877623,0.6791793322110298
Sorl1,-0.22018142898308568,-0.28095619058937515
Sort1,-0.18426755200973055,-0.5140636426820393
Sos1,0.07962920631859127,-0.8319189524085964
Sos2,0.3255102648792665,-0.6332966126861876
Sost,-0.22082010532603893,1.0511357116511435
Sostdc1,0.7269933767111283,-0.37261198578026367
Sowaha,1.7500554031312068,-1.3866008370424279
Sowahb,0.7366794699452277,-2.451759684248879
Sowahc,-0.2034877538695099,1.2182385463710474
Sowahd,0.0,0.0
Sox1,1.2757677286643463,0.0
Sox10,-0.8449571835844012,-2.6430546335057796
Sox11,-0.3864366345477377,-0.6594842796936655
Sox12,1.67720634063814,-3.0723796067162183
Sox13,0.18798376359592694,-2.52215266915543
Sox14,0.0,0.0
Sox15,-0.1096250056865502,2.601675279185911
Sox17,0.6335408222287171,1.4185858028446594
Sox18,0.9396897311502457,-1.0901606695780268
Sox2,3.1881135924955384,-2.505900702210626
Sox21,0.0,0.0
Sox3,0.0,0.0
Sox30,0.5700398758079129,0.0
Sox4,-0.7071164849205172,0.1404164249752986
Sox5,-1.5845833641410998,0.16772774535488466
Sox6,1.0082841896487835,-1.9451158162495137
Sox7,0.2738767550678789,-2.628736065014113
Sox8,0.7610201995875805,-0.41240969014962836
Sox9,1.6773980144919465,-0.3401768096235278
Sp1,-0.12377169973512636,0.2805465641082119
Sp100,0.3471303023084982,1.1648656588823982
Sp110,0.15605748590367696,0.9207149758581785
Sp140,-0.34076376065280733,0.9812631288405029
Sp2,-0.07316142139690207,0.430393578707303
Sp3,0.22201664017590161,-0.06565994443886147
Sp4,-0.05397563116688531,-0.48457895101280535
Sp5,0.0,-0.6868404649911545
Sp6,0.477972013664397,-1.0881869024506239
Sp7,-2.482401826171983,-1.6962165980211568
Sp8,0.0,0.0
Sp9,-0.4682678221951381,-0.1910156223971166
Spa17,0.9546422741089096,-0.709028761809404
Spaar,1.6839157202105128,-1.2679535664166246
Spaca1,0.33804231765301473,-1.3315642184038314
Spaca3,-0.6707030263736362,0.0
Spaca4,0.0,0.0
Spaca5,0.0,0.0
Spaca6,0.4220094904753182,-0.7434766625316636
Spaca7,0.0,0.0
Spaca9,-0.9406237256978809,-0.3402299252206329
Spag1,-0.2818430694972145,-0.5379499945583417
Spag11a,0.0,0.0
Spag11b,0.0,0.0
Spag16,-0.25807762082009866,-0.3886351608734172
Spag17,0.666840427189695,-0.26411108402646477
Spag4,-1.127451791157703,-0.3501221469526321
Spag5,0.3509542436186015,-0.628161393389278
Spag6,-0.9220246399451562,-2.102702591480411
Spag6l,-1.4939252770102742,0.6085338221008185
Spag7,0.23238579693119732,-0.11441682125046704
Spag8,-1.2391628003116353,-2.916177363980545
Spag9,-0.08197007097696485,-0.3863171173228963
Spam1,1.0337427298885875,-0.4914324764285688
Sparc,-0.8868658804994638,0.9884371070607116
Sparcl1,-1.215144297438325,-0.5667729170492866
Spast,0.24693354409578383,0.8631927626401747
Spata1,1.0292724389435701,-1.6245854686211052
Spata13,-0.3270972866805675,1.4189533729743324
Spata16,0.0,0.0
Spata17,0.6205434246030173,-0.7282243797812842
Spata18,2.0539360561325455,0.1436576467509818
Spata19,-0.23690106472386616,0.0
Spata2,-0.20379078064604172,0.06180143963829998
Spata20,-2.466377078485343,-1.2417155307956114
Spata21,-0.19862910357840802,-0.3462052998189087
Spata22,0.0,0.0
Spata24,0.5134880413909899,0.8087441827979953
Spata25,-0.2703135700639896,-0.2218593794753994
Spata2l,6.529199358773496e-05,0.5475279822539729
Spata3,-0.43534935990591916,0.0
Spata31,0.0,-0.21283904559181435
Spata31d1a,0.4593164735883981,-0.41099952614462953
Spata31d1b,0.0,0.0
Spata31d1c,0.0,0.0
Spata31d1d,0.0,0.0
Spata32,1.475404623739841,-0.42811183242342066
Spata33,-0.07272361460226939,-0.4553458302795903
Spata4,0.7334071031807898,-1.3211707993736133
Spata45,-0.192425523065895,-0.17372505202421995
Spata46,-0.2270636089490221,-0.605221172843561
Spata48,-0.8865033379966317,-0.2922531758867897
Spata5,0.13921267177943975,0.06028399254213568
Spata6,0.39261254901015974,0.39245401254600587
Spata7,0.4802267085270042,-0.8286499594234691
Spata9,0.5512974442379983,-1.1736001712931245
Spatc1,-0.22915837926285726,-0.24431098970421622
Spatc1l,1.2863035806944418,-0.5345234835194255
Spats1,-0.15058699687283994,-0.2297168111072665
Spats2,0.1774784146361661,-0.3597466529092639
Spats2l,0.08079842074028942,-0.005856190618117374
Spc24,0.8780147078913867,-0.4525023518549425
Spc25,0.1388554952759904,-0.9800927246892019
Spcs1,0.3417447514829597,0.3341120679188432
Spcs2,0.033577625690975665,0.5544606460257153
Spcs3,-0.11837246248584243,0.8588039174035682
Spdef,1.257866440688252,-2.393825911269668
Spdl1,0.11868641001385871,-0.7066675565086751
Spdya,0.4690611615509743,0.19045844737927453
Spdye4a,0.0,0.0
Spdye4b,-0.3567848041086102,0.0
Spdye4c,0.0,0.0
Specc1,-0.476801590317935,0.6434283606377544
Specc1l,0.06387074860259823,0.5965658927510376
Speer1,0.0,0.0
Speer2,0.0,0.0
Speer3,0.0,0.0
Speer4a,0.3754544065188601,-0.986675862704451
Speer4b,1.2319971301772807,-1.226448779108135
Speer4c,0.0,0.0
Speer4d,-0.3493402176101932,0.0
Speer4e,0.6103283569546322,-0.659408127555578
Speer4f1,-0.5325893203936113,0.0
Speer4f2,0.0,0.0
Spef1,-0.22851039913992732,-3.001989174603071
Spef2,-1.6220632850780259,-1.2208222360708962
Speg,-0.07928438565321194,0.3504272589366373
Spem1,1.7336922282790164,-0.936067303086062
Spem2,0.0,0.0
Spen,0.46122282401794656,-0.19974190254498225
Spert,0.0,0.0
Spertl,0.0,0.0
Spesp1,0.0,0.0
Spg11,-0.40070680141242043,0.20750320436396308
Spg20,-0.35226378587639573,0.6677359930898863
Spg21,-0.3879891400825972,0.5136302747901631
Spg7,0.03841502096074123,-0.6233671519409416
Sphk1,0.17585267723589304,-0.39610800798513424
Sphk2,-0.3447505981295418,0.6555785502474212
Sphkap,-0.7527190089149691,-0.8652940195350709
Spi1,-0.6147493879716848,1.561489950514055
Spib,1.391777128144233,-1.3046611518280222
Spic,-0.14373239961147988,-0.47947653685197356
Spice1,0.14519414253920004,-0.1382486561001599
Spidr,0.24433496552183875,0.3367141415427266
Spin1,-0.4629872195902429,0.3367374431274559
Spin2c,-0.7420599567064645,0.028679765784553446
Spin2d,0.0,0.0
Spin2e,0.0,0.0
Spin2f,0.0,0.0
Spin2g,0.0,0.0
Spin4,-1.211895991512017,-0.6683385121358376
Spindoc,-0.566045023960764,0.12514794234577575
Spink1,0.0,0.0
Spink10,0.5460607813896554,-1.5833138441379697
Spink11,0.0,0.0
Spink12,0.0,0.0
Spink13,-0.634090853153662,-1.4369315013146011
Spink14,0.0,0.0
Spink2,-0.6870978291584173,0.8680290746387083
Spink4,0.0,0.0
Spink5,0.0,0.0
Spink6,0.0,0.0
Spink7,-0.599487589914636,-0.35820978814101395
Spink8,-0.954771398908463,-0.6579893915979769
Spinkl,0.0,0.0
Spint1,-1.074802783950858,1.6102997966618773
Spint2,1.0535847784894585,-0.8882473300308824
Spint3,0.0,0.0
Spint4,0.0,0.0
Spint5,0.0,0.0
Spire1,0.18411711594184155,-0.18958012418302062
Spire2,-0.45069982508730977,-3.134717405520221
Spn,0.21301837113035393,0.3361917001763288
Spns1,-0.2481562197526781,0.017015830358019457
Spns2,-0.09593490179704212,0.33408961391645153
Spns3,0.01655192235939751,1.0236087101569327
Spo11,0.0,0.0
Spocd1,0.0,0.0
Spock1,-0.42276049369293567,-0.2864586453095672
Spock2,-0.47587452430684074,-0.47622553802694867
Spock3,-1.2618336338487204,-0.25539341486350686
Spon1,0.26920824969760737,-0.8588953861470578
Spon2,2.2881261109981708,-3.2750604625841877
Spop,-0.3206149771521858,0.3898374975315324
Spopl,-0.6470010622582931,-0.3377743200147165
Spout1,0.002953163748175669,0.28170049688034204
Spp1,1.5253743774255355,0.9462581556053511
Spp2,-0.9086293396130672,-2.7749701101648006
Sppl2a,-0.060816975160500775,0.8147573371090608
Sppl2b,-0.3768311795325019,0.1647649489482994
Sppl2c,0.0,0.0
Sppl3,0.509708023095607,-0.3227411680951331
Spr,0.35433177747298217,0.130824392377205
Spred1,0.16550006637473302,0.09642196389729918
Spred2,-0.20094403650312032,0.3253884390765318
Spred3,0.6585401869465102,-1.7189504845154726
Sprn,-0.9268089216604665,-0.14712995138528484
Sprr1a,3.549090779655863,-0.2152727868316063
Sprr1b,0.0,0.0
Sprr2a1,0.0,0.0
Sprr2a2,0.0,0.0
Sprr2a3,0.0,0.0
Sprr2b,0.0,0.0
Sprr2d,0.0,0.0
Sprr2e,0.0,0.0
Sprr2f,0.0,0.0
Sprr2h,0.0,0.0
Sprr2i,0.0,0.0
Sprr2j-ps,0.0,0.0
Sprr2k,0.0,0.0
Sprr3,0.0,0.0
Sprr4,0.0,0.0
Sprtn,0.2042918394818658,0.647798518791034
Spry1,-0.2679743527433631,0.02339511960715779
Spry2,1.1829517475031812,-1.0698137022920937
Spry4,-0.5039990954139411,-1.1100493295394065
Spryd3,0.20632734367915084,-0.18602024843277754
Spryd4,0.26355508197824307,0.26468004355662345
Spryd7,0.15054313527178742,-0.13084946769321526
Spsb1,-0.707289700760267,1.2049716319978927
Spsb2,0.7106199179589083,0.5938769768524317
Spsb3,-0.0002804984765560903,-0.08210516621318398
Spsb4,0.11137535415204525,-0.3778475162224524
Spta1,-0.22082010532603893,0.0
Sptan1,-0.26600959792820333,-0.6227575687657794
Sptb,0.2557357809656473,-0.897621546680238
Sptbn1,-0.10674224169920166,-0.7244426793380416
Sptbn2,-0.9747044391570476,-0.45959056688823274
Sptbn4,-0.923658084676378,-1.7597270055057503
Sptbn5,-3.158863057023514,0.5569860651434082
Sptlc1,0.1767452314775806,-0.16054570217979247
Sptlc2,-0.25316408482591335,0.6666238636769393
Sptlc3,0.0,-0.2152727868316063
Sptssa,0.06209991002142168,0.47433360671803726
Sptssb,0.2666908651083961,-1.2623658418674406
Spty2d1,0.0038842698611070148,0.3396001165637639
Spx,0.1013250039936322,-1.072345349314558
Spz1,0.0,0.0
Sqle,-0.17718640820031162,0.07606633490388681
Sqor,-0.3568369882921463,0.9167706394040991
Sqstm1,-0.2814954628720656,0.16567267185395806
Sra1,0.11365575687939078,0.3556161203711845
Srarp,1.2035899218773474,-0.11314495319212092
Srbd1,-0.00501724395709946,0.1535561191312702
Src,0.15857791305238234,-0.05126937907050433
Srcap,-0.1261046126005958,-0.2074155750622193
Srcin1,0.3179444033688128,-0.8590284250340465
Srd5a1,-0.19196825845125964,-0.8349110432219247
Srd5a2,4.343747414203111,-0.9892584143104155
Srd5a3,-0.1068768142982659,0.9221257680649018
Srebf1,0.1790693667603236,-0.25636580442832724
Srebf2,0.03837718544208002,-0.06213337886014614
Srek1,-0.24037331500422887,-0.16975752736285443
Srek1ip1,0.026718323114277354,-0.03081355079065773
Srf,1.0954450312671415,0.3717407564310351
Srfbp1,-0.44749412369009534,-0.29038244139960945
Srgap1,1.667248866916251,-1.560232827614466
Srgap2,-0.3449233172919488,0.803346493960321
Srgap3,-0.7668668699176759,-0.3990574515270957
Srgn,-0.0618261427482949,0.9822392212928861
Sri,-0.23543369433680894,0.8949525823641675
Srl,-0.601198695705258,0.5155237800788841
Srm,1.0349441918240352,0.827896187714809
Srms,-1.1649417619595135,-0.21224482564145353
Srp14,0.10873159180981062,0.24160337919703956
Srp19,0.24466446804308717,0.14389719719887317
Srp54a,0.037771355657095995,-0.16338653515668788
Srp54b,0.19465350255228486,-0.25681807686476965
Srp54c,0.11290514355833103,-0.3446401227957647
Srp68,-0.19580682278663097,0.0006185022869740209
Srp72,-0.15773923813357094,0.17603354614690048
Srp9,0.20406384719281334,0.31017039924537215
Srpk1,0.2959751090101044,-0.24776492105143788
Srpk2,0.07428765630104373,-0.40995323991552546
Srpk3,-0.2196940218259762,0.6429443818082063
Srpr,-0.023398748195226915,0.2387271643907365
Srprb,0.0892648545917627,-0.08826445855522635
Srpx,-0.5393063980224344,-2.321659666534364
Srpx2,0.3743074642605828,-3.294178786383666
Srr,-0.28543386143034866,-0.42026248768019414
Srrd,-0.28455178381420154,0.8954907232351754
Srrm1,0.12587491637803971,0.0883184827885728
Srrm2,0.2631806418626059,0.36282781089964544
Srrm3,1.079580654399793,-0.8004801181151571
Srrm4,0.651757192687958,-1.2315206279323707
Srrt,-0.002248203688642647,-0.20716000062977002
Srsf1,0.5166432765283542,-0.2500655202276185
Srsf10,0.06904640361649683,-0.24730178479292952
Srsf11,-0.1224039358107305,0.25806015287315986
Srsf12,-1.0006649482974268,-0.6509597576478363
Srsf2,0.3105956827181693,-0.2037128912320476
Srsf3,0.2062514188271063,0.10963257111274416
Srsf4,0.11243331339483653,-0.40653303391344053
Srsf5,-0.32858031379324615,0.37769251978568263
Srsf6,0.40450802800290475,0.46438957975022177
Srsf7,-0.051288192597395366,0.07004681685900316
Srsf9,-0.22028270157050578,0.5387086583038787
Srsy,0.0,0.0
Srxn1,-0.2597783758097183,-0.019419962378142586
Sry,0.0,0.0
Ss18,-0.4599668521979172,0.5151446179229637
Ss18l1,-0.38653832178027336,-0.20445550289383618
Ss18l2,0.7042478092720703,-0.5577298212446156
Ssb,0.1839534996666714,-0.04233490259117367
Ssbp1,0.2382958087586502,-0.14193913061437335
Ssbp2,0.0909014224738165,-0.7057991448602721
Ssbp3,0.11028639762414727,-0.4584297563690427
Ssbp4,0.667951824050073,0.5192258677472914
Ssc4d,0.006482901531219554,-0.932041118460412
Ssc5d,-0.9450838011368212,-1.6625505295966168
Ssh1,-0.07183183505316215,-0.3792700121930199
Ssh2,-0.3413105282984592,0.6992998320838861
Ssh3,-0.3400152602319766,0.6340636435262583
Ssmem1,-0.7702162166986032,-2.277654305383778
Ssna1,-0.07219188372099694,0.23723326976614167
Sspn,-0.08524851584873439,-0.1543715595235966
Sspo,0.03466712167811492,-3.333448860861228
Ssr1,-0.23453939667413515,0.4223797686415054
Ssr2,0.11032893091830864,0.10723601019268969
Ssr3,-0.022907512141891573,0.458536198410437
Ssr4,0.03946483714758564,0.7596715689965947
Ssrp1,-0.3306116559345842,0.10121791825623205
Sst,4.441906040867235,-0.20119465030703498
Sstr1,-1.2516006462267106,-0.26760302113803647
Sstr2,-0.5772074740890911,-0.78244181185178
Sstr3,-0.7720058920941255,-1.7001199928326693
Sstr4,0.618858256500836,0.22937683333134018
Sstr5,0.8254963767689556,-1.1133645704949107
Ssty1,0.0,0.0
Ssty2,0.0,0.0
Ssu2,0.0,-2.0176079555017807
Ssu72,0.2632767010479977,-0.2207677886144115
Ssx2ip,0.5071006427393421,-0.3924324131751238
Ssx9,0.0,0.0
Ssxa1,0.0,0.0
Ssxb1,0.0,0.0
Ssxb10,0.0,0.0
Ssxb2,0.0,0.0
Ssxb3,-0.082266763531045,-0.659408127555578
Ssxb5,-0.22082010532603893,-0.4427166047663706
Ssxb6,0.0,0.0
Ssxb8,0.0,0.0
Ssxb9,-0.0023773468602866776,0.0
St13,-0.27483445378588023,0.3578178281411937
St14,-0.5322284008253337,1.0527435582363331
St18,-0.48192475121456013,-0.6357787323253827
St3gal1,0.3336046047014314,-1.7702173068271314
St3gal2,0.13581746111069748,-0.4133138629471116
St3gal3,0.2963259989543481,0.5023202728398015
St3gal4,0.5473658744744228,0.012967134009183923
St3gal5,-0.18474962505474402,0.7725471546482012
St3gal6,0.06915537593255472,0.6214870748009709
St5,-0.5677942205370972,0.13081322600022816
St6gal1,-0.11990271498254756,0.8410081395814366
St6gal2,-1.7828801724806844,0.3927997280668798
St6galnac1,0.23452371786357948,-2.1193574115470826
St6galnac2,1.3523223426403206,-1.2012188598027098
St6galnac3,1.3633805927990972,-0.6803037345027194
St6galnac4,-0.09102381882577681,0.4888046115305471
St6galnac5,0.2833985750027441,-0.8662500611471904
St6galnac6,0.1476000822087684,0.016347795450474933
St7,-0.5051577027413332,0.015896819283388375
St7l,-0.35464282880629305,0.23937390948053938
St8sia1,0.7365807934739479,-0.3292414289998895
St8sia2,-1.6210330794862218,0.9107569724678433
St8sia3,-0.6207605798477207,-0.5204669487970008
St8sia4,0.2456977597165988,0.5496187937671042
St8sia5,-0.45221739736738353,0.19529972596327916
St8sia6,1.293078828655422,0.26285518874735025
Stab1,-0.2851015378328601,0.8554287862927801
Stab2,-1.1650504604349687,0.6949627052460547
Stac,-2.2393514500599507,-0.3145512840869973
Stac2,-0.721897286117013,-0.5082395625565983
Stac3,0.9867432983170699,-1.4688440411464736
Stag1,-0.05231504662116748,0.2226297167729836
Stag2,-0.2870941560517313,0.19997597966416158
Stag3,-0.9944079343021794,-0.5312534227681844
Stam,-0.4169318038396206,0.006934192826308916
Stam2,-0.3086317021108105,0.3103902137537684
Stambp,-0.13144406980260648,0.16470880802068066
Stambpl1,-0.34638186500909285,0.9721108728503811
Stap1,1.237618269640203,0.7622796517759456
Stap2,1.110938654775747,-1.2033455589179898
Star,0.23707625745340088,-1.143448683825449
Stard10,1.8438899267169182,-1.0521563635579732
Stard13,0.5823314109490099,-1.9260178997857205
Stard3,-0.03527305990725438,0.5852950398888659
Stard3nl,-0.2040000941282507,0.679799855843024
Stard4,0.14878895677263415,0.20414622063202792
Stard5,-0.13008199747967453,0.21847562651047525
Stard6,-0.20179522097002422,2.0667911632878804
Stard7,0.14210265911820663,-0.4337875287526902
Stard8,-0.4897493131986881,0.35718314011015195
Stard9,-0.5947614841692257,0.33277681717997254
Stat1,1.1749266324505943,0.690549932612992
Stat2,0.6646394263247082,0.3503038654744888
Stat3,0.10540303775244553,0.8271523170115298
Stat4,2.1491115875255176,1.0601458176654273
Stat5a,0.3033931884311052,0.876837448709411
Stat5b,-0.4010288322560509,0.19286520326156342
Stat6,-0.3898698104478857,0.8328952473966957
Stau1,-0.4540878515397182,0.37962756901754524
Stau2,0.1884367622944918,0.06366620014800084
Stbd1,-0.15954181902043807,0.02075888123490799
Stc1,-2.105082460489122,0.287625540569751
Stc2,-1.2279927148467502,-2.1149264569282114
Steap1,0.6684378070015771,-1.3974373538658216
Steap2,-0.4158354395774655,-0.41141236986738683
Steap3,-0.3559444488011536,-0.2265434873694705
Steap4,3.8735965328471718,1.3625928864553014
Stfa1,-0.23690106472386616,0.0
Stfa2,0.0,0.0
Stfa2l1,0.0,0.0
Stfa3,0.0,0.0
Stil,-0.8446463503448403,2.8238795076669434
Stim1,-0.04185799699746795,-0.05209245188209799
Stim2,1.119817084369303,-0.5263447929530454
Stimate,0.593882232322156,0.24654545306326803
Stip1,-0.17960329265256547,-0.10430430957228509
Stk10,-0.4486778686788142,1.1612414335262642
Stk11,0.07134542411928102,-0.748644218914146
Stk11ip,-0.6780427392853063,0.13372480371651108
Stk16,-0.10303865822921487,0.17044391087011768
Stk17b,0.16302641752948155,0.7760596664430128
Stk19,0.771526928578071,-0.06735961748511876
Stk24,-0.015657250644372844,0.5707394047425467
Stk25,-0.4676018719875952,-0.3614026411851672
Stk26,0.3745805193297933,0.3706691318198816
Stk3,-0.11139042856681769,0.2835630104171294
Stk31,0.0,0.0
Stk32a,-0.5792669676092759,-2.1054438844303203
Stk32b,-2.071043102034565,0.3129372830196928
Stk32c,0.4865715871699915,-2.6138350819703926
Stk33,-2.060902922767071,-0.7890365346735839
Stk35,0.6332537338772841,-0.10959103443468088
Stk36,-0.3439928085102837,-0.9410175981139233
Stk38,-0.13986562851243356,0.0959710961919118
Stk38l,-0.21184406353538776,-0.13879386681335326
Stk39,1.217736220756385,-1.4074138132688798
Stk4,-0.4899713678645323,0.8848371768277996
Stk40,0.1985050715108212,-0.3688298011318505
Stkld1,-0.018063538926386125,-1.9126947016908493
Stmn1,-0.787327189947856,0.10199699059163692
Stmn2,0.5946086412901952,-1.02372546243119
Stmn3,-0.10028584269513097,-0.8287503409819532
Stmn4,0.16684070227669512,-0.6903084011573792
Stmnd1,0.0,-0.7282243797812842
Stn1,0.10966123332430477,-0.38989901331545695
Stom,0.009397426842038925,0.129696316930211
Stoml1,-0.22727965510262393,0.13475110029730786
Stoml2,-0.021059462161300502,0.19064642406632615
Stoml3,0.9739353936945269,-0.1451716789540748
Ston1,0.17210618649302223,-2.642415787511583
Ston2,-0.49227711987815326,0.26342472318285814
Stox1,-0.8783101826396971,-1.9990385648932738
Stox2,0.5432262791272571,-1.6513092924181887
Stpg1,-0.03544338741498132,-0.5220902232664644
Stpg2,-1.8805944632413647,-0.4569204579033296
Stpg3,-0.36732307684317655,-0.6579893915979769
Stpg4,0.23956468343679047,0.7048294400954226
Stra6,1.5212223055457628,-2.416347749033191
Stra6l,-0.2290608724499319,4.020070908082588
Stra8,-0.44456710590874715,0.508811528345426
Strada,-0.42331712454500625,0.12086847862242678
Stradb,-0.43535890731646987,0.29284829724789674
Strap,0.0019390991365710875,0.24897813031136629
Strbp,0.5462660564521862,-1.0979104777344464
Strc,-0.023677569548571475,-1.6454740707881146
Strip1,-0.43916893395881473,0.37238324491066166
Strip2,0.5519167305723354,-0.42693785974849874
Strit1,0.0,0.0
Strn,-0.48337827610259865,0.995039455087948
Strn3,0.4303234871925312,-0.8833999659756859
Strn4,0.28113156083858293,-0.1008866873257439
Stt3a,-0.14980480288886788,0.8848439175908904
Stt3b,0.5842936812447483,0.33273852477733357
Stub1,-0.04473726508642706,-0.16819172910253855
Stum,-3.2609940946511005,1.0262624238045932
Stx11,1.5162558969881013,-2.146575911047017
Stx12,-0.13062888232073,-0.17312695634719155
Stx16,-0.3207798564701161,0.46403411276246054
Stx17,-0.186280126343485,0.345450099445344
Stx18,-0.12697464416189064,0.3230832386803435
Stx19,0.14420362577555057,-0.7781430420046487
Stx1a,-0.928939078611406,-0.027952825407764337
Stx1b,-1.1060885095530075,-0.5657772522256312
Stx2,-0.08295883872991894,0.8194078958607687
Stx3,0.6338894710343173,-0.8701134890451474
Stx4a,0.21937713774230794,0.6684579903130743
Stx5a,-0.218906891162991,0.025294730287697575
Stx6,-0.2964179055220768,0.5411848714138507
Stx7,-0.4475652525521667,0.8748408925528057
Stx8,-0.22518116059429794,0.18297385052940562
Stxbp1,-0.26582772837957513,-0.5487440729929212
Stxbp2,-0.4243250584503411,0.5295181714203725
Stxbp3,-0.34405447422156676,0.31587048844323107
Stxbp4,-0.17639846617689336,-0.7806228020421226
Stxbp5,0.29353358333400337,-0.635230809245753
Stxbp5l,-0.30834587109383627,-0.9182245985762094
Stxbp6,-1.114460652761263,0.10779182107365415
Styk1,0.2533007241499945,0.04932803392211582
Styx,0.45878391133615715,-1.4396663394006257
Styxl1,-1.8126663729756676,0.7281223904868666
Sub1,-0.13404050810986057,0.48713857067711963
Sucla2,-0.17175833189762102,-0.11415692213616246
Suclg1,0.03131320661705672,-0.11726498521791484
Suclg2,-0.15121045044846326,0.700287284840547
Sucnr1,0.0,-0.2152727868316063
Suco,-0.4047618768218406,-0.05155704078514134
Suds3,0.3582759335495469,-0.4037646697215038
Sufu,-0.12426273992525338,0.3147173026471002
Sugct,0.33403715891497043,-0.43795104660233264
Sugp1,-0.11289601477087352,-0.1900813369843224
Sugp2,-0.046201935984131026,-0.39958979304038245
Sugt1,0.030177930984454093,0.27331640609659935
Sulf1,0.7848795938616142,-1.8640938318235172
Sulf2,-0.29271333574836866,-0.08309658585073976
Sult1a1,-0.5034901165204069,0.5467546192607902
Sult1b1,0.0,0.0
Sult1c1,-1.1191854267901977,-5.121324461875497
Sult1c2,0.0,-0.21283904559181435
Sult1d1,0.0,0.0
Sult1e1,0.0,0.0
Sult2a1,0.0,0.0
Sult2a2,0.0,0.0
Sult2a3,0.0,0.0
Sult2a4,0.0,0.0
Sult2a5,0.0,0.0
Sult2a6,0.0,0.0
Sult2a7,0.0,0.0
Sult2a8,0.5489474805874857,-0.02285249449177984
Sult2b1,-0.6312604474182191,-0.232032420020162
Sult3a1,0.22888442284205604,0.0
Sult3a2,0.0,0.0
Sult4a1,-0.4511660409367497,-1.1389639396205222
Sult5a1,-0.18467282676522423,-0.4747986332633358
Sult6b1,-0.06317295286398927,1.4037365539142463
Sult6b2,-1.1979259078598785,-0.6684284614391631
Sumf1,-0.0848799742439521,1.5992900070014961
Sumf2,-0.1721320190882203,0.33218949980283696
Sumo1,0.1521992439572344,-0.12140214387207315
Sumo2,0.14812586987507004,-0.1605601782014361
Sumo3,0.11917009900579245,-0.030304619471987593
Sun1,-0.22897292004200942,-0.3882786787611767
Sun2,0.28270651677894776,0.658162684912373
Sun3,-0.3493402176101932,0.0
Sun5,0.0,0.0
Suox,0.13380715835766033,-0.4050709075895309
Supt16,-0.30474038839337503,-0.2818501673120135
Supt20,-0.43300573518854435,0.36927095446981184
Supt3,0.16625052875648905,-0.3430601016996695
Supt4a,-0.12769602784310585,0.2821820924305882
Supt5,-0.3394781808980962,0.24338184980951105
Supt6,-0.5168493398030041,0.010237551485356988
Supt7l,-0.12703428745122203,-0.20490842501495443
Supv3l1,-0.2408918149165622,-0.31062970540600254
Surf1,0.4201457869014291,-0.1480755245081138
Surf2,-0.29043508289209363,-0.004117505003046418
Surf4,-0.12214251037275403,0.5911966949080742
Surf6,-0.21540786989673144,0.04957246931630621
Susd1,-0.740803509274147,0.823931943803883
Susd2,-1.928253296593195,-0.6913635136200318
Susd3,-0.047465137159388604,0.1972633847835361
Susd4,-0.7573589328052108,-0.19352470164543512
Susd5,0.04443624023773829,-1.024550878517212
Susd6,0.13087814954477572,1.4615645908759767
Suv39h1,0.13007307481770702,0.09211264933160024
Suv39h2,1.1439171615406831,-0.20825729393016967
Suz12,0.7530788306098479,-0.5982288419154429
Sv2a,-1.0683190872082609,-0.34942031100333004
Sv2b,0.0016470052112111944,-0.7085110889507735
Sv2c,-0.38564484391078224,-1.9100721246204495
Sva,0.0,0.0
Sval1,0.0,0.0
Sval2,0.0,0.0
Sval3,0.7315351555641978,0.0
Svbp,-0.018236841101867185,0.7258758928190332
Svep1,0.4789596986743687,-0.6395847808420578
Svil,0.3229496523188331,0.07286919068788933
Svip,0.3054274353004711,-0.7012423749407191
Svop,-0.4177185378091455,-0.9235676247296691
Svopl,-1.0833525268889774,-1.9755231338327794
Svs1,0.0,0.0
Svs2,0.23452371786357948,0.0
Svs3a,0.0,0.0
Svs3b,0.0,0.0
Svs4,0.0,0.0
Svs5,0.0,0.0
Svs6,0.0,0.0
Swap70,-0.2394430897486366,0.7729859295283763
Swi5,0.39157340235618854,0.15193953720680042
Swsap1,0.22017687482192372,-0.5228387606919238
Swt1,0.6923802867939237,-0.9211007484994376
Syap1,-0.15690678892674192,0.40367116750539545
Sybu,-0.28044252062303876,-0.5087971707522705
Syce1,-0.2859457969817787,0.627196219033999
Syce1l,-0.2485611237338503,0.6541171631610121
Syce2,-0.11489668366514838,0.20553120157926408
Syce3,0.0,0.0
Sycn,0.0,0.0
Sycp1,0.0,-0.2152727868316063
Sycp2,0.37566404096063977,-1.436695294673366
Sycp2l,0.7440623977998231,-0.9585071605991532
Sycp3,0.6498390003034666,-0.6595422443325374
Syde1,1.5005822115841543,-2.842346328750999
Syde2,0.37933663801614026,-2.7451115560872856
Syf2,0.14372916940738456,0.3103174616581388
Syk,-0.7910356080038063,1.3685601082400733
Sympk,-0.0391240075245296,-0.21175384026367894
Syn1,-0.7345844895043161,0.3528940010942794
Syn2,1.0233618098485744,-1.4020809401276937
Syn3,-1.0018179777359908,-0.870606029199922
Syna,-1.8298818693770245,-0.9909718498324434
Synb,0.8693337286205196,-0.7394576378492053
Sync,-0.6370166188543505,-0.5394911137337774
Syncrip,-0.21046960224063405,0.9674688811560586
Syndig1,-1.9233527145577538,-1.2267380891490918
Syndig1l,1.067862502784327,-1.9093080054928038
Syne1,0.6064074096346754,-0.9238092624210701
Syne2,0.23392072785091322,-1.0355050625787374
Syne3,0.8789823658696356,-0.3782942847673292
Syne4,-0.18641204227651542,0.32371184374609996
Syngap1,-1.475002184582792,-0.10490501040634825
Syngr1,-0.20362961267547064,1.100320321945512
Syngr2,-0.4025313833929154,1.01580616941024
Syngr3,-0.1353533188874998,-0.4455289812449852
Syngr4,1.0419466849478938,0.0
Synj1,-0.22586807528867148,-0.1337554234588616
Synj2,-0.1664524090895334,0.4624220426393997
Synj2bp,0.07501787283610462,-0.456424684603256
Synm,0.24053097493105557,-0.8475983152899218
Synpo,1.19063175762248,-1.8379372455333072
Synpo2,0.6123871068026734,-0.8580765224898581
Synpo2l,-1.0244114780456577,0.03840974133793562
Synpr,-0.8119678755083672,-0.4535177918565392
Synrg,0.20405285449401234,-0.3255669769751144
Syp,-0.41158718117355164,-0.6523960613327695
Sypl,-0.038776177392486844,0.8129757330076117
Sypl2,-2.0388913549160423,-1.2274037852997446
Sys1,0.8381667150087857,0.4784883256528598
Syt1,-0.5382764371030451,-0.6017272613059426
Syt10,-0.2952504910066365,-1.0049667367712587
Syt11,-0.5472795579948642,-0.2868726258085008
Syt12,-0.5305893652617168,-0.0008779825809908104
Syt13,-0.7138530882307261,-0.49157766531625846
Syt14,0.1800378721334468,-0.5654661883592436
Syt15,0.8482840578527657,-1.5627239426238653
Syt16,-1.418467286163816,-0.7611679014992614
Syt17,-0.9431225544985633,-2.199938710226018
Syt2,0.6980304587657118,-0.7195165927131555
Syt3,-0.6908092540042308,-0.5340785298057646
Syt4,0.24907622107979144,-0.6741919590814547
Syt5,-1.141374503842452,0.06752772157528497
Syt6,-1.727466612057964,-0.5420177174624285
Syt7,-0.8506789248339768,-1.1103211463498646
Syt8,-1.915517494196159,0.5886967709038523
Syt9,0.03609157845449751,-0.9816572394043828
Sytl1,-0.8242954696970803,-0.4483481611258058
Sytl2,-0.36057388688243996,-2.141296293797976
Sytl3,-0.3869457576749262,-1.0122414346406698
Sytl4,2.6033987738281645,-0.8405851346566479
Sytl5,-0.3347780396081612,-9.540283525577564e-05
Syvn1,0.1773469391052256,0.4003359648262972
Szrd1,0.08607956237868208,1.67414219796704
Szt2,-0.21939554648332482,-0.4608118587095902
T,0.0,0.0
T2,-0.23690106472386616,1.2309591558992872
Taar1,0.0,0.0
Taar2,0.0,0.0
Taar3,0.0,0.0
Taar4,0.0,0.0
Taar5,0.0,0.0
Taar6,0.0,0.0
Taar7a,0.0,0.0
Taar7b,0.0,0.0
Taar7d,0.0,0.0
Taar7e,0.0,0.0
Taar7f,0.0,0.0
Taar8a,0.0,0.0
Taar8b,0.0,0.0
Taar8c,0.0,0.0
Taar9,0.0,0.0
Tab1,-0.17766023510425732,-0.3067012713796782
Tab2,0.003675374804625875,0.09111469468815336
Tab3,-0.3556810543474551,-0.06357509361568248
Tac1,-1.0012190179539058,-0.8092453903687256
Tac2,0.9254544265045812,-3.3352436791434075
Tac4,-0.38660007093574866,-0.9106197620636095
Tacc1,-0.2514085534457635,0.8030389021090834
Tacc2,0.16889625265630848,-1.0685120419379999
Tacc3,-0.21022580254420742,0.40938901115919
Taco1,0.1700014064378248,0.8778007985458718
Tacr1,-0.7103499384630894,-0.9693865009435108
Tacr2,0.5553908421441962,0.0
Tacr3,-0.745696921588884,-0.7848623213423522
Tacstd2,-0.3567848041086102,-2.4906806465125806
Tada1,-0.19499137179702686,-0.0886975598771258
Tada2a,0.3194848556810985,-0.4540138857005438
Tada2b,0.8654297037047316,-2.0135333746210975
Tada3,-0.3432579783629848,0.35450356918244275
Taf1,-0.7003403564737329,0.04257814079368316
Taf10,0.6410750808142556,-0.5880940366068828
Taf11,-0.29495327850327513,0.6670815071269409
Taf12,0.02520805165318407,0.5035922918586895
Taf13,-0.14657021983098772,0.7326680204687417
Taf15,-0.14782964683109867,-0.40411349262587315
Taf1a,0.07991867272956554,-0.518442750811376
Taf1b,-0.1644747804969029,0.3175947805462531
Taf1c,-0.19830239331056987,-0.018535967160053346
Taf1d,0.6886665528509308,0.1829244641815162
Taf2,-0.4050344675347066,0.24152270879701376
Taf3,-0.18472233011503114,-0.2965944853236966
Taf4,0.4249549938938726,-0.023091431158658082
Taf4b,1.326523596760202,-1.5673286464415774
Taf5,1.7722385394048148,-1.8647420066610074
Taf5l,0.051651640856726466,0.44471347583199616
Taf6,0.06956473433783472,-0.20554172768182966
Taf6l,-0.28100667862582007,0.16655333693424446
Taf7,0.5548274896099805,-0.18070265775909178
Taf7l,0.16707933978840556,1.1042600534910592
Taf7l2,-0.36764971205634545,-0.34915265822807906
Taf8,-0.004992180338541985,0.1449099328484067
Taf9,-0.3054466196429395,0.8975764639880026
Taf9b,0.17071880814348006,-0.14948766665580138
Tafa1,0.6721223023536513,-1.1850292127106785
Tafa2,-1.0068457175192558,0.6530616438592727
Tafa3,0.024242893506299268,-1.0374239409954384
Tafa4,0.8514706115201465,-3.4092035615081757
Tafa5,-0.04439842871412569,-0.48214475033422044
Tagap,-0.37041017652135544,1.3203237744292782
Tagap1,0.09953946551216308,-0.2165753371987602
Tagln,1.2313934391035417,-1.6012838486383565
Tagln2,0.8374461922822469,0.6876830793306237
Tagln3,-0.21040559483736665,-0.6341758570167677
Tal1,-0.5660869032630318,0.03668817965499027
Tal2,1.193860165613533,-0.09062890875442142
Taldo1,-0.32236621235146323,0.6201436978134574
Tamm41,0.11527384074168268,-0.060712279333168695
Tanc1,0.9230747169454467,-0.963094768168677
Tanc2,-0.4794166869293637,0.17669192475166895
Tango2,-0.07790865873346142,0.06748751966237876
Tango6,0.11400171480110899,-0.7020672897263847
Tank,0.06009965890520341,0.10028925116011855
Taok1,0.08584272958618477,-0.32259842023714924
Taok2,-0.610113060195518,0.2834257838778065
Taok3,-0.2606953705907262,-0.12811549394295874
Tap1,0.37545915283399367,0.9797063758200739
Tap2,0.032277163410224574,0.9331775079858833
Tapbp,0.2846146796146005,0.8589424465474433
Tapbpl,-0.10305393920469719,0.4660066666901326
Tapt1,0.497981109255047,-1.2468737437079849
Tarbp1,-0.15421659177375524,0.007684684263646879
Tarbp2,-0.2649060620978396,-0.15662266495442978
Tardbp,0.00339167531641138,0.49958650261122806
Tarm1,2.1985655147488297,1.2034242588497621
Tars,-0.04988967430394453,0.42270167129564307
Tars2,-0.16363183352269317,0.18194053521220788
Tarsl2,0.5725917649198298,-0.4168153573312994
Tas1r1,-1.507309114156032,-1.2402444215097663
Tas1r2,0.3678025766408618,0.0
Tas1r3,0.6196292777599446,-0.3849932331439119
Tas2r102,0.0,0.0
Tas2r103,0.0,0.0
Tas2r104,0.0,0.0
Tas2r105,0.0,0.0
Tas2r106,0.0,0.0
Tas2r107,0.0,0.0
Tas2r108,0.22301637336075442,-1.8146276579613954
Tas2r109,0.0,0.0
Tas2r110,0.0,0.0
Tas2r113,0.0,0.0
Tas2r114,0.0,0.0
Tas2r115,0.0,0.0
Tas2r116,0.0,0.0
Tas2r117,0.0,0.0
Tas2r118,0.0,0.0
Tas2r119,0.0,0.0
Tas2r120,0.0,0.0
Tas2r121,0.0,0.0
Tas2r122,0.0,0.0
Tas2r123,0.0,0.0
Tas2r124,0.0,0.0
Tas2r125,0.0,0.0
Tas2r126,0.07624201606791559,-1.0113568152741603
Tas2r129,0.0,0.0
Tas2r130,-0.22082010532603893,0.0
Tas2r131,0.3822586798994121,0.0
Tas2r134,0.0,0.0
Tas2r135,-0.6403363007195108,0.0
Tas2r136,0.0,0.0
Tas2r137,0.22754403181153837,-0.35820978814101395
Tas2r138,0.0,0.0
Tas2r139,0.0,0.0
Tas2r140,0.0,0.0
Tas2r143,0.0,0.0
Tas2r144,0.0,0.0
Tasor,0.3091188000649314,0.06408940715301092
Tasor2,0.02195140130154094,-0.35099525722476344
Tasp1,0.1279001593968001,-0.525719177858802
Tat,-0.9321555086922421,-0.5624904929440797
Tatdn1,0.4664608026369663,0.1418577967553336
Tatdn2,1.1189285164245444,-0.8530822687721149
Tatdn3,-0.42007833191282185,0.07390821510180956
Tax1bp1,0.19626455779631868,-0.1098345504055942
Tax1bp3,-0.6437333768925289,0.5700595865008875
Taz,-0.20810417267282233,0.19285259931267618
Tbata,-0.5325893203936113,0.0
Tbc1d1,-0.1436019357096896,0.5731425221297339
Tbc1d10a,-0.48060365194724497,0.9750559598694757
Tbc1d10b,0.020555286726700928,-0.5615638555929863
Tbc1d10c,-0.42867903513773076,0.45078414402073896
Tbc1d12,0.356895844176643,0.11754798260793375
Tbc1d13,0.2995174207312745,0.10216018539667449
Tbc1d14,-0.25060232875910415,0.31751060476148396
Tbc1d15,-0.565564246438278,0.48508736076181336
Tbc1d16,-0.5350573016386218,0.4777726433083185
Tbc1d17,-0.19315034833944011,0.15699199653829687
Tbc1d19,0.020823327511783063,-0.3496255370248189
Tbc1d2,1.491692632543117,-0.9134356289001104
Tbc1d20,-0.38516879380619784,0.40454071915760004
Tbc1d21,0.22888442284205604,0.0
Tbc1d22a,-0.2686767489857047,0.748089302001123
Tbc1d22b,-0.47919616731218895,0.032433908714613935
Tbc1d23,-0.06098952757204046,-0.26873707100093824
Tbc1d24,-0.3235707543937991,0.0746742283087265
Tbc1d25,-0.6100803301468991,0.33843890129596765
Tbc1d2b,-0.33715447344749716,0.8405449770517528
Tbc1d30,-0.277690395442475,0.18101007488635368
Tbc1d31,-0.3689189644729485,0.9026868001814403
Tbc1d32,0.08493303150963705,-0.5990961789932214
Tbc1d4,-0.9906251917372124,0.7997962282314717
Tbc1d5,-0.1644205412832651,0.2748353149298879
Tbc1d7,-0.11133762613912701,-0.4475150588115433
Tbc1d8,-0.11725779855912322,0.44772506066570905
Tbc1d8b,-0.860297274016725,1.1342767703846413
Tbc1d9,-0.8145259390498545,0.47892902559028805
Tbc1d9b,-0.43852432947921116,0.5291145430461608
Tbca,0.37307882024770045,0.2802279679815385
Tbcb,0.21880014832828998,0.24512846133269406
Tbcc,0.07390151732263561,0.21690832842606156
Tbccd1,-0.579828387915466,0.352653246425902
Tbcd,-0.23761302149401153,0.3937445177164989
Tbce,-0.02518446411959907,-0.4698648594803423
Tbcel,0.3640806027192953,-0.47711834807522635
Tbck,-0.26752074156820527,0.25355478535279197
Tbk1,-0.14022517219251185,0.3791797980984555
Tbkbp1,-0.5506568051378062,0.03924416565279287
Tbl1x,-0.32843374282078486,0.2494041756619012
Tbl1xr1,-0.0056732085563186985,0.7388759281906339
Tbl2,-0.19411958227533965,0.46182793105333353
Tbl3,-0.1356933069752735,0.1118668490829311
Tbp,0.09681718605716583,-0.49715262238100344
Tbpl1,-0.2852703462988835,0.38662443397269186
Tbpl2,0.0,0.0
Tbr1,0.6338409484745657,-0.9606115106967876
Tbrg1,0.30749544516179483,-0.031707797250284386
Tbrg4,0.08560018801377023,0.09372568505197076
Tbx1,0.23452371786357948,0.023214632804623547
Tbx10,-0.2980656025300318,-0.21283904559181435
Tbx15,0.7865564195567765,-1.3102719375315532
Tbx18,0.7224645035762397,-1.1050581035918923
Tbx19,0.9562827003802432,0.0
Tbx2,1.1287112796999281,-0.8856734669124089
Tbx20,1.7768280316113123,-1.0594055663236666
Tbx21,-2.4218539241127903,0.7404077349723992
Tbx22,-0.40877259984979575,-1.341616218626422
Tbx3,-2.1513932935271596,1.5936600614278973
Tbx4,-0.23690106472386616,0.0
Tbx5,1.086500535807697,-2.2590065500756165
Tbx6,-0.48615724573748675,-1.5527461943108043
Tbxa2r,-0.47178665417674015,-1.5326895582278697
Tbxas1,-0.18484805350721345,0.9256256056974941
Tc2n,0.2287869956140316,-1.9090060155211717
Tcaf1,-0.7050314977300687,-0.36746879496245377
Tcaf2,0.9742086798340668,0.24253870150731416
Tcaf3,0.22651929689471173,0.0
Tcaim,0.3450666703667107,-0.45613502498253133
Tcam1,-0.6790833121532239,-1.9601026838055047
Tcap,-1.2991679513274021,-1.223259925747279
Tcea1,0.06662892537610077,0.07064711977127835
Tcea2,-0.9411948412131448,-0.06362149499632697
Tcea3,1.9928685784723985,-0.7318725431967432
Tceal1,0.4339096817801167,-0.3570020275702266
Tceal3,-0.0657293599457347,-0.4974642243945997
Tceal5,-0.38589656011573936,-0.3932437421803643
Tceal6,-0.324907566896778,-0.4016767572326261
Tceal7,-1.3137669952098712,-3.0277768801828215
Tceal8,0.17457890720070957,-0.2616451923273537
Tceal9,0.3386135256493006,-0.4743028878974975
Tceanc,-0.26564116860859777,0.8317839738337067
Tceanc2,-0.35771546939097476,-0.23089705894798218
Tcerg1,-0.33606881322563353,-0.04096721158658312
Tcerg1l,1.876470685557237,-1.4509117746122882
Tcf12,0.24649144870596906,0.2608307710348665
Tcf15,0.7121947223436716,-0.48576661832133106
Tcf19,-0.08617671018731876,-0.520780151665174
Tcf20,0.7480650292695472,-1.4475951570396655
Tcf21,0.0,0.0
Tcf23,0.6073672600776523,0.0
Tcf24,1.2710623654683584,-1.1192076587924398
Tcf25,-0.33889279126888816,-0.20744609334360575
Tcf3,0.14658790200412142,0.8202011675192891
Tcf4,-0.12114487839188648,-0.08792454154454177
Tcf7,1.5091003095814663,-1.4316113689295058
Tcf7l1,1.5006716321236944,-1.1232548633977135
Tcf7l2,0.0820605804711807,0.21763858622589538
Tcfl5,0.5556208073142535,0.5026182242245034
Tchh,-0.8278271619836715,-3.1893587505573575
Tchhl1,0.0,-0.5863532064420514
Tchp,0.4923166983330045,-0.4028850471908001
Tcim,-0.5508537151911774,1.2536542308003042
Tcirg1,-0.4000062015413004,0.8820643613088315
Tcl1,0.0,0.0
Tcl1b1,0.0,0.0
Tcl1b2,0.0,0.0
Tcl1b3,0.0,0.0
Tcl1b4,0.0,0.0
Tcl1b5,0.0,0.0
Tcn2,-0.2555068182905469,0.9772498308465885
Tcof1,-0.2355166606616148,0.47367686411138443
Tcp1,-0.18942643219683752,-0.11762585628786226
Tcp10a,0.0,0.0
Tcp10b,0.9317544227885746,0.0
Tcp10c,-3.0154730549657485,0.0
Tcp11,1.2525613036742085,-0.8544630369839998
Tcp11l1,0.36751016128147196,0.458040259782444
Tcp11l2,-0.6651217544817065,-0.1254262939291646
Tcp11x2,0.0,0.0
Tcrg-C1,-0.9680106621059685,0.0
Tcrg-C2,-0.13910280115180665,0.0
Tcrg-C3,0.0,0.0
Tcrg-C4,0.1982919528747028,0.0
Tcrg-V1,0.0,0.0
Tcrg-V3,0.0,0.0
Tcrg-V4,0.0,0.0
Tcrg-V5,0.0,0.0
Tcrg-V6,0.0,0.0
Tcrg-V7,-0.2154087266458899,0.0
Tcstv1,5.000198340116105,0.40489294182823876
Tcstv3,0.8489495488746069,0.0
Tcta,0.18175126580860734,-0.05322662725440708
Tcte1,0.6244643250023012,-0.07529071860368797
Tcte2,1.6042960946007767,-1.270259255438705
Tcte3,2.0525476875013253,-1.3017731613961534
Tctex1d1,1.5653748468230528,-1.3215827771267779
Tctex1d2,0.6690473619407733,-0.17885228853764623
Tctex1d4,0.6949733919417413,0.06430555160479168
Tctn1,-0.5758095515326165,0.6744012466762515
Tctn2,0.023062676553021078,-0.9854492402006318
Tctn3,-0.2025051249607781,-0.7143650113422542
Tdg,-0.418298969252449,-0.353565821186816
Tdgf1,1.3034716788114138,0.12594084660101523
Tdh,-0.16427303029314289,-1.5048969541326018
Tdo2,-1.562871861623789,-0.5146973392817014
Tdp1,-0.40420393000741406,0.44534648271478616
Tdp2,-0.3769586547371251,0.5292955471345717
Tdpoz1,0.0,0.0
Tdpoz2,0.0,0.0
Tdpoz3,0.0,0.0
Tdpoz4,0.0,-0.2218593794753994
Tdpoz5,0.0,0.0
Tdrd1,0.0,0.0
Tdrd12,0.7656694601908332,-1.0433099157334569
Tdrd3,-0.10858901610166072,0.03005333511111452
Tdrd5,0.3830791267964262,-0.7696034571052071
Tdrd6,-1.6563293085965274,-1.3165943774604214
Tdrd7,0.05128259469133134,-0.4854557020947805
Tdrd9,-0.6743168105579338,-0.26720051227018526
Tdrkh,-0.004170812076569774,-0.2895679465294183
Tdrp,-0.3762376202162674,-1.029431221951942
Tead1,1.1815207003370691,-1.0781986158474197
Tead2,0.7155414314915767,-0.21511819549608724
Tead3,1.9085942398791742,-1.6856276556712766
Tead4,-0.026427071380389133,0.08634546592693182
Tec,-0.4149576952005951,1.0719140917406325
Tecpr1,-0.019995748740250008,-0.3426138989750278
Tecpr2,-0.29193757551216315,-0.7670886062580173
Tecr,-0.0862440840774692,-0.23907915265538016
Tecrl,3.279184797216228,-2.0038106933150885
Tecta,1.1725430109941268,-2.6235033169661945
Tectb,-2.403012929940655,1.0261925199648414
Tedc1,0.15368056811062303,1.7972946338078115
Tedc2,0.3070251258301955,-0.02747131037794226
Teddm1a,2.3977694385394606,0.5554413433872927
Teddm1b,0.41248749438998544,-0.3032374880553892
Teddm2,0.3646383669258966,-0.7354053417969677
Teddm3,-0.23690106472386616,0.0
Tef,-0.18211052171385234,-0.4403798206170144
Tefm,0.18649626742554304,0.5024015914441264
Tek,0.4664754972360363,-0.786256229407643
Tekt1,-1.9975353551632082,-0.8912862332078801
Tekt2,-1.8873341691221224,-0.7343086134484694
Tekt3,-0.23690106472386616,-1.278383697298482
Tekt4,1.6127047435467288,-2.3006454944252797
Tekt5,-2.6390137619682608,-2.169252924613458
Telo2,0.02789603341137692,0.4738283723595753
Ten1,0.08341523395443495,0.5067340849260464
Tenm1,-0.38026315145190015,-1.330595987942326
Tenm2,-1.2122374112171848,-1.3242480219579562
Tenm3,0.44892174376989225,-1.0898062606694605
Tenm4,0.17228427904165677,-0.893204669921488
Tent2,-0.05211420674438827,0.9807163159263776
Tent4a,0.33605380803475704,-1.4092960085660549
Tent4b,0.336562925566982,-1.2095321921441604
Tent5a,0.21606571999482682,0.9886998677239465
Tent5b,1.6612162030541295,0.19914555340916085
Tent5c,-0.1409882179832369,1.1253530769032025
Tent5d,-0.45529429972774627,0.0
Tep1,-0.4790985937300736,1.4712877974956022
Tepp,0.4568602228556573,-1.8063336875563147
Tepsin,0.31763387274280674,-0.040446072516514775
Terb1,0.3721622197398853,-1.8852751744474707
Terb2,0.0,0.0
Terf1,-0.0931438954087902,0.09114509644841995
Terf2,0.378479387266748,0.018527887208888316
Terf2ip,-0.14814153031233168,-0.16504078959949453
Tert,0.634281615478717,-1.262592758197386
Tes,-0.11476188845785451,0.05697536570293238
Tes3-ps,-0.38836561979795015,-1.7647454714571778
Tesc,0.09650106772553246,-0.1349504290582546
Tescl,-0.8728031688503042,-0.5710488337328283
Tesk1,0.07643143139940545,0.06755519490915685
Tesk2,-0.07233348717135435,0.2967041158562811
Tesmin,-1.403988629765176,0.24986155777818175
Tespa1,1.152289497065774,-1.5726258855629665
Tet1,-1.213839455244452,-0.5420830578792319
Tet2,0.06962699666493144,-0.17734022233296365
Tet3,-0.26039468506880326,-0.5695763251412735
Tex10,-0.2343104447667521,0.20468558019843464
Tex101,-0.2154087266458899,0.0
Tex11,0.547391017571992,-2.328256139206298
Tex12,1.1556123512210563,-0.16446210080062684
Tex13a,0.0,0.0
Tex13b,0.3092732454771494,0.8032225492362666
Tex13c1,0.0,0.0
Tex13c2,0.0,0.0
Tex13c3,0.23452371786357948,0.0
Tex14,0.47689257649689853,-2.0065618264933396
Tex15,0.06128579343963647,-1.5607837046307678
Tex16,0.0,0.0
Tex19.1,0.6103283569546322,0.0
Tex19.2,0.0,0.0
Tex2,-0.29653418168325096,-0.2480916652177818
Tex21,0.0,-0.2152727868316063
Tex22,0.0,-0.2152727868316063
Tex24,0.0,0.0
Tex26,1.487687078724365,-0.8666004227456796
Tex261,-0.07443743550833659,0.5779961460141116
Tex264,-0.0013216174323424923,-0.32691346376308417
Tex28,-0.06639002295222607,-1.103493521296926
Tex29,0.26938182691869406,1.9646097896278385
Tex30,0.2498003295311264,-0.25246509074989554
Tex33,0.0,0.0
Tex35,0.0,0.0
Tex36,-0.7388522828431112,-0.2152727868316063
Tex37,0.3678025766408618,-0.5343389841738989
Tex38,1.0226062488386778,-0.8496422645695827
Tex43,-0.45529429972774627,0.25555345956664705
Tex44,0.0,0.0
Tex45,-0.8878768017131363,-1.79564193879165
Tex46,0.0,0.0
Tex47,2.8418560338701475,-4.493657069771635
Tex48,0.0,0.0
Tex50,0.01638311113297386,-0.2681078665486286
Tex52,-0.6050763572357427,-0.42811183242342066
Tex55,0.0,0.0
Tex9,0.09070808293970956,-1.5259050164322225
Tfam,-0.2888602585013498,0.24576336192174963
Tfap2a,-1.0020385386185584,0.03403578553115594
Tfap2b,-0.6533247860527993,-0.4658708091725199
Tfap2c,-2.060708792137839,-0.7888377554249795
Tfap2d,-1.671065747891034,-0.2729030069361089
Tfap2e,-1.8431283538462635,-0.9362973948881486
Tfap4,0.2906759843693334,-0.844241761825054
Tfb1m,0.31077185271019037,0.033614484095940256
Tfb2m,0.2318355130509211,-0.1623924426259311
Tfcp2,-0.368498522932196,-0.502932300687096
Tfcp2l1,1.4718409085988688,-3.397636482690512
Tfdp1,-0.5907513277987153,0.2517778750356019
Tfdp2,0.2801432197294673,-0.738597325338592
Tfe3,-0.24127987104582083,0.6895853010621611
Tfeb,-0.06217110496913136,0.9187536706441577
Tfec,-3.5521172141846007,3.1601421906165763
Tff1,0.0,0.0
Tff2,1.0959145929325396,-1.0900108132248554
Tff3,0.0,0.0
Tfg,-0.1259248989668933,0.06919588672731436
Tfip11,-0.10967266698588851,0.24004102723770515
Tfpi,-0.33981080264594254,1.0783552682345565
Tfpi2,-0.44678382169875286,-1.143760922894484
Tfpt,-0.1742033032597048,-0.19394824397268096
Tfr2,-0.9616483482662623,0.5840114069036781
Tfrc,-0.8849575712605731,-0.5795404443146985
Tg,-2.560850426896801,-0.6822240290364499
Tgds,0.06766169442058434,-0.12205344197652579
Tgfa,-0.2651149873087135,0.4847439682157706
Tgfb1,-0.142457084054743,1.1749910786587456
Tgfb1i1,0.3121615586559239,-1.0709030491196794
Tgfb2,0.8833781433859098,-1.0329844378784596
Tgfb3,-1.35254797886188,-0.7337989515664489
Tgfbi,0.41439944266276996,0.9146654210007146
Tgfbr1,-0.4776076523551005,1.1798190469365686
Tgfbr2,-0.26091304099209545,1.339388701379777
Tgfbr3,-0.2407820468067179,-0.48695317630743773
Tgfbr3l,-0.1802399296667785,-3.0399028718531724
Tgfbrap1,-0.1449910098736158,-0.11091737120170642
Tgif1,0.10573173834983862,0.6060000440508979
Tgif2,-0.3672059055335781,0.22267567000972122
Tgif2lx1,0.0,0.0
Tgif2lx2,0.0,0.0
Tgm1,-0.26838145437492056,0.4343965303908375
Tgm2,1.8182052035081568,0.7871585644611017
Tgm3,-0.32538152326294933,-0.7822333997479086
Tgm4,1.2182605331508967,-1.3232693484309177
Tgm5,-0.6873942318532569,-5.2874973588901755
Tgm6,-0.9734772958685555,0.25082299571856037
Tgm7,0.4678442022770503,-0.4427166047663706
Tgoln1,-0.2383638552744518,0.5240098356585463
Tgs1,-0.2338770254567475,0.5628847673033839
Tgtp1,1.1825331664700363,-0.24352898295041125
Tgtp2,0.5906664097966274,0.3535308166157307
Th,-0.4311851670137159,0.4568648211987849
Tha1,-0.5090282228663012,0.343836438203029
Thada,0.07004992280743316,0.30057088771983054
Thap1,0.13933080985089497,0.17029666946032584
Thap11,0.1071852681863561,0.930131674021915
Thap12,0.7643583757205175,-1.1822680261544942
Thap2,0.459607670014087,-0.12476023462718722
Thap3,0.40003434320473374,-0.11319789309646211
Thap4,0.3969154160345223,-0.037620618193589195
Thap7,-0.19580583573750232,0.21319888417309052
Thap8,-0.6447268236424426,-1.218059003836293
Thbd,0.41509804878408385,-0.3935320730210945
Thbs1,-0.20698330062977632,-0.7927099289819584
Thbs2,-0.45241971062014397,-2.000199410503419
Thbs3,-0.19719673125479398,1.9977716204588516
Thbs4,-3.4939565553503327,-3.33519899121019
Theg,0.0,0.0
Thegl,-0.3832915405154351,-0.7735481355703998
Them4,0.2532134154105723,-0.5742021624414573
Them5,-0.23690106472386616,0.0
Them6,0.7704124942031512,-0.9069628384460509
Them7,-1.5523777607615885,-0.6428254540167262
Themis,-0.6428782148619747,-1.549282171094497
Themis2,-0.09779491968726539,0.7316133605583008
Themis3,0.0,0.0
Thg1l,1.0774642253569127,-0.9728123516584049
Thnsl1,-0.15338565531246395,-0.27581700908050344
Thnsl2,0.10203042314548227,0.5744936808937577
Thoc1,-0.24962604163941293,0.1359605221212874
Thoc2,-0.3933879226324155,0.04500027599332057
Thoc3,-0.22544299395810263,0.0024165214904048327
Thoc5,0.08159744428830429,-0.5262903333400537
Thoc6,0.11412161022225753,0.4831378440809484
Thoc7,0.32373281259189746,-0.22679764472471575
Thop1,-0.4009673102613789,-0.19458071100170926
Thpo,-0.48579381811700073,-0.17425755532106857
Thra,0.3128037058350639,-1.170733469980675
Thrap3,-0.31231372676214164,0.3818750173874239
Thrb,0.33393823967485936,-0.8449977154111412
Thrsp,0.32469009424915996,-0.06804788020365216
Thsd1,-0.37501842577244027,-1.9933831392760997
Thsd4,-1.5090934465053865,-2.897692893193976
Thsd7a,-0.503478002676669,-0.7182214099926423
Thsd7b,-0.1708180258645271,-2.0306011316943984
Thtpa,-0.21439265265660978,-0.1898524710517968
Thumpd1,-0.21233032098421134,0.07231921035718436
Thumpd2,-0.12688716619826756,0.8410038379245623
Thumpd3,-0.11253456026543951,0.6650310493809801
Thy1,0.054129340574573526,-0.9988135382030814
Thyn1,0.18307855056571576,-0.260001561662083
Tia1,-0.18659015140709378,-0.4355873203996232
Tial1,-0.4554973479158342,0.06354968326332866
Tiam1,-0.23727850495762226,-0.1596341578949083
Tiam2,-1.2335714914766545,-0.6530267223454898
Ticam1,-0.06941590691594435,0.5649506813256977
Ticam2,-0.5643747490494064,1.107068453536474
Ticrr,0.3936837010250578,0.47385652800093325
Tie1,-0.37621768760098906,-1.3193770449045221
Tifa,-0.08358118936259906,1.0562780869091402
Tifab,-0.4401987382018575,1.0828078540315005
Tigar,-0.05562207814254094,-0.6002973736699646
Tigd2,0.0870935512294615,-0.13504726744881168
Tigd3,-0.21907230276204448,-0.23365933893277102
Tigd4,-0.8012024105380866,0.5048761324852925
Tigd5,-0.1949939774542866,-1.0463722495354517
Tigit,-1.0526555503833097,-0.3972999959449706
Timd2,0.8506679967662318,0.25082299571856037
Timd4,0.10445406944581492,-0.02315355715782985
Timeless,0.23568616178690682,0.037535405970492874
Timm10,-0.00812550820707969,-0.022986891731921588
Timm10b,0.2106835756898704,0.7292205857387373
Timm13,0.33781817900919897,0.10772086376616485
Timm17a,0.23416623642522616,0.11425404448578291
Timm17b,0.16868220262782962,0.5105871392068053
Timm21,-0.07267324262060093,0.12072968615853874
Timm22,0.23579258047353946,0.2518217089271424
Timm23,0.2344626231023632,0.0012408527452851814
Timm29,1.7127070672294105,-1.0650497910813481
Timm44,-0.36253279858303955,-0.13660566113603068
Timm50,-0.059006316758386745,0.24487177602918386
Timm8a1,0.5056423060351669,-0.22193713719808805
Timm8a2,-0.5325893203936113,1.1215829432334745
Timm8b,0.3918469999916585,-0.28027996771201913
Timm9,0.3720478102359035,0.011073560449499809
Timmdc1,0.40346274901732393,-0.3675089563301297
Timp1,5.870776570485132,0.04996350665608329
Timp2,0.2363548668334854,0.5465402504952763
Timp3,0.44597291618348045,-1.094911998121992
Timp4,-1.5154393348328394,-2.1002997138654544
Tinag,0.0,0.0
Tinagl1,0.6297621547314547,-1.3580431392818957
Tinf2,0.19512109144110923,0.2559237144416464
Tiparp,0.20564772842994739,0.8653320208104738
Tipin,-0.26962521429350517,0.34649429332573867
Tiprl,0.02732812507608884,-0.16127223921332678
Tirap,0.27281069805340863,0.2625859076072228
Tjap1,0.06521935160344228,-1.0390068438324551
Tjp1,-0.3778901947749116,0.0728649281370739
Tjp2,0.3754680222160829,-0.43246052412591673
Tjp3,0.0974634352181658,-0.501602959787613
Tk1,-0.024612630628284116,0.6156963110505753
Tk2,-0.3301342434562251,0.5604603984476064
Tkfc,-0.326307265733071,0.4961325226228013
Tkt,-0.6333815098536597,-0.011440589788440647
Tktl1,-0.1966641485351384,-1.1324095543294759
Tktl2,1.0603895976341942,-1.0249892027756964
Tlcd1,0.5492613072287806,-0.39725171988863917
Tlcd2,-0.5203670752444571,-0.054701881748208336
Tldc2,-0.6986473775610607,-1.9119766412433714
Tle1,0.4994856639657028,-0.9686656206831605
Tle2,0.7115402873948415,-0.7373031232666563
Tle3,-0.4753529127083107,0.46768608811750845
Tle4,0.3542808682666543,-0.1587420321052857
Tle5,0.7932849232431582,-0.21008551731125813
Tle6,0.8498702111060901,-1.5463889797446289
Tle7,0.0,0.0
Tlk1,-0.15160735101165201,0.39708403650830704
Tlk2,-0.17285392367379515,-0.5340665887038281
Tll1,-1.4368672336711423,-0.4195595390850819
Tll2,-2.2208745139922272,-1.28438070115493
Tln1,-0.3995027784512182,1.0532168953532999
Tln2,-0.4218140218708051,0.2771432422843034
Tlnrd1,0.7342288784497262,-0.3659578300836017
Tlr1,0.15936696703011677,1.0976485724185885
Tlr11,1.5747947218427827,-0.1549379535980835
Tlr12,-0.012387994554456938,1.3167439779751682
Tlr13,-0.2422263956913202,1.1146842448545158
Tlr2,0.11601053675136086,1.5019165637099476
Tlr3,-0.06278858747364424,1.2864756334901823
Tlr4,-0.03108199161704661,0.7500270772165774
Tlr5,0.048425588028829125,0.1110429632664447
Tlr6,-0.29171071947659755,1.4211905852711073
Tlr7,-0.3838056109393264,1.0717891063376506
Tlr8,0.16086970498608544,0.6018428283193327
Tlr9,0.45321992008296075,0.5246629657487887
Tlx1,0.0,0.0
Tlx2,0.0,-0.7343086134484694
Tlx3,0.0,0.0
Tm2d1,0.17848799778777824,0.19554723998650303
Tm2d2,-0.09758304817694174,0.23611019878641315
Tm2d3,0.27115345338828334,-0.07007442512509243
Tm4sf1,1.3785174009289527,-2.7437685635249958
Tm4sf19,-1.1831763219528337,0.0
Tm4sf20,0.0615788823120727,-0.5819922927158527
Tm4sf4,1.3827828682067882,-0.2152727868316063
Tm4sf5,-1.3963591871333567,0.4050118103752305
Tm6sf1,-0.4813423667492458,1.2876095529279343
Tm6sf2,-0.27909246079705463,-4.024409584302675
Tm7sf2,-0.5068440519802078,0.09937660400878379
Tm7sf3,0.4513562595211251,-0.8030616477726653
Tm9sf1,-0.1500004699642865,0.44452289541605694
Tm9sf2,-0.3329558489054918,0.817801425866099
Tm9sf3,0.2653274933842198,0.31081975020784824
Tm9sf4,-0.42741347667741536,0.6014162551256881
Tma16,0.5559205163054939,0.7848234552771682
Tma7,0.9506292404452363,-0.6847410546436379
Tmbim1,0.18238768982743103,0.9508344366660015
Tmbim4,0.23826736496902257,0.2626873244988861
Tmbim6,-0.1625599808213174,0.7239866305543181
Tmbim7,0.23452371786357948,0.0
Tmc1,0.5460770418021937,-0.44656908196376366
Tmc2,0.35137734536089027,-0.892735192791234
Tmc3,-0.47832078347687634,-1.5461526113097372
Tmc4,-0.13274718240460803,0.036100509874706255
Tmc5,0.664429542311777,-0.5650619264872176
Tmc6,-0.07542796892989934,0.693706338658
Tmc7,-1.005783087550185,1.4876905808868557
Tmc8,-2.4729285259120526,0.8925514639016763
Tmcc1,0.5676386398514595,-0.639432088687558
Tmcc2,-0.10918297410227318,-0.443887108799105
Tmcc3,-0.12506227237296486,0.466583521388344
Tmco1,-0.02175691569385485,0.49708315512473966
Tmco2,0.0,0.400578209308994
Tmco3,-0.1841872369838704,-0.00804453963196039
Tmco4,-0.16653479431249885,0.8099265752837486
Tmco5,0.0,0.0
Tmco5b,0.0,0.0
Tmco6,0.07534854591395757,-0.1404385704514528
Tmed1,0.058280950053125835,-0.07576081449294847
Tmed10,0.15613236236958272,0.4034164278635153
Tmed11,0.0,0.0
Tmed2,0.5189154353820911,0.7611125274571577
Tmed3,-0.05576113495681945,0.624891510233212
Tmed4,0.18083405907370675,0.10696873406523011
Tmed5,-0.28284724851555154,0.7815877487187848
Tmed6,-0.3786674845885971,0.0
Tmed7,0.574436363086587,0.4858643538251801
Tmed8,-0.7653261505312905,0.5904589433633554
Tmed9,0.14577567465203245,1.2745071841872786
Tmeff1,-0.06396987589666026,-1.966853357716114
Tmeff2,-0.30987676539542086,-0.15338629633589385
Tmem100,-0.34482498439740006,0.9883213073675332
Tmem101,-0.03833386528498117,0.10147840132618846
Tmem102,-0.6340168660196555,-2.1762507543733296
Tmem104,-0.5420228961595441,0.977803550179118
Tmem106a,0.36383855675615706,1.2233735354192454
Tmem106b,-0.5882961348191671,0.2823245160810348
Tmem106c,0.265225931001579,-0.06911487050960652
Tmem107,1.2979887268215506,-0.9942072325873887
Tmem108,0.5909212527138603,-1.231249614093647
Tmem109,-0.13261788787260187,0.47245423364687156
Tmem11,0.11483213645436408,0.27323603953878717
Tmem114,-0.01938330091177498,-1.4045546394685324
Tmem115,0.06693539501851298,0.29000495280253347
Tmem116,-0.3318735597941185,-1.9281004694566244
Tmem117,-0.16801033876527338,0.03118196793749206
Tmem119,-0.2749260660021644,0.9756035699283743
Tmem120a,0.3642126512126822,0.24300181511557817
Tmem120b,1.0690451867123514,0.35714523689560984
Tmem121,-0.9793473502004075,-1.2836945966812006
Tmem121b,-1.3393194121659289,-1.3893525217964013
Tmem123,0.2676382521491334,1.761355630513993
Tmem125,0.0,-1.380386769223883
Tmem126a,0.38979867189006256,-0.06184690033691709
Tmem126b,0.08123554652536491,-0.12237908414437726
Tmem127,-0.37051331323461767,0.3046036735094244
Tmem128,-0.0035391827232729156,0.2460756533423325
Tmem129,-0.2944584873062386,-0.11628778348647728
Tmem130,-0.7618269250674867,-0.4310432614201254
Tmem131,-0.44410520354380445,0.01151113656629299
Tmem131l,-0.42862742337528204,1.0129310783857388
Tmem132a,-0.5427932194877094,0.02358314779828774
Tmem132b,1.2018820346028427,-2.8704438886858528
Tmem132c,-0.7258056015054706,-1.6804332296631186
Tmem132d,0.6476739149629216,-0.9890506823550451
Tmem132e,2.8455749087091777,-4.147939519415139
Tmem134,-0.2787229473487187,0.8838716864358016
Tmem135,-0.23808792163427306,0.536821722982415
Tmem136,0.2853929575367111,-0.7007671902753785
Tmem138,0.2655329670916622,-0.26157549419200876
Tmem139,-1.0013308237612526,-1.9689342030658235
Tmem140,-0.41141214294710693,0.5000325396264724
Tmem141,-0.3588091563704001,0.5001966408151919
Tmem143,0.0889228053226212,0.3920435360797603
Tmem144,-0.11523729152315987,1.2742094883471822
Tmem145,-0.6855661982547963,-0.30725152313274684
Tmem147,0.21491927161360813,0.03940765814509817
Tmem14a,0.4077379807668873,-0.4300851606017382
Tmem14c,-0.11481458111990683,0.7365094621916484
Tmem150a,0.5206338640491852,0.7167303188055509
Tmem150b,0.62337777996422,-0.5774546232773381
Tmem150c,0.9193318502796313,-1.2765379637032481
Tmem151a,0.2883622145846054,-0.48958619165721906
Tmem151b,-0.23591899098975677,-0.4009946956802679
Tmem154,-0.8530805709278697,0.5400834077384697
Tmem156,-0.4931695013262827,1.4119399524334417
Tmem158,-0.5676273826513446,-1.3098446710813962
Tmem159,0.3670030425948294,0.6330193068881371
Tmem160,1.0290006117872332,0.9539193518913471
Tmem161a,-0.472088536021424,0.14446727809948534
Tmem161b,0.5587408709122723,0.013517831721680196
Tmem163,1.9039056381558463,-3.2426378565039995
Tmem164,-0.7553558778095688,0.6749855924676105
Tmem165,1.2333520692932236,-0.7076858485030328
Tmem167,0.027194991875347796,-0.017875790444985995
Tmem167b,0.14826878398794108,0.31345585852590574
Tmem168,-0.2649237926387116,0.6400052078163334
Tmem169,-1.6193019106382618,-1.2833244230674348
Tmem17,0.4385909275272244,-0.12679440511002404
Tmem170,-0.7598628482289289,-0.16311940255509505
Tmem170b,-0.3986854624198237,0.3973876206119282
Tmem171,1.7043202438217633,-0.3541211497017165
Tmem173,-0.4634776869084849,0.8301856629806892
Tmem174,0.0,-0.8996370626697001
Tmem175,-0.39528976908323443,0.44144514740388985
Tmem176a,-0.29997880072228966,1.4279902417621173
Tmem176b,-0.354705694507933,1.13731678443383
Tmem177,0.019048386695029507,-0.09120246528414988
Tmem178,-0.7308817906451166,0.15645019916604674
Tmem178b,-0.6469825400404297,-0.6165518550772742
Tmem179,-0.8349219395962617,-0.392730095889549
Tmem179b,-0.17816539488203453,0.7999118991054921
Tmem18,-0.15906677972589733,-0.018653432495314703
Tmem181a,-0.38679056337933915,-0.13634015072309502
Tmem182,0.0,-1.0712860175626722
Tmem183a,-0.09465120937462856,0.17453574866013355
Tmem184a,-0.5332134239586028,-2.601434200419683
Tmem184b,-0.48478136478275147,0.7953731092132017
Tmem184c,-0.03155694704150491,-0.38817109631174596
Tmem185a,-0.21052188930101146,-0.17329934695430715
Tmem185b,-0.19779218872163895,0.7800191857414305
Tmem186,0.21010623890106928,-0.10271429147859656
Tmem189,0.19390139785261962,0.3207519567298167
Tmem19,-0.1917883492564343,0.4863729590881736
Tmem190,0.5460770418021937,-0.21283904559181435
Tmem191c,-0.8242211075477055,0.05914804854033129
Tmem192,0.6381067888083685,0.8133003216072083
Tmem196,-0.1458040699437788,-0.1862069972469893
Tmem198,-0.33464247950852766,-0.5375080864266515
Tmem198b,0.06171138647520635,0.2314786374549751
Tmem199,-0.15859448865935555,0.21450387417610095
Tmem200a,-0.5599516253089654,-0.01494696318053279
Tmem200b,0.9911657419364788,-1.277019392477757
Tmem200c,0.9521198751833388,-0.977706590505969
Tmem201,0.19554875528367965,0.15634348784653973
Tmem202,-0.022308663807908857,-0.2498784202661355
Tmem203,0.16930796136625226,0.4347131504262549
Tmem204,-0.06945347182371009,-0.4330872196348441
Tmem205,1.0804864315026848,-0.08882781037553933
Tmem207,0.0,0.0
Tmem208,0.3981161034157612,0.14354134596415768
Tmem209,0.21250156830160094,0.27261034560589437
Tmem210,0.0,0.0
Tmem211,-1.9893538655619993,0.0
Tmem212,0.0,0.0
Tmem213,0.20605062453400302,-0.10738679242245358
Tmem214,-0.20795616973832942,0.3876307420212921
Tmem215,-0.04228703282711699,-0.7141680056002091
Tmem216,0.518057174181668,-0.41832756417429984
Tmem217,0.5391806990360246,-0.8462923479226059
Tmem218,0.3836107993276059,-0.5495807043040184
Tmem219,0.19500417395275704,0.6498792800355968
Tmem220,0.43935674480787146,0.5652183253714371
Tmem221,-0.7132812016864811,1.9234864017168558
Tmem222,0.3330473702667742,-0.19326890079460313
Tmem223,0.25538378856577104,0.27203399870086464
Tmem225,0.0,0.0
Tmem229a,0.3995156438333334,0.3815794038185869
Tmem229b,-0.3371648307397397,0.16646355713590388
Tmem230,0.2577080425681597,-0.11684369330215105
Tmem231,-0.31050637476264953,-0.37548374829705367
Tmem232,-2.3988715358306854,-0.8572148141612432
Tmem233,0.0,-0.9809080661376626
Tmem234,-0.04371846064624485,0.4028817029625369
Tmem235,-0.7975094254756037,-0.4671826834340703
Tmem236,1.5823044729707094,-0.4699561562821717
Tmem237,0.3383470504136685,-0.3521383953053103
Tmem238,0.8160367850418933,0.036910866923411056
Tmem238l,0.0,0.0
Tmem239,0.0,0.0
Tmem240,0.14537537819935142,-1.7499099058071352
Tmem241,-0.21183541099642866,-0.07769129183088097
Tmem242,0.20004993272370797,-0.19537063587667447
Tmem243,0.36304089886633584,0.5296232528469389
Tmem245,0.08774307605873943,-0.7856680287321058
Tmem246,-0.3552623412569389,-0.6735674811329808
Tmem247,0.0,0.0
Tmem248,0.6289936696544345,-0.1803128381129433
Tmem249,0.0,0.0
Tmem25,-1.1349393471768998,-0.6409204633419723
Tmem250-ps,0.10760906866123499,0.5934075949464184
Tmem251,0.26681519791457653,0.18397700531332362
Tmem252,2.4445618770427116,0.1535811624141079
Tmem253,0.8952037111848814,-0.5636785973948047
Tmem254a,-0.31123409969323745,-1.412966493295376
Tmem254b,0.296358964827629,-0.3353540427236954
Tmem254c,-0.24382127401290887,-0.0037796159302114773
Tmem255a,-0.46757947467373384,-1.039869291199583
Tmem255b,-0.4444197356916826,-1.4220071344424206
Tmem256,0.2780235280011585,0.3693579864300869
Tmem258,0.2561085261557263,0.5804131175014025
Tmem259,0.61501670761076,-0.6005046141411201
Tmem26,-1.2133045808131744,-2.391912637755449
Tmem260,0.37612819636890293,0.018902392353380648
Tmem262,0.5553908421441962,0.41885634817140416
Tmem263,-0.0625034342104982,-0.16831605721008458
Tmem265,0.17030657798550308,1.0759976068992065
Tmem266,-0.4210362392649518,-0.09334703212104323
Tmem267,1.1061405277840999,-0.3677374739112107
Tmem268,-0.5800088866777813,0.9985345426319174
Tmem269,-1.0256862016278934,-2.6814191491094936
Tmem270,0.0,0.0
Tmem273,-0.2472225548168705,0.43123101010928444
Tmem274,-0.9458971607200157,-0.04046150428943207
Tmem28,-0.4554508246481639,-3.8496968832803105
Tmem29,-0.347361654984951,0.24349331522916984
Tmem30a,-0.2465113085761601,0.4771447593310363
Tmem30b,0.0,-1.5903422682265984
Tmem30c,2.3888295535934576,-1.3160822954683944
Tmem33,-0.25222478230270085,0.620890998410232
Tmem35a,-0.4064785160176321,-0.7112008096910287
Tmem35b,0.30167515080787055,0.5926143650200562
Tmem37,-0.24220486267387642,0.9269633991446753
Tmem38a,-0.1674859007427063,-0.6657023546471095
Tmem38b,0.1387080678124839,-0.019106564360068745
Tmem39a,-0.22651921805850606,-0.14671820667153668
Tmem39b,-0.08566759762223342,0.408991873692953
Tmem40,3.51874339139922,1.528062009818942
Tmem41a,-0.7152257045300772,0.5422513675791798
Tmem41b,-0.13904851492794634,0.26842366568235576
Tmem42,0.7020295318518706,-0.23095617400487534
Tmem43,-0.08608044494016376,0.35799506722256424
Tmem44,-1.8878038995947657,0.7204755588657576
Tmem45a,-1.7564783873427574,1.5592477069851003
Tmem45a2,0.6200651260325509,-0.5231910912048338
Tmem45b,-0.9092097608298529,0.4036263969624139
Tmem47,0.003020983469925298,-0.25930418850348147
Tmem50a,-0.06115102610515244,0.6652742155591955
Tmem50b,-0.46166147164692894,0.5413268702223881
Tmem51,0.5675405763992298,-0.36084812147396494
Tmem52,-0.7009299250541572,1.164757676551341
Tmem52b,-0.712696693397576,0.0
Tmem53,0.5765236561735456,-0.8497339145871647
Tmem54,0.0,0.0
Tmem56,0.8141423738896014,-1.994362144171613
Tmem59,-0.07076794554836496,0.2809767944651522
Tmem59l,-0.23344297180048557,-0.6861440024640384
Tmem60,0.24341857002040435,-0.15547134057804435
Tmem61,0.0,0.6249115530171168
Tmem62,0.045916131046341846,-0.0156374156223249
Tmem63a,-0.34146126158517376,1.1222955916061519
Tmem63b,-0.19611347551817637,-0.6443224048269958
Tmem63c,-1.2561119460077546,-0.3398314173401431
Tmem64,-0.002357852905124247,0.17929511652527008
Tmem65,0.6546961300669416,-0.48104959689308835
Tmem67,-0.43114635204782736,-0.044168843467094376
Tmem68,-0.16132083684638232,0.15490036711984878
Tmem69,-0.13642210882327888,-0.14581203680217847
Tmem70,0.14516492271509307,0.10143521711805548
Tmem71,0.06019241305628498,0.6510074045793628
Tmem72,0.0334301045372829,-0.322685040382396
Tmem74,-0.31913120981138743,-0.6728181067310866
Tmem74b,0.196939843429786,-1.4741363266807301
Tmem74bos,0.5686070150032286,-1.654669219868545
Tmem79,-0.6855601913537641,-0.5213628499352403
Tmem8,0.8875982840948566,-0.40374800415288536
Tmem80,0.33430325220922263,-0.1423679700126712
Tmem81,-0.20538543317637536,0.36090764922404794
Tmem82,-1.2968475020179238,1.2601259282584842
Tmem86a,-0.12477043360127382,0.7708471597567659
Tmem86b,0.5548221639969224,-0.22388487516123945
Tmem87a,0.46183450977723783,0.7435829357425288
Tmem87b,-0.08580484177128511,0.27506150540304475
Tmem88,0.8765610079365933,-0.7450488311533894
Tmem88b,0.6923154596690777,-1.0465654834110572
Tmem89,-1.1230577575161724,-1.4824687947789457
Tmem8b,0.671696639398836,0.6508083354694936
Tmem9,0.28566291724265014,-0.3407444699177855
Tmem91,0.20029776083456152,-0.20092189260209636
Tmem92,-0.9619330694423205,-0.8311930297020753
Tmem94,0.030914081695526008,-0.05786239060532239
Tmem95,0.01646624487734094,2.0483148987695183
Tmem97,0.03300583093274234,-0.03234551430891841
Tmem98,1.8131357963167805,-2.1684941103032482
Tmem9b,-0.14964476363912382,0.40422019910533
Tmf1,-0.020621224930788884,0.3559557780813556
Tmie,-0.9195409692848253,-0.9821377482476721
Tmigd1,-0.6403363007195108,0.0
Tmigd3,-0.016427119650120225,-0.7682061483873102
Tmod1,0.5019917995425249,-1.1735878007579368
Tmod2,-0.1335357437525886,-0.9117911821539959
Tmod3,-0.14094705681870145,0.3792467769967285
Tmod4,-0.07408806967308967,0.3616117552712176
Tmpo,0.3277844587379679,-0.04765692864785365
Tmppe,-0.33347138353106587,0.5200257268774386
Tmprss11a,0.5504472086972756,-0.9930676707566765
Tmprss11b,0.41077097395613626,-0.240916031116295
Tmprss11c,0.0,0.0
Tmprss11d,-1.3622537288260146,-0.7333962957667044
Tmprss11e,-0.6851414696017084,-2.5558102810711496
Tmprss11f,0.3209118426494907,-0.5120053434088991
Tmprss11g,1.1291216663614652,-0.49909227597429284
Tmprss12,0.0,0.0
Tmprss13,0.0,0.0
Tmprss15,-0.23690106472386616,0.0
Tmprss2,0.0,0.0
Tmprss3,0.0,0.0
Tmprss4,-1.7756851189357206,-1.2133626954336147
Tmprss5,1.7722529239740685,-0.35892951460875366
Tmprss6,0.9983506355705294,-0.345790212076149
Tmprss7,-2.2970434570813545,0.16302131626927696
Tmprss9,-1.61818988243649,-0.5637299065535832
Tmsb10,0.2972038305010969,0.2769765974754055
Tmsb15a,0.0,0.0
Tmsb15b1,0.2446193278085005,-1.0661163594546519
Tmsb15b2,0.21948130056449866,-1.7042079393978007
Tmsb4x,-0.6320393891800329,1.494193637657549
Tmtc1,-1.1925514383318303,-0.8255181758895125
Tmtc2,0.6104560252300013,-0.9151589074146216
Tmtc3,0.04091795687930677,-0.2418815413290787
Tmtc4,-0.47683406897228586,-0.19457559230696475
Tmub1,0.09429103297742358,-0.1295820115813573
Tmub2,-0.19019226551012558,0.13001128405922557
Tmx1,0.0019380423728829754,0.022134958165361596
Tmx2,-0.06251958350151554,-0.058332479778949065
Tmx3,-0.4254742798618878,0.7141462076427096
Tmx4,-0.5765665908692608,0.2656157257112408
Tnc,-1.6464201912071204,-0.6731404688860376
Tnf,0.8761069969142721,1.9554227789163559
Tnfaip1,0.014741404935763924,-0.014746165905648922
Tnfaip2,-0.6902879762315557,0.885483911097575
Tnfaip3,-0.18550985047168744,-0.15208516251928117
Tnfaip6,0.8291061781181908,-0.5511430470415086
Tnfaip8,-0.3188141738866932,1.0641803627198048
Tnfaip8l1,0.2513756754923815,0.22474552107287504
Tnfaip8l2,-0.6268886686407562,0.8970324635289124
Tnfaip8l3,-0.4118463276699116,1.7174813462867202
Tnfrsf10b,0.6765911798813793,-0.5242557868881814
Tnfrsf11a,-0.2226064760690889,0.38718716152817123
Tnfrsf11b,0.2924013111877346,-2.2561348069217155
Tnfrsf12a,1.603934290595907,-0.689873299290138
Tnfrsf13b,-0.909154143130106,1.698983094245877
Tnfrsf13c,-0.24763909313024168,-1.91228578105704
Tnfrsf14,0.004479215630650124,0.3747420555021659
Tnfrsf17,0.2796301432502526,0.20332082748705282
Tnfrsf18,0.15405908963383208,-0.43067512036637634
Tnfrsf19,0.377034956298413,-1.0484112131731829
Tnfrsf1a,-0.03699533580410552,0.7092254714902904
Tnfrsf1b,-0.3238076251865216,0.9795038756918846
Tnfrsf21,-0.45937502297803867,1.5170393128257764
Tnfrsf22,0.14271250864132679,0.9132551953990777
Tnfrsf23,-0.19481355486122176,0.5692526316836481
Tnfrsf25,-0.9121296181882574,-1.5827951801464342
Tnfrsf26,1.2064325068479613,1.324704819153335
Tnfrsf4,1.793591736747799,-1.0079734906557318
Tnfrsf8,1.1555214921751844,-2.690797024821234
Tnfrsf9,-1.3057777870447769,-1.2285453290826025
Tnfsf10,0.11411536959890878,-0.7693369829364567
Tnfsf11,-0.3493402176101932,0.0
Tnfsf12,0.5714162787519843,-0.14172872382377033
Tnfsf13,1.3786125865470238,-0.5506813552535368
Tnfsf13b,0.08442942001817855,1.0696369312595468
Tnfsf14,-0.6574138509771549,1.3319560666970223
Tnfsf15,0.5636374491960636,-1.2062259234358366
Tnfsf18,-0.884704444936901,-0.612341350525226
Tnfsf4,0.23452371786357948,0.0
Tnfsf8,0.856433235691747,1.0959690455928595
Tnfsf9,-0.22826572829581426,0.2705070500376179
Tnik,-0.09267257204907864,-0.660256062138961
Tnip1,-0.4844978459470113,0.2577412889651196
Tnip2,0.06181717020900024,0.3754842038842501
Tnip3,-1.6558791761148028,1.0529051125266817
Tnk1,-0.18112390349395313,0.6620533047393083
Tnk2,0.6615366304171282,-0.9458297953211918
Tnks,-0.4069440458801328,-0.7612830747959087
Tnks1bp1,-0.9307432596577367,0.48296394820427047
Tnks2,0.3456563229572911,-0.5547568770644862
Tnmd,-0.9150516438938909,0.0
Tnn,0.23956468343679047,0.0
Tnnc1,0.7016907132575976,-1.953105204098367
Tnnc2,0.8362058561735692,0.0
Tnni1,1.2039913389142463,-1.7573457733632853
Tnni2,-0.6120704696101633,1.274416981269928
Tnni3,-0.4982438400338509,0.6820267966582447
Tnni3k,-0.22082010532603893,0.0
Tnnt1,1.0806855971226303,-0.27575135977003207
Tnnt2,2.7010467383817627,-2.0666479012893597
Tnnt3,0.5023767763013405,-0.6355754596684677
Tnp1,-0.2154087266458899,-0.5676495915515485
Tnp2,0.0,0.0
Tnpo1,-0.02927938943953734,0.429497130481991
Tnpo2,-0.19042100068439893,0.2695026544776393
Tnpo3,-0.25338059621619635,0.03184803203563824
Tnr,-1.149101905549486,-1.2247421602212274
Tnrc18,0.01187462379477644,0.09340188857645693
Tnrc6a,0.6903913196772091,-0.5404618378637434
Tnrc6b,0.30038265592981794,-0.7642421485378481
Tnrc6c,0.05635091483095067,-0.8773696455249773
Tns1,-0.46458003074224763,0.8028852086691565
Tns2,0.6116851957780254,-1.5649091336646679
Tns3,-0.3716046807108224,0.4025715900253459
Tns4,-0.483097900866456,1.5171243892251063
Tnxb,0.42432860093919,-1.9976105916798286
Tob1,0.9575671823460947,-1.1612997591392444
Tob2,-0.017159251104839512,-0.16478491166526688
Toe1,0.25376085985458374,0.5361617163039902
Togaram1,0.024545782387708215,-0.12430816623479934
Togaram2,2.232657462187877,-2.2106973014838402
Tollip,-0.45607618466424604,-0.01301928081020165
Tom1,-0.13213739700498017,0.221778380415925
Tom1l1,0.05381221202401143,-0.2898655250634903
Tom1l2,-0.46116138154538255,-0.5911229110430956
Tomm20,-0.06630247566380731,0.13470813844682894
Tomm20l,0.13724856277760866,-1.0261525342544544
Tomm22,0.1804421300632182,0.024165667982558148
Tomm34,-0.041599292063086324,0.39992068725488394
Tomm40,0.5765099174887585,0.7392009361936207
Tomm40l,0.06005806023387272,-0.27129564073521983
Tomm5,0.2506302939747904,0.4787308499323828
Tomm6,0.28752653760984437,0.3377128060825427
Tomm7,0.5666127632338842,0.4626735961985613
Tomm70a,0.27141536873580563,0.2872088482761104
Tomt,0.6548228127104685,-0.10899098825774978
Tonsl,0.16761923217139252,0.7141113249464395
Top1,0.051879741576593474,0.03334781480877247
Top1mt,-0.1053222978967785,-0.0869187374753757
Top2a,0.1200140149172908,0.4722517040173546
Top2b,-0.22920540946631007,-0.7715749916027352
Top3a,-0.3302428282307499,0.7912192359233376
Top3b,-0.0793164425729529,-0.03292011748992074
Topaz1,-0.22915837926285726,0.0
Topbp1,0.3497032041814627,-0.49513535369926487
Topors,-0.08308367163745523,0.209212089402401
Toporsl,-0.23690106472386616,0.0
Tor1a,-0.08102491093964659,0.36217231494689806
Tor1aip1,-0.15630236463595182,0.5650887923812746
Tor1aip2,-0.17405093129154814,0.19600403912873254
Tor1b,-0.30376904532597315,0.340716216090982
Tor2a,-0.022846826958923927,0.38943751123372117
Tor3a,0.1257371606164881,0.9451923069197523
Tor4a,-0.1923044216012233,0.7244535055578432
Tox,0.28017908901274957,-0.3982635619224162
Tox2,-0.3763990648109896,-0.48829528044303316
Tox3,0.2213262229283357,-1.2609899582791266
Tox4,-0.06770092855421161,0.5446139228112727
Tpbg,1.1781939003160664,-0.018134126747463064
Tpbgl,0.6574471227997343,0.19717952625138224
Tpbpa,0.0,0.0
Tpbpb,0.0,0.0
Tpcn1,0.16272473591472725,-0.03732297287169217
Tpcn2,-0.3361403056730641,1.200842917233933
Tpd52,0.09776415070552957,0.027643289250665504
Tpd52l1,-0.35907090059316715,-1.912246186342331
Tpd52l2,-0.27817040626288936,0.29193226339236134
Tpgs1,0.10274921381864566,-0.037043209976244995
Tpgs2,-0.04962464166740865,-0.15330674631906938
Tph1,-0.38200526450657213,-2.203969611120021
Tph2,0.8385066439045818,-3.8674627888814928
Tpi1,-0.0370019686191192,-0.3674459368055878
Tpk1,-0.10980561151808033,0.11565733434794367
Tpm1,-0.10091800942740115,-0.014475346386847221
Tpm2,-0.623617685675149,0.8417584849573023
Tpm3,-0.2060614619425838,0.9036369749607811
Tpm3-rs7,-0.11741101780598928,1.4775673612881386
Tpm4,-0.33923984228643356,0.9776582835843097
Tpmt,0.39910650131729764,-0.8587680853632573
Tpo,0.31393157061896915,-2.310679413978984
Tpp1,-0.436282551608425,0.661757378565607
Tpp2,-0.27289178449168006,0.132129781335367
Tppp,-1.1858344652341302,0.07349417265777625
Tppp2,0.0,0.0
Tppp3,1.2501050934261286,-1.2727885749121697
Tpr,0.21894892350194084,0.4250224216077019
Tpra1,-0.29086665363254305,0.2569298010341168
Tprg,0.0,0.06558184426766916
Tprgl,0.1770730735651398,-0.2737129830424756
Tprkb,0.4615137940270877,-0.6698314444292404
Tprn,0.6681917902563939,0.6975491361548416
Tpsab1,0.0,-0.34915265822807906
Tpsb2,-0.7028167604573852,0.0
Tpsg1,-0.15119631768518316,-1.0067409869486539
Tpst1,0.45186338198383336,0.9352554122749588
Tpst2,-0.3884732461856686,0.796687739233807
Tpt1,0.17628185593536116,0.5892233712199282
Tpte,0.0,-0.3886351608734172
Tpx2,-0.12399400214802991,-1.240417911974041
Tra2a,0.2589019414698708,-0.2595996167581269
Tra2b,-0.06268155432064759,0.31900105196618966
Trabd,-0.4552439347376893,0.4893955112814492
Trabd2b,3.5963355955903644,-0.37033173211202575
Trac,-0.36501150434277996,-0.18846977555190847
Tradd,-0.34571933507571195,0.6193807349849356
Traf1,-0.20447708830567013,0.6878192157868739
Traf2,0.1672459563599471,0.4306833120143043
Traf3,-0.021385591544161642,0.18052184811366345
Traf3ip1,0.0948437584279409,-0.9898320735731296
Traf3ip2,0.4045434757869675,-1.2185153816597687
Traf3ip3,-0.2544772875819383,0.37116609142672985
Traf4,-0.4663104899942667,-1.8085151244540336
Traf5,0.02219246998068769,0.23528094261986077
Traf6,-0.47807710266199166,0.4657085180393796
Traf7,-0.16665857465733147,-0.05119876915575716
Trafd1,-0.0823156190099521,0.11170425920832372
Traip,-0.037022953284098215,-0.8952342843985974
Traj1,0.0,0.0
Traj11,0.0,0.0
Traj12,0.0,0.0
Traj13,0.0,0.0
Traj14,0.0,0.0
Traj15,0.0,0.0
Traj16,0.0,0.0
Traj17,0.0,0.0
Traj18,0.0,0.0
Traj19,0.0,0.0
Traj2,0.0,0.0
Traj20,0.0,0.0
Traj21,0.0,0.0
Traj22,0.0,0.0
Traj23,0.0,0.0
Traj24,0.0,0.0
Traj25,0.0,0.0
Traj26,0.0,0.0
Traj27,0.0,0.0
Traj28,0.0,0.0
Traj29,0.0,0.0
Traj3,0.0,0.0
Traj30,0.0,0.0
Traj31,0.0,0.0
Traj32,0.0,0.0
Traj33,0.0,0.0
Traj34,0.0,0.0
Traj35,0.0,0.0
Traj36,0.0,0.0
Traj37,0.0,0.0
Traj38,0.0,0.0
Traj39,0.0,0.0
Traj4,0.0,0.0
Traj40,0.0,0.0
Traj41,0.0,0.0
Traj42,0.0,0.0
Traj43,0.0,0.0
Traj44,0.0,0.0
Traj45,0.0,0.0
Traj46,0.0,0.0
Traj47,0.0,0.0
Traj48,0.0,0.0
Traj49,0.0,0.0
Traj5,0.0,0.0
Traj50,0.0,0.0
Traj51,0.0,0.0
Traj52,0.0,0.0
Traj53,0.0,0.0
Traj54,0.0,0.0
Traj55,0.0,0.0
Traj56,0.0,0.0
Traj57,0.0,0.0
Traj58,0.0,0.0
Traj59,0.0,0.0
Traj6,0.0,0.0
Traj60,0.0,0.0
Traj61,0.0,0.0
Traj7,0.0,0.0
Traj8,0.0,0.0
Traj9,0.0,0.0
Trak1,-0.2934212297923242,-0.5422185177111025
Trak2,-0.15626566952004062,-0.3598801240074909
Tram1,-0.10473919463115777,1.1583563849918566
Tram1l1,-0.4383916079213108,-0.2567561441784072
Tram2,-0.30892191376018907,0.319576536683555
Trank1,-0.7136053751928433,-0.5036400197076052
Trap1,-0.20246321954312663,0.07985308182742479
Trap1a,0.0,0.25082299571856037
Trappc1,0.17078515376423908,0.3519996235367788
Trappc10,0.18304275013895577,-0.03845828204891877
Trappc11,-0.3433517102093404,0.15083529868067558
Trappc12,-0.2953534338301491,-0.0464799338744033
Trappc13,-0.17478405463296376,0.06561361044574454
Trappc2,-0.004503693852205615,0.0011116527227112982
Trappc2l,-0.010069998442924444,0.18335797887106686
Trappc3,-0.06091250225384215,0.03428751778932515
Trappc3l,0.0,0.0
Trappc4,0.3857253165336214,0.21179661704120178
Trappc5,0.011865725901724744,-0.24653375508332687
Trappc6a,-0.33309864981507964,0.04102482947267916
Trappc6b,-0.031727829136396934,0.133664938521866
Trappc8,-0.09972210226711553,-0.8033520606758984
Trappc9,-0.30037286709120714,-0.08757554311730686
Trarg1,0.7138098965024406,-2.8172836039747056
Trat1,0.27714469358829774,-0.4454080229111783
Trav1,0.0,-0.2152727868316063
Trav10,0.0,0.0
Trav10d,0.0,-0.21283904559181435
Trav10n,0.0,-0.5819922927158527
Trav11,0.0,0.0
Trav11d,0.0,0.0
Trav11n,0.0,0.0
Trav12-1,0.0,0.0
Trav12-2,0.23452371786357948,-0.2218593794753994
Trav12-3,0.0,0.0
Trav12-4,0.0,0.0
Trav12d-3,0.0,0.2517475928686984
Trav12n-1,0.0,0.0
Trav12n-2,0.2667182082057698,0.0
Trav12n-3,0.0,0.0
Trav13-1,0.0,0.0
Trav13-2,0.0,-0.4571500352960306
Trav13-3,0.0,0.0
Trav13-4-dv7,0.0,1.6314572826598632
Trav13d-1,-0.23690106472386616,0.0
Trav13d-2,0.0,0.0
Trav13d-3,0.0,0.0
Trav13d-4,0.0,0.0
Trav13n-1,0.0,0.0
Trav13n-3,0.0,0.0
Trav13n-4,0.0,0.0
Trav14-1,-0.2154087266458899,-0.21283904559181435
Trav14-2,0.0,0.0
Trav14-3,0.0,0.0
Trav14d-2,0.0,-0.5980407018310337
Trav14d-3-dv8,-0.2154087266458899,0.07312195808818145
Trav14n-1,0.0,-0.18157870674035864
Trav14n-3,-0.22915837926285726,0.0
Trav15-1-dv6-1,0.0,0.0
Trav15-2-dv6-2,0.0,0.0
Trav15-3,0.0,0.0
Trav15d-1-dv6d-1,0.0,0.0
Trav15d-2-dv6d-2,0.0,0.0
Trav15d-3,0.0,0.0
Trav15n-1,0.0,0.0
Trav15n-3,0.0,0.0
Trav16,0.0,0.0
Trav16d-dv11,0.0,0.0
Trav16n,-0.2154087266458899,-0.4595837765358225
Trav17,0.0,0.0
Trav18,0.0,0.0
Trav19,0.22888442284205604,0.0
Trav2,0.0,0.0
Trav20,0.0,0.0
Trav21-dv12,0.0,-0.4569204579033296
Trav22,0.0,0.0
Trav23,0.0,0.0
Trav3-1,0.0,0.0
Trav3-2,0.0,0.0
Trav3-3,-0.22915837926285726,0.0
Trav3-4,0.0,0.0
Trav3d-3,0.0,-0.6822181036319194
Trav3n-2,0.0,0.0
Trav4-1,-0.22082010532603893,0.0
Trav4-2,0.0,0.0
Trav4-3,0.0,0.0
Trav4-4-dv10,0.0,0.0
Trav4d-2,0.0,0.0
Trav4d-4,0.0,0.0
Trav4n-3,0.0,0.0
Trav5-1,0.0,0.0
Trav5-2,0.0,0.0
Trav5-4,-0.008016641881810116,0.0
Trav5d-3,0.0,0.0
Trav5d-4,0.23956468343679047,-0.6014742064652315
Trav5n-2,0.0,0.0
Trav5n-3,0.0,0.0
Trav6-1,0.0,0.0
Trav6-2,0.0,0.0
Trav6-3,-0.23690106472386616,0.0
Trav6-4,0.0,0.0
Trav6-5,0.2667182082057698,-0.5619917038198934
Trav6-6,0.0,0.0
Trav6-7-dv9,0.0,-0.21283904559181435
Trav6d-3,0.0,0.0
Trav6d-4,0.0,0.0
Trav6d-5,-0.22082010532603893,0.0
Trav6d-7,-0.3786674845885971,0.0
Trav6n-5,0.0,0.0
Trav6n-6,0.0,0.0
Trav7-1,-0.23690106472386616,0.0
Trav7-2,-0.22915837926285726,0.2517475928686984
Trav7-3,0.0,0.0
Trav7-4,0.2667182082057698,0.0
Trav7-5,0.0,0.0
Trav7-6,0.0,0.0
Trav7d-2,0.0,0.0
Trav7d-3,0.0,0.0
Trav7d-4,0.0,0.0
Trav7n-4,0.0,0.0
Trav7n-5,0.0,0.0
Trav7n-6,0.0,0.0
Trav8-1,0.0,0.0
Trav8-2,0.0,-0.21283904559181435
Trav8d-1,0.0,0.0
Trav8d-2,0.0,-0.24431098970421622
Trav8n-2,0.0,0.0
Trav9-1,0.0,0.0
Trav9-2,0.0,0.0
Trav9-4,-0.23690106472386616,-0.2152727868316063
Trav9d-1,0.0,-0.2218593794753994
Trav9d-3,0.0,0.0
Trav9d-4,-0.22082010532603893,0.0
Trav9n-1,0.0,-0.2152727868316063
Trav9n-2,0.0,0.0
Trav9n-4,0.0,-0.6355754596684677
Trbc1,-0.20109772399131787,-0.7373490246678105
Trbc2,0.10705684244910385,0.3799897776996981
Trbd1,0.0,0.0
Trbd2,0.0,0.0
Trbj1-1,0.0,0.0
Trbj1-2,0.0,0.0
Trbj1-3,0.0,0.0
Trbj1-4,0.0,0.0
Trbj1-5,0.0,0.0
Trbj1-6,0.0,0.0
Trbj1-7,0.0,0.0
Trbj2-1,0.0,0.0
Trbj2-2,0.0,0.0
Trbj2-3,0.0,0.0
Trbj2-4,0.0,0.0
Trbj2-5,0.0,0.0
Trbj2-6,0.0,0.0
Trbj2-7,0.0,0.0
Trbv1,-0.22915837926285726,-0.21283904559181435
Trbv10,0.0,0.0
Trbv11,0.0,0.0
Trbv12-1,0.23452371786357948,-0.2152727868316063
Trbv12-2,0.05130948155987991,0.0
Trbv12-3,0.0,0.0
Trbv13-1,0.0,0.0
Trbv13-2,-0.2154087266458899,0.2517475928686984
Trbv13-3,0.0,0.03890854727688406
Trbv14,-0.5862412823340594,0.0
Trbv15,0.0,-0.24431098970421622
Trbv16,0.7301263489114053,-0.21283904559181435
Trbv17,-0.44456710590874715,-0.21283904559181435
Trbv18,0.0,0.0
Trbv19,0.05130948155987991,0.7612917431210808
Trbv2,0.0,0.008947079074562714
Trbv20,0.23452371786357948,-0.345790212076149
Trbv21,0.0,0.0
Trbv22,0.0,0.0
Trbv23,0.0,0.0
Trbv24,0.0,-0.4595837765358225
Trbv25,0.0,0.0
Trbv26,0.23956468343679047,0.0
Trbv27,0.0,0.0
Trbv28,0.0,0.0
Trbv29,0.0,0.0
Trbv3,0.3550740799580585,-0.17485376364464172
Trbv30,0.0,0.0
Trbv31,-0.23690106472386616,0.0
Trbv4,-0.7093271487371906,-0.2218593794753994
Trbv5,0.0,-0.5635754345389962
Trbv6,0.0,0.0
Trbv7,0.0,0.0
Trbv8,0.0,0.0
Trbv9,0.0,0.0
Trcg1,-0.6653365874662673,0.3463834956762064
Trdc,1.16872369693824,-0.39721554791535074
Trdd1,0.0,0.0
Trdj1,0.0,0.0
Trdj2,0.0,0.0
Trdmt1,0.0872795405680602,0.19110259087071846
Trdn,0.0,0.0
Trdv1,-0.2980656025300318,0.0
Trdv2-1,0.0,0.0
Trdv2-2,-0.2154087266458899,0.0
Trdv3,0.0,0.0
Trdv4,0.0,0.0
Trdv5,0.0,-0.2152727868316063
Treh,0.0,0.0
Trem1,2.2170262294466077,-1.1819341661851994
Trem2,-0.36664512377747016,1.1083440929431916
Trem3,0.2710255176397909,0.8781792474525946
Treml1,-1.2173178751582807,1.1388412961620147
Treml2,-0.17251494324218797,1.1726313031908404
Treml4,-3.0303860890638425,0.7877562125705628
Trex1,0.32478297018382385,0.933563396240265
Trex2,0.0,0.0
Trf,-0.42966410274063627,0.2144005432875442
Trgj1,0.0,0.0
Trgj2,0.0,0.0
Trgj3,0.0,0.0
Trgj4,0.0,0.0
Trgv2,0.0,0.0
Trh,0.0,-0.2218593794753994
Trhde,-0.9758799997120029,-0.6221047032642604
Trhr,-2.4756751100432757,-1.952236483646848
Trhr2,0.5553908421441962,0.0
Triap1,-0.008325617905837746,0.7092271180803333
Trib1,0.2011709181149346,0.8048304180560599
Trib2,-0.4488342533954768,-0.8109897129912209
Trib3,1.0002996225306795,-1.266593839190798
Tril,1.4269769466843885,0.2784434307175845
Trim10,-2.2048600790207846,1.1920800946334162
Trim11,-0.3041281062043417,-0.16871054569812394
Trim12a,0.13877917209080337,0.8640541536482509
Trim12c,-0.08349405556285738,1.832334327643089
Trim13,0.07340613479141389,0.33735899296849325
Trim14,-0.2116082605547307,1.2081989662248507
Trim15,-0.6957744280376281,-1.7154540830182938
Trim16,0.8532685886052436,-2.9165280055978227
Trim17,0.107779089500883,-3.320878527753253
Trim2,0.3240189909693534,-0.7870428406775289
Trim21,0.220008824129156,0.7985431903559359
Trim23,-0.3933705552855713,0.16525169023313424
Trim24,0.2243014206292706,-0.3783298317260666
Trim25,0.9706183866119318,0.6187229136480159
Trim26,-0.4264552672931625,0.13310807080612008
Trim27,-0.04067735102753467,0.6477089945256935
Trim28,0.6769166582507378,-0.1668718321147633
Trim29,0.47652920703648416,-2.285398635753874
Trim3,0.437707083561266,-0.32552378230466594
Trim30a,0.2369971221628262,0.9169005093876645
Trim30b,-0.778951310060517,0.26628237238103925
Trim30c,1.1991832755473366,-0.020905479638865465
Trim30d,0.33111590474169716,0.8029308584945127
Trim31,0.0,0.0
Trim32,-0.8069830990648938,0.07611574725319947
Trim33,-0.3564424161850095,0.07923346936026832
Trim34a,0.19547290108294924,0.6884579201456678
Trim34b,0.5589329079357392,1.403422470575771
Trim35,-0.5751764323498083,0.40778942068289226
Trim36,0.2007170507177083,1.0042620000055216
Trim37,-0.4164401148884629,-0.04964526619125742
Trim38,1.8510441191291482,0.30463158784809874
Trim39,-0.3405508266520165,-0.2203740796159277
Trim40,0.2667182082057698,-0.5980407018310337
Trim41,0.20798512879671094,0.18872864258587718
Trim42,0.0,-0.5713360304052288
Trim43a,2.3616239706509137,-0.867460490017474
Trim43b,1.494864749838329,-1.488010708614944
Trim43c,1.3633044961427307,-0.6036539587474055
Trim44,0.03865902647776842,-0.2020327488097724
Trim45,-0.18806881777093132,-0.3014350366455165
Trim46,-0.13006867961835855,-2.936116384273917
Trim47,-0.3973212052719006,0.11616139435347606
Trim5,-0.09929882859713857,1.3092514940593567
Trim50,-1.807918001973086,0.0
Trim52,1.1042502025643546,0.1805502657977125
Trim54,0.0,0.0
Trim55,-3.5600279686921503,1.9927480923976537
Trim56,-0.14102470962239977,1.185181578243725
Trim58,-0.7974223993500658,-1.5860199398960044
Trim59,0.2460236309404924,-0.3143961572590319
Trim6,0.646693460583168,-0.17474524718447437
Trim60,0.008064317516017105,-0.5863532064420514
Trim61,-0.6062764851447853,0.0
Trim62,-0.057912650918818365,0.1463299349817273
Trim63,-1.6054205431304256,-0.18173477514834735
Trim65,-0.45527151796030907,1.1727472898420235
Trim66,-0.42975839092128965,-0.39710367618532594
Trim67,0.11133421449855163,-0.2016768080068747
Trim68,-0.22431250703197403,-0.15233815100438264
Trim69,0.0,-0.6400851675862522
Trim7,1.370150448901061,-2.6088517803584157
Trim71,0.24768901118786557,-2.1589953912962
Trim72,-0.32839145015656446,0.10580761708579622
Trim75,1.0116136226704333,-0.732811693330417
Trim8,0.22697445561040475,0.16366376352225842
Trim80,-0.13837563718840984,0.0
Trim9,-0.4027721770420154,-0.5104845940207134
Triml1,1.6636318873310156,-0.7604206953897976
Triml2,-0.17916238722465117,-0.4569204579033296
Trio,0.08032942349860583,-0.4735232537881906
Triobp,-0.15281431276979163,0.5250183910067623
Trip10,0.16167533270462187,-0.09677180458472812
Trip11,-0.028746467513991902,0.0800465785843123
Trip12,-0.25733951625786133,0.24779354280791566
Trip13,-0.31760997058505325,0.8180325224843807
Trip4,-0.2195551436996599,-0.005879746491894267
Trip6,0.08355242991650158,-0.3313483691209944
Triqk,0.39525857564548517,-0.6013106790676854
Trir,0.005746764135885485,0.10426082338533504
Trit1,-0.46466280667573123,0.6027678902554463
Trmo,0.10212825426923278,0.44738264905346803
Trmt1,-0.43747636216112795,-0.20794589217840453
Trmt10a,-0.2815270920091457,-0.09533452458718372
Trmt10b,-0.26742675434887886,0.1253238807899999
Trmt10c,0.1777893418643739,0.6144393134001334
Trmt11,0.320550405582944,-0.17529894941316826
Trmt112,0.17079588551042235,0.350457246130949
Trmt12,-0.22213218092212195,-0.010697214138550848
Trmt13,0.2236766816642337,-0.046939239649862685
Trmt1l,-0.05623405526952041,0.05874985812779876
Trmt2a,0.03971512343876071,0.2718989775758356
Trmt2b,-0.26928443827496906,0.2973925110808011
Trmt44,-0.40344100269791383,-0.21986081663131074
Trmt5,-1.030623949899434,-0.12232903837737474
Trmt6,-0.02362289351773228,0.4748596837437624
Trmt61a,0.5048088650359492,0.7156509963947233
Trmt9b,-0.7281292460928492,-0.6291634350175856
Trmu,-0.44071633868936644,-0.4471479129936391
Trnau1ap,0.31849746834129355,0.2806003340831804
Trnp1,2.2776455239958953,-1.462308092273533
Trnt1,-0.43171405596946677,0.14579001824530913
Tro,-1.1747403356455237,-0.4649322564517817
Troap,0.2979010719722739,-0.9212316619946197
Trp53,-0.1762896053604699,0.5366184989128442
Trp53bp1,-0.41645157261705457,-0.011623266571866964
Trp53bp2,-0.539877224540696,0.4083574771087761
Trp53i11,-0.24675946237310242,0.7105558714921969
Trp53i13,0.0036186588153874766,-0.049455050499604525
Trp53inp1,-0.37456224583168307,0.10144250497364915
Trp53inp2,-0.566888600049694,-0.2766250453925956
Trp53rka,0.35879429985662536,0.6900071718496186
Trp53rkb,1.213292682928183,0.052864872608011204
Trp53tg5,0.23370761654685823,1.928283545357353
Trp63,-1.5638365894488988,-1.2659110329003496
Trp73,-1.2906866503828998,0.2118999740494234
Trpa1,0.0,0.0
Trpc1,0.7937286200386273,-1.4857467143035192
Trpc3,-0.4329787131831164,-1.1263208000650158
Trpc4,-0.8289215759882893,-0.1560785071523707
Trpc4ap,-0.1419428275406247,0.861302204976484
Trpc5,-2.048076052202615,-0.3405049114641221
Trpc5os,0.0,0.0
Trpc6,-0.8240715041995692,-1.759181521212125
Trpc7,0.43676482636295066,-3.2932463236754215
Trpd52l3,0.0,0.0
Trpm1,0.594445688704047,-1.0262279032347035
Trpm2,0.6866905778859209,1.0519138186371357
Trpm3,0.3828264616155348,-0.8022119753702803
Trpm4,-0.5856206356647338,0.9347455703390626
Trpm5,-0.8963537436210691,1.5751522031532068
Trpm6,2.184013184803931,-2.7974069179957954
Trpm7,-0.2484395230301093,0.043318014096277224
Trpm8,-2.1794885485557747,-1.1714383014606242
Trps1,0.17051137446462938,-0.4327807744732759
Trpt1,0.8416018707131965,-0.6707341669438049
Trpv1,1.67956186844849,-0.6822181036319194
Trpv2,-0.37840671352772404,0.8294390568141807
Trpv3,0.0,-0.5980407018310337
Trpv4,0.0047963241150252856,0.5107746390864207
Trpv5,0.0,0.0
Trpv6,-0.09483057337135792,-1.8321095775906877
Trrap,-0.3620519646334568,-0.42987623839443145
Trub1,-0.12763744603708638,0.24409785100733394
Trub2,0.24481164727713534,-0.38391675750885845
Try10,0.0,0.0
Try4,2.41912309518422,0.0
Try5,0.0,0.0
Tsacc,-0.05294132910379368,0.745173274659324
Tsc1,-0.1811891628681952,-0.4238413416758142
Tsc2,-0.2322288782189741,-0.08525922031232902
Tsc22d1,-0.09566636206228551,-0.8943818352864081
Tsc22d2,0.3452740670090577,0.06239215301325096
Tsc22d3,-0.13911634138750983,0.3576249076184137
Tsc22d4,0.38269369870153014,0.1686853136475186
Tsen15,0.6380332087839928,0.3480133615197687
Tsen2,-0.12304787057139954,-0.22241929341570454
Tsen34,-0.2708769002535725,0.3158883068360314
Tsen54,-0.3701160491837916,0.512135797676831
Tsfm,0.22618009361368863,0.18874175223338163
Tsg101,-0.1043848437310757,-0.2549782470380162
Tsga10,-0.28503654402750733,0.364620375452537
Tsga10ip,-0.5737578137661474,-3.044239094477193
Tsga13,0.0,0.0
Tsga8,0.0,0.0
Tshb,0.8298089769045528,0.0
Tshr,-1.2851366019550685,-3.4514991968902047
Tshz1,0.1383516508472482,-0.5782017669224189
Tshz2,-0.016201003220334798,-0.6324062517590319
Tshz3,0.18280200450785422,-1.8155835433355794
Tsks,0.23916091571305964,-1.25322356663546
Tsku,-0.6439716635334749,-0.27363378766121915
Tslp,-0.8207926670574208,-1.5364204639657073
Tsn,-0.055809906472466864,0.17308467103187652
Tsnax,-0.2324977852682224,0.2860885073582988
Tsnaxip1,-0.45191210597197706,-3.8447946218412667
Tspan1,-0.3351752806594748,-1.394504312289851
Tspan10,-0.6456687388659965,-2.770601656279842
Tspan11,-2.744239939580565,-0.8047784862598695
Tspan12,-1.0272761273989204,0.10330082413931052
Tspan13,-0.2164972087448156,0.12627284630619506
Tspan14,-0.1950393055041424,0.7510446551156935
Tspan15,1.18391332517146,-0.7604897191966593
Tspan17,0.6354984521970852,-0.5510011245466124
Tspan18,0.045144662266066504,0.5385418575098146
Tspan2,-1.549766272442235,-1.7014894529613818
Tspan3,-0.30801781619709345,-0.22088606444791914
Tspan31,0.12807991251139583,0.34522871443370917
Tspan32,-0.07998568569803766,1.4052673716878736
Tspan33,0.2888670441745562,-0.4165036703928022
Tspan4,-0.002203951342586663,0.5530504949463655
Tspan5,-0.17058344876261522,-1.2174571324552588
Tspan6,0.27198253021485463,-0.584491882759087
Tspan7,-0.26097365209480117,-0.3801095111169648
Tspan8,-0.525557431277484,0.3981966440821747
Tspan9,-1.0974438038565975,-0.18975880956533508
Tspear,0.06410542215669579,-1.8722215841979986
Tspo,0.07164081031183755,1.2925553844448174
Tspo2,0.9817498949538215,0.5012337905116021
Tspoap1,-0.5572855522074516,-0.7653799564108024
Tspyl1,-0.17762143911608774,0.12201812936296719
Tspyl2,-0.42427441203875027,-0.463330365958738
Tspyl3,-0.42090370405403377,0.25418802143824415
Tspyl4,-0.6934753459816658,-0.5031972222430277
Tspyl5,-0.037859661440210246,-0.780737853000617
Tsr1,-0.20365928501274055,0.34557879972918926
Tsr2,0.3674262306842859,-0.41340122522784384
Tsr3,0.22973757223578772,-0.15831995244251296
Tssc4,0.2239843621892632,-0.12657418777669704
Tssk1,-0.0038982798586778555,-0.4571500352960306
Tssk2,-0.9007646129054878,-0.8248902033194456
Tssk3,0.307666156936824,-1.823528154550519
Tssk4,-1.4380041318308254,-0.04584059138845431
Tssk5,0.23452371786357948,0.0
Tssk6,0.21515118045869963,-0.3277919066006376
Tst,1.7973284519337964,-0.9519292530164174
Tsta3,0.41671510592696137,-0.20178759457940743
Tstd1,-1.4932971594753224,0.8950478742628452
Tstd2,-0.5057271910116636,0.2452915027376985
Tstd3,-0.4293894737820576,0.4031950283581569
Tsx,0.41468517919821446,-0.7040000002171629
Ttbk1,0.06118349381086219,-0.36074770496111075
Ttbk2,-0.4282487686448633,-0.2990018209472076
Ttc1,0.3073779537508212,-0.03791821233182624
Ttc12,0.3530605875006607,0.28453319480362715
Ttc13,-0.3786046478664904,0.8864255004257622
Ttc14,0.24880865033107114,0.1087003177377106
Ttc16,1.0405659807378402,-2.203422298213307
Ttc17,-0.4307400467493636,-0.06350050904211635
Ttc19,1.0342920124419903,-1.1536052242509074
Ttc21a,-1.44534329931765,-1.6410062831330134
Ttc21b,-0.5647405554272797,-0.0059401559465772635
Ttc22,1.2325746061785483,-1.7113711851489244
Ttc23,0.8102300468960779,-1.0505312790569734
Ttc23l,0.23928193701470335,0.0
Ttc24,0.0,0.0
Ttc25,0.49614920734132983,0.19923408171797163
Ttc26,-0.511779708295176,-1.050863092614006
Ttc27,0.09224487000396309,-0.07978955935298337
Ttc28,-0.3563382681451852,0.1771633813937541
Ttc29,0.0,0.0
Ttc3,-0.2625030547056397,-0.4178746622395053
Ttc30a1,-0.023013367158645437,-0.23529824689341083
Ttc30a2,-2.5076065906266343,0.5166433115185276
Ttc30b,-0.4169407048793481,-0.4491400724285963
Ttc32,0.3929656902809002,0.4469966139995387
Ttc33,-0.02204994019679596,0.06468497184383182
Ttc34,-1.186140093861055,-2.6646426928096076
Ttc36,0.7285553373273541,-1.2530875301889126
Ttc37,-0.4009227392393626,-0.12748768501450947
Ttc38,-0.6750763030040456,0.12950400328674583
Ttc39a,0.8580309057128681,-1.2131575513449802
Ttc39b,-0.08930822513259962,0.5887547839034752
Ttc39c,0.4515509780407987,-1.344028412129168
Ttc39d,-0.44536880558536307,-2.596608989950907
Ttc4,-0.2092657758907066,-0.29161451096157975
Ttc41,0.6486194683461957,0.34512571911821865
Ttc5,-0.24616794950415155,0.30027459860618677
Ttc6,0.0,0.0
Ttc7,-0.17905551195138436,1.2676977796039743
Ttc7b,-0.33613771595685904,-1.113899073161953
Ttc8,-0.17773791351021195,-0.9111570061471319
Ttc9,0.012089605218763566,-0.8252580816421835
Ttc9b,-0.9904810243609821,-0.4192379619990181
Ttc9c,-0.12393426136746832,0.15138831410169828
Ttf1,-0.40507280128698575,-0.12939927899910408
Ttf2,-0.14962171821664505,0.974393017107781
Tti1,-0.39446476852495316,0.2798656750024726
Tti2,-0.026196527689364757,0.06629695328461338
Ttk,-2.506179061686046,-0.5389355644028213
Ttl,0.3551647864568981,-0.5682497217863238
Ttll1,0.003114216422154925,-0.35939930929873753
Ttll10,0.3822586798994121,0.0
Ttll11,2.3022511230155427,-1.3323168200362803
Ttll12,-0.0496027586132719,0.2831115486656568
Ttll13,0.45228991471347424,-1.5975420462907008
Ttll2,0.4457283388535284,-1.5884847110921734
Ttll3,0.23473028772526483,-1.0066798375731736
Ttll4,0.45316305486658237,-0.5653978654054264
Ttll5,0.13207082676905024,-0.3327180410736208
Ttll6,0.0,0.0
Ttll7,0.09356751344311398,-0.29414629070072884
Ttll8,0.49560263104782587,-0.40166138989491507
Ttll9,-1.62992620036617,0.6548651832517036
Ttn,2.3771456444367933,-3.6580013296510874
Ttpa,-0.2754441421374757,-2.1782548041734286
Ttpal,-0.5443256029915737,0.49439971402614624
Ttr,0.5389982360720067,-3.4917387713903736
Ttyh1,0.44569801929231545,-0.6364016435050246
Ttyh2,-0.296667890894728,-0.1231101491055906
Ttyh3,-0.582856304090952,0.3238389658671359
Tub,-0.10270634325521222,-1.2776269271984813
Tuba1a,-0.15590024425460314,-0.5293245882996569
Tuba1b,0.11835329963178864,-0.0011633509208994752
Tuba1c,0.21309429612935737,1.1116488294468105
Tuba3a,1.1658867542942803,-0.44656908196376366
Tuba3b,0.22888442284205604,-1.5195473787396678
Tuba4a,0.0398635273924377,-0.5783814016022557
Tuba8,-0.09157705928999427,-0.12918259578184177
Tubal3,-0.3567848041086102,-0.7653448745380669
Tubb1,-2.0775411424464423,0.0
Tubb2a,-0.790803086036254,-0.17047511515606217
Tubb2b,0.08171705915182059,-0.138229899198004
Tubb3,0.005955286677931326,-0.894913645042136
Tubb4a,-0.9078479853687131,-0.38491880156713876
Tubb4b,0.53357073456724,-0.37771730914295887
Tubb5,0.3047966903535375,0.03478391270171599
Tubb6,0.7335345550029242,0.9175723719250843
Tubd1,-0.5270861582603326,0.00873930541628365
Tube1,-0.10356433689662659,-0.6626092493081366
Tubg1,0.21000846239341442,-0.3996121939681352
Tubg2,-0.6855734372838818,-0.9278903428084728
Tubgcp2,-0.2378695145160794,0.10421349681599068
Tubgcp3,-0.23545683533153294,-0.0789581932692478
Tubgcp4,-0.3000680597059411,-0.26354777783776484
Tubgcp5,-0.5698732630694217,0.401939810782709
Tubgcp6,-0.0543980025477655,0.007360304187685074
Tufm,-0.013370216506263688,0.02089041083170784
Tuft1,0.18131605175369003,-0.45790250618760275
Tug1,-0.292683178509316,0.292722581762904
Tulp1,0.4802592351089263,-0.9948082843365516
Tulp2,-1.1623892742578854,-0.9729880255994403
Tulp3,1.1463577495712594,-0.4371979374408026
Tulp4,0.21376937208262703,0.09412401662528858
Tunar,-1.2235657856240234,-0.8145803812218659
Tusc1,1.0533193819843845,-0.43368418377039797
Tusc2,0.6362919370427722,0.09099918173075494
Tusc3,-0.07625380464112297,-0.38384911141018563
Tut1,0.19975276062602632,0.19983136675748803
Tut4,0.8513003614489421,-0.9732599965404445
Tut7,-0.4229587815695286,0.7215065793715691
Tvp23a,0.08199304972059096,-0.7572390383470164
Tvp23b,0.17769240718465795,0.18065088963651732
Twf1,-0.14889728558693172,0.588864394926027
Twf2,-0.3540756571101724,0.9695813734619882
Twist1,1.029506789162151,0.0
Twist2,0.0,-0.34915265822807906
Twistnb,0.13323880822400191,0.3796170526186238
Twnk,0.20181107609868754,-0.029716253580552632
Twsg1,0.2846644443816775,-0.24692759845769352
Txk,-1.121701610895149,0.9457430461789329
Txlna,-0.5322140994765778,0.3272658789032832
Txlnb,-0.7820687930918018,1.4877258219683087
Txlng,-0.3152492922088328,-0.20353715133689754
Txn1,0.3702636673429698,0.3023465982818685
Txn2,0.3657413786402586,-0.17647732977562747
Txndc11,0.32662782646599453,0.2984026745096422
Txndc12,0.019777611676108364,0.432234748249245
Txndc15,-0.045571872072473596,0.05892382109202288
Txndc16,-0.19041099111510462,0.1190454027681973
Txndc17,0.14160064621914792,0.805488143624693
Txndc2,0.8959988064525524,-0.6355754596684677
Txndc5,0.4823805003173156,0.311034460062503
Txndc8,0.0,0.0
Txndc9,0.1084058223537614,0.2109009571275049
Txnip,-0.04131701178397229,0.8692856988117139
Txnl1,-0.0677480184475936,0.3313034902550971
Txnl4a,-0.22101221417135264,0.17152274293127334
Txnl4b,-0.21902300235427496,0.05122613337131732
Txnrd1,-0.3263730045079054,0.5028805067619562
Txnrd2,-0.05621702869017042,0.27291710930303026
Txnrd3,0.5943263410297872,-0.09670733592814695
Tyk2,-0.21588603443285947,0.7184337801725569
Tyms,0.4240177152492315,0.7832100712550947
Tyr,0.6015854400432641,-1.2709619712025475
Tyro3,0.7192712589027019,-1.9039241334320405
Tyrobp,-0.48043813776021516,1.337819732981302
Tyrp1,-0.3579721993166203,-2.28602016547429
Tysnd1,0.9201009324740417,0.01027678786919406
Tyw1,-0.06175173333326889,0.2724733632269807
Tyw3,0.4531519227404175,-0.22244395385797588
Tyw5,-0.4655586614710101,0.0051916650341716775
U2af1,0.18661464025191954,0.3861853057461193
U2af1l4,0.42528135909941156,0.02050141876086542
U2af2,0.06983005089610472,0.27180394064379776
U2surp,0.3985636934633927,-0.18753963333170454
Uaca,-1.2657097703536717,-1.413044275886671
Uap1,-0.017222326111305364,-0.28685926413934837
Uap1l1,0.24088877917101748,1.9862248666595814
Uba1,-0.29939367673236994,0.12531664697053202
Uba1y,0.6828057118345736,-0.3749032157791379
Uba2,-0.1881558736717608,0.2603470367634557
Uba3,0.19473143390609948,-0.09788913185061965
Uba5,-0.2291675702679843,0.26961036041269004
Uba52,-0.10932173819416313,1.2146959106820194
Uba6,-0.34025104152259544,0.18848794397250934
Uba7,-0.3111416905109543,0.8292315845519997
Ubac1,-0.03791354882190667,-0.20762747689130734
Ubac2,-0.12132877149701571,0.33937770603355766
Ubald1,0.04707513878587122,-0.02961682589727843
Ubald2,-0.06850259956583038,0.36218239496998095
Ubap1,-0.253934963874606,0.07253155289948587
Ubap1l,1.2081926026927192,-1.1293689135023701
Ubap2,-0.17210237325271827,-0.06164600133764253
Ubap2l,-0.2518103721220051,0.2836221054107888
Ubash3a,1.269439768740766,-1.3178842903594785
Ubash3b,-0.827010519511651,1.5109307693189198
Ubb,-0.016652194236243645,-0.06222159400275373
Ubc,-0.2053247950474386,0.48654544777438247
Ubd,0.0,0.0
Ube2a,0.012907779982111123,0.24913110824205553
Ube2b,-0.05990371990073129,0.2533046437535198
Ube2c,0.5183596009401876,0.9098515157949008
Ube2cbp,0.01234115961765081,-2.411432832436663
Ube2d1,-0.20452347116647562,0.6865880203036703
Ube2d2a,-0.15251821934122667,0.29306864088313134
Ube2d2b,-1.9350566849780448,-0.8615230688812499
Ube2d3,-0.07683609075695941,0.5373897831191599
Ube2dnl1,0.0,0.0
Ube2dnl2,0.0,0.0
Ube2e1,0.04970842455438351,0.27600477209552743
Ube2e2,-0.12051814467971589,-0.769126429948515
Ube2e3,-0.24196198241320843,-0.2897235804856173
Ube2f,-0.12407300732830784,0.33441422740603244
Ube2g1,-0.44317395858284314,0.5038605362944395
Ube2g2,-0.09123982859926727,0.45144351452587195
Ube2h,-0.30876858310861266,0.16233301607767459
Ube2i,-0.1671935584375035,0.4539157468597317
Ube2j1,-0.43471089615466063,0.9731893524276085
Ube2j2,0.1620781868933321,0.007217525169563643
Ube2k,0.010223932590305296,0.08958911701911276
Ube2l3,-0.12773710258627702,0.5687945376866548
Ube2l6,0.5271002744101239,0.8488205895606207
Ube2m,0.911080775533752,-0.12442416802521006
Ube2n,0.06551073278947683,0.20810633587707095
Ube2o,-0.3997095323337039,-0.7530485162657037
Ube2q1,0.43235649511851104,-0.062044401426546436
Ube2q2,-0.1501183243668489,0.4765638679571662
Ube2ql1,1.1751186989454814,-1.2892990573431193
Ube2r2,-0.15788079693199641,0.109073952261598
Ube2s,-0.1245368884402609,0.5276743782049387
Ube2t,1.0342672306186538,0.31623362074785977
Ube2u,1.0232350444212466,0.0
Ube2v1,-0.05544303574035325,-0.005548957593596526
Ube2v2,0.21054361154835277,-0.034346790460386245
Ube2w,0.015824801112630738,-0.07447095072097909
Ube2z,0.5287047006695662,-0.40727672091969325
Ube3a,0.40090212714298623,0.09556764967241094
Ube3b,-0.2575954141154071,0.5175353904022071
Ube3c,0.5366871353371394,-0.7807465250369159
Ube4a,-0.2878679570504552,0.2506886275090725
Ube4b,-0.19194838037489426,-0.475380290661116
Ubfd1,-0.11393073593528946,0.36746534995267055
Ubiad1,-0.16793155808435678,-0.40113603470193837
Ubl3,-0.13655170624790713,0.1902855179737859
Ubl4a,-0.1773366890912822,-0.1668620951396136
Ubl4b,0.0,0.0
Ubl5,0.31500343387066465,0.13953484649513292
Ubl7,-0.18896729954377633,-0.10199095749069542
Ublcp1,-0.1314123995201335,0.020945646394784134
Ubn1,-0.48113064002069095,0.25357179092055304
Ubn2,0.7790738238217187,-1.1042005570410325
Ubox5,-0.17227372646308758,-0.007741044748046377
Ubp1,0.035620224572012305,-0.44510328753397843
Ubqln1,0.2250082584765547,-0.4906170082494956
Ubqln2,1.1883043743702064,-1.2680688464806584
Ubqln3,0.0,0.0
Ubqln4,-0.017072782911146334,-0.015342243582599835
Ubqln5,0.0,0.0
Ubqlnl,0.0,0.0
Ubr1,-0.20204702534320518,-0.1376399260131631
Ubr2,0.1677369924921397,0.0047972397584388204
Ubr3,-0.3081266228919599,0.08272199576395955
Ubr4,-0.10209869570383745,0.11619053054935691
Ubr5,-0.17636986942864752,-0.5472609928186518
Ubr7,-0.010184372334345326,-0.12877194792547542
Ubtd1,0.04599671821403817,-0.17265486376382988
Ubtd2,0.15149743598820997,1.2576635738593627
Ubtf,-0.30100769201989763,0.06901051158386551
Ubtfl1,-0.22915837926285726,0.0
Ubxn1,-0.055640756595719765,0.12621272874523015
Ubxn10,0.03664040812661451,0.7070922239061899
Ubxn11,0.13645752783001974,-1.1385477655388456
Ubxn2a,0.30428531618766996,-0.15916454623624965
Ubxn2b,-0.241544178730285,-0.027840930922783613
Ubxn4,0.31507199681177056,-0.06707956594154041
Ubxn6,-0.28531481667656955,0.07534480237785246
Ubxn7,0.09914192286527879,0.22664160411805057
Ubxn8,0.1268957066706573,0.3631456030575606
Uchl1,0.046345203931574375,-0.3999060749867347
Uchl3,0.19546062063126968,0.033342000971408936
Uchl4,0.2853378710251322,-1.201617686407598
Uchl5,0.7878134074932905,-0.5466625667568952
Uck1,-0.15827915642376844,-0.008345900075301671
Uck2,-0.6228722949581895,0.5792438969420974
Uckl1,0.009951684513266557,-0.7236905717521633
Ucma,-1.076456265140222,1.134314183521563
Ucn,0.3345707368181573,0.0
Ucn2,0.5355109802814852,-1.5289913823667427
Ucn3,0.0,0.0
Ucp1,-0.3493402176101932,-0.35820978814101395
Ucp2,-0.6908709370447124,1.105604053136176
Ucp3,0.5809969035052691,-0.2731412546136629
Uevld,-0.5968751539622552,0.6614041844386733
Ufc1,-0.055928676643135944,0.13904216782306378
Ufd1,-0.14532953635460188,0.0050385880274586015
Ufl1,-0.1458173533562963,-0.20077848875138748
Ufm1,-0.1552333415976026,0.8224838331672917
Ufsp1,0.04904269264909278,-0.19634637557904178
Ufsp2,-0.07098517332368459,-0.15353255625883122
Ugcg,0.38436709156946947,-0.9002894460724331
Ugdh,-0.29459439892861283,0.09726946041038076
Uggt1,-0.3942874353410719,-0.00874873153135347
Uggt2,-0.32824910731678436,0.33377157727826656
Ugp2,-0.10650615886452819,0.5264725501919827
Ugt1a1,-3.6638497850926597,-0.779793876669344
Ugt1a10,0.0,0.8748923503311227
Ugt1a2,2.4113643420563795,-0.8375090679103296
Ugt1a5,0.0,1.2034242588497621
Ugt1a6a,1.2079863737944283,-0.15216291496661416
Ugt1a6b,-1.1188442676151673,-0.003944344428764124
Ugt1a7c,-0.5810267283213175,1.3002929529054867
Ugt1a8,1.6522157721962212,0.0
Ugt1a9,0.0,-0.7235137641554098
Ugt2a1,0.0,0.0
Ugt2a2,0.0,0.0
Ugt2a3,0.0,0.0
Ugt2b1,0.0,0.0
Ugt2b34,0.0,0.0
Ugt2b35,0.0,0.0
Ugt2b36,0.0,0.0
Ugt2b37,0.6286768292044441,0.0
Ugt2b38,0.0,0.0
Ugt2b5,0.0,0.0
Ugt3a1,1.2413950716695372,-0.08031482410950463
Ugt3a2,-1.3514776724432616,0.8429274364053372
Ugt8a,-1.1870660310100296,0.919331585067145
Uhmk1,-0.015649697769042348,-0.42303775559884826
Uhrf1,-0.028969184841304063,0.3176499985665071
Uhrf1bp1,-0.4303294526756165,0.6935621961585685
Uhrf1bp1l,0.22789550223565413,-0.2653748981792745
Uhrf2,0.14880459313051553,0.20386875239712232
Uimc1,-0.26050400961882936,-0.2943869471393601
Ulbp1,-0.27535604071469866,0.1997538501874141
Ulk1,-0.38321086129241166,-0.8896117312849174
Ulk2,-0.7144974448644508,0.012793284154456686
Ulk3,-0.3791279579141307,-0.7221936821841801
Ulk4,-0.1762386149471098,-0.24869181352466718
Umad1,-0.14307694526641335,0.15200580933618468
Umod,0.0,0.0
Umodl1,-0.22159150262971394,-1.3517340275947802
Umps,-0.27854387369704625,0.4485963039360712
Unc119,0.8798626143985668,-0.592194594758304
Unc119b,-0.2123875319399442,0.18657599021830862
Unc13a,-0.6716369004190064,0.016782317570452676
Unc13b,-0.4987303738040918,-1.068986944780356
Unc13c,-0.6921116752429786,-0.8622960057360896
Unc13d,0.43336082895583417,-0.05537402729210328
Unc45a,-0.10129023052092023,-0.45548983691970335
Unc45b,0.9114614529517657,-1.205518251406396
Unc50,0.0588363675368182,0.19482776741364738
Unc5a,0.33486878371378914,-1.1220478331092396
Unc5b,1.1442149989984065,-0.7065712324131574
Unc5c,-0.5624362033758636,-1.2320240412068628
Unc5cl,-0.7913950053279057,2.0732549871335726
Unc5d,-1.0309375783857417,-0.5864926397474672
Unc79,-0.36264427209490435,-0.5988814614440088
Unc80,0.804144246272358,-1.639917567274539
Unc93a,-0.16520515087738386,-0.4569204579033296
Unc93a2,0.5460770418021937,-0.7978213512241148
Unc93b1,-0.3278176104671555,1.0448235218234263
Uncx,0.23452371786357948,0.0
Ung,0.8033754414796759,0.7018438330496704
Unk,-0.21088740123926364,-0.1309899086969395
Unkl,0.050861647506804886,-0.3152576048951783
Uox,0.0,0.0
Upb1,0.1989563958661167,-0.4563427254808845
Upf1,1.122873203515729,-0.015137883276352682
Upf2,0.2637103071015723,-0.31878603992852206
Upf3a,0.19192033324219615,-0.20317053693835163
Upf3b,0.5710058612191986,-0.7838175400440921
Upk1a,-0.22840492304437077,-0.9384400757172351
Upk1b,0.46194309429414737,0.32591031279518035
Upk2,0.0,0.0
Upk3a,0.0,0.0
Upk3b,-0.599487589914636,-2.3334400806940416
Upk3bl,2.065215667737888,-2.808704475936592
Upp1,4.665344770331427,-2.6383623659977546
Upp2,-0.9633043953777758,-0.32694738169776016
Uprt,0.9461499727189988,0.8241048085976042
Uqcc1,0.03816618893405277,0.1342412653034959
Uqcc2,0.604427564388331,-0.08172730069619583
Uqcc3,0.7178901058163678,-0.35909061558634114
Uqcr10,0.4577724488313226,0.044845121285197465
Uqcr11,0.48623680565157024,0.10741545546918196
Uqcrb,0.5213281587042538,-0.20216049300052497
Uqcrc1,-0.02311084721669765,0.036197074166773646
Uqcrc2,-0.09829520591615726,-0.15027323097981515
Uqcrfs1,-0.03311404944186869,0.23826309575630944
Uqcrh,0.4664107521917309,0.03931568627076665
Uqcrq,0.5572845234804493,0.14229055444573468
Urad,0.0,0.0
Urah,1.8113872655332381,-0.8676773333891701
Urb1,0.3220934429787139,0.4084985284922986
Urb2,0.1771785472032743,-0.04343916224643429
Urgcp,-0.36613281741755443,-0.22450341245055938
Uri1,0.25767324201851327,-0.5818907463517817
Urm1,-0.0430697123674042,-0.025603912113004945
Uroc1,0.8021280605895426,0.0
Urod,0.06777811056335459,-0.0744834520446016
Uros,0.204447354552876,-0.07024126599052316
Usb1,-0.19455937921370214,0.2540388563806584
Use1,-0.13176826217496007,0.07258441074327138
Usf1,-0.5295527296996099,0.3970449549175541
Usf2,-0.23815817250988403,-0.173771747519055
Usf3,-0.24264072310326767,-0.914078135989854
Ush1c,1.6155504353207173,-0.7653448745380669
Ush1g,0.25959250296019487,-4.329771477738547
Ush2a,0.41297948018160646,-1.1533244367346747
Ushbp1,1.0906676966225426,-2.179445830895979
Uso1,-0.05470912710644882,0.138828105238181
Usp1,0.3945909982881748,-0.233341289839462
Usp10,-0.13833930290587837,-0.023255538538789366
Usp11,-0.5537161838394411,-0.12722621096341058
Usp12,-0.09336412209841605,-0.22611652429445783
Usp13,-1.0826361645692888,-0.5988400957672315
Usp14,-0.2801189895555183,0.12498465603489528
Usp15,-0.140097054115623,0.24891624415720237
Usp16,0.24397086482890984,-0.11474052326549611
Usp17la,1.252452774300054,-0.4989955954371017
Usp17lb,0.0,0.0
Usp17lc,-0.23690106472386616,-0.4522524073484645
Usp17ld,0.0,0.0
Usp17le,0.0,0.0
Usp18,1.1287385510316774,0.8995121922664868
Usp19,-0.34439863964464656,-0.010953567645707096
Usp2,0.02158447626932336,-0.007984075064213059
Usp20,-0.2691092044595429,-0.29917194225953736
Usp21,-0.434067027915372,-0.04682192059858359
Usp22,-0.017604940837591343,0.5509688826179762
Usp24,-0.3647809995747302,0.2916617985423855
Usp25,0.47499242241406137,0.2100298493640107
Usp26,0.0,-0.9660295184001143
Usp27x,1.022688693518623,-1.2678023332704393
Usp28,-0.1331572315698928,-0.328707374515421
Usp29,-0.10756739769191981,-0.5528913233682715
Usp3,-0.07501014763480995,0.5923487166755717
Usp30,0.2613324309393832,0.013445743402359156
Usp31,-0.7632186213844809,-0.27946660514295996
Usp32,-0.043313786292323186,-0.877559910053737
Usp33,-0.429779697797521,-0.09352303942905493
Usp34,0.24064852736826836,-0.546394247377405
Usp35,-0.8823967113923352,0.01389895951927489
Usp36,0.02140626753886643,0.4165786598047454
Usp37,-0.2055330133395561,-0.5382170255642063
Usp38,-0.22081218703835148,0.226367076454018
Usp39,0.12890355224283745,1.0207789111474845
Usp4,-0.21066541623544133,0.10475624549717288
Usp40,-0.012370992153616811,-0.17162549414027062
Usp42,-0.31261311032679195,-0.30616952191171976
Usp43,0.15602151401602593,-3.1942400490579996
Usp44,0.17956723693502785,0.28643906955864035
Usp45,-0.31752908978563177,0.9596953954205567
Usp46,-0.7095247603246282,0.10830456785134501
Usp47,-0.4183585796617013,-0.007812676382535244
Usp48,-0.28202373758740507,0.4243384432328643
Usp49,-0.29882603975788324,-1.15468109778078
Usp5,-0.40889989238186075,0.12899008834272152
Usp50,0.8596969525631959,-0.27643852035211314
Usp51,0.2544534764422437,-2.1883787848351015
Usp53,-0.13667058125678722,-0.6704042828443306
Usp54,-0.6061505954843014,-0.5422538457883856
Usp6nl,-0.12825576123832683,-0.5827253139917286
Usp7,0.33456822462296465,-0.3136461446440748
Usp8,-0.46050850754725303,0.7671975558938513
Usp9x,-0.43966464384133985,0.37188645662352293
Usp9y,0.0,0.0
Uspl1,-0.14299244248497445,-0.34012242094313194
Ust,0.7089635839595783,-0.18586418348790978
Utf1,0.0,0.0
Utp11,-0.017636462148434617,0.3420432173019101
Utp14a,-0.057872501126141174,0.4688656466068899
Utp14b,0.24389535136449858,0.022301924908664006
Utp15,0.0038984374331842986,0.4423238752705405
Utp18,-0.16336851513798312,1.1199696902450116
Utp20,-0.37069711645106906,-0.29283616280430635
Utp23,0.11355721954175202,0.4665202326125968
Utp25,-0.5684981663206425,-0.3218983590254654
Utp3,0.2703506083706788,0.12028841474267793
Utp4,-0.0256725975969907,0.568714814900618
Utp6,0.006844517805500772,0.017096167379461846
Utrn,-0.020083821780266575,-0.5493095546696978
Uts2,-1.0181728491028257,1.5890687227954343
Uts2b,-0.5962074996852326,0.0
Uts2r,-4.1094789642798215,4.887891154136379
Uty,1.1785626603294705,-3.4243605113325497
Uvrag,0.4129138483826065,0.39298159860166315
Uvssa,-0.0035686764275020266,-0.24785293530999475
Uxs1,0.16375994068831545,0.776933032384898
Uxt,0.853144088803794,0.23461297409137138
V1ra8,0.15080670680671338,-0.14036001944341958
V1rd19,0.0,0.0
Vac14,-0.3104317653422122,0.9021709276861358
Vamp1,0.4622549580703321,-0.35134847162692573
Vamp2,-0.020448504733735717,0.2133294339224765
Vamp3,-0.16850200136275184,0.7769797014244464
Vamp4,-0.28532992171929905,-0.02137305584886562
Vamp5,0.5979035008916815,0.6023567833067727
Vamp8,-0.07678568765867588,0.6978003170904667
Vamp9,-1.8097061028238492,-0.8851273795474381
Vangl1,1.3469623214162705,0.09271360278614615
Vangl2,-0.6398993390536472,0.2887366856275566
Vapa,0.31445268105018087,0.4455761878845479
Vapb,0.06007292392606445,-0.7462362947857661
Vars,-0.4900720091117474,0.7891299552845439
Vars2,-0.06711149728635135,-0.013991322814096208
Vash1,0.03851222954153943,-0.35733857604906216
Vash2,-1.2385559372548656,-0.3368975692239218
Vasn,-0.05718179026860426,-1.9901057568537457
Vasp,-0.4495929993182166,1.225079459105844
Vat1,0.12383677230549406,0.3476259670605426
Vat1l,-0.16041021939476607,-0.37172483838674175
Vav1,-0.4369680962522935,1.0912676380160349
Vav2,-1.1497439222624681,0.5547989805490765
Vav3,0.3701235751539915,-0.6073191274388225
Vax1,-0.5859431833714674,0.0
Vax2,0.597204659605401,-0.8540417943963288
Vbp1,0.09242804687939454,-0.11223450486763653
Vcam1,0.7011096339802361,0.03431016500289985
Vcan,1.4611423114429893,-1.2928462905650218
Vcl,-0.23357610334771906,-0.263399507267847
Vcp,-0.3243451454550872,0.17524458951821487
Vcpip1,-0.24035574938548798,0.3463068436402654
Vcpkmt,0.6059215248768721,0.40797423031308
Vdac1,-0.2799359256924774,0.1094191781944236
Vdac2,-0.04905467307890632,0.2487221583696595
Vdac3,-0.12218093275764197,0.0801746003114836
Vdr,0.7914570436187827,-0.7550080560566523
Vegfa,0.13548215326320356,-0.9047414744206339
Vegfb,0.20244521300850593,-0.8515713722816907
Vegfc,-0.05227064237599821,-1.7658159200812111
Vegfd,-0.8123291023977002,-2.6082091575132544
Veph1,0.7523246880558347,1.6654208235002166
Vezf1,0.3020870073990807,-0.2785477679030812
Vezt,-0.6524485257942558,-0.328356436261636
Vgf,0.42618132651558316,0.08759633682146717
Vgll1,0.0,0.0
Vgll2,0.0,0.0
Vgll3,-0.6068404256730395,-3.9034975023496257
Vgll4,0.03530646002207227,0.40047982797976545
Vhl,-0.30390750413117473,0.5780600795106885
Vil1,0.7599930692122303,-2.409489563418927
Vill,0.5355799954484057,0.7317253194318631
Vim,1.992878841051894,-0.2860705919997084
Vinac1,-0.9472568586543995,-2.6920284990525465
Vip,-0.3791239283781138,-3.180500123802596
Vipas39,-0.23929566538909341,0.21826799025524224
Vipr1,-0.9131377421461435,1.0658273347942178
Vipr2,-0.46129501747579305,-0.764825376261852
Virma,-0.16335291474154623,0.042439190412103756
Vit,2.8985746101455283,-1.422086288039603
Vkorc1,-0.011421448237413756,0.9372678587616221
Vkorc1l1,-0.2930068407448285,0.029407665450984055
Vldlr,0.2353263277920341,-1.1905529583453802
Vma21,-0.2063798106699224,0.013175003510804473
Vmac,0.08416039988525803,-0.03984079721796974
Vmn1r1,1.1378394074456133,-0.763902680042869
Vmn1r10,0.0,0.0
Vmn1r100,0.0,0.0
Vmn1r101,0.0,0.0
Vmn1r103,0.0,0.0
Vmn1r104,0.0,0.0
Vmn1r107,0.0,0.0
Vmn1r11,0.0,0.0
Vmn1r111,0.0,0.0
Vmn1r112,0.0,0.0
Vmn1r113,0.0,0.0
Vmn1r114,0.0,0.0
Vmn1r115,0.0,0.0
Vmn1r116,0.23452371786357948,0.0
Vmn1r117,0.0,0.0
Vmn1r118,0.0,-0.8009263929073845
Vmn1r119,0.0,0.0
Vmn1r12,1.1672817055107245,-0.27718344379485416
Vmn1r120,0.0,0.0
Vmn1r121,0.0,0.0
Vmn1r122,0.0,0.0
Vmn1r123,0.22888442284205604,0.0
Vmn1r124,0.0,0.0
Vmn1r125,0.0,0.0
Vmn1r126,0.0,0.0
Vmn1r127,-0.23690106472386616,0.0
Vmn1r128,0.0,0.0
Vmn1r129,0.0,0.0
Vmn1r13,-0.07661305902347237,-0.9583921441341872
Vmn1r130,0.5636374491960636,-0.2152727868316063
Vmn1r131,0.0,0.0
Vmn1r132,0.0,0.0
Vmn1r135,0.0,0.0
Vmn1r139,0.0,0.0
Vmn1r14,0.0,-0.2152727868316063
Vmn1r142,0.0,0.0
Vmn1r143,0.0,0.0
Vmn1r149,0.0,0.0
Vmn1r15,0.5597806543397343,0.5863080361803563
Vmn1r151,0.4678442022770503,0.0
Vmn1r152,0.0,0.0
Vmn1r157,0.0,0.0
Vmn1r158,0.0,0.0
Vmn1r159,0.0,-0.21283904559181435
Vmn1r16,1.1864242246852674,-1.498119506951828
Vmn1r160,0.0,0.0
Vmn1r167,0.0,0.0
Vmn1r168,1.3883561134372513,-0.7203787217040794
Vmn1r169,0.0,0.0
Vmn1r17,0.0,0.0
Vmn1r170,0.0,0.0
Vmn1r171,0.0,-0.2152727868316063
Vmn1r172,0.0,-0.21283904559181435
Vmn1r173,-0.2154087266458899,-0.2152727868316063
Vmn1r174,0.0,0.0
Vmn1r175,0.0,0.0
Vmn1r176,0.0,0.0
Vmn1r177,0.0,0.0
Vmn1r178,0.0,0.0
Vmn1r179,0.6363926939173353,-0.32445658642504516
Vmn1r18,0.6368088204139859,-0.7586495913969893
Vmn1r180,-0.2551287589596192,-1.8307957120442184
Vmn1r181,0.0,0.0
Vmn1r183,0.4595209169156975,-0.5014754637082275
Vmn1r184,1.033012553012611,0.3993986929941128
Vmn1r185,1.2870392990291881,0.0
Vmn1r188,1.1661421678347446,-0.21283904559181435
Vmn1r189,0.0,0.0
Vmn1r19,0.0,0.0
Vmn1r191,-0.6212567547207444,-1.2505376532767531
Vmn1r192,0.2667182082057698,0.0
Vmn1r193,0.7075156163755669,0.39733753613432565
Vmn1r194,0.0,0.0
Vmn1r195,0.0,0.0
Vmn1r196,1.0019651462026664,-0.2218593794753994
Vmn1r197,0.48269651981469863,-0.19011874624779423
Vmn1r198,1.1339575565249125,-0.3882766318090667
Vmn1r199,0.23956468343679047,0.0
Vmn1r2,0.0,0.0
Vmn1r20,-0.2700812619412307,-0.12758425937791573
Vmn1r200,0.23452371786357948,-0.2218593794753994
Vmn1r201,0.6834183316680846,-1.1064910528091403
Vmn1r202,0.25486706080290045,-0.341075728179586
Vmn1r203,0.35230503772729715,-0.7017514978289263
Vmn1r204,0.0,0.0
Vmn1r205,0.0,0.0
Vmn1r206,0.3930536166528338,-0.5778364691088536
Vmn1r207-ps,0.548651699966979,-0.6053542859520391
Vmn1r208,-0.2977008795219205,-0.7380484826508926
Vmn1r209,1.234738501177084,-0.5727268367581289
Vmn1r21,-0.9431949913560461,-1.5808711113819889
Vmn1r210,0.0,0.0
Vmn1r211,0.0,-0.21283904559181435
Vmn1r212,0.0,0.0
Vmn1r213,0.9507843074093589,-1.0517718740314006
Vmn1r214,1.1819671720228229,-0.8240800580963334
Vmn1r215,0.7947445793213745,-0.7664523794366422
Vmn1r216,0.0,0.0
Vmn1r217,0.0,0.5082984490340398
Vmn1r218,0.722453094877066,-0.6400834602688308
Vmn1r219,0.4183636864206829,0.0
Vmn1r22,-0.6403363007195108,-0.6822181036319194
Vmn1r220,0.26700811115112444,-0.7152605603204103
Vmn1r221,1.021722434996402,-0.923732563349575
Vmn1r222,0.0,0.0
Vmn1r223,0.0,0.0
Vmn1r224,1.0680019956112379,0.18683997882893166
Vmn1r225,0.0,0.0
Vmn1r226,0.0,-0.34915265822807906
Vmn1r227,0.8388120299730399,-0.48519118558256746
Vmn1r228,-0.6347905733638739,-1.3309749820833283
Vmn1r229,0.6789750809033528,-0.5384345400021378
Vmn1r23,0.0,0.0
Vmn1r230,0.0,0.0
Vmn1r231,0.0,0.0
Vmn1r232,0.0,0.0
Vmn1r233,0.12950904051654177,0.3151562492113342
Vmn1r234,0.14348586890681658,-0.9202014919609074
Vmn1r235,0.0,0.0
Vmn1r236,0.9845306507557092,-0.7257540758312873
Vmn1r237,0.0,0.0
Vmn1r238,0.0,0.0
Vmn1r239-ps,0.0,0.0
Vmn1r24,0.0,0.25082299571856037
Vmn1r25,0.0,0.0
Vmn1r26,0.7703177612143373,-0.6123129994988865
Vmn1r27,0.0,0.0
Vmn1r28,2.34724592071444,-1.2753105759918943
Vmn1r29,0.7696232710153366,-0.8002827804078765
Vmn1r3,0.0,0.0
Vmn1r30,0.0,0.0
Vmn1r31,0.0,0.0
Vmn1r32,0.4678442022770503,0.6516545031934736
Vmn1r33,0.0,0.0
Vmn1r34,0.0,0.0
Vmn1r35,0.0,0.0
Vmn1r36,0.0,0.0
Vmn1r37,0.0,0.0
Vmn1r38,1.0816213564172732,0.17335693617845838
Vmn1r39,0.44086620569746127,-0.7932077712563994
Vmn1r4,-0.9225257768433468,-2.4466102329284793
Vmn1r40,-0.0004236199180877587,0.5893269725952385
Vmn1r41,0.0,0.0
Vmn1r42,0.0,-0.21283904559181435
Vmn1r43,1.0892488337763453,-0.9362759364681148
Vmn1r44,0.0,0.0
Vmn1r45,0.0,0.0
Vmn1r46,0.40931665733705813,-0.18766434360944473
Vmn1r47,0.8843825887150678,-0.985640536677431
Vmn1r48,0.0,0.0
Vmn1r49,0.0,0.0
Vmn1r5,0.23452371786357948,-0.6868404649911545
Vmn1r50,0.0,0.0
Vmn1r51,1.9719744901445222,0.0
Vmn1r52,0.0,0.0
Vmn1r53,0.0,0.0
Vmn1r54,0.0,0.0
Vmn1r55,0.653439174624495,-0.7093515793402343
Vmn1r56,0.0,0.0
Vmn1r57,0.0,-0.2218593794753994
Vmn1r58,0.4695863142236778,-0.37971614353674976
Vmn1r59,0.0,0.0
Vmn1r6,0.9464765239554218,-0.49825344653643544
Vmn1r60,0.8569435244964998,-0.02223250914752528
Vmn1r61,-0.09933628941644645,1.0417938560629736
Vmn1r62,1.5010518156572732,0.0
Vmn1r63,-0.5865961063965863,-0.2152727868316063
Vmn1r64,0.0,0.0
Vmn1r65,0.5127701975356436,-0.4716728064192357
Vmn1r66,0.0,0.0
Vmn1r67,0.23452371786357948,0.0
Vmn1r68,-0.027808060816316704,-1.4764517517987592
Vmn1r69,0.0,0.0
Vmn1r7,0.0,0.0
Vmn1r70,0.0,0.0
Vmn1r71,0.0,0.0
Vmn1r72,0.8862066428644981,-0.30681639343292844
Vmn1r73,0.11698517493007121,0.07940842072835252
Vmn1r74,0.8472075007871087,-0.058051765351832096
Vmn1r75,0.5636374491960636,0.0
Vmn1r76,0.4716206435950312,-0.3484371196205416
Vmn1r77,1.0837091040756666,-1.3870687344163715
Vmn1r78,0.0,0.7113072383025303
Vmn1r79,0.0,-0.35820978814101395
Vmn1r8,1.0019651462026664,0.0
Vmn1r80,0.8021280605895426,0.0
Vmn1r81,0.6919820699169055,-0.5548797663384804
Vmn1r82,0.0,0.0
Vmn1r83,0.8132154209265123,-0.22552454838038027
Vmn1r84,0.03335615211570486,-0.605161083357546
Vmn1r85,0.3544387048092297,-0.14736531079191006
Vmn1r86,0.05760418028446823,0.014020163345730197
Vmn1r87,0.8901235775781551,-0.6191231265185806
Vmn1r88,0.5751292860275363,-0.3191343719888824
Vmn1r89,0.0,0.0
Vmn1r9,1.2955593541244501,-0.6192720277732144
Vmn1r90,0.3627181312398702,-0.39862661767765584
Vmn1r91,0.13635532042422305,-0.3886351608734172
Vmn1r93,0.0,0.0
Vmn1r94,0.0,0.0
Vmn1r95,-0.22082010532603893,0.0
Vmn2r-ps130,0.0,0.0
Vmn2r-ps159,-3.291122635858824,-2.858365484900127
Vmn2r1,0.3494163763842586,-0.7359081124754656
Vmn2r10,0.3829856381450276,-0.29596479301850387
Vmn2r100,0.0,0.0
Vmn2r101,0.0,0.0
Vmn2r102,0.23444287940429387,-0.6891579554534584
Vmn2r103,0.0,0.0
Vmn2r104,0.0,0.0
Vmn2r105,1.030890164583715,-0.4166808685704647
Vmn2r106,0.0,0.0
Vmn2r107,0.3633422795394261,-0.29778613488412065
Vmn2r108,0.7899373697325673,-0.7426044852929827
Vmn2r109,0.0,0.0
Vmn2r11,-0.7670590826204453,0.715373471224253
Vmn2r110,0.22888442284205604,0.5050056616474774
Vmn2r111,0.48423157574135567,0.0
Vmn2r112,0.7810351008577907,-0.658397337800924
Vmn2r113,-0.1473659452077194,-0.3096712074046768
Vmn2r114,0.6316166802786043,-0.7834701381584868
Vmn2r115,0.7372647969870547,-0.5643161271018506
Vmn2r116,1.3783450735566571,-0.9067867562723784
Vmn2r117,0.7321942204991565,-0.8628573376346651
Vmn2r118,-1.777879523771003,-0.7096032488955016
Vmn2r12,0.0,0.0
Vmn2r120,-0.1513743005248651,-0.6623901485193242
Vmn2r121,0.0,-0.21283904559181435
Vmn2r124,0.9099576256537709,-0.47079045567748157
Vmn2r126,0.0,0.0
Vmn2r13,0.9316807119805013,-0.26483835000200084
Vmn2r14,1.7890011465452176,-0.8488899857000551
Vmn2r15,0.0,0.0
Vmn2r16,-0.22082010532603893,0.0
Vmn2r17,0.37083398475613816,-0.029452451782282285
Vmn2r18,-0.4299759836713355,-0.11608173637218111
Vmn2r19,0.0,0.0
Vmn2r2,0.13163509027976994,-0.2762636473373322
Vmn2r20,0.9404967452413286,-0.7436743408716193
Vmn2r21,0.0,0.25555345956664705
Vmn2r22,0.0,-0.4571500352960306
Vmn2r23,0.7333812469883885,-0.7923771860316746
Vmn2r24,0.4117225165644216,-0.43108290283235995
Vmn2r25,1.4734142875233651,-0.08261236112689574
Vmn2r26,0.7892899563828744,-0.9535368390768699
Vmn2r27,0.42949693789314347,-0.6228174287012198
Vmn2r28,0.008064317516017105,-1.6304937170971414
Vmn2r29,0.30108309620965024,1.0426156667002555
Vmn2r3,0.7751047381184204,-0.2585411022027797
Vmn2r30,1.2454652609155255,-1.336892497329432
Vmn2r31,-0.708802649020913,-0.9602060921487676
Vmn2r32,0.764491279528241,0.0
Vmn2r33,0.0,0.0
Vmn2r34,0.0,0.0
Vmn2r35,0.0,0.25555345956664705
Vmn2r36,0.0,0.0
Vmn2r37,0.0,0.0
Vmn2r38,-0.3681752925118766,0.6116861305054062
Vmn2r39,0.2667182082057698,0.0
Vmn2r4,0.9038853668483511,-0.9831581992657434
Vmn2r40,0.5247954152371275,0.25082299571856037
Vmn2r41,0.0,0.0
Vmn2r42,0.5423043597723822,0.0
Vmn2r43,0.0,0.0
Vmn2r44,0.3130806563159445,0.18260401772606527
Vmn2r45,0.8391999893064962,-0.7408952060922624
Vmn2r46,0.0,0.0
Vmn2r47,0.0,0.0
Vmn2r48,0.0,0.0
Vmn2r49,0.0,0.0
Vmn2r5,0.7432569831597219,-0.7770155424299426
Vmn2r50,0.22888442284205604,-0.21283904559181435
Vmn2r51,0.0,0.0
Vmn2r52,0.7460297863003902,-0.8526223238225983
Vmn2r53,0.636645832052352,-0.7147255565221879
Vmn2r54,0.0,0.0
Vmn2r55,0.399245020706512,0.0
Vmn2r56,0.6649455513953137,-0.9537118542343466
Vmn2r57,-0.47748365936349835,-1.0009636967970836
Vmn2r58,0.0,-0.5819922927158527
Vmn2r59,0.905073521698827,-0.56813664840785
Vmn2r6,0.8544077013627898,-1.1968942555664102
Vmn2r60,0.829149256527792,-0.9715311539477929
Vmn2r61,0.0,0.0
Vmn2r62,0.0,0.0
Vmn2r63,0.21800257829546377,-0.41460805303574855
Vmn2r65,0.5038491290575977,-1.71114621813411
Vmn2r66,-0.14820774899600409,0.07018016644267533
Vmn2r67,1.1485582462513593,-1.4851762289835917
Vmn2r68,0.0,0.4036263969624139
Vmn2r69,-0.8176080398053313,-0.5980407018310337
Vmn2r7,1.0390332088418526,-1.0455060665118232
Vmn2r70,0.6736887395787278,0.0
Vmn2r71,0.0,0.0
Vmn2r72,0.2634877410070606,-0.3385510038557977
Vmn2r73,0.7733978443350527,-0.13237544752929242
Vmn2r74,-0.23690106472386616,0.0
Vmn2r75,0.9834885206784243,-1.1163986764107645
Vmn2r76,0.7987926518452042,-0.9552626571546661
Vmn2r77,0.0,-0.2218593794753994
Vmn2r78,1.378500328206971,-0.3856456519942726
Vmn2r79,0.6561680013050797,-0.6291883564171386
Vmn2r8,0.7842752649862522,0.0
Vmn2r80,0.0,0.0
Vmn2r81,0.0,0.0
Vmn2r82,0.5247954152371275,-1.1133645704949107
Vmn2r83,1.1644446039849818,-1.1095511446191595
Vmn2r84,-0.1779358126432209,-1.647947020200569
Vmn2r85,-0.8396674213780858,-0.5980407018310337
Vmn2r86,0.11736129947489982,-2.2428615455793226
Vmn2r87,-1.2775744415162475,-0.7577255220525982
Vmn2r88,2.1265176959827983,-1.6715456117204017
Vmn2r89,0.24322976435034604,-0.3526931909255575
Vmn2r9,0.7432474152422539,-0.35820978814101395
Vmn2r90,0.47351498939916503,-0.5434615770851021
Vmn2r91,0.0,0.0
Vmn2r92,0.6082728941903897,-0.1366580235983701
Vmn2r93,1.6854598908656415,-0.8351872602554993
Vmn2r94,-0.7617476996564685,-0.6051332066125368
Vmn2r95,1.0308854973948534,-0.06532322574349836
Vmn2r96,0.23452371786357948,0.0
Vmn2r97,-0.19458188602401716,-0.08977788743339499
Vmn2r98,0.0,0.0
Vmn2r99,0.6570179230377482,-0.6644293973020297
Vmo1,-0.2744317916412278,-1.1122741651930372
Vmp1,-0.12216117359153245,0.020939682201575494
Vnn1,-0.8406761185134314,1.0652859616327934
Vnn3,-0.20728970699122762,1.1104694002613336
Vopp1,-0.30181783206048785,-0.4464284461958137
Vpreb1,0.22820391393711548,-0.14301276203786994
Vpreb2,0.0,0.0
Vpreb3,-0.15370231417931546,-2.1624335806600388
Vps11,-0.21047413005615745,0.27200776243631175
Vps13a,0.5760285079297969,-0.2016269327980318
Vps13b,-0.27601978344738143,-0.39830650314294935
Vps13c,0.23229045858034247,0.050207701273571104
Vps13d,0.5433736928328781,-0.5183468870580157
Vps16,-0.5723173022763852,0.1290082844883944
Vps18,-0.2710423146265164,0.29018145293329667
Vps25,0.08104531672760018,0.057683162148755684
Vps26a,-0.22681255200675743,0.6102515502190808
Vps26b,0.027701601332722703,0.47256778895231477
Vps26c,-0.1801702519092121,0.37069084903582095
Vps28,0.08740256581135242,0.18231877892482906
Vps29,0.2838333859458402,0.21044317137446988
Vps33a,-0.37768924919284075,0.4306103626119153
Vps33b,-0.045477817554420596,-0.0496977612699947
Vps35,-0.36439273125210647,0.3761503632994092
Vps35l,-0.3022401142274873,0.5548704073635644
Vps36,0.01602768181030534,-0.11648554596162519
Vps37a,0.18925625365911536,0.14362230234086582
Vps37b,-0.05342976969005697,0.513043755447578
Vps37c,-0.09857072232820663,-0.08913523580355864
Vps37d,0.386813490591154,-0.09332431905474348
Vps39,-0.5093526015717913,0.013379292066380444
Vps41,-0.439795229296168,0.05287688884730457
Vps45,0.09576908466512002,-0.23466521844179233
Vps4a,-0.25296104063607316,0.0789467319338879
Vps4b,-0.4201098495660247,0.8292037954904146
Vps50,-0.12387208971855657,-0.04588294361490597
Vps51,-0.23076021654791745,0.03560417478812461
Vps52,-0.4350169878671082,0.1000991429019642
Vps53,-0.08790482190529048,-0.056375123261901194
Vps54,-0.27787364207513754,0.021077023680796003
Vps72,-0.05539959269809458,0.040505601647481626
Vps8,-0.30936117731229906,0.0300342557476192
Vps9d1,-0.5460714576285852,0.3173238012780679
Vrk1,-0.2830786436850641,0.9145544205254748
Vrk2,-0.35598067614393436,0.6899552556700925
Vrk3,0.21962827689473308,0.14269835140263432
Vrtn,0.0,0.0
Vsig1,0.0,0.0
Vsig10,-0.3584273130613065,0.2177652398563339
Vsig10l,0.7184343691181176,-0.06176996174830229
Vsig2,-0.208920177683516,-2.3620096165795377
Vsig4,0.22888442284205604,-0.2218593794753994
Vsig8,-0.43622883197192885,0.5168758629557588
Vsir,-0.22729032809463234,0.9694284842151539
Vsnl1,-0.7878781675756148,-0.3964342745571905
Vstm2a,-0.8728620881676044,-0.42685448877980825
Vstm2b,0.5489805979913402,-0.23045419332231099
Vstm2l,1.3291188867014885,-0.32793954861255337
Vstm4,1.2478107739650204,-0.22393716713630418
Vstm5,-1.9875104351687325,-1.3869316294964893
Vsx1,0.8931139788710611,-1.1138040100264712
Vsx2,0.3994474258242331,-1.027096451095428
Vta1,0.12008986649657594,0.028395906229544465
Vtcn1,0.0,0.0
Vti1a,-0.15804439032409334,0.20246196826660068
Vti1b,0.5381178525708386,-0.028228990451671265
Vtn,0.5592028110123284,-1.061122228895762
Vwa1,0.1903484572328491,-0.4722426716005348
Vwa2,0.0,-0.32063457401900153
Vwa3a,0.23956468343679047,0.293786896913669
Vwa3b,1.438787625653101,-0.5231910912048338
Vwa5a,-0.1550905128512685,1.0803618234923995
Vwa5b1,-2.0582779533511055,-0.814880576763148
Vwa5b2,-1.2534621345711674,-1.0406646206278296
Vwa7,0.3182139124817267,1.9681596398256436
Vwa8,0.024450365412485908,-0.17046551241687702
Vwc2,-1.5175841679840865,0.3199123952458365
Vwc2l,-0.5548645762713011,-0.7914709461198814
Vwce,0.07441817294877584,0.18469056588364952
Vwde,0.0,-0.5231910912048338
Vwf,0.8922594895380236,-0.4736148551331336
Vxn,0.3652343834084215,-2.6092756970651845
Wac,-0.00356822625179376,-0.1739789302347301
Wap,0.0,-0.345790212076149
Wapl,0.06110934633218612,-0.5649399015710053
Wars,-0.29043368020023586,0.05070660242522962
Wars2,0.8289765126646396,-0.9692107426288672
Was,-0.33181531167569567,1.401705442205559
Wasf1,0.004902503258019664,-0.5435937013810639
Wasf2,-0.26498238335951996,0.671415030423038
Wasf3,0.4342015469619014,-0.6954973233101285
Washc1,-0.1098488142613574,0.3339263234422116
Washc2,-0.8590176271955112,0.5728782597658739
Washc3,0.45048454607872657,0.2390658391101752
Washc4,-0.3812063900628626,0.6080186536614303
Washc5,-0.3262189903678383,0.47682183011397683
Wasl,0.42550864381399656,0.04945835605066584
Wbp1,0.2566317829250835,-0.24069798557957967
Wbp11,-0.19562700656610232,0.22546044589227776
Wbp1l,-0.3883929940942217,0.7107687240243763
Wbp2,-0.215029928152898,-0.23121321933921024
Wbp2nl,0.0,-0.34915265822807906
Wbp4,0.14299580011074298,-0.07260796057768282
Wdcp,0.46029244933483326,0.12001279704878698
Wdfy1,0.10222213498338206,0.1824461820144041
Wdfy2,-0.31859228008779894,0.7268418245957555
Wdfy3,0.1805054693850927,-0.43016245269680553
Wdfy4,-0.4971631524895326,1.1139863689108136
Wdhd1,-0.2286233199155987,-0.17371462392387826
Wdpcp,-0.5500326477092665,-0.10752510414858918
Wdr1,-0.5279937924763782,0.7590757756652522
Wdr11,-0.6464045022385392,0.17118626701959805
Wdr12,-0.04947418171212625,-0.1708581610087574
Wdr13,-0.16009152938603322,0.23902272584937911
Wdr17,0.25650540383533027,-0.8628133075890947
Wdr18,0.07258279007267099,0.1654671050623424
Wdr19,-0.2779318180517443,-0.06316225119310381
Wdr20,0.18237799705237023,-0.21627029330972292
Wdr20rt,-0.7077509414994718,0.18584661622107168
Wdr24,-0.3002864729573087,0.4430047063629221
Wdr25,-0.24777626207560655,0.46512816697619286
Wdr26,0.0733082584545901,0.09932744666541993
Wdr27,0.04510769332219944,-1.0957897597583255
Wdr3,-0.3040919592675362,0.4159415920056624
Wdr31,0.14605142384977654,-1.044957069485104
Wdr33,-0.027967453268727738,-0.03577757634734269
Wdr34,0.026557184994265626,-0.5203085741654707
Wdr35,-0.47713178515485133,-0.10059148308765842
Wdr36,-0.05029615422646927,0.5788006215224755
Wdr37,-0.2990825856872874,0.3378906667521182
Wdr38,0.7863873683329796,-0.6087362767869129
Wdr4,-0.061211604260254404,0.1385650294427112
Wdr41,0.2299757443942294,0.613626412426374
Wdr43,-0.5793033381695949,0.5400988331149392
Wdr44,-0.24258411399818236,0.3133618904737805
Wdr45,-0.42084755588992984,0.003999369088102611
Wdr45b,-0.3152849137312792,0.37993609458275834
Wdr46,-0.003520196261035835,0.4561161893385943
Wdr47,0.02429928354763078,-0.9025451573959877
Wdr48,-0.27027011559511926,-0.17440879511688756
Wdr49,1.2066013994329783,0.0
Wdr5,-0.08498475831849639,0.22891237852724267
Wdr53,-0.14152744056683453,-0.20755861297749778
Wdr54,0.7612133162910242,-0.7014928929200872
Wdr55,0.1185774788442231,0.1041935418850386
Wdr59,0.3016044660971726,-0.5505816937804084
Wdr5b,0.019845188384936208,-0.5589165751805911
Wdr6,-0.8543479579334754,-0.31321995144008064
Wdr60,0.6266250125479669,-1.0374107056203794
Wdr61,0.08134611252596358,0.1200502421311409
Wdr62,0.023918345666475993,0.8201432311708112
Wdr63,-3.21704242390635,-1.2595066052031678
Wdr64,0.0,0.0
Wdr66,2.075765601342007,-0.9525743455354707
Wdr7,-0.7102676834022663,-0.0752089153080373
Wdr70,0.20521398522303969,-0.419926095532432
Wdr72,1.1747831219870644,0.31863524419897904
Wdr73,-0.2154036379188291,-0.6192204300893209
Wdr74,0.2747762892721628,0.09561571941277336
Wdr75,0.4426492396739139,-0.3806031363106044
Wdr76,0.1462581769648077,-0.39870918594326454
Wdr77,-0.10143315487247762,0.21479889343043546
Wdr78,0.3697322434427459,-0.33855706176812994
Wdr81,-0.42654454194035907,0.9283850431077685
Wdr82,0.5547851962001893,0.07943822435783332
Wdr83,-0.07524471439430513,-0.4212839327968254
Wdr83os,0.1405313519816893,0.38396561195955314
Wdr86,-1.3131149859511648,-5.2516574009786146
Wdr89,0.13654538543510597,-0.1072895231320512
Wdr90,-0.2687804957472206,-0.40614572443718266
Wdr91,-0.08207677106373801,0.05181770011489206
Wdr92,-0.19282079320405998,-0.16786830318662993
Wdr93,0.10571223657622308,-0.6278904258895941
Wdr95,0.7486719304391147,-2.124140973868562
Wdsub1,-0.1446428469591421,0.6117971822060326
Wdtc1,0.39798295124756145,-0.715473152580655
Wdyhv1,0.030606324671511587,-0.21630886989398057
Wee1,0.2545165133987455,0.2990110528239187
Wee2,0.0,-0.8313517656397877
Wfdc1,0.5005864891424716,-1.6082217991981924
Wfdc10,1.4834931089344598,-2.9190833839324286
Wfdc11,0.0,0.0
Wfdc12,0.0,0.0
Wfdc13,0.0,0.0
Wfdc15a,0.4183636864206829,0.0
Wfdc15b,0.0,0.0
Wfdc16,0.0,0.0
Wfdc17,0.8561336187057371,1.9821923633325653
Wfdc18,-0.2801356242403924,1.2695468796396199
Wfdc2,0.549134423283173,-4.033454554271406
Wfdc21,0.0,-0.44656908196376366
Wfdc3,1.4072783435830614,-1.8549344753464951
Wfdc5,0.0,0.0
Wfdc6a,0.9593364477499535,0.7109390870306638
Wfdc6b,0.5460770418021937,0.0
Wfdc8,0.0,0.0
Wfdc9,0.0,0.0
Wfikkn1,0.6761275548461274,-1.3879098808067294
Wfikkn2,-1.3548863702017564,-2.7199482666320236
Wfs1,-0.24718128235480563,-0.22198669962732964
Whamm,0.3493767738506586,-0.4570564219849702
Whrn,0.5190683296730256,-1.3915085401640033
Wif1,-0.9093740110278132,-2.0702225876015623
Wipf1,-0.09179207542593204,1.1367023637533986
Wipf2,0.6097785561438016,-0.5454452415802233
Wipf3,-0.44184493394549307,-1.2390946322838925
Wipi1,0.29053737460197837,-0.322304839936864
Wipi2,0.2543807428237539,0.24065890719890248
Wiz,-0.48331346683784915,-0.1664898792671643
Wls,-0.1727631343677114,0.44719947655211456
Wnk1,-0.022789055310456163,-0.031166591831418344
Wnk2,0.9755477789363685,-1.5144789002176555
Wnk3,-1.0887249375133203,0.056510753979497785
Wnk4,0.5756799657869367,-1.2379884871444045
Wnt1,0.0,0.0
Wnt10a,1.6367064697008824,-1.382836615212824
Wnt10b,0.0,0.0
Wnt11,-2.522722194505183,0.2665056371297494
Wnt16,-0.7564732395930758,-1.8130878494458043
Wnt2,0.4183636864206829,0.0
Wnt2b,0.19291066801054768,-0.5759953919885983
Wnt3,-1.0736841959475163,-2.488583418612636
Wnt3a,0.0,0.0
Wnt4,0.49639897102347064,-0.49330098533057853
Wnt5a,-2.4423551678699456,-2.299045006250566
Wnt5b,2.6124497700111267,-3.1147100936879233
Wnt6,-1.20928952296595,0.009028520028104392
Wnt7a,2.7711825879062104,-0.8544465658646387
Wnt7b,5.9167145104556464,-0.9660295184001143
Wnt8a,-0.6964167359727264,-1.2818106612227753
Wnt8b,0.7300411892566994,0.9630732749153658
Wnt9a,-0.6929866320091462,-0.8236778424295776
Wnt9b,-1.1299152949678515,-0.71163152390442
Wrap53,-0.10114259049255026,-0.4526826691054051
Wrap73,-0.1621771049997296,-0.3101051761205458
Wrb,0.010155300273259726,-0.33866743278658085
Wrn,0.09363318295607392,0.7144020765178798
Wrnip1,0.5741297062058379,0.001731140144027421
Wsb1,-0.3100139123591976,0.8865859754235377
Wsb2,0.5030765605522287,-0.803495338418946
Wscd1,0.38290465263903606,-0.1954913916745511
Wscd2,0.33479217393418104,-1.0647821866185705
Wt1,0.0,0.0
Wtap,0.4974115389824121,0.4350524525956345
Wtip,-0.5486832569958864,0.400504129597377
Wwc1,0.6492065478299223,-0.3827975465591038
Wwc2,0.6691744747126123,-1.180486190497696
Wwox,0.26424155353222467,-0.7526057316613546
Wwp1,0.19700932450621167,0.4989790002222012
Wwp2,-0.2737857344683423,0.4721877912129493
Wwtr1,0.8710669005082075,0.03630911747873711
Xab2,-0.2990176196036938,0.03021911931573662
Xaf1,0.5207803241810005,0.8972457565552965
Xbp1,-0.1289914308672806,1.0377546376544657
Xcl1,0.024155956790900573,0.2517475928686984
Xcr1,0.2746689886688962,1.1949775442226844
Xdh,0.7778387858986129,-0.11980560331782719
Xiap,0.14344243645974508,-0.7055091831861287
Xirp1,-0.44678382169875286,1.9722726826502353
Xirp2,2.2605579841307812,-1.4208876148840837
Xk,0.5720808734217355,1.479395970760403
Xkr4,-0.5900126648017672,-2.3814607412945623
Xkr5,-1.3295866409529475,-1.1220060359219435
Xkr6,0.4467815705766016,-1.8252968715891704
Xkr7,-1.24393526418223,-1.3715219201826048
Xkr8,0.02091415958505749,0.6606171351564303
Xkr9,-1.7283663052818306,0.39864538874498456
Xkrx,-0.4052158393423815,-0.8974747792463589
Xlr,-0.39860528246212823,0.9948010692157734
Xlr3a,0.021575343269605085,-0.3741820077867457
Xlr3b,-0.047734705508758246,0.016009529443628878
Xlr3c,-1.2463882267585542,-0.23854649998039135
Xlr4a,-1.9701176377076859,-1.875733883330314
Xlr4b,-0.27045479405596407,1.5015881495459507
Xlr4c,-0.5341772027302367,1.3311233747833962
Xlr5a,0.0,-0.2218593794753994
Xlr5b,0.7121947223436716,0.0
Xlr5c,0.4678442022770503,0.0
Xndc1,-0.0005132879881877273,-0.2649622358202848
Xpa,0.3663062052013748,0.12369216577829345
Xpc,-0.28665708805998413,-0.025528137856749566
Xpnpep1,-0.3784037527918436,0.10107985685176146
Xpnpep2,1.091555552951165,-0.44450358734765594
Xpnpep3,-0.25772201002616946,-0.3786751505309738
Xpo1,-0.12232953772715938,0.2897823071761163
Xpo4,0.1934036765257119,-0.5279547201323282
Xpo5,-0.3794550121379654,-0.13964399301284658
Xpo6,0.5688371890476169,0.252432334849205
Xpo7,-0.2204330357683606,0.5259246973147036
Xpot,-0.15418056104537037,1.0420348818110963
Xpr1,-0.28646437393165236,0.4534935404669387
Xrcc1,-0.14230746566471453,0.17022816305195576
Xrcc2,0.11343826465207307,0.4371798653552972
Xrcc3,-0.19402593308029026,0.04035381513659608
Xrcc4,0.09458693807852647,-0.11076117319525025
Xrcc5,0.29026996439135644,-0.5353915543606895
Xrcc6,-0.0664429254007679,-0.21226983703630609
Xrn1,-0.0586004744322981,0.1978341497025653
Xrn2,-0.26246492761595874,0.18037739718376677
Xrra1,-1.587435093066233,-0.7301587347531275
Xxylt1,0.9767704372613588,-1.067247577501779
Xylb,-0.45106242016262055,0.37900556493208004
Xylt1,0.8268635019182602,-0.5091567768490641
Xylt2,-0.3569519576048652,0.4916646250570711
Yae1d1,0.2470522673683302,-0.15716742599282263
Yaf2,0.09931511302317197,-0.15750217817116408
Yap1,0.28634030170867497,-1.8964490592480239
Yars,-0.1282065197643174,-0.027616022143138963
Yars2,0.17191962505492953,0.4848374139800118
Ybey,-0.1881870010825697,-0.41208850330254165
Ybx1,1.1042777366033398,-0.5188486000029453
Ybx2,-0.7882538394992615,-1.298510752973525
Ybx3,0.931788304945858,-1.3553956858612501
Ydjc,0.10381557871193348,-0.39544530651792886
Yeats2,0.07506804497662145,-0.14719978674875556
Yeats4,-0.259145700585794,0.3252315214965318
Yes1,-0.08495294881838866,0.12980509676505214
Yif1a,0.3967432045366248,-0.005698904074510125
Yif1b,0.07385172337948553,0.11865472740930905
Yipf1,-0.17577239323800953,0.22951297208977905
Yipf2,0.21077678937564492,-0.22901060377417615
Yipf3,0.04924230958112652,0.05493064302555695
Yipf4,0.3984401493966825,0.16731664662295564
Yipf5,0.1499928327622122,-0.011360788887088802
Yipf6,-0.40071161528496546,0.7809189569827826
Yipf7,0.0,0.0
Yjefn3,0.6958698595127224,-0.5275845258816343
Yju2,0.15732218691732136,0.30731840689542267
Ykt6,-0.424002096526781,0.848184522523896
Ylpm1,0.4283101087201473,-0.5240955263110934
Yme1l1,0.027716951303949244,-0.22490043535239934
Yod1,0.06290341123622234,0.11125721033898195
Ypel1,0.4423424726752021,-0.8924936592382213
Ypel2,0.16533185544694717,-0.614462244779876
Ypel3,-0.40362354209941564,0.9745826959698061
Ypel4,-0.13370651649288234,-0.5428440069433735
Ypel5,-0.15737455676466894,0.05636635458651362
Yrdc,0.9825648516857264,0.09101991614331784
Ythdc1,0.5762892364830297,-0.5980950024621094
Ythdc2,1.250483524525782,-1.2401778317125673
Ythdf1,0.4822304304369114,-0.47068564352549025
Ythdf2,-0.02805084326850249,0.6722827208356321
Ythdf3,-0.44299433999275983,0.5645437274449403
Ywhab,-0.1612211902566667,0.41328048681999086
Ywhae,-0.07705705974796295,0.18955114814215257
Ywhag,-0.3398936211437409,0.21613992113016067
Ywhah,-0.3371551869349485,0.8204969965764928
Ywhaq,0.003461117767516342,-0.16922747607786803
Ywhaz,-0.36964180089358756,0.22147254671076055
Yy1,0.06549638299833482,-0.4507487158030976
Yy2,3.2164924009079803,-0.05453557593965641
Zadh2,0.05510229545357603,0.4115478163324422
Zan,0.7074651071838929,-0.799234254434479
Zap70,-0.45309981907663044,0.14925600133642636
Zar1,-2.4456199908990213,-0.37132277239960754
Zar1l,0.0,0.0
Zbbx,0.0,0.0
Zbed3,0.03350834318124196,0.08089831415885129
Zbed4,0.17201056909114598,-0.02399528216206903
Zbed5,0.7453140672542746,0.6480374958759132
Zbp1,0.22084560570550948,1.7699172582709517
Zbtb1,-0.27372983449972743,1.0926375927990364
Zbtb10,0.4631119770012653,-0.9081938161780903
Zbtb11,-0.2892353940528025,0.3157513510817527
Zbtb12,-0.026437483821310837,0.6856741230700911
Zbtb14,-0.31330957062338527,0.20505376718431556
Zbtb16,-0.23604757593901216,-1.9363548928969712
Zbtb17,-0.5813501385432005,-0.3559596354779515
Zbtb18,0.31960386764138526,0.20000119763541413
Zbtb2,-0.8443660369778812,0.45666930198133393
Zbtb20,0.3382127141109734,-0.9737824921498266
Zbtb21,0.028260404506186276,-0.17302385434988565
Zbtb22,0.41060782748539637,-0.08056258585553877
Zbtb24,-0.0457926753406408,-0.089021380026999
Zbtb25,-0.5758736680950509,-0.2343061821122454
Zbtb26,-0.19273738754001535,-0.02169844917256647
Zbtb3,0.0163279839541417,0.0625486948055265
Zbtb32,-1.4843811245254208,-2.9223892622395935
Zbtb33,0.07553350326559727,-0.1712529317823135
Zbtb34,0.08663922301270865,0.08643772240305836
Zbtb37,-0.10943565859442472,-0.1985880791525041
Zbtb38,-0.15750754500464836,0.12345570480297852
Zbtb39,0.41774479564039524,-0.6824677679187747
Zbtb4,0.6192422741452113,-1.058605282164434
Zbtb40,-0.059200791315459966,-0.6016080564347721
Zbtb41,-0.2275521148004973,0.6198571445265237
Zbtb42,0.3558626299590282,0.3846370921292941
Zbtb43,-0.13940386726522647,0.10265699767581538
Zbtb44,-0.12226763218451175,0.049740783613568595
Zbtb45,0.562351366644787,0.524826720110827
Zbtb46,0.24021596225790187,-0.6528827143907225
Zbtb48,-0.26518419656316006,-0.2470109465550827
Zbtb49,-0.08638672714849527,0.033739560294201
Zbtb5,0.10250190021895378,0.05862014071017008
Zbtb6,0.0030012059603787833,0.4116326968317594
Zbtb7a,-0.5021180442525548,1.363188546967578
Zbtb7b,0.3991378667764902,-0.1541125728929824
Zbtb7c,-0.48526737713647883,-0.8292544208940607
Zbtb8a,-0.28009796901889494,0.46922848238867143
Zbtb8b,-0.22044959353423366,0.004585615807649823
Zbtb8os,0.30903699424150766,0.4491581093719432
Zbtb9,-0.2369964755828864,0.5781932415495223
Zc2hc1a,-0.2515172841977229,-0.3327022042433825
Zc2hc1b,0.0,0.0
Zc2hc1c,-1.3048050735528278,-0.6803163551535159
Zc3h10,-0.18759073219288247,0.15895518879951354
Zc3h11a,-0.28025109227624334,-0.2608021877764095
Zc3h12a,-0.9759922824770024,1.2289060014018744
Zc3h12b,0.04854872670776267,-0.5553589229759144
Zc3h12c,0.48893735838283536,-0.5270849106479778
Zc3h12d,0.2424241911930256,0.32201635377862026
Zc3h13,-0.0965964341056722,-0.2551982090002145
Zc3h14,0.10928885236186581,-0.14062458892193241
Zc3h15,0.13796159999092517,0.09555505163655909
Zc3h18,-0.28215134718749546,0.01446745253823778
Zc3h3,-0.5603886653963102,0.21974373408028036
Zc3h4,-0.17694319556651017,-0.32116313877994784
Zc3h6,0.1846307774678433,-0.17744125980875491
Zc3h7a,-0.4908233568189466,0.27736102452320566
Zc3h7b,0.6307747869945182,-0.5140791012721255
Zc3h8,-0.049329959476247076,-0.16341016017661403
Zc3hav1,-0.3490907329244557,0.8069819825925109
Zc3hav1l,-0.29133915200337857,0.6297077622766198
Zc3hc1,-0.07224799692783712,0.2993880584440909
Zc4h2,-0.26766224777601977,-0.27564755992123047
Zcchc10,0.6234337830492471,-0.1898342286680732
Zcchc12,-0.3482262786152246,-1.502725675305518
Zcchc13,0.0,0.0
Zcchc14,0.5544325537083452,-0.6414383531183816
Zcchc17,0.02980735348204,-0.05092321571364877
Zcchc18,-0.5954877648005663,-0.609727558679257
Zcchc2,-0.5332198834753648,-0.11838072560914803
Zcchc24,0.012326128499339006,0.35625508064051736
Zcchc3,0.6555201052280983,-0.4163191680789886
Zcchc4,-0.4549534731355678,-0.6113251759285152
Zcchc7,0.8021561113315556,-0.7335595814348217
Zcchc8,-0.13798191249217417,0.28164137391539334
Zcchc9,0.2756875331538602,0.2729855610387517
Zcrb1,0.040615911285833306,-0.0687204234870773
Zcwpw1,-0.8593658464909772,0.46702354134810964
Zcwpw2,1.3243406358952665,-0.7377197634137289
Zdbf2,-0.3681971375566171,-2.1274243574828358
Zdhhc1,0.10347271718385276,0.16266648994052701
Zdhhc11,0.0,0.0
Zdhhc12,-0.0715098604735882,-0.03544164408309136
Zdhhc13,-0.37921602275516264,0.7940142463649842
Zdhhc14,0.37751013357324137,-0.7058846121085995
Zdhhc15,-0.02197215786666007,-3.645470991166502
Zdhhc16,0.053381349448800464,-0.38981386197374235
Zdhhc17,-0.21215862991757284,-0.5360001127113598
Zdhhc18,0.8356009396094262,-0.3934989499564061
Zdhhc19,0.007291614169963712,0.12733061922058608
Zdhhc2,1.284987126955997,-1.0503940950276496
Zdhhc20,-0.2893494931442895,0.7680876719535643
Zdhhc21,-0.0678772538248591,-0.2883182355104381
Zdhhc22,-1.4531160277136745,-0.06650715081682712
Zdhhc23,2.1048094672863433,-3.9360866495389084
Zdhhc24,-0.12138606573246591,-0.06097569542071568
Zdhhc25,0.683760325373641,0.0
Zdhhc3,0.5208569092830508,0.45356346117158175
Zdhhc4,-0.13435129807930402,0.1208738060139769
Zdhhc5,-0.1789483642486509,-0.3681202276720832
Zdhhc6,-0.0879343611055674,-0.3488681200624395
Zdhhc7,-0.30088621130407844,0.15841539039803365
Zdhhc8,-0.2755785260599488,-0.24934952103762154
Zdhhc9,-0.13688631681681862,0.5477188734293499
Zeb1,0.0037012447555291317,-0.30974646737129063
Zeb2,-0.6609180748783743,0.6935566721203692
Zer1,-0.08109048499966853,-0.4746325352243925
Zfand1,0.0009638307789145983,-0.28557331153441545
Zfand2a,-0.41698900624833257,0.14894111476554883
Zfand2b,-0.3528837367967732,0.25748038819015484
Zfand3,0.3642875075440317,0.1830995125153665
Zfand4,0.30521275690529137,-0.6582920808457828
Zfand5,0.6606770287700972,-0.4991355842441294
Zfand6,0.4207989701294661,-0.0748739607860891
Zfat,-0.010290398689815738,-0.12411731159619066
Zfc3h1,-0.2468778203582147,-0.26978237561709584
Zfhx2,0.42692118557961045,-0.7649125274095816
Zfhx3,-0.390686266759273,0.32732872373633093
Zfhx4,-0.05848274311727053,-0.9023578250396529
Zfp1,-0.22755789424597417,-0.21401456120638152
Zfp101,-0.19511999185468554,-0.3656074000992753
Zfp105,-0.17998290881227152,-0.15788711415819634
Zfp106,-0.24985292735550324,0.3994866006668438
Zfp108,-0.5088542664997107,-0.23655984365450866
Zfp109,-0.5143866606503922,-0.03065803116021737
Zfp11,0.056626533923124,0.6771978878331542
Zfp110,-0.11435059557000748,0.20772779553237086
Zfp111,-0.04989979286045987,-0.23230278411580763
Zfp112,0.08465777645371642,-0.948704337408782
Zfp113,0.5198725540162314,-0.043646011452182165
Zfp114,-0.2404675075638929,-2.075409022466035
Zfp119a,0.09621406894080842,0.20129044175616073
Zfp119b,-0.00020238495569735448,-0.43452375758092643
Zfp12,0.27044363835899965,0.6165610981426539
Zfp120,-0.09172093813028503,0.18028754217908016
Zfp128,-0.04862521638051831,0.013046692371775137
Zfp13,0.4941403487187923,-0.9865846744800875
Zfp131,0.4397401797561393,-0.3867874479845206
Zfp14,-0.2987062492210075,-0.3652676682845719
Zfp141,-0.3480635178731486,-0.052224874794134735
Zfp142,-0.31953891881231655,0.3762279999359759
Zfp143,0.021265646200129495,-0.36862984175082225
Zfp146,-0.3371680728847082,-0.01063286184170753
Zfp148,-0.26585302435116986,0.2969455548869142
Zfp157,-0.00034882446712636295,-0.15902095301190045
Zfp160,0.05138781320018815,0.01562559072648284
Zfp169,-0.07185551851428151,0.10098759806133906
Zfp174,-0.40082145794550783,0.6766791354469373
Zfp180,0.2426776294147377,-0.3344264575869609
Zfp182,-0.1488886497518056,-0.1975597762054555
Zfp184,0.06381372042326205,0.06854322430314586
Zfp185,0.21985488693711996,0.8029993145520802
Zfp189,-0.27102676899448497,0.08211304513211282
Zfp2,0.25531876025320166,-0.23061556445283493
Zfp202,0.1810010223618317,-0.16412037041446492
Zfp207,-0.1706197046517648,0.14147412453061392
Zfp212,0.22187049865850028,0.5516824311102635
Zfp213,0.4057907632728668,0.17890364767787226
Zfp217,-0.264699435527171,0.5982641074900572
Zfp219,-0.17446363857845526,-0.5133789656726293
Zfp229,0.1851126514467385,0.4185070173387686
Zfp235,-0.03031400542725038,-0.5069411723418487
Zfp236,0.092513657191434,-1.2434827478253307
Zfp239,-0.37965971324298575,-0.3900819220413929
Zfp24,-0.1952375174338421,0.2511528100260545
Zfp248,-0.11516217420704677,-0.7382864226607149
Zfp251,-0.31630296872933883,-0.5917517877499581
Zfp26,-0.3151560175560775,0.14609880319172674
Zfp260,-0.28617926968757423,-0.17798952137536972
Zfp263,-0.2906227979960381,0.43603294773696
Zfp266,-0.11133598162531833,-0.2179171236648454
Zfp267,-0.12410843113116776,-0.41189305407247545
Zfp27,-0.046213621764092494,-0.7072245949449218
Zfp273,0.38609877461151765,0.0631488964412723
Zfp275,-0.3402217966667802,0.19186976551923607
Zfp276,-0.2538359354863964,0.14770491372023464
Zfp277,-0.1605680570523802,-0.07013350915889482
Zfp28,-0.3972035598181547,0.9129993508685708
Zfp280b,-0.3542790815009589,0.14617856449805622
Zfp280c,-0.5848501852055374,0.27265245190282883
Zfp280d,0.0061968281487185806,0.14436559232445134
Zfp281,0.15041722930774526,0.0374876501339827
Zfp282,-0.31542573195252643,0.14734169952665432
Zfp286,-0.32587230861517646,-0.2911750229654473
Zfp287,0.12203027307345238,-0.8413788138046847
Zfp292,0.2636792619057111,-0.5567522439066721
Zfp296,0.34840733333220886,-0.16192297992749927
Zfp3,-0.08775030349887558,0.11236736129904479
Zfp30,-0.031788591052882786,-0.7127827899625316
Zfp300,0.24435721988777548,-0.38540152302825703
Zfp316,1.2806371465053168,0.45297171656498403
Zfp317,-0.1181860877040517,-0.20113118368024452
Zfp318,-0.13727819626478777,-0.19453746403435979
Zfp319,0.11684938227175046,-0.3359154444988466
Zfp322a,-0.48739575100787214,-0.6156084461582587
Zfp324,0.06827457755901278,0.29412990098521163
Zfp326,0.04769711907158225,-0.3772039528240274
Zfp329,0.11039386664849182,-0.7576455064165408
Zfp330,-0.040311183588494615,0.019512968965397448
Zfp334,-0.19234299041421643,-1.184776315419172
Zfp335,-0.5625071403455664,-0.24436753777858478
Zfp341,0.6068002144407503,-1.2621261692269954
Zfp345,-1.0547596266881096,-2.1551677153969244
Zfp346,-0.4892206490119815,-0.14880492429999137
Zfp35,-0.05687246142784197,-0.013100626715663921
Zfp352,0.0,0.0
Zfp354a,-0.07699793377915132,-0.688717214047176
Zfp354b,0.37621549253652375,-0.4842922750641936
Zfp354c,-0.7558181128382273,-0.7917201782609915
Zfp358,-0.17187838940160471,0.6181864183655374
Zfp36,-0.015594121966810093,0.8083629594913546
Zfp362,-0.07900819308351625,-0.09342024002762273
Zfp365,0.7332760922266353,-0.852938063590031
Zfp366,0.304149466849835,-2.7224231764221134
Zfp367,-0.18532211537933385,0.7279895442952942
Zfp369,0.19321034054834563,-0.33351043160727656
Zfp36l1,-0.17894863594048438,1.0355275281983491
Zfp36l2,0.5647417613063954,-0.26522075922958166
Zfp36l3,-1.898433580663182,0.0
Zfp37,-0.007905770089621456,-0.9375424368453018
Zfp382,-0.3310595617980905,0.11920778929803344
Zfp383,-0.08906643391651237,-0.15293973625351498
Zfp384,-0.4485298408181979,0.3337842315384627
Zfp385a,0.14661522431244833,-0.5735492141163512
Zfp385b,0.5111968547881061,-1.3541634900228203
Zfp385c,-1.369738607434023,0.08811820751417265
Zfp386,-0.06674332346173273,-0.24583769352754814
Zfp39,-0.2435803107610841,0.5194176875415586
Zfp395,0.3737572771676545,-0.5855608903232286
Zfp397,-0.08439892196451382,-0.5082783695888384
Zfp398,-0.25490022985034777,-0.0885993344443019
Zfp40,-0.8152225076023747,-0.06080285356365067
Zfp407,-0.01346320518640809,-0.48105100049054883
Zfp408,0.31217032097558395,0.5527110115025415
Zfp41,-0.7420270828813873,0.6421300206941911
Zfp410,-0.143347542502962,0.1677211829693661
Zfp414,0.07964388466808003,-0.023259262747558296
Zfp418,0.13632530122987685,-0.09250962559537079
Zfp42,0.0,0.0
Zfp420,-0.0015910884439716,-0.5112667926656655
Zfp422,-0.11772169932704024,-0.06772179041453974
Zfp423,-0.11423364722280915,-1.0630371651858557
Zfp426,0.036939374786346235,-0.276302173231219
Zfp428,-0.039948579171851684,-0.08543567046604839
Zfp429,-0.22631217916270696,0.10306191507495122
Zfp433,-0.22852459937815794,-0.561403226477708
Zfp438,0.24534503703567623,-0.05505256345621845
Zfp442,0.26264686958299244,-0.18531357008342653
Zfp444,0.5268722454145642,0.03478735761312812
Zfp445,-0.30695217753438087,0.12423135659014761
Zfp446,0.06760271789990391,-0.43652907522658246
Zfp449,-0.09207532665708307,0.1349941727438484
Zfp451,-0.34296631466706984,0.15074931998052676
Zfp454,-0.357992169708397,-0.904664823777181
Zfp455,-0.27960341649150067,1.0352948913988147
Zfp456,-1.0454092364908334,0.589186500554205
Zfp457,1.2657426396516174,-1.8670286259001836
Zfp458,0.851867821977228,-0.9712982712407969
Zfp459,3.129087777149262,-0.7301643340832045
Zfp46,-0.5333206688073044,0.22437574946984284
Zfp462,0.05961323768134008,-1.053401848099064
Zfp467,0.0018863024303197307,0.615110011196224
Zfp469,-1.1345713841598717,-2.055191522394807
Zfp472,0.09038674238168198,0.0029602756425983756
Zfp473,-1.3705755262668218,-1.7994975604524122
Zfp474,0.0,0.0
Zfp488,0.2865228672784941,-0.8962672142300168
Zfp493,0.7443495481316322,-0.3695254039358433
Zfp503,-0.14357064172081113,-0.6715471177178642
Zfp507,0.2188511199951435,-0.7689219384737278
Zfp51,0.08113920028706723,-0.3085465628641959
Zfp511,0.1295673741901613,-0.2371011375665404
Zfp512,-0.3400491920675215,0.02279951774768918
Zfp512b,-0.7535326129227649,0.38969198953717843
Zfp513,-0.40808620470249934,0.7498175577264767
Zfp516,0.0752249260104243,0.10884352945415188
Zfp518a,-0.27846720626527777,0.2020468723975739
Zfp518b,0.18245889193878728,-0.45373659301375024
Zfp52,-0.26232427263909486,0.25743645784518066
Zfp521,-0.1950901145719257,-0.7867301952686834
Zfp523,0.1272074810575763,-0.7412942055428999
Zfp524,-0.04685719700780311,0.383092875266291
Zfp526,0.03652841244038374,-0.3812894334820749
Zfp53,-0.32831099004891406,-0.034293028967081085
Zfp532,-0.37829711899642327,-0.8589697185701226
Zfp534,-0.17596623589781824,-1.9318996323202766
Zfp536,-0.00048404359462494995,-1.091481968524418
Zfp54,0.4648013982063324,0.6819618694944349
Zfp541,1.100382700933928,-1.9379046862351141
Zfp551,-1.4730295243303617,0.561363855170085
Zfp553,0.011672276355712441,-0.3115461426934143
Zfp558,-0.7297501100124606,0.6024568983533767
Zfp560,0.2998571958757541,-0.34103941961167994
Zfp563,-0.3494770621921681,-0.2356644582675127
Zfp566,0.43796497843978877,-1.2512953348547367
Zfp568,-0.4492491978533595,0.5937690439090462
Zfp57,-3.3994105575954396,-1.1822710294593946
Zfp574,-0.08862908233667177,0.12606284930960143
Zfp575,-0.09271629238516521,-0.6206662607626123
Zfp579,-0.06102913909593788,-0.06739801265206502
Zfp58,-0.4119990639826998,0.09398668472826088
Zfp580,-0.05216984164014793,0.16468409120827943
Zfp583,0.1813382947005273,-0.2884021273644084
Zfp59,-0.007035162581214394,0.020727876929965916
Zfp592,-0.5496773335159206,-0.5179038711719759
Zfp593,-0.2379877792225189,0.1496790957649825
Zfp595,0.37536035620263153,0.8194797699727072
Zfp597,-0.41421493878976356,0.7744359929891456
Zfp598,0.2926178441438143,-1.1333924475732369
Zfp599,-0.510761075663563,-0.7299883743413798
Zfp60,0.1975255661054529,-0.5172346439607498
Zfp600,1.3523115395156031,-0.09805769120847785
Zfp605,0.40138868914860204,-0.49184657382644836
Zfp606,-0.18867379100320392,-0.2858691860739757
Zfp607a,0.2529289223965101,0.37010599380537634
Zfp607b,0.6615335124855655,-0.45265617495558796
Zfp608,0.4959809730674607,-0.8359925073099301
Zfp609,0.9374615347953013,-0.580537987202133
Zfp61,-0.026410875791951227,-1.1849950638552524
Zfp612,0.30390237478506954,-0.5285204769054435
Zfp616,0.0,0.0
Zfp617,0.1613481167214239,-0.15878967630180263
Zfp618,-0.561434503158635,-1.3027651743716593
Zfp619,-0.6400210160346305,-0.18875691107362336
Zfp62,-0.4279371391797788,0.23124567218076209
Zfp622,0.4255545178060789,0.654294743888844
Zfp623,-0.2582578914163385,0.17949390153076905
Zfp626,0.13531080697991094,0.7772187198856351
Zfp628,0.9240815525243065,0.8926615381495822
Zfp629,-0.2915983969770757,-0.21008126553288875
Zfp637,0.036085337200889356,-0.3424708368162541
Zfp638,-0.4208909122219193,-0.14155266920405296
Zfp639,0.15163943165640958,0.2515501357783432
Zfp64,0.22669360632044722,0.27926223721578225
Zfp641,-0.6095111758808427,-1.250184968487634
Zfp644,0.6752479590466116,-0.792658617195185
Zfp646,-0.336741486599756,0.42007771163638985
Zfp647,-1.2711931531798282,-1.3229086009771347
Zfp648,-0.4813546209273234,-0.2152727868316063
Zfp65,-0.1192335015613244,0.3491834728339853
Zfp651,0.4274523449180956,-0.8627373523057811
Zfp652,-0.6208534192964432,0.616497410875164
Zfp653,0.03301603582756574,-0.6671636295951
Zfp654,-0.03394376773628949,-0.15590897186443087
Zfp655,-0.09285760294137546,0.32684835122813993
Zfp658,-0.4741386471400606,0.8264453050906013
Zfp661,-0.029488270029166763,0.3764031246257993
Zfp663,0.0,-0.4427166047663706
Zfp664,-0.20922409344353632,0.20461014483674056
Zfp667,0.2433486573341952,0.05850835401818877
Zfp668,-0.22095191672050163,0.3603672181606461
Zfp672,0.10916548640423507,-0.21240625592305662
Zfp677,0.03772936405432059,0.20820939953916096
Zfp68,0.0489731703204459,0.07271083006606816
Zfp683,0.0,0.0
Zfp687,0.05542419702668866,0.09360110106927344
Zfp688,0.03411672526748255,0.19695365267799758
Zfp689,0.1702191113303808,-0.21329163482120173
Zfp69,-0.5854954015064724,0.7382002624050727
Zfp691,-0.16930515936992308,0.9148080694141383
Zfp692,-0.023391191515441,-1.2742012473816189
Zfp697,-0.20959682669615098,-0.1542148581650391
Zfp7,-0.1535215911689667,0.25379515233508876
Zfp703,0.1572589266249409,0.13922402864194172
Zfp704,-0.7014361838400909,-0.4180276996976051
Zfp706,-0.5165990444931676,0.9173664858179684
Zfp707,-0.01630316839982715,0.004272183648229344
Zfp708,0.7608022049378986,-2.312355893445525
Zfp709,-0.061864068029411357,0.27839470049923243
Zfp710,-0.036133466381247814,0.6767571904903722
Zfp711,-0.9212032961561896,-0.3572652001040497
Zfp712,-0.24518390919198474,0.009742078616136851
Zfp715,-0.19404381672659632,0.7242388263079054
Zfp719,-0.1290761041127233,-0.1639490429494721
Zfp72,-0.254077217058434,0.4304370275356133
Zfp729a,0.030303649998135285,-0.40683183043184457
Zfp729b,0.40455681279528655,-0.34846082973816905
Zfp735,0.0,0.0
Zfp738,0.09500180836282013,-0.14948536622696906
Zfp74,-0.47989303312285436,-0.26218374504660424
Zfp740,0.2746636865632741,0.3657924360851528
Zfp746,0.3413675401197782,-0.8275097088440235
Zfp747,0.26057456274342705,0.3460570574531623
Zfp748,-0.44579495372877886,0.4156004455476836
Zfp750,-1.199220316410094,-1.9283211610221178
Zfp758,-0.10625253250880995,-0.5389737009769551
Zfp759,-0.10667633849804314,0.34850318609350683
Zfp760,-0.7292919176221293,-0.6884742827879151
Zfp763,-0.14850117847255895,-0.3885389240447399
Zfp764,0.21933027412081252,0.22467231239708774
Zfp768,0.1232549037362567,0.16476642167105027
Zfp770,0.16895177426300645,-0.04181090557543232
Zfp771,0.4625734448461021,-0.24012651198095902
Zfp772,-0.09046505931952442,-0.37962916621283505
Zfp773,0.18482749424383726,0.8359332235807084
Zfp775,0.002618305349269434,-0.022307816292659766
Zfp777,-0.6673325057003403,-0.6768811478433481
Zfp78,0.22053930267708388,-0.6543314522533779
Zfp780b,-0.315467583089049,-0.00824136279299914
Zfp781,0.5229235615743946,-0.10130902107810691
Zfp784,0.17196218844135025,-1.0398274735542898
Zfp786,-1.012104359354824,-2.0170836741185107
Zfp787,0.09707397273585094,-0.0830453407438263
Zfp788,-0.4769700350556114,-0.09668187735147526
Zfp790,-0.6554168675255472,-0.07825221048416253
Zfp791,-0.2170709417482346,0.061156662385381644
Zfp799,0.4733659900217404,-0.5121347642331084
Zfp800,0.49559775964875996,-0.08840015705530924
Zfp804a,-0.2683372459289366,-2.4993457253222022
Zfp804b,0.1439575369662176,-1.4427094005453158
Zfp808,0.3134372191992405,-0.7533674647151392
Zfp809,0.048405637635251964,0.3696414716221046
Zfp81,0.38548421663553434,0.1616606189083889
Zfp810,-0.04889707809596544,0.07251191137073398
Zfp811,-1.3431247696468356,-2.9598173515111252
Zfp819,-1.3693978944315646,1.4949323391808087
Zfp82,-0.4830613656824525,-1.251949876523108
Zfp820,-1.5021523589190582,0.0051400035827624535
Zfp821,-0.07593466663995674,-0.38628702654887714
Zfp825,0.006707799193387487,0.2880495476240714
Zfp827,-0.23524393505412533,-1.0495877493030594
Zfp830,0.009146796730396645,-0.18395571831625546
Zfp831,0.6452028943294339,-0.21283904559181435
Zfp839,0.1642753479171617,0.02993570006172952
Zfp84,-0.44905973668917376,0.034617212442908496
Zfp846,0.2919009863374207,-0.5170780919102924
Zfp85,-0.03867138710081974,0.2565257703685857
Zfp850,0.14083579068362795,-0.2408736055117684
Zfp853,-0.9654129783525384,-0.5668150861977493
Zfp865,0.3665311924213617,-0.8667396216750216
Zfp866,-0.2392021675520173,-0.06533557538094392
Zfp867,-0.0028788517413893544,-1.1454361807204316
Zfp868,0.32385264689947135,-0.18918756164879014
Zfp869,0.10496868831871886,-0.09397746119064188
Zfp87,0.07461841809950265,0.3989739838035753
Zfp870,-0.1497760312293952,-0.10100174115619254
Zfp871,-0.5649458956084139,-0.1236982827926898
Zfp872,-1.4520196806849424,-0.2897486786830661
Zfp873,-0.1647825955228157,-0.1605644414530918
Zfp874a,-0.1748259877242191,-0.31053851977290137
Zfp874b,-0.35558861952560683,0.46195103381629465
Zfp879,0.44534495997127177,-1.8957406843720346
Zfp882,-0.32819479371189786,-0.1634481132892862
Zfp9,0.29547422173522797,-0.23451364939273311
Zfp90,-0.45248904469841555,0.22575371933992727
Zfp91,0.5126612812223801,-0.49291676016700947
Zfp92,2.877354852709426,-1.864633705026817
Zfp93,0.08292651280100749,0.0714911751506353
Zfp930,0.48241495027062875,-0.36519646469772127
Zfp931,0.35646227576259015,-0.5474020391915753
Zfp932,0.371098708752406,0.07517954510511693
Zfp933,0.05841006344224553,-0.34006877476370434
Zfp934,0.15137416080480826,-0.15579055468761638
Zfp936,-0.45625865634984963,-0.548378277875212
Zfp937,0.07905712160012968,-1.0950097431578065
Zfp938,-0.17210673835325707,-0.5621048791993939
Zfp94,-0.0745932827264939,0.5745369877031585
Zfp940,0.22459361248154508,-0.31370000979094925
Zfp941,-0.5009496069599901,-0.30822512487663545
Zfp942,-0.1553814885038971,-0.11573006972533229
Zfp943,-0.16825864254472478,0.2800109683266605
Zfp944,-0.0946539924348091,-0.2933497434765471
Zfp945,-0.527649291345158,-0.503444328761466
Zfp946,-0.06929073786641382,-0.06434545605361741
Zfp947,-0.30338850131221484,-1.3868111848517284
Zfp948,0.6370763749946349,-0.3668307930485417
Zfp949,-0.004857072480067615,-0.5938659992758435
Zfp950,0.6579851282817977,-0.3256158080316425
Zfp951,-0.22145296002770465,0.13455635236752528
Zfp952,-0.0808741354956588,0.09931962988349063
Zfp954,-0.02015185313099721,0.4564553615932958
Zfp955a,-0.37456867710993436,0.1286390241750741
Zfp955b,-0.06372220350358049,-0.13800615833501517
Zfp956,-0.14787368658070577,-0.2828228448086172
Zfp957,0.3754544065188601,0.5295796331105083
Zfp958,0.131767279971573,0.15446086077595034
Zfp959,-0.9286575788060354,-0.07835136674258614
Zfp960,0.3888582282188544,-0.6437389133788223
Zfp961,0.45571714215643944,0.19758155332385385
Zfp963,-0.11194509171686384,-0.1309320098458464
Zfp964,-0.3321176005943922,-0.5766916518975904
Zfp965,0.2171509779513956,-0.13427862627135667
Zfp966,-0.429850682156264,-0.6983695243340726
Zfp967,-0.4743251669369375,-0.24703348486959076
Zfp968,0.025721462908619763,-0.7123071810003658
Zfp969,0.0,0.0
Zfp97,0.020788034333621752,-0.1697305411805825
Zfp970,-0.04482397240221303,-0.3499656844490646
Zfp971,0.20126522373534517,-0.05473312691102272
Zfp972,0.03708441820445074,-0.08069692013585161
Zfp973,-0.7975713722296938,-0.7520849750125409
Zfp974,0.14354131391681513,-0.4100012877497594
Zfp975,-0.6055563158143498,-0.4448027951507152
Zfp976,0.6160894264268961,0.5532574599824995
Zfp977,0.03770934334785103,-0.38031693063029515
Zfp978,-0.5234226061380082,0.43411908135013066
Zfp979,-0.016513913209233344,-0.1932914442318836
Zfp980,0.45286863425268886,-0.1929329985735061
Zfp981,-0.9589974536491541,0.33084984490027325
Zfp982,-0.6195300113593207,-1.3628170311788166
Zfp983,0.1703518036914886,-0.14418115119335972
Zfp984,-0.4727617480705604,0.979447684573449
Zfp985,-1.2906866503828998,-0.25741118228898285
Zfp986,-0.4525928522705752,-0.21283904559181435
Zfp987,-0.5059737538545777,-0.3510179345892106
Zfp988,0.37665581852799357,-1.4659381608349487
Zfp989,-0.3780746232459997,-0.9233769842686279
Zfp990,0.3755609397168298,-1.323600639268692
Zfp991,-0.5562344307363176,0.7800294040344209
Zfp992,-0.4857711236912028,0.7545357117146665
Zfp993,-0.5252049039422975,1.0002503473279294
Zfp994,-0.18524958037461836,-0.12169863268573522
Zfp995,-0.2951143694422047,-0.08703350767492424
Zfpl1,0.3358722785702355,0.09996444159993878
Zfpm1,0.07109963747711712,0.3994040017124387
Zfpm2,-1.0802494555820674,-0.34653460529209923
Zfr,-0.24066123354666402,-0.04230447733660192
Zfr2,-0.3288323036015388,-0.03090387834389574
Zfx,-0.4079851199597151,0.487395013547097
Zfy1,1.1461299928783812,0.0
Zfy2,0.0,0.0
Zfyve1,-0.6504603060899434,0.11278353818471842
Zfyve16,-0.8403422870653614,0.4998786214621589
Zfyve19,-0.38717282557768584,0.020681884017692553
Zfyve21,-0.38232946197969575,-0.16013472379589544
Zfyve26,-0.21048480630710742,0.13454395151476106
Zfyve27,-0.5503769911929286,-0.00513914494846901
Zfyve28,1.3842512357844132,-0.9417711287013253
Zfyve9,0.7932448985050424,-0.8797656998696333
Zg16,0.024155956790900573,0.645356509708928
Zglp1,0.5553908421441962,-1.1083534329188076
Zgpat,-0.6838135335187285,-0.09297708647919478
Zgrf1,0.1627611637036832,-1.8482779586251592
Zhx1,-0.5445439989936105,0.32340152808404987
Zhx2,-0.10111270500960945,0.00810390659558724
Zhx3,-0.2922551343609481,0.07866767670993369
Zic1,0.6274154635497866,-1.6228359759345055
Zic2,0.9739339176638513,0.03117888317580375
Zic3,-0.18178607050313644,-3.286615954306245
Zic4,-1.0801866128725224,-1.2377374619423112
Zic5,0.7832138771856814,-0.2261467925137821
Zik1,-0.12412240773696581,-0.2725133940732025
Zim1,-1.8382805850884805,-3.238613427396896
Zkscan1,-0.37095600723911204,0.10306787915867766
Zkscan14,-0.2727082758620778,0.3536716820055812
Zkscan16,-0.1300358540722213,-0.7067555145216149
Zkscan17,-0.24357736579355915,0.26076524324355255
Zkscan2,-0.12266439407848839,-0.643933454597656
Zkscan3,-0.17898256401355006,-0.33964230666129147
Zkscan4,-0.5101033819436722,0.4427980021432649
Zkscan5,-0.19962337454049717,-0.6946726012338189
Zkscan6,-0.17954859695049485,0.0049663362279108725
Zkscan7,-0.08721262047895184,0.052011299549079126
Zkscan8,-0.40940470486382097,-0.05553658137803019
Zmat1,0.5756559452584593,-0.31793911701709376
Zmat2,0.39261810480353354,-0.25870182211838966
Zmat3,0.25338868548479354,-0.018836563407934825
Zmat4,-0.825221435215294,-0.8930424995859685
Zmat5,0.12428544783534434,0.046116018166705075
Zmiz1,-0.3779402158351548,0.48333386826446656
Zmiz2,-0.22671286683043057,0.005406815779601004
Zmpste24,-0.10399664314390833,0.7064557499073185
Zmym1,0.5585960023101624,0.01021750284522227
Zmym2,-0.5672932118519913,-0.15783602365313598
Zmym3,-0.2518396711633475,-0.0009370616727082393
Zmym4,0.30076247106979537,-0.5066134087672012
Zmym5,0.14933412296415938,-0.33387115238171283
Zmym6,-0.28626420835453636,0.10960874197187209
Zmynd10,-1.0708608455305166,-1.7476064261720312
Zmynd11,-0.859322230658286,-0.08068690506938303
Zmynd12,0.8684595597307974,-1.0558318998817864
Zmynd15,0.480854922672596,0.9075086281711897
Zmynd19,0.6639223139935364,0.11465035743359042
Zmynd8,0.5230330834339174,-0.5348038917449909
Znfx1,0.04031003450632831,0.7743414679536329
Znhit1,0.21027138754205943,0.39103703761532493
Znhit2,0.28367718993631463,1.315668382156078
Znhit3,0.563954497547817,-0.3706406968610647
Znhit6,0.033364048332490626,0.26740268527205124
Znrd1,0.37633594062284814,-0.016820100711663954
Znrd1as,0.45543660949651965,-0.5284685809376768
Znrd2,0.1814968362728102,0.449408085921001
Znrf1,0.618689325772035,-1.20692791886818
Znrf2,-0.5186549753459708,0.5117299620146092
Znrf3,0.6203458654375877,0.18786756476362054
Znrf4,0.0,0.0
Zp1,-0.2154087266458899,-0.6521623894425989
Zp2,-0.13153994370440336,0.0
Zp3,0.0,-0.35820978814101395
Zp3r,0.0,0.0
Zpbp,-0.28314996873543485,-1.6203880316462613
Zpbp2,0.23452371786357948,0.0
Zpld1,0.0,0.0
Zpr1,-0.1502199313313266,0.5920259093150122
Zranb1,0.5480520177034975,-0.7243274303948066
Zranb2,0.2563529848306434,-0.2765427874583892
Zranb3,0.5707490001299229,0.16945294538673306
Zrsr1,0.7750510513808546,-0.6784663750868214
Zrsr2,0.29601851892110886,-0.1189706778922961
Zscan10,0.0,-0.2152727868316063
Zscan12,-0.12386241656229124,0.2821655517797339
Zscan18,-0.4874479857518512,-0.8221106419905713
Zscan2,-0.28242110009789645,-0.8193909900651164
Zscan20,0.2479840302968288,-0.31440347260767965
Zscan21,-0.29225999219933385,-0.12304128428470662
Zscan22,-0.12786972641208827,0.1301546076714022
Zscan25,0.21905508834883136,0.5297686094847318
Zscan26,0.24030366058056707,-0.04174025320719821
Zscan29,-0.29595482505899895,0.034248725100374244
Zscan4-ps1,0.0,0.0
Zscan4-ps2,0.0,0.0
Zscan4-ps3,0.0,0.0
Zscan4b,0.0,0.0
Zscan4c,0.0,0.0
Zscan4d,0.0,0.0
Zscan4e,0.23956468343679047,0.0
Zscan4f,0.0,0.0
Zscan5b,-0.22915837926285726,-0.3886351608734172
Zswim1,0.2526966400561452,-0.25829650891132694
Zswim2,0.0,0.0
Zswim3,-0.425835530454421,-0.016467334820209345
Zswim4,0.05127764870549356,0.4754199298891262
Zswim5,0.2056215945744153,-1.7112613792264213
Zswim6,0.5304959732481151,0.05379656810479361
Zswim7,0.256743020738214,-0.17241016056158642
Zswim8,0.43911043981883147,-0.5544050740553512
Zswim9,-0.0737224501557705,-0.7198999302116142
Zup1,0.18653558252389324,0.675818005582915
Zw10,-0.07738963017554568,-0.5887216831196707
Zwilch,-0.5872026438543845,1.6510752048849229
Zwint,-0.27931674096215353,-0.3988603476264334
Zxdb,0.5300757215736622,0.39420939063502836
Zxdc,0.41020420135298785,-0.8974197614029435
Zyg11a,0.0,0.0
Zyg11b,-0.407978342693335,-0.08079253148370391
Zyx,-0.49973314767003885,1.102007245451496
Zzef1,-0.40951465198072867,0.08255649036997781
Zzz3,0.010532208860718484,-0.19067733827233724
a,-0.22915837926285726,-0.34915265822807906
ccdc198,2.742841979706392,0.4846299101207867
mt-Atp6,1.141257466110094,-0.4074931718454593
mt-Atp8,0.928312904921416,-0.429459989233937
mt-Co1,0.7985786262590651,0.19248207593584965
mt-Co2,0.9727550734098109,-0.4937872460510935
mt-Co3,0.9813637388178869,-0.5172713356495322
mt-Cytb,0.9878961835915696,-0.5189348060902113
mt-Nd1,0.9600490938991442,-0.5880100863705167
mt-Nd2,1.1477595120398867,-0.48760731734314966
mt-Nd3,1.686934528260002,-0.6213225656747312
mt-Nd4,1.1553828613923915,-0.5736325355206926
mt-Nd4l,0.9250156618451086,-0.4298276926254676
mt-Nd5,0.8562158232974628,-0.5097601914585752
mt-Nd6,1.2429825338816052,-0.3755830956449451
